product_id,category,week_start,week_num,listing_price,discount_pct,selling_price,festival_week,campaign_week,impressions,product_views,wishlist_adds,add_to_cart,orders_placed,cod_orders,rto_orders,delivered_orders,customer_returns,return_size_issue,return_quality_not_as_expected,return_not_as_pictured,return_damaged_in_transit,return_wrong_item,return_changed_mind,returns_resold,kept_orders,new_reviews,new_reviews_avg_stars,positive_reviews,neutral_reviews,negative_reviews,neg_price_mentions,neg_quality_mentions,cumulative_reviews,cumulative_rating,hidden_contribution_inr
SP001,soap,2025-11-03,1,189,0.0,189,0,0,10429,218,9,22,2,1,0,2,0,0,0,0,0,0,0,0,2,0,,0,0,0,0,0,0,,126.64
SP001,soap,2025-11-10,2,189,0.0,189,0,0,5859,115,4,9,3,3,0,3,0,0,0,0,0,0,0,0,3,0,,0,0,0,0,0,0,,189.96
SP001,soap,2025-11-17,3,189,0.0,189,0,0,3183,77,3,3,1,0,0,1,1,0,0,0,1,0,0,0,0,0,,0,0,0,0,0,0,,-146.68
SP001,soap,2025-11-24,4,189,0.0,189,0,0,5044,130,11,11,5,4,0,5,1,0,0,0,0,1,0,0,4,1,2.0,0,0,1,1,0,1,2.0,106.6
SP001,soap,2025-12-01,5,189,0.0,189,0,0,4121,47,4,1,0,0,0,0,0,0,0,0,0,0,0,0,0,0,,0,0,0,0,0,1,2.0,0.0
SP001,soap,2025-12-08,6,189,0.0,189,0,0,2545,33,1,5,2,2,1,1,0,0,0,0,0,0,0,0,1,0,,0,0,0,0,0,1,2.0,33.32
SP001,soap,2025-12-15,7,189,0.0,189,0,0,4206,59,5,5,1,1,1,0,0,0,0,0,0,0,0,0,0,0,,0,0,0,0,0,1,2.0,-30.0
SP001,soap,2025-12-22,8,189,0.0,189,0,0,3523,32,3,4,2,2,0,2,1,0,1,0,0,0,0,0,1,0,,0,0,0,0,0,1,2.0,-83.36
SP001,soap,2025-12-29,9,189,0.0,189,0,0,3133,27,1,1,1,1,0,1,0,0,0,0,0,0,0,0,1,0,,0,0,0,0,0,1,2.0,63.32
SP001,soap,2026-01-05,10,189,0.0,189,0,0,2863,28,2,3,2,2,0,2,0,0,0,0,0,0,0,0,2,0,,0,0,0,0,0,1,2.0,126.64
SP001,soap,2026-01-12,11,189,0.0,189,0,1,5028,66,3,6,1,0,0,1,0,0,0,0,0,0,0,0,1,0,,0,0,0,0,0,1,2.0,63.32
SP001,soap,2026-01-19,12,189,0.0,189,0,0,3580,41,3,6,3,3,2,1,0,0,0,0,0,0,0,0,1,1,5.0,1,0,0,0,0,2,3.5,3.32
SP001,soap,2026-01-26,13,189,0.0,189,0,0,4198,100,8,12,5,3,1,4,1,0,0,1,0,0,0,0,3,0,,0,0,0,0,0,2,3.5,13.28
SP001,soap,2026-02-02,14,189,0.0,189,0,0,5499,117,8,7,0,0,0,0,0,0,0,0,0,0,0,0,0,0,,0,0,0,0,0,2,3.5,0.0
SP001,soap,2026-02-09,15,189,0.0,189,0,0,4414,91,5,4,0,0,0,0,0,0,0,0,0,0,0,0,0,0,,0,0,0,0,0,2,3.5,0.0
SP001,soap,2026-02-16,16,189,0.0,189,0,0,3305,67,3,6,2,2,0,2,1,0,0,1,0,0,0,0,1,0,,0,0,0,0,0,2,3.5,-83.36
SP001,soap,2026-02-23,17,189,0.0,189,0,0,3374,74,5,3,2,0,0,2,0,0,0,0,0,0,0,0,2,1,4.0,1,0,0,0,0,3,3.67,126.64
SP001,soap,2026-03-02,18,189,0.0,189,1,1,6918,158,7,13,7,7,1,6,1,0,0,0,1,0,0,0,5,0,,0,0,0,0,0,3,3.67,139.92
SP001,soap,2026-03-09,19,189,0.0,189,0,0,4192,92,7,10,1,0,0,1,0,0,0,0,0,0,0,0,1,0,,0,0,0,0,0,3,3.67,63.32
SP001,soap,2026-03-16,20,189,0.0,189,0,0,4555,103,7,10,4,2,0,4,0,0,0,0,0,0,0,0,4,0,,0,0,0,0,0,3,3.67,253.28
SP001,soap,2026-03-23,21,189,0.0,189,0,0,4097,86,1,6,2,1,0,2,0,0,0,0,0,0,0,0,2,0,,0,0,0,0,0,3,3.67,126.64
SP001,soap,2026-03-30,22,189,0.0,189,0,0,2478,52,2,4,0,0,0,0,0,0,0,0,0,0,0,0,0,0,,0,0,0,0,0,3,3.67,0.0
SP001,soap,2026-04-06,23,189,0.0,189,0,0,3425,73,3,4,1,1,0,1,0,0,0,0,0,0,0,0,1,0,,0,0,0,0,0,3,3.67,63.32
SP001,soap,2026-04-13,24,189,0.0,189,0,0,3306,73,2,7,0,0,0,0,0,0,0,0,0,0,0,0,0,0,,0,0,0,0,0,3,3.67,0.0
SP001,soap,2026-04-20,25,189,0.0,189,0,0,3655,93,6,6,1,0,0,1,0,0,0,0,0,0,0,0,1,1,3.0,0,1,0,0,0,4,3.5,63.32
SP001,soap,2026-04-27,26,189,0.0,189,0,0,2993,61,6,6,1,1,0,1,0,0,0,0,0,0,0,0,1,0,,0,0,0,0,0,4,3.5,63.32
SP002,soap,2026-07-20,1,139,0.0,139,0,0,9935,423,19,44,17,15,1,16,2,0,1,1,0,0,0,0,14,2,3.5,1,1,0,0,0,2,3.5,351.43
SP002,soap,2026-07-27,2,139,0.0,139,0,0,11286,410,14,39,16,8,1,15,1,0,0,1,0,0,0,0,14,2,2.0,0,1,1,0,1,4,2.75,469.68
SP002,soap,2026-08-03,3,139,0.0,139,0,0,6591,185,8,18,10,6,2,8,3,0,2,1,0,0,0,0,5,2,3.0,0,2,0,0,0,6,2.83,-194.05
SP002,soap,2026-08-10,4,139,0.0,139,0,0,5958,183,3,19,9,5,0,9,3,0,1,0,2,0,0,0,6,1,4.0,1,0,0,0,0,7,3.0,-89.91
SP002,soap,2026-08-17,5,139,0.0,139,0,0,4789,161,9,22,10,8,2,8,1,0,1,0,0,0,0,0,7,0,,0,0,0,0,0,7,3.0,130.72
SP002,soap,2026-08-24,6,139,0.0,139,1,0,7547,213,4,21,11,8,0,11,2,0,0,1,1,0,0,0,9,2,3.5,1,1,0,0,0,9,3.11,160.75
SP002,soap,2026-08-31,7,139,0.0,139,0,0,4375,134,8,10,7,6,2,5,2,0,0,0,1,0,1,0,3,1,3.0,0,1,0,0,0,10,3.1,-164.08
SP002,soap,2026-09-07,8,139,0.0,139,0,0,6770,236,12,21,13,11,2,11,0,0,0,0,0,0,0,0,11,2,4.5,2,0,0,0,0,12,3.33,425.51
SP002,soap,2026-09-14,9,139,0.0,139,0,0,7241,284,15,22,15,12,1,14,2,0,1,0,1,0,0,0,12,1,2.0,0,0,1,0,1,13,3.23,263.16
SP002,soap,2026-09-21,10,139,0.0,139,0,1,7985,309,11,35,18,12,4,14,1,0,0,0,0,0,1,0,13,1,4.0,1,0,0,0,0,14,3.29,335.54
SP003,soap,2025-12-01,1,179,0.0,179,0,0,8987,444,26,51,23,15,3,20,1,0,0,0,1,0,0,0,19,1,5.0,1,0,0,0,0,1,5.0,524.97
SP003,soap,2025-12-08,2,179,0.0,179,0,0,16488,1338,91,206,89,56,8,81,3,0,0,0,1,2,0,0,78,12,4.58,11,1,0,0,0,13,4.62,2461.14
SP003,soap,2025-12-15,3,179,0.0,179,0,0,13647,999,69,158,75,54,11,64,0,0,0,0,0,0,0,0,64,8,4.88,8,0,0,0,0,21,4.71,2279.43
SP003,soap,2025-12-22,4,179,0.0,179,0,0,19158,1555,120,265,110,65,8,102,2,0,1,0,1,0,0,0,100,26,4.5,25,1,0,0,0,47,4.6,3517.83
SP003,soap,2025-12-29,5,179,0.0,179,0,0,13425,1042,79,168,79,56,5,74,2,0,1,0,0,1,0,0,72,12,4.5,11,1,0,0,0,59,4.58,2466.21
SP003,soap,2026-01-05,6,179,0.0,179,0,0,13412,1066,79,171,74,48,5,69,3,0,0,1,1,1,0,0,66,8,4.38,7,1,0,0,0,67,4.55,2061.87
SP003,soap,2026-01-12,7,179,0.15,152,0,1,21527,1860,107,358,169,112,11,158,6,0,1,2,3,0,0,0,152,21,4.33,18,3,0,0,0,88,4.5,1000.61
SP003,soap,2026-01-19,8,179,0.0,179,0,0,16888,1258,84,204,86,62,11,75,2,0,1,1,0,0,0,0,73,14,4.36,13,0,1,0,1,102,4.48,2326.98
SP003,soap,2026-01-26,9,179,0.0,179,0,0,19836,1509,104,233,103,68,7,96,1,0,0,0,1,0,0,0,95,12,4.83,12,0,0,0,0,114,4.52,3503.67
SP003,soap,2026-02-02,10,179,0.0,179,0,0,14104,1061,79,176,81,55,9,72,4,0,2,1,0,0,1,0,68,5,4.2,4,1,0,0,0,119,4.5,1863.71
SP003,soap,2026-02-09,11,179,0.0,179,0,0,14773,1138,73,189,82,55,8,74,2,0,0,0,1,0,1,0,72,8,4.88,8,0,0,0,0,127,4.53,2376.21
SP003,soap,2026-02-16,12,179,0.0,179,0,0,16035,1214,80,208,92,65,10,82,2,0,0,1,0,1,0,0,80,13,4.77,12,1,0,0,0,140,4.55,2642.38
SP003,soap,2026-02-23,13,179,0.0,179,0,0,12643,1013,70,156,63,39,5,58,2,0,0,0,1,1,0,0,56,4,4.75,4,0,0,0,0,144,4.56,1813.85
SP003,soap,2026-03-02,14,179,0.0,179,1,1,20224,1510,104,283,115,75,5,110,4,0,0,0,1,2,1,0,106,12,4.5,11,1,0,0,0,156,4.55,3533.06
SP003,soap,2026-03-09,15,179,0.0,179,0,0,19110,1494,92,244,101,67,12,89,1,0,0,1,0,0,0,0,88,11,4.36,10,1,0,0,0,167,4.54,3068.27
SP003,soap,2026-03-16,16,179,0.0,179,0,0,16618,1343,75,222,90,66,8,82,1,0,0,0,1,0,0,0,81,11,4.36,10,1,0,0,0,178,4.53,2902.86
SP003,soap,2026-03-23,17,179,0.0,179,0,0,20800,1704,121,297,116,74,11,105,2,0,0,1,0,0,1,0,103,15,4.4,13,2,0,0,0,193,4.52,3550.15
SP003,soap,2026-03-30,18,179,0.0,179,0,0,14477,1106,80,185,68,51,12,56,1,0,0,1,0,0,0,0,55,12,4.67,12,0,0,0,0,205,4.53,1722.78
SP003,soap,2026-04-06,19,179,0.0,179,0,0,13929,1075,70,187,95,68,10,85,1,0,0,0,1,0,0,0,84,8,4.62,8,0,0,0,0,213,4.53,2965.18
SP003,soap,2026-04-13,20,179,0.0,179,0,0,15632,1201,63,217,84,54,6,78,3,0,1,1,1,0,0,0,75,15,4.67,15,0,0,0,0,228,4.54,2398.82
SP003,soap,2026-04-20,21,179,0.0,179,0,0,13349,1114,65,187,86,55,6,80,4,0,0,1,2,0,1,0,76,15,4.73,14,1,0,0,0,243,4.55,2279.89
SP003,soap,2026-04-27,22,179,0.0,179,0,0,11965,907,58,157,72,51,9,63,2,0,1,1,0,0,0,0,61,5,4.6,5,0,0,0,0,248,4.55,1897.71
SP003,soap,2026-05-04,23,179,0.0,179,0,0,12678,1027,54,177,74,56,9,65,1,0,0,0,1,0,0,0,64,8,4.38,7,1,0,0,0,256,4.55,2179.73
SP003,soap,2026-05-11,24,179,0.0,179,0,0,12300,991,67,154,71,48,9,62,0,0,0,0,0,0,0,0,62,9,4.56,8,1,0,0,0,265,4.55,2257.89
SP003,soap,2026-05-18,25,179,0.0,179,0,0,10661,832,54,136,69,46,6,63,2,0,2,0,0,0,0,0,61,5,4.8,5,0,0,0,0,270,4.55,1987.71
SP003,soap,2026-05-25,26,179,0.0,179,0,0,13973,1068,76,191,74,45,4,70,4,0,1,0,3,0,0,0,66,12,4.67,12,0,0,0,0,282,4.56,1932.16
SP003,soap,2026-06-01,27,179,0.0,179,0,0,12287,978,63,176,63,46,4,59,4,0,0,1,2,0,1,0,55,9,4.56,9,0,0,0,0,291,4.56,1483.67
SP003,soap,2026-06-08,28,179,0.0,179,0,0,10314,839,61,149,55,38,4,51,1,0,0,0,0,0,1,0,50,7,4.43,6,1,0,0,0,298,4.55,1758.92
SP003,soap,2026-06-15,29,179,0.0,179,0,0,13493,1082,73,196,83,51,10,73,2,0,1,0,0,1,0,0,71,7,4.86,7,0,0,0,0,305,4.56,2275.43
SP003,soap,2026-06-22,30,179,0.2,143,0,1,14793,1318,80,273,142,103,17,125,4,0,2,0,2,0,0,0,121,18,4.56,16,2,0,0,0,323,4.56,-363.93
SP003,soap,2026-06-29,31,179,0.0,179,0,0,13262,994,65,172,72,54,15,57,2,0,0,0,1,1,0,0,55,4,4.75,4,0,0,0,0,327,4.56,1473.07
SP003,soap,2026-07-06,32,179,0.0,179,0,0,12805,996,74,186,82,63,6,76,1,0,1,0,0,0,0,0,75,12,4.33,10,1,1,0,1,339,4.55,2718.23
SP003,soap,2026-07-13,33,179,0.0,179,0,0,14863,1088,66,193,88,59,7,81,1,0,0,0,1,0,0,0,80,12,4.67,11,1,0,0,0,351,4.56,2892.09
SP003,soap,2026-07-20,34,179,0.0,179,0,0,10673,858,46,169,66,51,7,59,1,0,0,0,0,1,0,0,58,8,4.75,8,0,0,0,0,359,4.56,1995.1
SP003,soap,2026-07-27,35,179,0.0,179,0,0,12972,1022,72,155,78,47,9,69,2,0,0,1,1,0,0,0,67,16,4.69,16,0,0,0,0,375,4.57,2142.34
SP003,soap,2026-08-03,36,179,0.0,179,0,0,15941,1279,86,224,101,71,15,86,1,0,0,0,1,0,0,0,85,13,4.62,12,1,0,0,0,388,4.57,2855.95
SP003,soap,2026-08-10,37,179,0.0,179,0,0,14231,1187,89,194,82,56,5,77,3,0,0,0,1,2,0,0,74,10,4.6,10,0,0,0,0,398,4.57,2388.05
SP003,soap,2026-08-17,38,179,0.0,179,0,0,14343,1095,89,195,79,57,5,74,2,0,0,2,0,0,0,0,72,12,4.25,11,0,1,0,1,410,4.56,2466.21
SP003,soap,2026-08-24,39,179,0.0,179,1,0,15978,1251,79,211,110,64,6,104,4,0,1,1,2,0,0,0,100,15,4.6,15,0,0,0,0,425,4.56,3258.43
SP003,soap,2026-08-31,40,189,0.0,189,0,0,18060,1432,92,246,107,78,9,98,6,0,1,1,3,0,1,0,92,12,4.5,11,1,0,0,0,437,4.56,3399.03
SP003,soap,2026-09-07,41,189,0.0,189,0,0,14527,1038,77,171,70,41,12,58,4,0,1,0,3,0,0,0,54,9,4.67,9,0,0,0,0,446,4.56,1717.18
SP003,soap,2026-09-14,42,189,0.0,189,0,0,15526,1192,79,193,71,51,10,61,2,0,0,0,1,1,0,0,59,11,4.18,9,1,1,0,1,457,4.55,2348.07
SP003,soap,2026-09-21,43,189,0.1,170,0,1,20807,1700,115,321,163,104,23,140,2,0,0,1,0,0,1,0,138,16,4.44,15,0,1,0,1,473,4.55,3434.33
SP004,soap,2025-09-08,1,209,0.0,209,0,0,9334,426,29,29,12,8,1,11,1,0,0,0,0,0,1,0,10,2,3.5,1,1,0,0,0,2,3.5,477.03
SP004,soap,2025-09-15,2,209,0.0,209,0,0,9031,382,26,37,14,10,0,14,3,0,1,1,1,0,0,0,11,3,3.67,2,1,0,0,0,5,3.6,249.68
SP004,soap,2025-09-22,3,209,0.0,209,1,1,12328,517,41,60,20,12,2,18,0,0,0,0,0,0,0,0,18,6,4.5,5,1,0,0,0,11,4.09,1144.49
SP004,soap,2025-09-29,4,209,0.2,167,1,1,18382,1182,80,162,81,49,6,75,2,0,1,1,0,0,0,0,73,10,4.3,9,1,0,0,0,21,4.19,1460.61
SP004,soap,2025-10-06,5,209,0.1,188,1,1,23310,1470,109,176,72,49,10,62,0,0,0,0,0,0,0,0,62,10,4.6,10,0,0,0,0,31,4.32,2608.8
SP004,soap,2025-10-13,6,209,0.0,209,1,0,17755,1086,82,139,50,38,7,43,2,0,0,0,2,0,0,0,41,4,4.75,4,0,0,0,0,35,4.37,2209.3
SP004,soap,2025-10-20,7,209,0.0,209,1,0,19881,1218,77,126,53,39,7,46,2,0,1,0,1,0,0,0,44,8,4.5,8,0,0,0,0,43,4.4,2410.05
SP004,soap,2025-10-27,8,209,0.0,209,0,0,15196,999,89,105,34,27,4,30,0,0,0,0,0,0,0,0,30,4,4.5,4,0,0,0,0,47,4.4,1887.48
SP004,soap,2025-11-03,9,209,0.0,209,0,0,13953,868,57,121,41,29,2,39,0,0,0,0,0,0,0,0,39,6,4.5,5,1,0,0,0,53,4.42,2549.73
SP004,soap,2025-11-10,10,209,0.0,209,0,0,12500,797,63,96,32,26,4,28,1,0,0,1,0,0,0,0,27,6,4.17,5,1,0,0,0,59,4.39,1524.6
SP004,soap,2025-11-17,11,209,0.0,209,0,0,15182,998,63,116,41,26,3,38,0,0,0,0,0,0,0,0,38,2,4.5,2,0,0,0,0,61,4.39,2452.81
SP004,soap,2025-11-24,12,209,0.0,209,0,0,9860,635,42,67,25,22,2,23,1,0,1,0,0,0,0,0,22,4,4.0,3,1,0,0,0,65,4.37,1250.02
SP004,soap,2025-12-01,13,209,0.0,209,0,0,11417,731,50,85,29,21,3,26,2,0,0,1,1,0,0,0,24,3,4.67,3,0,0,0,0,68,4.38,1191.72
SP004,soap,2025-12-08,14,209,0.0,209,0,0,11841,781,63,102,34,27,6,28,0,0,0,0,0,0,0,0,28,2,4.5,2,0,0,0,0,70,4.39,1693.65
SP004,soap,2025-12-15,15,209,0.0,209,0,0,14258,924,51,119,43,26,2,41,4,0,0,0,2,2,0,0,37,7,4.14,4,3,0,0,0,77,4.36,1767.37
SP004,soap,2025-12-22,16,209,0.0,209,0,0,11020,729,56,81,27,20,4,23,0,0,0,0,0,0,0,0,23,3,4.33,3,0,0,0,0,80,4.36,1419.07
SP004,soap,2025-12-29,17,209,0.0,209,0,0,14880,944,55,115,42,33,4,38,1,0,0,0,0,0,1,0,37,11,4.36,9,2,0,0,0,91,4.36,2193.76
SP004,soap,2026-01-05,18,209,0.0,209,0,0,11562,733,47,91,38,26,6,32,2,0,1,1,0,0,0,0,30,3,4.33,2,1,0,0,0,94,4.36,1503.22
SP004,soap,2026-01-12,19,209,0.0,209,0,1,21393,1329,76,169,68,48,5,63,2,0,0,1,0,0,1,0,61,6,4.67,6,0,0,0,0,100,4.38,3607.62
SP004,soap,2026-01-19,20,209,0.0,209,0,0,11772,739,43,85,34,24,5,29,1,0,0,0,0,0,1,0,28,3,4.0,2,0,1,1,0,103,4.37,1561.52
SP004,soap,2026-01-26,21,209,0.0,209,0,0,14886,913,58,132,51,42,4,47,2,0,1,0,1,0,0,0,45,4,4.75,4,0,0,0,0,107,4.38,2566.96
SP004,soap,2026-02-02,22,209,0.0,209,0,0,14229,948,58,115,42,34,6,36,1,0,0,1,0,0,0,0,35,8,4.75,8,0,0,0,0,115,4.41,1999.93
SP004,soap,2026-02-09,23,209,0.0,209,0,0,11839,805,50,108,43,30,7,36,1,0,0,0,0,1,0,0,35,3,4.33,3,0,0,0,0,118,4.41,1969.93
SP004,soap,2026-02-16,24,209,0.0,209,0,0,12035,775,47,92,41,28,2,39,1,0,1,0,0,0,0,0,38,9,4.56,9,0,0,0,0,127,4.42,2320.68
SP004,soap,2026-02-23,25,209,0.0,209,0,0,13152,868,60,97,35,23,4,31,1,0,0,0,1,0,0,0,30,4,3.25,2,1,1,0,1,131,4.38,1725.35
SP004,soap,2026-03-02,26,209,0.2,167,1,1,17123,1257,69,190,91,68,7,84,3,0,0,1,2,0,0,0,81,10,4.4,9,1,0,0,0,141,4.38,1483.81
SP004,soap,2026-03-09,27,209,0.0,209,0,0,16107,1004,77,141,48,39,7,41,0,0,0,0,0,0,0,0,41,5,3.8,4,0,1,1,0,146,4.36,2533.56
SP004,soap,2026-03-16,28,209,0.0,209,0,0,14609,967,59,131,41,30,6,35,0,0,0,0,0,0,0,0,35,4,4.5,4,0,0,0,0,150,4.37,2162.06
SP004,soap,2026-03-23,29,209,0.0,209,0,0,16704,1079,73,124,42,28,5,37,3,0,1,1,1,0,0,0,34,7,4.86,7,0,0,0,0,157,4.39,1638.75
SP004,soap,2026-03-30,30,209,0.0,209,0,0,11726,763,60,122,41,35,4,37,2,0,0,1,1,0,0,0,35,6,4.17,5,1,0,0,0,163,4.38,1897.8
SP004,soap,2026-04-06,31,209,0.0,209,0,0,13202,892,63,121,41,31,3,38,2,0,0,1,1,0,0,0,36,7,4.0,6,1,0,0,0,170,4.36,1994.72
SP004,soap,2026-04-13,32,209,0.0,209,0,0,10986,705,54,77,31,24,2,29,2,0,0,0,0,2,0,0,27,3,3.67,2,0,1,0,1,173,4.35,1422.47
SP004,soap,2026-04-20,33,209,0.0,209,0,0,11415,698,58,81,25,20,5,20,1,0,1,0,0,0,0,0,19,3,5.0,3,0,0,0,0,176,4.36,959.27
SP004,soap,2026-04-27,34,209,0.0,209,0,0,10215,645,49,86,33,26,4,29,0,0,0,0,0,0,0,0,29,4,4.5,4,0,0,0,0,180,4.37,1820.57
SP004,soap,2026-05-04,35,209,0.0,209,0,0,14057,1008,62,126,46,30,7,39,1,0,0,0,0,0,1,0,38,7,4.29,5,1,1,1,0,187,4.36,2170.68
SP004,soap,2026-05-11,36,209,0.0,209,0,0,9254,601,51,70,25,17,1,24,1,0,0,1,0,0,0,0,23,5,4.4,4,1,0,0,0,192,4.36,1346.94
SP004,soap,2026-05-18,37,209,0.0,209,0,0,14713,961,58,104,44,32,7,37,2,0,1,0,0,0,1,0,35,5,3.8,4,0,1,0,1,197,4.35,1807.8
SP004,soap,2026-05-25,38,209,0.0,209,0,0,10354,658,37,59,24,17,1,23,0,0,0,0,0,0,0,0,23,6,4.67,6,0,0,0,0,203,4.36,1509.07
SP004,soap,2026-06-01,39,209,0.0,209,0,0,10063,629,41,72,31,23,2,29,2,0,0,1,1,0,0,0,27,3,5.0,3,0,0,0,0,206,4.37,1422.47
SP004,soap,2026-06-08,40,209,0.0,209,0,0,11123,745,41,106,39,29,4,35,2,0,0,0,2,0,0,0,33,1,5.0,1,0,0,0,0,207,4.37,1763.97
SP004,soap,2026-06-15,41,209,0.0,209,0,0,11872,746,59,100,31,23,7,24,4,0,0,1,2,0,1,0,20,3,3.33,1,2,0,0,0,210,4.36,479.8
SP004,soap,2026-06-22,42,209,0.0,209,0,1,20066,1285,95,153,63,48,7,56,1,0,0,1,0,0,0,0,55,14,4.43,12,2,0,0,0,224,4.36,3308.25
SP004,soap,2026-06-29,43,209,0.0,209,0,0,10282,679,36,96,31,20,0,31,0,0,0,0,0,0,0,0,31,3,4.67,3,0,0,0,0,227,4.37,2074.4
SP004,soap,2026-07-06,44,209,0.0,209,0,0,10584,680,40,80,34,22,0,34,1,0,0,1,0,0,0,0,33,4,4.5,4,0,0,0,0,231,4.37,2046.1
SP004,soap,2026-07-13,45,209,0.0,209,0,0,11121,736,49,83,26,18,2,24,0,0,0,0,0,0,0,0,24,1,3.0,0,1,0,0,0,232,4.36,1545.99
SP004,soap,2026-07-20,46,209,0.0,209,0,0,10960,733,45,87,36,25,4,32,1,0,0,1,0,0,0,0,31,7,4.71,6,1,0,0,0,239,4.37,1792.27
SP004,soap,2026-07-27,47,209,0.0,209,0,0,10795,647,43,114,34,25,4,30,2,0,0,1,1,0,0,0,28,4,4.5,3,1,0,0,0,243,4.37,1429.39
SP004,soap,2026-08-03,48,209,0.0,209,0,0,10665,732,55,76,27,21,6,21,1,0,0,0,1,0,0,0,20,1,5.0,1,0,0,0,0,244,4.38,996.19
SP004,soap,2026-08-10,49,209,0.0,209,0,0,11881,788,56,102,36,30,5,31,5,0,1,4,0,0,0,0,26,3,3.67,2,0,1,0,1,247,4.37,779.16
SP004,soap,2026-08-17,50,209,0.0,209,0,0,11492,796,65,90,36,28,7,29,1,0,0,1,0,0,0,0,28,6,4.83,6,0,0,0,0,253,4.38,1501.52
SP004,soap,2026-08-24,51,209,0.0,209,1,0,14972,971,57,132,44,29,4,40,1,0,0,0,1,0,0,0,39,7,4.0,6,0,1,1,0,260,4.37,2327.6
SP004,soap,2026-08-31,52,209,0.0,209,0,0,10266,658,38,85,32,19,1,31,0,0,0,0,0,0,0,0,31,3,4.0,2,1,0,0,0,263,4.37,2044.4
SP004,soap,2026-09-07,53,209,0.0,209,0,0,13570,891,59,121,41,31,4,37,2,0,1,0,1,0,0,0,35,9,4.67,9,0,0,0,0,272,4.38,1897.8
SP004,soap,2026-09-14,54,209,0.0,209,0,0,13725,876,54,106,40,28,1,39,3,0,0,0,2,1,0,0,36,5,4.4,5,0,0,0,0,277,4.38,1892.59
SP004,soap,2026-09-21,55,209,0.15,178,0,1,21511,1599,92,241,109,80,12,97,3,0,1,0,2,0,0,0,94,10,4.6,9,1,0,0,0,287,4.38,2668.48
SP005,soap,2026-06-15,1,169,0.0,169,0,0,7042,277,12,18,7,5,1,6,1,0,0,0,1,0,0,0,5,1,4.0,1,0,0,0,0,1,4.0,22.33
SP005,soap,2026-06-22,2,169,0.0,169,0,1,9573,364,10,27,10,5,1,9,0,0,0,0,0,0,0,0,9,1,4.0,1,0,0,0,0,2,4.0,334.93
SP005,soap,2026-06-29,3,169,0.0,169,0,0,6878,258,14,18,8,5,0,8,1,0,0,1,0,0,0,0,7,3,3.33,1,1,1,0,1,5,3.6,133.43
SP005,soap,2026-07-06,4,169,0.0,169,0,0,5572,216,12,15,2,1,0,2,0,0,0,0,0,0,0,0,2,0,,0,0,0,0,0,5,3.6,81.09
SP005,soap,2026-07-13,5,169,0.0,169,0,0,4177,161,6,14,4,4,1,3,0,0,0,0,0,0,0,0,3,1,5.0,1,0,0,0,0,6,3.83,91.64
SP005,soap,2026-07-20,6,169,0.0,169,0,0,4443,176,9,13,3,2,0,3,0,0,0,0,0,0,0,0,3,0,,0,0,0,0,0,6,3.83,121.64
SP005,soap,2026-07-27,7,169,0.0,169,0,0,5133,214,9,10,2,0,0,2,0,0,0,0,0,0,0,0,2,0,,0,0,0,0,0,6,3.83,81.09
SP005,soap,2026-08-03,8,179,0.0,179,0,0,4404,167,7,11,3,1,0,3,2,0,0,1,0,0,1,0,1,1,3.0,0,1,0,0,0,7,3.71,-250.74
SP005,soap,2026-08-10,9,179,0.0,179,0,0,4220,154,8,18,5,4,2,3,0,0,0,0,0,0,0,0,3,0,,0,0,0,0,0,7,3.71,90.21
SP005,soap,2026-08-17,10,179,0.0,179,0,0,4196,164,10,7,4,3,0,4,1,0,0,1,0,0,0,0,3,0,,0,0,0,0,0,7,3.71,-0.19
SP005,soap,2026-08-24,11,179,0.0,179,1,0,6333,260,6,19,11,7,1,10,1,0,1,0,0,0,0,0,9,2,4.0,2,0,0,0,0,9,3.78,270.23
SP005,soap,2026-08-31,12,179,0.0,179,0,0,6005,210,7,30,14,6,1,13,2,0,0,1,1,0,0,0,11,1,4.0,1,0,0,0,0,10,3.8,219.97
SP005,soap,2026-09-07,13,179,0.0,179,0,0,10204,397,13,47,24,17,6,18,1,0,0,0,1,0,0,0,17,2,4.5,2,0,0,0,0,12,3.92,520.8
SP005,soap,2026-09-14,14,179,0.0,179,0,0,8339,348,11,30,10,5,1,9,1,0,1,0,0,0,0,0,8,2,2.5,0,1,1,1,0,14,3.71,220.16
SP005,soap,2026-09-21,15,179,0.15,152,0,1,10722,478,18,41,18,8,1,17,1,0,0,0,1,0,0,0,16,3,3.33,2,0,1,0,1,17,3.65,209.3
SP006,soap,2026-03-23,1,159,0.0,159,0,0,7213,197,6,7,4,4,0,4,0,0,0,0,0,0,0,0,4,2,3.5,1,1,0,0,0,2,3.5,162.64
SP006,soap,2026-03-30,2,159,0.0,159,0,0,5453,140,3,9,2,1,0,2,1,0,1,0,0,0,0,0,1,0,,0,0,0,0,0,2,3.5,-100.11
SP006,soap,2026-04-06,3,159,0.0,159,0,0,4187,91,2,4,2,0,0,2,0,0,0,0,0,0,0,0,2,0,,0,0,0,0,0,2,3.5,81.32
SP006,soap,2026-04-13,4,159,0.0,159,0,0,4025,106,0,5,2,2,0,2,1,0,1,0,0,0,0,0,1,1,1.0,0,0,1,1,0,3,2.67,-100.11
SP006,soap,2026-04-20,5,159,0.0,159,0,0,2974,58,3,2,1,0,0,1,0,0,0,0,0,0,0,0,1,0,,0,0,0,0,0,3,2.67,40.66
SP006,soap,2026-04-27,6,159,0.0,159,0,0,3142,59,4,4,2,2,2,0,0,0,0,0,0,0,0,0,0,0,,0,0,0,0,0,3,2.67,-81.74
SP006,soap,2026-05-04,7,159,0.0,159,0,0,2729,57,0,3,0,0,0,0,0,0,0,0,0,0,0,0,0,0,,0,0,0,0,0,3,2.67,0.0
SP007,soap,2026-06-15,1,159,0.0,159,0,0,8174,339,16,32,13,6,0,13,0,0,0,0,0,0,0,0,13,3,3.67,2,1,0,0,0,3,3.67,461.84
SP007,soap,2026-06-22,2,159,0.0,159,0,1,12591,461,23,48,20,14,3,17,1,0,0,0,1,0,0,0,16,4,4.25,4,0,0,0,0,7,4.0,332.51
SP007,soap,2026-06-29,3,159,0.0,159,0,0,6590,294,15,34,15,7,0,15,1,0,0,1,0,0,0,0,14,2,4.0,2,0,0,0,0,9,4.0,351.46
SP007,soap,2026-07-06,4,159,0.0,159,0,0,7850,320,17,43,22,9,2,20,1,0,0,0,1,0,0,0,19,2,3.0,1,0,1,0,1,11,3.82,469.09
SP007,soap,2026-07-13,5,159,0.0,159,0,0,8308,330,16,31,17,13,2,15,1,0,0,1,0,0,0,0,14,1,4.0,1,0,0,0,0,12,3.83,291.46
SP007,soap,2026-07-20,6,159,0.0,159,0,0,7393,290,6,28,15,9,1,14,0,0,0,0,0,0,0,0,14,2,4.0,2,0,0,0,0,14,3.86,467.36
SP007,soap,2026-07-27,7,159,0.0,159,0,0,6859,287,13,29,9,8,2,7,0,0,0,0,0,0,0,0,7,2,4.0,2,0,0,0,0,16,3.88,188.68
SP007,soap,2026-08-03,8,199,0.0,199,0,0,8700,328,14,28,8,4,1,7,0,0,0,0,0,0,0,0,7,2,4.0,2,0,0,0,0,18,3.89,485.35
SP007,soap,2026-08-10,9,199,0.0,199,0,0,7610,271,23,19,5,1,0,5,0,0,0,0,0,0,0,0,5,0,,0,0,0,0,0,18,3.89,368.11
SP007,soap,2026-08-17,10,199,0.0,199,0,0,6194,215,11,15,5,3,1,4,0,0,0,0,0,0,0,0,4,1,3.0,0,1,0,0,0,19,3.84,264.48
SP007,soap,2026-08-24,11,199,0.0,199,1,0,7977,255,14,28,11,8,1,10,1,0,0,0,0,1,0,0,9,1,4.0,1,0,0,0,0,20,3.85,486.69
SP007,soap,2026-08-31,12,199,0.0,199,0,0,8540,322,17,30,9,6,1,8,0,0,0,0,0,0,0,0,8,3,4.67,3,0,0,0,0,23,3.96,558.97
SP007,soap,2026-09-07,13,199,0.0,199,0,0,8292,301,22,15,5,0,0,5,1,0,1,0,0,0,0,0,4,1,5.0,1,0,0,0,0,24,4.0,148.58
SP007,soap,2026-09-14,14,199,0.0,199,0,0,5753,211,16,19,6,4,1,5,0,0,0,0,0,0,0,0,5,1,4.0,1,0,0,0,0,25,4.0,338.11
SP007,soap,2026-09-21,15,199,0.2,159,0,1,10695,493,21,42,21,13,4,17,3,0,0,0,3,0,0,0,14,5,3.6,3,1,1,0,1,30,3.93,-60.35
SP008,soap,2026-01-26,1,199,0.0,199,0,0,10076,353,17,25,5,4,0,5,0,0,0,0,0,0,0,0,5,1,3.0,0,1,0,0,0,1,3.0,397.07
SP008,soap,2026-02-02,2,199,0.0,199,0,0,5360,159,5,4,1,1,0,1,0,0,0,0,0,0,0,0,1,1,4.0,1,0,0,0,0,2,3.5,79.41
SP008,soap,2026-02-09,3,199,0.0,199,0,0,3976,146,10,5,2,2,1,1,0,0,0,0,0,0,0,0,1,0,,0,0,0,0,0,2,3.5,35.19
SP008,soap,2026-02-16,4,199,0.0,199,0,0,4730,162,7,9,4,2,1,3,0,0,0,0,0,0,0,0,3,1,3.0,0,1,0,0,0,3,3.33,194.02
SP008,soap,2026-02-23,5,179,0.0,179,0,0,3802,136,7,12,4,1,0,4,0,0,0,0,0,0,0,0,4,1,4.0,1,0,0,0,0,4,3.5,241.47
SP008,soap,2026-03-02,6,179,0.0,179,1,1,6815,222,13,15,5,4,0,5,0,0,0,0,0,0,0,0,5,1,4.0,1,0,0,0,0,5,3.6,301.84
SP008,soap,2026-03-09,7,179,0.0,179,0,0,4027,148,12,7,1,1,0,1,0,0,0,0,0,0,0,0,1,0,,0,0,0,0,0,5,3.6,60.37
SP008,soap,2026-03-16,8,179,0.0,179,0,0,4279,152,7,6,2,2,0,2,0,0,0,0,0,0,0,0,2,0,,0,0,0,0,0,5,3.6,120.73
SP008,soap,2026-03-23,9,179,0.0,179,0,0,3782,163,8,10,3,0,0,3,1,0,0,0,1,0,0,0,2,2,4.0,1,1,0,0,0,7,3.71,-19.37
SP008,soap,2026-03-30,10,179,0.0,179,0,0,3410,132,8,11,3,1,0,3,1,0,1,0,0,0,0,0,2,1,1.0,0,0,1,0,1,8,3.38,-19.37
SP008,soap,2026-04-06,11,179,0.0,179,0,0,3595,137,8,9,2,1,0,2,0,0,0,0,0,0,0,0,2,1,2.0,0,0,1,0,1,9,3.22,120.73
SP008,soap,2026-04-13,12,179,0.0,179,0,0,3357,124,0,7,1,1,0,1,0,0,0,0,0,0,0,0,1,0,,0,0,0,0,0,9,3.22,60.37
SP008,soap,2026-04-20,13,179,0.0,179,0,0,2526,86,1,6,2,1,0,2,0,0,0,0,0,0,0,0,2,1,3.0,0,1,0,0,0,10,3.2,120.73
SP008,soap,2026-04-27,14,179,0.0,179,0,0,3557,121,4,11,6,3,0,6,2,0,1,0,1,0,0,0,4,0,,0,0,0,0,0,10,3.2,-38.75
SP008,soap,2026-05-04,15,179,0.0,179,0,0,3936,109,5,7,2,0,0,2,0,0,0,0,0,0,0,0,2,0,,0,0,0,0,0,10,3.2,120.73
SP008,soap,2026-05-11,16,179,0.0,179,0,0,3699,149,5,13,4,3,0,4,0,0,0,0,0,0,0,0,4,1,3.0,0,1,0,0,0,11,3.18,241.47
SP008,soap,2026-05-18,17,179,0.0,179,0,0,4331,165,10,9,5,2,0,5,1,0,1,0,0,0,0,0,4,2,2.0,0,1,1,0,1,13,3.0,101.36
SP008,soap,2026-05-25,18,179,0.0,179,0,0,2737,94,4,7,2,2,0,2,1,0,0,1,0,0,0,0,1,1,3.0,0,1,0,0,0,14,3.0,-79.74
SP008,soap,2026-06-01,19,179,0.0,179,0,0,3544,119,1,3,2,1,0,2,0,0,0,0,0,0,0,0,2,0,,0,0,0,0,0,14,3.0,120.73
SP008,soap,2026-06-08,20,179,0.0,179,0,0,2778,109,5,8,1,0,0,1,0,0,0,0,0,0,0,0,1,0,,0,0,0,0,0,14,3.0,60.37
SP008,soap,2026-06-15,21,179,0.0,179,0,0,2569,94,4,7,4,2,0,4,1,0,0,1,0,0,0,0,3,0,,0,0,0,0,0,14,3.0,40.99
SP008,soap,2026-06-22,22,179,0.0,179,0,1,3918,124,5,5,0,0,0,0,0,0,0,0,0,0,0,0,0,0,,0,0,0,0,0,14,3.0,0.0
SP008,soap,2026-06-29,23,179,0.0,179,0,0,2881,99,6,4,3,2,0,3,0,0,0,0,0,0,0,0,3,1,4.0,1,0,0,0,0,15,3.07,181.1
SP008,soap,2026-07-06,24,179,0.0,179,0,0,3025,87,2,10,4,2,1,3,0,0,0,0,0,0,0,0,3,1,2.0,0,0,1,0,1,16,3.0,136.88
SP008,soap,2026-07-13,25,179,0.0,179,0,0,3866,118,5,7,4,2,0,4,1,0,1,0,0,0,0,0,3,2,2.5,0,1,1,0,1,18,2.94,40.99
SP008,soap,2026-07-20,26,179,0.0,179,0,0,3900,142,8,6,2,1,0,2,0,0,0,0,0,0,0,0,2,1,3.0,0,1,0,0,0,19,2.95,120.73
SP008,soap,2026-07-27,27,179,0.0,179,0,0,2981,97,3,4,2,2,0,2,0,0,0,0,0,0,0,0,2,0,,0,0,0,0,0,19,2.95,120.73
SP008,soap,2026-08-03,28,179,0.0,179,0,0,2842,97,5,6,0,0,0,0,0,0,0,0,0,0,0,0,0,0,,0,0,0,0,0,19,2.95,0.0
SP008,soap,2026-08-10,29,179,0.0,179,0,0,3065,94,6,5,1,1,0,1,0,0,0,0,0,0,0,0,1,0,,0,0,0,0,0,19,2.95,60.37
SP008,soap,2026-08-17,30,179,0.0,179,0,0,3527,130,5,7,2,1,0,2,0,0,0,0,0,0,0,0,2,0,,0,0,0,0,0,19,2.95,120.73
SP009,soap,2026-06-08,1,159,0.0,159,0,0,7361,245,7,13,3,2,0,3,0,0,0,0,0,0,0,0,3,0,,0,0,0,0,0,0,,158.88
SP009,soap,2026-06-15,2,159,0.0,159,0,0,4036,150,5,7,3,3,0,3,1,0,1,0,0,0,0,0,2,1,2.0,0,0,1,0,1,1,2.0,-22.55
SP009,soap,2026-06-22,3,159,0.0,159,0,1,3418,70,6,7,2,1,0,2,1,0,0,0,1,0,0,0,1,0,,0,0,0,0,0,1,2.0,-75.51
SP009,soap,2026-06-29,4,159,0.0,159,0,0,3935,61,1,2,1,1,0,1,1,0,1,0,0,0,0,0,0,0,,0,0,0,0,0,1,2.0,-128.47
SP009,soap,2026-07-06,5,159,0.0,159,0,0,3363,62,0,3,1,1,0,1,0,0,0,0,0,0,0,0,1,0,,0,0,0,0,0,1,2.0,52.96
SP009,soap,2026-07-13,6,159,0.0,159,0,0,2377,34,3,4,1,1,0,1,0,0,0,0,0,0,0,0,1,1,2.0,0,0,1,1,0,2,2.0,52.96
SP010,soap,2026-07-20,1,179,0.0,179,0,0,7451,260,16,22,6,3,1,5,0,0,0,0,0,0,0,0,5,1,2.0,0,0,1,0,1,1,2.0,383.65
SP010,soap,2026-07-27,2,179,0.0,179,0,0,4825,89,7,9,2,1,0,2,0,0,0,0,0,0,0,0,2,0,,0,0,0,0,0,1,2.0,165.46
SP010,soap,2026-08-03,3,179,0.0,179,0,0,4066,67,3,3,1,1,0,1,0,0,0,0,0,0,0,0,1,0,,0,0,0,0,0,1,2.0,82.73
SP010,soap,2026-08-10,4,179,0.0,179,0,0,5771,101,6,5,0,0,0,0,0,0,0,0,0,0,0,0,0,0,,0,0,0,0,0,1,2.0,0.0
SP010,soap,2026-08-17,5,179,0.0,179,0,0,2624,44,1,4,2,0,0,2,0,0,0,0,0,0,0,0,2,0,,0,0,0,0,0,1,2.0,165.46
SP010,soap,2026-08-24,6,179,0.0,179,1,0,3875,54,0,1,1,1,0,1,0,0,0,0,0,0,0,0,1,0,,0,0,0,0,0,1,2.0,82.73
SP011,soap,2026-05-25,1,139,0.0,139,0,0,6555,223,8,8,3,1,1,2,1,0,1,0,0,0,0,0,1,0,,0,0,0,0,0,0,,-117.16
SP011,soap,2026-06-01,2,139,0.0,139,0,0,4947,185,10,15,4,3,0,4,1,0,1,0,0,0,0,0,3,0,,0,0,0,0,0,0,,-11.93
SP011,soap,2026-06-08,3,139,0.0,139,0,0,5375,203,3,18,10,6,1,9,1,0,0,0,1,0,0,0,8,2,3.5,1,1,0,0,0,2,3.5,146.13
SP011,soap,2026-06-15,4,139,0.0,139,0,0,6169,186,5,8,5,3,1,4,1,0,0,0,1,0,0,0,3,2,4.0,2,0,0,0,0,4,3.75,-41.93
SP011,soap,2026-06-22,5,139,0.0,139,0,1,5040,174,4,9,2,2,1,1,0,0,0,0,0,0,0,0,1,1,3.0,0,1,0,0,0,5,3.6,7.61
SP011,soap,2026-06-29,6,139,0.0,139,0,0,4066,130,6,8,1,1,0,1,0,0,0,0,0,0,0,0,1,0,,0,0,0,0,0,5,3.6,37.61
SP011,soap,2026-07-06,7,139,0.0,139,0,0,3268,104,2,8,3,2,0,3,1,0,1,0,0,0,0,0,2,3,2.33,1,0,2,0,2,8,3.12,-49.54
SP011,soap,2026-07-13,8,139,0.0,139,0,0,4445,119,3,8,1,1,0,1,0,0,0,0,0,0,0,0,1,0,,0,0,0,0,0,8,3.12,37.61
SP011,soap,2026-07-20,9,139,0.0,139,0,0,3424,111,4,4,1,1,0,1,0,0,0,0,0,0,0,0,1,0,,0,0,0,0,0,8,3.12,37.61
SP011,soap,2026-07-27,10,139,0.0,139,0,0,4258,109,6,6,2,2,0,2,1,0,0,1,0,0,0,0,1,1,3.0,0,1,0,0,0,9,3.11,-87.16
SP011,soap,2026-08-03,11,139,0.0,139,0,0,2896,67,4,5,1,1,1,0,0,0,0,0,0,0,0,0,0,0,,0,0,0,0,0,9,3.11,-30.0
SP011,soap,2026-08-10,12,139,0.0,139,0,0,4192,119,3,8,3,2,1,2,0,0,0,0,0,0,0,0,2,0,,0,0,0,0,0,9,3.11,45.22
SP011,soap,2026-08-17,13,139,0.0,139,0,0,3604,79,1,2,1,1,1,0,0,0,0,0,0,0,0,0,0,0,,0,0,0,0,0,9,3.11,-30.0
SP011,soap,2026-08-24,14,139,0.0,139,1,0,4432,115,3,7,5,4,0,5,1,0,0,1,0,0,0,0,4,0,,0,0,0,0,0,9,3.11,25.68
SP011,soap,2026-08-31,15,139,0.0,139,0,0,2975,94,3,6,2,2,1,1,1,0,1,0,0,0,0,0,0,0,,0,0,0,0,0,9,3.11,-154.77
SP011,soap,2026-09-07,16,139,0.0,139,0,0,5889,168,5,11,5,3,0,5,0,0,0,0,0,0,0,0,5,1,4.0,1,0,0,0,0,10,3.2,188.06
SP011,soap,2026-09-14,17,139,0.0,139,0,0,4084,139,4,10,3,2,1,2,0,0,0,0,0,0,0,0,2,1,4.0,1,0,0,0,0,11,3.27,45.22
SP011,soap,2026-09-21,18,139,0.0,139,0,1,5759,190,2,9,5,2,0,5,3,0,1,1,0,0,1,0,2,2,2.0,0,0,2,1,1,13,3.08,-299.08
SP012,soap,2026-05-04,1,179,0.0,179,0,0,9073,569,33,56,21,14,2,19,0,0,0,0,0,0,0,0,19,1,5.0,1,0,0,0,0,1,5.0,963.6
SP012,soap,2026-05-11,2,179,0.0,179,0,0,12812,1166,55,124,41,29,7,34,1,0,0,1,0,0,0,0,33,4,4.75,4,0,0,0,0,5,4.8,1384.84
SP012,soap,2026-05-18,3,179,0.0,179,0,0,13809,1167,73,132,53,30,3,50,4,0,0,1,3,0,0,0,46,4,4.0,4,0,0,0,0,9,4.44,1825.86
SP012,soap,2026-05-25,4,179,0.0,179,0,0,11428,858,47,87,39,28,6,33,0,0,0,0,0,0,0,0,33,6,4.17,4,2,0,0,0,15,4.33,1570.96
SP012,soap,2026-06-01,5,179,0.0,179,0,0,11606,926,55,95,39,25,3,36,3,0,1,1,0,1,0,0,33,6,3.5,3,2,1,0,1,21,4.1,1256.43
SP012,soap,2026-06-08,6,179,0.0,179,0,0,10280,740,43,85,37,18,2,35,4,0,0,1,3,0,0,0,31,4,4.0,2,2,0,0,0,25,4.08,1041.59
SP012,soap,2026-06-15,7,179,0.0,179,0,0,7036,551,23,58,31,19,2,29,1,0,0,1,0,0,0,0,28,4,4.5,4,0,0,0,0,29,4.14,1313.06
SP012,soap,2026-06-22,8,179,0.0,179,0,1,18064,1278,69,157,70,57,6,64,1,0,0,0,1,0,0,0,63,9,3.89,7,2,0,0,0,38,4.08,3075.28
SP012,soap,2026-06-29,9,179,0.0,179,0,0,10523,791,50,86,45,31,6,39,2,0,0,0,2,0,0,0,37,7,4.14,6,1,0,0,0,45,4.09,1499.97
SP012,soap,2026-07-06,10,179,0.0,179,0,0,15366,1131,64,134,58,37,8,50,2,0,0,0,1,0,1,0,48,9,3.78,4,5,0,0,0,54,4.04,2023.63
SP012,soap,2026-07-13,11,179,0.0,179,0,0,15661,1095,51,149,54,33,10,44,4,0,0,0,3,1,0,0,40,5,3.8,3,2,0,0,0,59,4.02,1211.44
SP012,soap,2026-07-20,12,179,0.0,179,0,0,13885,1049,58,121,45,29,3,42,1,0,1,0,0,0,0,0,41,4,4.0,4,0,0,0,0,63,4.02,1987.34
SP012,soap,2026-07-27,13,179,0.0,179,0,0,8360,578,23,60,25,19,4,21,1,0,1,0,0,0,0,0,20,3,4.33,3,0,0,0,0,66,4.03,791.84
SP012,soap,2026-08-03,14,179,0.0,179,0,0,10432,807,47,89,37,29,4,33,1,0,0,0,0,0,1,0,32,3,3.0,0,3,0,0,0,69,3.99,1451.76
SP012,soap,2026-08-10,15,179,0.0,179,0,0,10238,750,36,93,37,26,5,32,2,0,1,0,1,0,0,0,30,3,4.33,2,1,0,0,0,72,4.0,1155.65
SP012,soap,2026-08-17,16,179,0.0,179,0,0,11503,826,41,85,35,19,2,33,0,0,0,0,0,0,0,0,33,7,4.43,6,1,0,0,0,79,4.04,1733.51
SP012,soap,2026-08-24,17,179,0.0,179,1,0,16150,1110,49,133,61,39,7,54,3,0,0,1,1,1,0,0,51,12,3.92,8,3,1,0,1,91,4.02,2083.76
SP012,soap,2026-08-31,18,179,0.0,179,0,0,11443,794,48,94,50,35,4,46,2,0,0,1,1,0,0,0,44,8,3.75,4,4,0,0,0,99,4.0,1966.2
SP012,soap,2026-09-07,19,179,0.0,179,0,0,13704,932,47,107,49,34,4,45,2,0,1,0,1,0,0,0,43,6,3.83,5,1,0,0,0,105,3.99,1911.21
SP012,soap,2026-09-14,20,179,0.0,179,0,0,10520,772,40,100,42,33,2,40,4,0,1,1,1,0,1,0,36,4,4.0,3,0,1,1,0,109,3.99,1316.56
SP012,soap,2026-09-21,21,179,0.15,152,0,1,18980,1529,64,198,92,62,13,79,2,0,0,1,0,1,0,0,77,13,4.46,12,0,1,0,1,122,4.04,1435.25
SP013,soap,2026-03-09,1,159,0.0,159,0,0,10623,418,15,22,6,4,0,6,3,0,0,1,1,1,0,0,3,1,3.0,0,1,0,0,0,1,3.0,-185.61
SP013,soap,2026-03-16,2,159,0.0,159,0,0,6851,221,8,13,6,5,0,6,1,0,0,0,0,1,0,0,5,0,,0,0,0,0,0,1,3.0,177.25
SP013,soap,2026-03-23,3,159,0.0,159,0,0,4142,111,1,7,4,4,0,4,0,0,0,0,0,0,0,0,4,0,,0,0,0,0,0,1,3.0,239.12
SP013,soap,2026-03-30,4,159,0.0,159,0,0,6593,188,6,10,5,3,1,4,0,0,0,0,0,0,0,0,4,0,,0,0,0,0,0,1,3.0,209.12
SP013,soap,2026-04-06,5,159,0.0,159,0,0,3174,58,2,4,2,1,1,1,1,0,0,0,1,0,0,0,0,0,,0,0,0,0,0,1,3.0,-151.65
SP013,soap,2026-04-13,6,159,0.0,159,0,0,3417,80,1,3,1,1,0,1,0,0,0,0,0,0,0,0,1,1,2.0,0,0,1,1,0,2,2.5,59.78
SP013,soap,2026-04-20,7,159,0.0,159,0,0,2707,59,3,4,2,2,0,2,0,0,0,0,0,0,0,0,2,0,,0,0,0,0,0,2,2.5,119.56
SP013,soap,2026-04-27,8,159,0.0,159,0,0,2916,56,2,1,1,1,1,0,0,0,0,0,0,0,0,0,0,0,,0,0,0,0,0,2,2.5,-30.0
SP013,soap,2026-05-04,9,159,0.0,159,0,0,2761,82,4,9,4,4,1,3,0,0,0,0,0,0,0,0,3,0,,0,0,0,0,0,2,2.5,149.34
SP013,soap,2026-05-11,10,159,0.0,159,0,0,3692,69,2,2,0,0,0,0,0,0,0,0,0,0,0,0,0,0,,0,0,0,0,0,2,2.5,0.0
SP013,soap,2026-05-18,11,159,0.0,159,0,0,2743,58,2,3,1,1,0,1,0,0,0,0,0,0,0,0,1,0,,0,0,0,0,0,2,2.5,59.78
SP013,soap,2026-05-25,12,159,0.0,159,0,0,2643,47,1,1,0,0,0,0,0,0,0,0,0,0,0,0,0,0,,0,0,0,0,0,2,2.5,0.0
SP013,soap,2026-06-01,13,159,0.0,159,0,0,1958,43,0,1,0,0,0,0,0,0,0,0,0,0,0,0,0,0,,0,0,0,0,0,2,2.5,0.0
SP014,soap,2025-09-22,1,159,0.0,159,1,1,13012,691,42,91,43,19,1,42,1,0,0,0,1,0,0,0,41,3,3.67,2,1,0,0,0,3,3.67,1726.78
SP014,soap,2025-09-29,2,159,0.0,159,1,1,34688,1642,80,187,81,41,6,75,4,0,1,0,1,2,0,0,71,10,4.5,10,0,0,0,0,13,4.31,2555.37
SP014,soap,2025-10-06,3,159,0.0,159,1,1,25898,1692,92,203,84,47,5,79,4,0,1,0,3,0,0,0,75,15,4.53,14,1,0,0,0,28,4.43,2769.96
SP014,soap,2025-10-13,4,189,0.0,189,1,0,24368,1436,85,169,65,33,7,58,2,0,0,0,2,0,0,0,56,9,4.56,9,0,0,0,0,37,4.46,3703.71
SP014,soap,2025-10-20,5,189,0.0,189,1,0,22123,1399,77,158,57,37,10,47,4,0,0,1,3,0,0,0,43,6,4.0,4,2,0,0,0,43,4.4,2371.8
SP014,soap,2025-10-27,6,189,0.0,189,0,0,11408,678,60,81,26,15,2,24,1,0,0,1,0,0,0,0,23,2,4.5,2,0,0,0,0,45,4.4,1523.26
SP014,soap,2025-11-03,7,189,0.0,189,0,0,12750,748,54,89,41,22,4,37,0,0,0,0,0,0,0,0,37,1,5.0,1,0,0,0,0,46,4.41,2644.61
SP014,soap,2025-11-10,8,189,0.0,189,0,0,16343,969,53,119,51,30,2,49,3,0,1,1,1,0,0,0,46,6,3.67,5,0,1,0,1,52,4.33,2971.24
SP014,soap,2025-11-17,9,189,0.0,189,0,0,14996,858,64,112,43,30,3,40,3,0,1,1,1,0,0,0,37,7,4.29,7,0,0,0,0,59,4.32,2268.77
SP014,soap,2025-11-24,10,189,0.0,189,0,0,11674,690,40,84,31,13,1,30,0,0,0,0,0,0,0,0,30,2,4.0,2,0,0,0,0,61,4.31,2211.58
SP014,soap,2025-12-01,11,189,0.0,189,0,0,12471,720,32,100,34,18,1,33,2,0,2,0,0,0,0,0,31,7,4.43,6,1,0,0,0,68,4.32,2015.73
SP014,soap,2025-12-08,12,189,0.0,189,0,0,11202,690,40,87,36,25,3,33,1,0,0,0,1,0,0,0,32,7,4.0,5,1,1,0,1,75,4.29,2165.73
SP014,soap,2025-12-15,13,189,0.0,189,0,0,14526,856,53,114,45,28,6,39,2,0,1,0,0,0,1,0,37,4,4.25,4,0,0,0,0,79,4.29,2314.05
SP014,soap,2025-12-22,14,189,0.0,189,0,0,12189,699,34,99,44,30,8,36,1,0,0,0,1,0,0,0,35,4,4.5,4,0,0,0,0,83,4.3,2239.89
SP014,soap,2025-12-29,15,189,0.0,189,0,0,14127,847,44,80,25,14,1,24,2,0,0,0,2,0,0,0,22,4,3.75,2,2,0,0,0,87,4.28,1343.26
SP014,soap,2026-01-05,16,189,0.0,189,0,0,12127,722,34,72,29,15,5,24,1,0,1,0,0,0,0,0,23,1,4.0,1,0,0,0,0,88,4.27,1433.26
SP014,soap,2026-01-12,17,189,0.0,189,0,1,12764,737,38,102,40,18,4,36,1,0,1,0,0,0,0,0,35,4,3.75,2,2,0,0,0,92,4.25,2359.89
SP014,soap,2026-01-19,18,189,0.0,189,0,0,13563,795,32,96,33,22,2,31,2,0,2,0,0,0,0,0,29,3,4.33,3,0,0,0,0,95,4.25,1836.29
SP014,soap,2026-01-26,19,189,0.0,189,0,0,13884,776,54,113,41,23,1,40,2,0,1,0,0,1,0,0,38,8,4.38,7,1,0,0,0,103,4.26,2538.77
SP014,soap,2026-02-02,20,189,0.0,189,0,0,14279,840,67,99,30,16,2,28,2,0,1,0,0,1,0,0,26,8,4.38,8,0,0,0,0,111,4.27,1612.14
SP014,soap,2026-02-09,21,189,0.0,189,0,0,12284,760,34,104,34,23,3,31,1,0,0,0,1,0,0,0,30,2,4.5,2,0,0,0,0,113,4.27,2016.29
SP014,soap,2026-02-16,22,189,0.0,189,0,0,10968,633,40,72,33,18,5,28,1,0,0,0,1,0,0,0,27,0,,0,0,0,0,0,113,4.27,1732.14
SP014,soap,2026-02-23,23,189,0.0,189,0,0,11863,722,49,87,38,14,5,33,2,0,1,0,1,0,0,0,31,1,4.0,1,0,0,0,0,114,4.27,1895.73
SP014,soap,2026-03-02,24,189,0.15,161,1,1,21942,1441,79,208,87,49,11,76,3,0,2,1,0,0,0,0,73,9,4.33,8,1,0,0,0,123,4.28,2771.99
SP014,soap,2026-03-09,25,189,0.0,189,0,0,11955,716,36,105,44,27,6,38,3,0,0,1,2,0,0,0,35,9,4.0,6,1,2,2,0,132,4.26,2029.33
SP014,soap,2026-03-16,26,189,0.0,189,0,0,11129,635,30,54,17,10,3,14,0,0,0,0,0,0,0,0,14,4,4.5,4,0,0,0,0,136,4.26,956.07
SP014,soap,2026-03-23,27,189,0.0,189,0,0,12515,743,39,85,30,13,1,29,2,0,0,0,1,1,0,0,27,3,4.0,2,1,0,0,0,139,4.26,1716.86
SP014,soap,2026-03-30,28,189,0.0,189,0,0,10449,622,46,72,29,16,2,27,1,0,1,0,0,0,0,0,26,0,,0,0,0,0,0,139,4.26,1747.42
SP014,soap,2026-04-06,29,189,0.0,189,0,0,7064,420,28,39,17,7,2,15,0,0,0,0,0,0,0,0,15,2,4.5,2,0,0,0,0,141,4.26,1060.79
SP014,soap,2026-04-13,30,189,0.0,189,0,0,9137,515,31,60,23,12,3,20,1,0,0,0,1,0,0,0,19,2,5.0,2,0,0,0,0,143,4.27,1194.38
SP014,soap,2026-04-20,31,189,0.0,189,0,0,11088,642,36,82,29,18,2,27,2,0,0,0,1,1,0,0,25,5,5.0,5,0,0,0,0,148,4.3,1537.42
SP014,soap,2026-04-27,32,189,0.0,189,0,0,10355,573,32,59,16,8,1,15,2,0,2,0,0,0,0,0,13,2,3.5,1,1,0,0,0,150,4.29,670.79
SP014,soap,2026-05-04,33,189,0.0,189,0,0,9394,599,45,77,32,17,2,30,1,0,0,1,0,0,0,0,29,4,4.5,4,0,0,0,0,154,4.29,1971.58
SP014,soap,2026-05-11,34,189,0.0,189,0,0,12848,762,45,99,28,16,5,23,0,0,0,0,0,0,0,0,23,1,4.0,1,0,0,0,0,155,4.29,1568.54
SP014,soap,2026-05-18,35,189,0.0,189,0,0,14155,824,53,93,31,22,4,27,1,0,0,1,0,0,0,0,26,3,4.33,3,0,0,0,0,158,4.29,1687.42
SP014,soap,2026-05-25,36,189,0.0,189,0,0,10180,600,39,71,29,14,0,29,3,0,1,0,1,1,0,0,26,5,4.6,5,0,0,0,0,163,4.3,1536.86
SP014,soap,2026-06-01,37,189,0.0,189,0,0,11591,675,38,69,26,16,3,23,2,0,1,0,0,1,0,0,21,4,4.75,4,0,0,0,0,167,4.31,1208.54
SP014,soap,2026-06-08,38,189,0.0,189,0,0,8362,521,30,82,36,22,2,34,1,0,0,0,1,0,0,0,33,2,4.5,2,0,0,0,0,169,4.31,2270.45
SP014,soap,2026-06-15,39,189,0.0,189,0,0,7685,472,31,67,28,12,2,26,2,0,0,1,0,1,0,0,24,3,3.67,2,0,1,0,1,172,4.3,1462.7
SP014,soap,2026-06-22,40,189,0.0,189,0,1,13450,818,47,104,41,24,2,39,1,0,0,1,0,0,0,0,38,2,3.5,1,1,0,0,0,174,4.29,2644.05
SP014,soap,2026-06-29,41,189,0.0,189,0,0,9771,568,32,85,34,21,4,30,2,0,0,1,0,0,1,0,28,1,4.0,1,0,0,0,0,175,4.29,1701.58
SP014,soap,2026-07-06,42,189,0.0,189,0,0,10324,601,38,62,26,15,2,24,1,0,0,0,0,0,1,0,23,5,4.4,5,0,0,0,0,180,4.29,1523.26
SP014,soap,2026-07-13,43,189,0.0,189,0,0,13237,795,60,101,46,25,4,42,2,0,0,2,0,0,0,0,40,6,4.67,6,0,0,0,0,186,4.31,2598.21
SP014,soap,2026-07-20,44,189,0.0,189,0,0,10430,617,34,72,22,13,0,22,0,0,0,0,0,0,0,0,22,0,,0,0,0,0,0,186,4.31,1643.82
SP014,soap,2026-07-27,45,189,0.0,189,0,0,9795,572,41,71,22,11,3,19,3,0,0,0,2,1,0,0,16,3,3.67,2,1,0,0,0,189,4.3,699.66
SP014,soap,2026-08-03,46,189,0.0,189,0,0,9966,593,38,85,32,14,3,29,2,0,2,0,0,0,0,0,27,5,4.0,5,0,0,0,0,194,4.29,1656.86
SP014,soap,2026-08-10,47,189,0.0,189,0,0,11933,754,51,103,32,20,1,31,2,0,0,0,1,1,0,0,29,2,4.5,2,0,0,0,0,196,4.29,1866.29
SP014,soap,2026-08-17,48,189,0.0,189,0,0,11394,680,35,86,36,21,1,35,0,0,0,0,0,0,0,0,35,6,4.5,5,1,0,0,0,202,4.3,2585.17
SP014,soap,2026-08-24,49,189,0.0,189,1,0,16494,994,58,130,56,35,2,54,4,0,2,1,1,0,0,0,50,5,4.4,4,1,0,0,0,207,4.3,3134.84
SP014,soap,2026-08-31,50,189,0.0,189,0,0,11929,729,44,99,41,13,4,37,3,0,1,1,1,0,0,0,34,5,4.4,5,0,0,0,0,212,4.3,2014.61
SP014,soap,2026-09-07,51,189,0.0,189,0,0,14520,854,50,108,52,30,7,45,2,0,1,1,0,0,0,0,43,6,3.5,4,0,2,0,2,218,4.28,2732.36
SP014,soap,2026-09-14,52,189,0.0,189,0,0,12090,770,50,104,50,27,4,46,2,0,1,0,1,0,0,0,44,7,4.86,7,0,0,0,0,225,4.3,2897.08
SP014,soap,2026-09-21,53,189,0.0,189,0,1,11791,764,45,92,34,14,6,28,0,0,0,0,0,0,0,0,28,4,4.0,3,1,0,0,0,229,4.29,1912.14
SP015,soap,2026-04-13,1,279,0.0,279,0,0,7778,208,16,5,1,0,0,1,0,0,0,0,0,0,0,0,1,0,,0,0,0,0,0,0,,106.83
SP015,soap,2026-04-20,2,279,0.0,279,0,0,5318,178,21,10,0,0,0,0,0,0,0,0,0,0,0,0,0,0,,0,0,0,0,0,0,,0.0
SP015,soap,2026-04-27,3,279,0.0,279,0,0,2498,58,7,5,1,0,0,1,0,0,0,0,0,0,0,0,1,0,,0,0,0,0,0,0,,106.83
SP015,soap,2026-05-04,4,279,0.0,279,0,0,2924,81,7,8,1,1,0,1,0,0,0,0,0,0,0,0,1,0,,0,0,0,0,0,0,,106.83
SP015,soap,2026-05-11,5,279,0.0,279,0,0,2235,60,2,4,2,2,0,2,0,0,0,0,0,0,0,0,2,0,,0,0,0,0,0,0,,213.67
SP015,soap,2026-05-18,6,279,0.0,279,0,0,2519,59,9,5,1,1,0,1,0,0,0,0,0,0,0,0,1,1,5.0,1,0,0,0,0,1,5.0,106.83
SP016,soap,2026-01-05,1,169,0.0,169,0,0,7753,255,8,22,2,1,0,2,0,0,0,0,0,0,0,0,2,0,,0,0,0,0,0,0,,53.92
SP016,soap,2026-01-12,2,169,0.15,144,0,1,7203,262,9,26,9,6,4,5,0,0,0,0,0,0,0,0,5,1,4.0,1,0,0,0,0,1,4.0,-144.63
SP016,soap,2026-01-19,3,169,0.0,169,0,0,6421,211,8,19,5,2,0,5,0,0,0,0,0,0,0,0,5,0,,0,0,0,0,0,1,4.0,134.79
SP016,soap,2026-01-26,4,169,0.0,169,0,0,5744,200,5,19,8,8,1,7,2,0,1,1,0,0,0,0,5,1,3.0,0,1,0,0,0,2,3.5,-233.29
SP016,soap,2026-02-02,5,169,0.0,169,0,0,4577,124,6,16,5,3,0,5,1,0,1,0,0,0,0,0,4,0,,0,0,0,0,0,2,3.5,-56.16
SP016,soap,2026-02-09,6,169,0.0,169,0,0,4718,154,6,16,5,5,1,4,1,0,0,0,0,1,0,0,3,0,,0,0,0,0,0,2,3.5,-123.21
SP016,soap,2026-02-16,7,169,0.0,169,0,0,4449,125,2,7,3,0,0,3,1,0,0,0,0,0,1,0,2,1,3.0,0,1,0,0,0,3,3.33,-110.08
SP016,soap,2026-02-23,8,169,0.0,169,0,0,4419,116,5,7,6,6,1,5,1,0,1,0,0,0,0,0,4,0,,0,0,0,0,0,3,3.33,-96.25
SP016,soap,2026-03-02,9,169,0.0,169,1,1,8157,203,7,10,5,4,0,5,0,0,0,0,0,0,0,0,5,1,4.0,1,0,0,0,0,4,3.5,134.79
SP016,soap,2026-03-09,10,179,0.0,179,0,0,3772,95,5,6,4,3,0,4,0,0,0,0,0,0,0,0,4,1,5.0,1,0,0,0,0,5,3.8,145.93
SP016,soap,2026-03-16,11,179,0.0,179,0,0,4808,154,14,9,3,3,3,0,0,0,0,0,0,0,0,0,0,0,,0,0,0,0,0,5,3.8,-120.28
SP016,soap,2026-03-23,12,179,0.0,179,0,0,5008,159,9,9,5,5,0,5,0,0,0,0,0,0,0,0,5,1,5.0,1,0,0,0,0,6,4.0,182.41
SP016,soap,2026-03-30,13,179,0.0,179,0,0,4544,178,10,15,8,6,0,8,0,0,0,0,0,0,0,0,8,2,3.5,1,1,0,0,0,8,3.88,291.86
SP016,soap,2026-04-06,14,179,0.0,179,0,0,6205,209,8,14,6,6,0,6,0,0,0,0,0,0,0,0,6,1,3.0,0,1,0,0,0,9,3.78,218.9
SP016,soap,2026-04-13,15,179,0.0,179,0,0,7053,226,7,18,8,8,0,8,1,0,1,0,0,0,0,0,7,1,4.0,1,0,0,0,0,10,3.8,91.39
SP016,soap,2026-04-20,16,179,0.0,179,0,0,6083,215,8,7,1,1,1,0,0,0,0,0,0,0,0,0,0,0,,0,0,0,0,0,10,3.8,-40.09
SP016,soap,2026-04-27,17,179,0.0,179,0,0,7379,229,12,8,2,0,0,2,0,0,0,0,0,0,0,0,2,0,,0,0,0,0,0,10,3.8,72.97
SP016,soap,2026-05-04,18,179,0.0,179,0,0,4425,114,1,8,3,2,0,3,0,0,0,0,0,0,0,0,3,0,,0,0,0,0,0,10,3.8,109.45
SP016,soap,2026-05-11,19,179,0.0,179,0,0,4217,139,10,5,0,0,0,0,0,0,0,0,0,0,0,0,0,0,,0,0,0,0,0,10,3.8,0.0
SP016,soap,2026-05-18,20,179,0.0,179,0,0,4230,132,3,11,1,1,0,1,0,0,0,0,0,0,0,0,1,0,,0,0,0,0,0,10,3.8,36.48
SP016,soap,2026-05-25,21,179,0.0,179,0,0,4234,117,6,11,5,4,0,5,0,0,0,0,0,0,0,0,5,0,,0,0,0,0,0,10,3.8,182.41
SP016,soap,2026-06-01,22,179,0.0,179,0,0,4797,146,5,8,0,0,0,0,0,0,0,0,0,0,0,0,0,0,,0,0,0,0,0,10,3.8,0.0
SP016,soap,2026-06-08,23,179,0.0,179,0,0,4509,142,5,8,5,3,1,4,0,0,0,0,0,0,0,0,4,1,5.0,1,0,0,0,0,11,3.91,105.84
SP016,soap,2026-06-15,24,179,0.0,179,0,0,5548,171,8,15,6,2,1,5,0,0,0,0,0,0,0,0,5,1,5.0,1,0,0,0,0,12,4.0,142.32
SP016,soap,2026-06-22,25,179,0.2,143,0,1,6928,299,14,17,6,5,1,5,1,0,0,0,1,0,0,0,4,1,4.0,1,0,0,0,0,13,4.0,-195.3
SP016,soap,2026-06-29,26,179,0.0,179,0,0,4686,148,15,11,1,1,0,1,0,0,0,0,0,0,0,0,1,0,,0,0,0,0,0,13,4.0,36.48
SP016,soap,2026-07-06,27,179,0.0,179,0,0,6050,240,12,15,4,3,1,3,1,0,0,1,0,0,0,0,2,0,,0,0,0,0,0,13,4.0,-131.12
SP016,soap,2026-07-13,28,179,0.0,179,0,0,4841,169,10,6,1,0,0,1,0,0,0,0,0,0,0,0,1,0,,0,0,0,0,0,13,4.0,36.48
SP016,soap,2026-07-20,29,179,0.0,179,0,0,4323,139,5,6,4,1,0,4,1,0,0,1,0,0,0,0,3,0,,0,0,0,0,0,13,4.0,-54.55
SP016,soap,2026-07-27,30,179,0.0,179,0,0,6276,213,7,17,6,4,1,5,2,0,1,0,1,0,0,0,3,2,3.5,1,1,0,0,0,15,3.93,-258.63
SP016,soap,2026-08-03,31,179,0.0,179,0,0,6680,203,9,10,3,3,0,3,1,0,1,0,0,0,0,0,2,0,,0,0,0,0,0,15,3.93,-91.03
SP016,soap,2026-08-10,32,179,0.0,179,0,0,6542,253,10,15,5,0,0,5,0,0,0,0,0,0,0,0,5,1,4.0,1,0,0,0,0,16,3.94,182.41
SP016,soap,2026-08-17,33,179,0.0,179,0,0,5480,194,10,14,6,6,0,6,1,0,0,0,1,0,0,0,5,0,,0,0,0,0,0,16,3.94,18.42
SP016,soap,2026-08-24,34,179,0.0,179,1,0,8305,276,8,13,4,4,0,4,1,0,0,0,1,0,0,0,3,0,,0,0,0,0,0,16,3.94,-54.55
SP016,soap,2026-08-31,35,179,0.0,179,0,0,5070,179,6,14,4,2,1,3,0,0,0,0,0,0,0,0,3,0,,0,0,0,0,0,16,3.94,69.35
SP016,soap,2026-09-07,36,179,0.0,179,0,0,7725,280,10,20,4,4,0,4,3,0,2,0,0,1,0,0,1,0,,0,0,0,0,0,16,3.94,-455.5
SP016,soap,2026-09-14,37,179,0.0,179,0,0,6026,213,15,13,4,4,0,4,0,0,0,0,0,0,0,0,4,0,,0,0,0,0,0,16,3.94,145.93
SP016,soap,2026-09-21,38,179,0.0,179,0,1,9167,322,11,24,7,3,2,5,2,0,2,0,0,0,0,0,3,0,,0,0,0,0,0,16,3.94,-298.73
SP017,soap,2025-11-10,1,179,0.0,179,0,0,10690,455,25,38,11,6,1,10,1,0,0,0,1,0,0,0,9,2,3.0,0,2,0,0,0,2,3.0,633.21
SP017,soap,2025-11-17,2,179,0.0,179,0,0,7786,245,9,14,3,2,1,2,0,0,0,0,0,0,0,0,2,0,,0,0,0,0,0,2,3.0,142.74
SP017,soap,2025-11-24,3,179,0.0,179,0,0,6158,209,12,14,8,3,0,8,0,0,0,0,0,0,0,0,8,0,,0,0,0,0,0,2,3.0,690.95
SP017,soap,2025-12-01,4,179,0.0,179,0,0,4950,159,9,13,3,3,1,2,1,0,1,0,0,0,0,0,1,0,,0,0,0,0,0,2,3.0,-57.74
SP017,soap,2025-12-08,5,179,0.0,179,0,0,3633,127,6,6,1,1,0,1,0,0,0,0,0,0,0,0,1,0,,0,0,0,0,0,2,3.0,86.37
SP017,soap,2025-12-15,6,179,0.0,179,0,0,3550,132,7,11,5,2,0,5,1,0,1,0,0,0,0,0,4,1,4.0,1,0,0,0,0,3,3.33,231.37
SP017,soap,2025-12-22,7,179,0.0,179,0,0,4530,174,8,13,5,4,0,5,0,0,0,0,0,0,0,0,5,0,,0,0,0,0,0,3,3.33,431.84
SP017,soap,2025-12-29,8,179,0.0,179,0,0,4981,174,8,14,4,2,0,4,0,0,0,0,0,0,0,0,4,0,,0,0,0,0,0,3,3.33,345.48
SP017,soap,2026-01-05,9,179,0.0,179,0,0,5266,195,3,23,8,3,0,8,1,0,1,0,0,0,0,0,7,1,2.0,0,0,1,0,1,4,3.0,490.47
SP017,soap,2026-01-12,10,179,0.1,161,0,1,5920,202,9,16,3,1,0,3,0,0,0,0,0,0,0,0,3,0,,0,0,0,0,0,4,3.0,207.68
SP017,soap,2026-01-19,11,179,0.0,179,0,0,4073,137,8,7,1,1,0,1,0,0,0,0,0,0,0,0,1,1,3.0,0,1,0,0,0,5,3.0,86.37
SP017,soap,2026-01-26,12,179,0.0,179,0,0,3592,135,9,10,1,0,0,1,0,0,0,0,0,0,0,0,1,0,,0,0,0,0,0,5,3.0,86.37
SP017,soap,2026-02-02,13,179,0.0,179,0,0,3213,87,4,2,1,1,1,0,0,0,0,0,0,0,0,0,0,0,,0,0,0,0,0,5,3.0,-30.0
SP017,soap,2026-02-09,14,179,0.0,179,0,0,2739,91,3,6,3,1,0,3,0,0,0,0,0,0,0,0,3,0,,0,0,0,0,0,5,3.0,259.11
SP017,soap,2026-02-16,15,179,0.0,179,0,0,4156,151,4,11,3,1,0,3,0,0,0,0,0,0,0,0,3,1,4.0,1,0,0,0,0,6,3.17,259.11
SP017,soap,2026-02-23,16,179,0.0,179,0,0,3432,137,6,11,4,2,1,3,0,0,0,0,0,0,0,0,3,1,3.0,0,1,0,0,0,7,3.14,229.11
SP017,soap,2026-03-02,17,179,0.0,179,1,1,6197,220,17,17,6,4,0,6,0,0,0,0,0,0,0,0,6,0,,0,0,0,0,0,7,3.14,518.21
SP017,soap,2026-03-09,18,179,0.0,179,0,0,3626,134,4,10,4,3,1,3,1,0,0,0,0,1,0,0,2,0,,0,0,0,0,0,7,3.14,28.63
SP017,soap,2026-03-16,19,179,0.0,179,0,0,4373,160,7,7,7,1,1,6,1,0,1,0,0,0,0,0,5,1,2.0,0,0,1,0,1,8,3.0,287.74
SP017,soap,2026-03-23,20,179,0.0,179,0,0,4752,136,6,10,4,3,0,4,0,0,0,0,0,0,0,0,4,0,,0,0,0,0,0,8,3.0,345.48
SP017,soap,2026-03-30,21,179,0.0,179,0,0,4526,174,7,11,1,0,0,1,0,0,0,0,0,0,0,0,1,0,,0,0,0,0,0,8,3.0,86.37
SP017,soap,2026-04-06,22,179,0.0,179,0,0,2485,65,2,5,2,2,1,1,0,0,0,0,0,0,0,0,1,0,,0,0,0,0,0,8,3.0,56.37
SP017,soap,2026-04-13,23,179,0.0,179,0,0,3193,107,8,5,1,0,1,0,0,0,0,0,0,0,0,0,0,0,,0,0,0,0,0,8,3.0,-30.0
SP017,soap,2026-04-20,24,179,0.0,179,0,0,2919,90,5,4,1,1,1,0,0,0,0,0,0,0,0,0,0,0,,0,0,0,0,0,8,3.0,-30.0
SP017,soap,2026-04-27,25,179,0.0,179,0,0,2973,119,4,5,2,2,0,2,0,0,0,0,0,0,0,0,2,0,,0,0,0,0,0,8,3.0,172.74
SP017,soap,2026-05-04,26,179,0.0,179,0,0,2789,89,7,6,1,1,0,1,0,0,0,0,0,0,0,0,1,0,,0,0,0,0,0,8,3.0,86.37
SP017,soap,2026-05-11,27,179,0.0,179,0,0,2925,107,7,6,2,1,0,2,0,0,0,0,0,0,0,0,2,0,,0,0,0,0,0,8,3.0,172.74
SP017,soap,2026-05-18,28,179,0.0,179,0,0,2787,97,5,12,4,4,0,4,2,0,0,1,1,0,0,0,2,0,,0,0,0,0,0,8,3.0,-55.48
SP017,soap,2026-05-25,29,179,0.0,179,0,0,3715,107,3,13,3,0,0,3,0,0,0,0,0,0,0,0,3,0,,0,0,0,0,0,8,3.0,259.11
SP017,soap,2026-06-01,30,179,0.0,179,0,0,3047,103,11,9,6,4,3,3,0,0,0,0,0,0,0,0,3,0,,0,0,0,0,0,8,3.0,169.11
SP017,soap,2026-06-08,31,179,0.0,179,0,0,4227,135,6,10,6,3,1,5,0,0,0,0,0,0,0,0,5,1,5.0,1,0,0,0,0,9,3.22,401.84
SP017,soap,2026-06-15,32,179,0.0,179,0,0,3146,120,6,12,4,4,1,3,0,0,0,0,0,0,0,0,3,0,,0,0,0,0,0,9,3.22,229.11
SP017,soap,2026-06-22,33,179,0.0,179,0,1,6671,248,12,24,9,4,1,8,0,0,0,0,0,0,0,0,8,0,,0,0,0,0,0,9,3.22,660.95
SP017,soap,2026-06-29,34,179,0.0,179,0,0,4912,156,16,17,8,3,1,7,0,0,0,0,0,0,0,0,7,2,3.0,0,2,0,0,0,11,3.18,574.58
SP017,soap,2026-07-06,35,179,0.0,179,0,0,5368,200,9,19,5,2,0,5,0,0,0,0,0,0,0,0,5,0,,0,0,0,0,0,11,3.18,431.84
SP017,soap,2026-07-13,36,179,0.0,179,0,0,4700,170,7,11,5,3,1,4,1,0,1,0,0,0,0,0,3,0,,0,0,0,0,0,11,3.18,115.0
SP017,soap,2026-07-20,37,179,0.0,179,0,0,4228,150,4,11,3,2,0,3,0,0,0,0,0,0,0,0,3,2,3.5,1,1,0,0,0,13,3.23,259.11
SP017,soap,2026-07-27,38,179,0.0,179,0,0,3817,136,7,12,4,3,1,3,1,0,0,1,0,0,0,0,2,2,2.0,0,1,1,0,1,15,3.07,28.63
SP017,soap,2026-08-03,39,179,0.0,179,0,0,5261,178,12,20,4,1,1,3,1,0,1,0,0,0,0,0,2,0,,0,0,0,0,0,15,3.07,28.63
SP017,soap,2026-08-10,40,179,0.0,179,0,0,3436,116,3,9,3,2,0,3,1,0,0,1,0,0,0,0,2,0,,0,0,0,0,0,15,3.07,58.63
SP017,soap,2026-08-17,41,179,0.0,179,0,0,4024,124,9,6,2,0,0,2,0,0,0,0,0,0,0,0,2,0,,0,0,0,0,0,15,3.07,172.74
SP017,soap,2026-08-24,42,179,0.0,179,1,0,5006,172,9,16,6,5,1,5,0,0,0,0,0,0,0,0,5,0,,0,0,0,0,0,15,3.07,401.84
SP017,soap,2026-08-31,43,179,0.0,179,0,0,5676,203,4,19,6,5,2,4,0,0,0,0,0,0,0,0,4,0,,0,0,0,0,0,15,3.07,285.48
SP017,soap,2026-09-07,44,179,0.0,179,0,0,4904,189,11,10,6,2,0,6,0,0,0,0,0,0,0,0,6,0,,0,0,0,0,0,15,3.07,518.21
SP017,soap,2026-09-14,45,179,0.0,179,0,0,5172,189,4,15,6,3,1,5,0,0,0,0,0,0,0,0,5,1,5.0,1,0,0,0,0,16,3.19,401.84
SP017,soap,2026-09-21,46,179,0.15,152,0,1,7677,348,19,28,12,7,0,12,1,0,0,1,0,0,0,0,11,1,4.0,1,0,0,0,0,17,3.24,553.09
SP018,soap,2026-02-09,1,169,0.0,169,0,0,7975,476,28,53,27,23,1,26,0,0,0,0,0,0,0,0,26,1,4.0,1,0,0,0,0,1,4.0,1194.38
SP018,soap,2026-02-16,2,169,0.0,169,0,0,18087,1114,59,113,48,29,7,41,4,0,0,0,2,2,0,0,37,5,3.8,3,2,0,0,0,6,3.83,956.95
SP018,soap,2026-02-23,3,169,0.0,169,0,0,12683,802,34,92,42,28,1,41,5,0,2,1,2,0,0,0,36,3,4.33,3,0,0,0,0,9,4.0,946.0
SP018,soap,2026-03-02,4,169,0.1,152,1,1,25460,1741,85,254,146,96,12,134,7,0,2,2,2,0,1,0,127,28,4.21,21,7,0,0,0,37,4.16,2557.42
SP018,soap,2026-03-09,5,169,0.0,169,0,0,13437,977,53,135,52,29,5,47,0,0,0,0,0,0,0,0,47,7,4.14,5,2,0,0,0,44,4.16,2063.31
SP018,soap,2026-03-16,6,169,0.0,169,0,0,12864,967,51,120,57,35,7,50,0,0,0,0,0,0,0,0,50,3,5.0,3,0,0,0,0,47,4.21,2144.58
SP018,soap,2026-03-23,7,169,0.0,169,0,0,11785,877,49,120,48,27,4,44,1,0,0,0,0,1,0,0,43,3,4.33,3,0,0,0,0,50,4.22,1761.08
SP018,soap,2026-03-30,8,169,0.0,169,0,0,19344,1510,79,201,87,61,8,79,3,0,0,2,1,0,0,0,76,13,4.23,11,2,0,0,0,63,4.22,2907.38
SP018,soap,2026-04-06,9,169,0.0,169,0,0,11135,835,39,100,48,33,10,38,0,0,0,0,0,0,0,0,38,7,4.57,6,1,0,0,0,70,4.26,1489.48
SP018,soap,2026-04-13,10,179,0.0,179,0,0,11739,917,58,101,43,30,8,35,1,0,0,1,0,0,0,0,34,3,4.33,3,0,0,0,0,73,4.26,1541.07
SP018,soap,2026-04-20,11,179,0.0,179,0,0,14674,1052,52,111,42,24,2,40,2,0,0,1,1,0,0,0,38,7,4.57,7,0,0,0,0,80,4.29,1803.67
SP018,soap,2026-04-27,12,179,0.0,179,0,0,11961,864,41,120,41,26,5,36,4,0,2,0,2,0,0,0,32,3,3.33,2,0,1,1,0,83,4.25,1086.25
SP018,soap,2026-05-04,13,179,0.0,179,0,0,11098,862,36,113,43,28,3,40,3,0,0,1,1,1,0,0,37,8,4.5,6,2,0,0,0,91,4.27,1573.19
SP018,soap,2026-05-11,14,179,0.0,179,0,0,12429,945,52,122,50,30,2,48,3,0,1,1,0,1,0,0,45,7,3.71,3,4,0,0,0,98,4.23,2056.11
SP018,soap,2026-05-18,15,179,0.0,179,0,0,9190,683,36,88,36,22,3,33,1,0,0,0,1,0,0,0,32,5,4.0,4,1,0,0,0,103,4.22,1577.83
SP018,soap,2026-05-25,16,179,0.0,179,0,0,11905,846,51,103,39,31,3,36,5,0,2,1,1,1,0,0,31,8,4.25,6,2,0,0,0,111,4.23,945.78
SP018,soap,2026-06-01,17,179,0.0,179,0,0,17462,1250,69,152,57,42,4,53,3,0,0,0,3,0,0,0,50,10,3.6,6,3,1,1,0,121,4.17,2279.19
SP018,soap,2026-06-08,18,179,0.0,179,0,0,11990,887,58,111,62,39,7,55,3,0,1,1,1,0,0,0,52,12,4.25,11,0,1,0,1,133,4.18,2302.42
SP018,soap,2026-06-15,19,179,0.0,179,0,0,14018,997,49,119,48,32,2,46,5,0,2,1,1,1,0,0,41,6,3.83,5,1,0,0,0,139,4.17,1541.93
SP018,soap,2026-06-22,20,179,0.0,179,0,1,19468,1347,85,172,77,51,10,67,3,0,0,1,2,0,0,0,64,9,4.22,7,2,0,0,0,148,4.17,2891.81
SP018,soap,2026-06-29,21,179,0.0,179,0,0,10338,747,49,91,34,22,1,33,1,0,0,1,0,0,0,0,32,6,4.17,5,0,1,0,1,154,4.17,1637.83
SP018,soap,2026-07-06,22,179,0.0,179,0,0,11903,832,42,99,43,31,5,38,1,0,0,0,1,0,0,0,37,6,4.0,4,2,0,0,0,160,4.16,1800.91
SP018,soap,2026-07-13,23,179,0.0,179,0,0,10293,762,52,85,40,22,2,38,2,0,0,0,0,1,1,0,36,3,4.67,3,0,0,0,0,163,4.17,1690.44
SP018,soap,2026-07-20,24,179,0.0,179,0,0,11222,842,42,102,40,30,5,35,0,0,0,0,0,0,0,0,35,2,4.5,2,0,0,0,0,165,4.18,1831.54
SP018,soap,2026-07-27,25,179,0.0,179,0,0,17826,1323,82,157,61,34,9,52,5,0,0,2,1,1,1,0,47,14,3.86,10,2,2,0,2,179,4.15,1671.62
SP018,soap,2026-08-03,26,179,0.0,179,0,0,13390,966,53,125,54,33,2,52,2,0,0,0,1,1,0,0,50,7,3.86,5,2,0,0,0,186,4.14,2483.05
SP018,soap,2026-08-10,27,179,0.0,179,0,0,10311,794,49,100,36,22,3,33,1,0,0,0,1,0,0,0,32,2,4.5,2,0,0,0,0,188,4.14,1577.83
SP018,soap,2026-08-17,28,179,0.0,179,0,0,14364,998,49,151,72,46,6,66,2,0,0,0,1,1,0,0,64,7,4.43,7,0,0,0,0,195,4.15,3155.67
SP018,soap,2026-08-24,29,179,0.0,179,1,0,12808,876,49,96,42,29,5,37,1,0,0,1,0,0,0,0,36,2,5.0,2,0,0,0,0,197,4.16,1744.3
SP018,soap,2026-08-31,30,179,0.0,179,0,0,10936,807,38,100,37,25,1,36,0,0,0,0,0,0,0,0,36,2,4.5,2,0,0,0,0,199,4.17,2008.16
SP018,soap,2026-09-07,31,179,0.0,179,0,0,15169,1057,61,124,47,25,5,42,2,0,1,1,0,0,0,0,40,9,4.0,6,2,1,0,1,208,4.16,1826.9
SP018,soap,2026-09-14,32,179,0.0,179,0,0,10077,747,50,95,41,22,5,36,5,0,1,3,1,0,0,0,31,5,3.8,3,2,0,0,0,213,4.15,885.78
SP018,soap,2026-09-21,33,179,0.0,179,0,1,14021,974,52,130,50,29,2,48,3,0,0,0,2,1,0,0,45,9,4.56,8,1,0,0,0,222,4.17,2056.11
SP019,soap,2026-05-04,1,169,0.0,169,0,0,8948,441,14,26,12,8,0,12,0,0,0,0,0,0,0,0,12,3,3.0,0,3,0,0,0,3,3.0,803.1
SP019,soap,2026-05-11,2,169,0.0,169,0,0,6334,240,12,13,3,1,0,3,1,0,1,0,0,0,0,0,2,1,3.0,0,1,0,0,0,4,3.0,9.82
SP019,soap,2026-05-18,3,169,0.0,169,0,0,5980,221,9,12,3,1,1,2,1,0,1,0,0,0,0,0,1,1,4.0,1,0,0,0,0,5,3.2,-87.1
SP019,soap,2026-05-25,4,169,0.0,169,0,0,4849,168,8,8,3,2,0,3,0,0,0,0,0,0,0,0,3,1,3.0,0,1,0,0,0,6,3.17,200.78
SP019,soap,2026-06-01,5,169,0.0,169,0,0,4155,155,7,6,2,0,0,2,0,0,0,0,0,0,0,0,2,1,3.0,0,1,0,0,0,7,3.14,133.85
SP019,soap,2026-06-08,6,169,0.0,169,0,0,3286,114,10,5,1,0,0,1,0,0,0,0,0,0,0,0,1,0,,0,0,0,0,0,7,3.14,66.93
SP019,soap,2026-06-15,7,169,0.0,169,0,0,3543,142,7,6,2,0,0,2,0,0,0,0,0,0,0,0,2,0,,0,0,0,0,0,7,3.14,133.85
SP019,soap,2026-06-22,8,169,0.2,135,0,1,3754,170,7,19,6,4,0,6,1,0,0,1,0,0,0,0,5,0,,0,0,0,0,0,7,3.14,48.69
SP019,soap,2026-06-29,9,169,0.0,169,0,0,2887,111,3,10,3,2,0,3,1,0,0,0,1,0,0,0,2,1,2.0,0,0,1,0,1,8,3.0,9.82
SP019,soap,2026-07-06,10,169,0.0,169,0,0,4027,169,5,7,3,2,0,3,1,0,0,0,1,0,0,0,2,0,,0,0,0,0,0,8,3.0,9.82
SP019,soap,2026-07-13,11,169,0.0,169,0,0,4276,176,8,9,3,1,0,3,1,0,0,0,1,0,0,0,2,0,,0,0,0,0,0,8,3.0,9.82
SP019,soap,2026-07-20,12,169,0.0,169,0,0,3593,149,2,7,4,2,0,4,1,0,0,1,0,0,0,0,3,0,,0,0,0,0,0,8,3.0,76.75
SP019,soap,2026-07-27,13,169,0.0,169,0,0,3761,156,0,9,2,1,0,2,1,0,1,0,0,0,0,0,1,1,2.0,0,0,1,0,1,9,2.89,-57.1
SP019,soap,2026-08-03,14,169,0.0,169,0,0,3751,132,4,8,3,2,0,3,1,0,1,0,0,0,0,0,2,1,4.0,1,0,0,0,0,10,3.0,9.82
SP019,soap,2026-08-10,15,169,0.0,169,0,0,3315,112,3,5,1,1,0,1,0,0,0,0,0,0,0,0,1,0,,0,0,0,0,0,10,3.0,66.93
SP019,soap,2026-08-17,16,169,0.0,169,0,0,3305,112,4,5,4,2,0,4,0,0,0,0,0,0,0,0,4,0,,0,0,0,0,0,10,3.0,267.7
SP019,soap,2026-08-24,17,169,0.0,169,1,0,4904,192,9,10,2,1,0,2,0,0,0,0,0,0,0,0,2,0,,0,0,0,0,0,10,3.0,133.85
SP019,soap,2026-08-31,18,169,0.0,169,0,0,3008,104,2,9,4,3,0,4,0,0,0,0,0,0,0,0,4,0,,0,0,0,0,0,10,3.0,267.7
SP019,soap,2026-09-07,19,169,0.0,169,0,0,5271,223,7,7,0,0,0,0,0,0,0,0,0,0,0,0,0,0,,0,0,0,0,0,10,3.0,0.0
SP019,soap,2026-09-14,20,179,0.0,179,0,0,4098,152,4,6,3,2,0,3,0,0,0,0,0,0,0,0,3,0,,0,0,0,0,0,10,3.0,229.35
SP019,soap,2026-09-21,21,179,0.15,152,0,1,3949,179,6,12,5,2,0,5,2,0,0,1,0,1,0,0,3,0,,0,0,0,0,0,10,3.0,-95.85
SP020,soap,2025-10-27,1,189,0.0,189,0,0,9100,289,19,14,3,1,1,2,0,0,0,0,0,0,0,0,2,0,,0,0,0,0,0,0,,57.23
SP020,soap,2025-11-03,2,189,0.0,189,0,0,6567,173,16,13,4,2,2,2,0,0,0,0,0,0,0,0,2,0,,0,0,0,0,0,0,,27.23
SP020,soap,2025-11-10,3,189,0.0,189,0,0,4407,110,5,10,4,2,1,3,0,0,0,0,0,0,0,0,3,0,,0,0,0,0,0,0,,100.85
SP020,soap,2025-11-17,4,189,0.0,189,0,0,5425,149,7,8,2,2,0,2,0,0,0,0,0,0,0,0,2,0,,0,0,0,0,0,0,,87.23
SP020,soap,2025-11-24,5,189,0.0,189,0,0,3351,102,10,9,4,2,0,4,0,0,0,0,0,0,0,0,4,0,,0,0,0,0,0,0,,174.47
SP020,soap,2025-12-01,6,189,0.0,189,0,0,4634,138,9,12,2,2,0,2,0,0,0,0,0,0,0,0,2,1,4.0,1,0,0,0,0,1,4.0,87.23
SP020,soap,2025-12-08,7,189,0.0,189,0,0,4020,128,10,9,3,3,1,2,0,0,0,0,0,0,0,0,2,0,,0,0,0,0,0,1,4.0,57.23
SP020,soap,2025-12-15,8,189,0.0,189,0,0,4594,156,10,18,5,2,1,4,1,0,1,0,0,0,0,0,3,2,2.5,0,1,1,0,1,3,3.0,-65.53
SP020,soap,2025-12-22,9,189,0.0,189,0,0,4678,117,6,8,1,1,0,1,0,0,0,0,0,0,0,0,1,0,,0,0,0,0,0,3,3.0,43.62
SP020,soap,2025-12-29,10,189,0.0,189,0,0,3242,68,3,5,2,1,0,2,0,0,0,0,0,0,0,0,2,0,,0,0,0,0,0,3,3.0,87.23
SP020,soap,2026-01-05,11,189,0.0,189,0,0,3774,90,5,3,0,0,0,0,0,0,0,0,0,0,0,0,0,0,,0,0,0,0,0,3,3.0,0.0
SP020,soap,2026-01-12,12,189,0.15,161,0,1,3653,86,6,8,2,2,0,2,0,0,0,0,0,0,0,0,2,0,,0,0,0,0,0,3,3.0,33.9
SP020,soap,2026-01-19,13,189,0.0,189,0,0,2905,52,2,4,1,1,0,1,1,0,0,0,0,1,0,0,0,1,3.0,0,1,0,0,0,4,3.0,-166.38
SP020,soap,2026-01-26,14,189,0.0,189,0,0,3597,75,4,8,4,0,0,4,0,0,0,0,0,0,0,0,4,0,,0,0,0,0,0,4,3.0,174.47
SP020,soap,2026-02-02,15,189,0.0,189,0,0,3302,67,5,7,2,1,0,2,0,0,0,0,0,0,0,0,2,0,,0,0,0,0,0,4,3.0,87.23
SP020,soap,2026-02-09,16,189,0.0,189,0,0,3556,77,6,7,3,2,0,3,0,0,0,0,0,0,0,0,3,0,,0,0,0,0,0,4,3.0,130.85
SP020,soap,2026-02-16,17,189,0.0,189,0,0,3198,70,7,9,3,1,0,3,0,0,0,0,0,0,0,0,3,0,,0,0,0,0,0,4,3.0,130.85
SP020,soap,2026-02-23,18,189,0.0,189,0,0,3278,63,3,7,4,2,1,3,1,0,1,0,0,0,0,0,2,0,,0,0,0,0,0,4,3.0,-109.15
SP020,soap,2026-03-02,19,189,0.15,161,1,1,5915,161,13,14,4,1,0,4,0,0,0,0,0,0,0,0,4,0,,0,0,0,0,0,4,3.0,67.8
SP020,soap,2026-03-09,20,179,0.0,179,0,0,4085,81,2,7,1,1,0,1,0,0,0,0,0,0,0,0,1,0,,0,0,0,0,0,4,3.0,34.09
SP020,soap,2026-03-16,21,179,0.0,179,0,0,3882,103,7,11,4,2,1,3,0,0,0,0,0,0,0,0,3,0,,0,0,0,0,0,4,3.0,72.28
SP020,soap,2026-03-23,22,179,0.0,179,0,0,4837,105,7,6,2,2,1,1,0,0,0,0,0,0,0,0,1,0,,0,0,0,0,0,4,3.0,4.09
SP020,soap,2026-03-30,23,179,0.0,179,0,0,4504,99,3,14,6,3,0,6,1,0,0,0,1,0,0,0,5,0,,0,0,0,0,0,4,3.0,4.08
SP020,soap,2026-04-06,24,179,0.0,179,0,0,3636,67,5,7,3,1,0,3,0,0,0,0,0,0,0,0,3,2,3.5,1,1,0,0,0,6,3.17,102.28
SP020,soap,2026-04-13,25,179,0.0,179,0,0,5020,123,8,12,4,4,0,4,0,0,0,0,0,0,0,0,4,0,,0,0,0,0,0,6,3.17,136.37
SP020,soap,2026-04-20,26,179,0.0,179,0,0,4653,115,6,10,4,0,0,4,0,0,0,0,0,0,0,0,4,1,5.0,1,0,0,0,0,7,3.43,136.37
SP020,soap,2026-04-27,27,179,0.0,179,0,0,4655,139,7,6,0,0,0,0,0,0,0,0,0,0,0,0,0,0,,0,0,0,0,0,7,3.43,0.0
SP020,soap,2026-05-04,28,179,0.0,179,0,0,3298,93,10,5,2,1,0,2,0,0,0,0,0,0,0,0,2,0,,0,0,0,0,0,7,3.43,68.19
SP020,soap,2026-05-11,29,179,0.0,179,0,0,3468,105,8,11,1,1,0,1,0,0,0,0,0,0,0,0,1,0,,0,0,0,0,0,7,3.43,34.09
SP020,soap,2026-05-18,30,179,0.0,179,0,0,3771,111,6,10,2,1,1,1,0,0,0,0,0,0,0,0,1,0,,0,0,0,0,0,7,3.43,4.09
SP021,soap,2025-12-01,1,159,0.0,159,0,0,9327,457,26,59,23,21,1,22,1,0,1,0,0,0,0,0,21,4,4.75,4,0,0,0,0,4,4.75,262.54
SP021,soap,2025-12-08,2,159,0.0,159,0,0,17151,1246,73,163,71,60,7,64,6,0,0,1,2,1,2,0,58,6,4.0,5,1,0,0,0,10,4.3,80.25
SP021,soap,2025-12-15,3,159,0.0,159,0,0,14460,950,52,135,56,45,5,51,5,0,1,0,2,2,0,0,46,6,4.5,6,0,0,0,0,16,4.38,41.61
SP021,soap,2025-12-22,4,189,0.0,189,0,0,11856,673,34,69,33,26,6,27,0,0,0,0,0,0,0,0,27,4,4.75,4,0,0,0,0,20,4.45,1173.12
SP021,soap,2025-12-29,5,189,0.0,189,0,0,13357,791,57,105,46,35,6,40,2,0,0,1,1,0,0,0,38,4,4.75,4,0,0,0,0,24,4.5,1404.62
SP021,soap,2026-01-05,6,189,0.0,189,0,0,12300,801,41,100,34,26,4,30,0,0,0,0,0,0,0,0,30,2,4.5,2,0,0,0,0,26,4.5,1383.47
SP021,soap,2026-01-12,7,189,0.15,161,0,1,20594,1437,84,217,90,77,12,78,3,0,1,0,2,0,0,0,75,12,3.92,7,3,2,0,2,38,4.32,919.01
SP021,soap,2026-01-19,8,189,0.0,189,0,0,12581,798,43,100,41,35,9,32,1,0,0,0,1,0,0,0,31,4,4.5,4,0,0,0,0,42,4.33,1123.7
SP021,soap,2026-01-26,9,189,0.0,189,0,0,11788,680,36,88,33,26,5,28,1,0,1,0,0,0,0,0,27,2,4.5,2,0,0,0,0,44,4.34,1043.24
SP021,soap,2026-02-02,10,189,0.0,189,0,0,12740,736,46,78,25,19,3,22,1,0,0,0,1,0,0,0,21,2,4.0,1,1,0,0,0,46,4.33,802.54
SP021,soap,2026-02-09,11,189,0.0,189,0,0,12845,777,47,96,40,27,3,37,1,0,0,1,0,0,0,0,36,5,4.4,4,1,0,0,0,51,4.33,1554.27
SP021,soap,2026-02-16,12,189,0.0,189,0,0,14816,802,58,86,43,38,5,38,2,0,2,0,0,0,0,0,36,7,4.57,6,1,0,0,0,58,4.36,1334.39
SP021,soap,2026-02-23,13,189,0.0,189,0,0,10908,642,36,80,30,27,5,25,1,0,0,0,1,0,0,0,24,0,,0,0,0,0,0,58,4.36,892.89
SP021,soap,2026-03-02,14,189,0.2,151,1,1,21310,1599,74,245,132,100,14,118,3,0,1,1,0,1,0,0,115,24,4.21,18,6,0,0,0,82,4.32,701.73
SP021,soap,2026-03-09,15,189,0.0,189,0,0,13967,815,40,105,38,31,3,35,2,0,0,0,2,0,0,0,33,5,4.0,3,2,0,0,0,87,4.3,1244.04
SP021,soap,2026-03-16,16,189,0.0,189,0,0,12156,670,54,81,27,21,1,26,4,0,0,1,3,0,0,0,22,2,5.0,2,0,0,0,0,89,4.31,433.0
SP021,soap,2026-03-23,17,189,0.0,189,0,0,12415,761,45,91,31,22,3,28,1,0,0,1,0,0,0,0,27,2,4.0,1,1,0,0,0,91,4.31,1103.24
SP021,soap,2026-03-30,18,189,0.0,189,0,0,10357,603,32,79,30,25,4,26,5,0,0,1,3,0,1,0,21,5,4.0,3,2,0,0,0,96,4.29,133.0
SP021,soap,2026-04-06,19,189,0.0,189,0,0,12266,733,45,98,47,38,6,41,1,0,0,0,0,0,1,0,40,10,4.4,8,2,0,0,0,106,4.3,1664.74
SP021,soap,2026-04-13,20,189,0.0,189,0,0,13539,801,45,95,40,28,5,35,2,0,1,1,0,0,0,0,33,4,4.5,4,0,0,0,0,110,4.31,1184.04
SP021,soap,2026-04-20,21,189,0.0,189,0,0,14288,862,46,107,46,35,3,43,2,0,0,0,1,1,0,0,41,6,4.67,6,0,0,0,0,116,4.33,1644.97
SP021,soap,2026-04-27,22,189,0.0,189,0,0,12004,720,41,91,38,27,3,35,2,0,0,0,1,0,1,0,33,1,5.0,1,0,0,0,0,117,4.33,1244.04
SP021,soap,2026-05-04,23,189,0.0,189,0,0,12272,691,43,77,26,17,3,23,2,0,2,0,0,0,0,0,21,5,4.4,4,1,0,0,0,122,4.34,642.66
SP021,soap,2026-05-11,24,189,0.0,189,0,0,9764,576,33,69,20,17,6,14,2,0,1,0,1,0,0,0,12,0,,0,0,0,0,0,122,4.34,101.62
SP021,soap,2026-05-18,25,189,0.0,189,0,0,11867,681,48,73,32,25,5,27,1,0,0,1,0,0,0,0,26,6,4.17,4,2,0,0,0,128,4.33,993.12
SP021,soap,2026-05-25,26,189,0.0,189,0,0,11491,678,37,83,24,22,2,22,1,0,0,0,0,0,1,0,21,8,4.62,8,0,0,0,0,136,4.35,832.54
SP021,soap,2026-06-01,27,189,0.0,189,0,0,7854,427,36,52,22,17,0,22,1,0,0,1,0,0,0,0,21,4,3.5,2,2,0,0,0,140,4.32,892.54
SP021,soap,2026-06-08,28,189,0.0,189,0,0,11716,695,37,89,24,20,2,22,0,0,0,0,0,0,0,0,22,3,5.0,3,0,0,0,0,143,4.34,1042.54
SP021,soap,2026-06-15,29,189,0.0,189,0,0,9983,584,35,71,29,25,2,27,0,0,0,0,0,0,0,0,27,5,4.8,5,0,0,0,0,148,4.35,1293.12
SP021,soap,2026-06-22,30,189,0.15,161,0,1,15219,1062,61,148,70,56,9,61,1,0,0,0,1,0,0,0,60,11,4.0,8,3,0,0,0,159,4.33,977.05
SP021,soap,2026-06-29,31,189,0.0,189,0,0,10347,611,32,76,32,29,3,29,2,0,0,0,2,0,0,0,27,4,4.0,3,0,1,0,1,163,4.32,943.35
SP021,soap,2026-07-06,32,189,0.0,189,0,0,10665,649,42,86,28,18,2,26,1,0,0,0,0,0,1,0,25,4,4.5,4,0,0,0,0,167,4.32,1033.0
SP021,soap,2026-07-13,33,189,0.0,189,0,0,9715,571,30,87,29,23,4,25,1,0,0,1,0,0,0,0,24,8,4.0,6,1,1,0,1,175,4.31,922.89
SP021,soap,2026-07-20,34,189,0.0,189,0,0,12345,755,43,88,32,25,5,27,1,0,0,0,0,0,1,0,26,6,3.5,5,0,1,0,1,181,4.28,993.12
SP021,soap,2026-07-27,35,189,0.0,189,0,0,11845,661,44,92,33,27,3,30,0,0,0,0,0,0,0,0,30,6,4.83,6,0,0,0,0,187,4.3,1413.47
SP021,soap,2026-08-03,36,189,0.0,189,0,0,11330,702,53,91,39,30,3,36,2,0,0,0,2,0,0,0,34,5,3.8,4,0,1,0,1,192,4.29,1294.16
SP021,soap,2026-08-10,37,189,0.0,189,0,0,11261,691,31,93,38,29,5,33,2,0,1,0,0,0,1,0,31,3,4.33,2,1,0,0,0,195,4.29,1083.81
SP021,soap,2026-08-17,38,189,0.0,189,0,0,12847,754,42,98,38,30,4,34,0,0,0,0,0,0,0,0,34,3,5.0,3,0,0,0,0,198,4.3,1583.93
SP021,soap,2026-08-24,39,189,0.0,189,1,0,16678,983,61,133,60,51,4,56,3,0,1,1,1,0,0,0,53,4,4.0,3,1,0,0,0,202,4.29,2056.47
SP021,soap,2026-08-31,40,189,0.0,189,0,0,19839,1221,70,145,59,51,4,55,2,0,0,1,1,0,0,0,53,8,4.0,6,2,0,0,0,210,4.28,2216.35
SP021,soap,2026-09-07,41,189,0.0,189,0,0,12845,770,44,89,42,35,4,38,2,0,0,0,2,0,0,0,36,4,4.0,2,2,0,0,0,214,4.28,1364.39
SP021,soap,2026-09-14,42,189,0.0,189,0,0,20742,1245,74,146,62,48,5,57,3,0,0,3,0,0,0,0,54,4,3.75,3,1,0,0,0,218,4.27,2076.59
SP021,soap,2026-09-21,43,189,0.0,189,0,1,17272,1044,61,126,48,41,7,41,3,0,0,1,2,0,0,0,38,8,4.38,7,1,0,0,0,226,4.27,1214.74
SP022,soap,2025-12-29,1,169,0.0,169,0,0,8931,370,12,25,9,2,0,9,1,0,0,0,1,0,0,0,8,3,3.0,0,3,0,0,0,3,3.0,301.73
SP022,soap,2026-01-05,2,169,0.0,169,0,0,8538,269,10,16,5,4,0,5,1,0,0,1,0,0,0,0,4,1,2.0,0,0,1,0,1,4,2.75,82.76
SP022,soap,2026-01-12,3,169,0.0,169,0,1,9639,238,11,14,2,2,0,2,0,0,0,0,0,0,0,0,2,0,,0,0,0,0,0,4,2.75,109.49
SP022,soap,2026-01-19,4,169,0.0,169,0,0,5160,140,4,7,2,1,0,2,1,0,0,1,0,0,0,0,1,0,,0,0,0,0,0,4,2.75,-81.47
SP022,soap,2026-01-26,5,169,0.0,169,0,0,3075,83,3,2,1,1,1,0,0,0,0,0,0,0,0,0,0,0,,0,0,0,0,0,4,2.75,-30.0
SP022,soap,2026-02-02,6,169,0.0,169,0,0,2738,69,4,4,2,1,0,2,0,0,0,0,0,0,0,0,2,0,,0,0,0,0,0,4,2.75,109.49
SP022,soap,2026-02-09,7,169,0.0,169,0,0,3485,86,6,6,2,2,0,2,0,0,0,0,0,0,0,0,2,0,,0,0,0,0,0,4,2.75,109.49
SP022,soap,2026-02-16,8,169,0.0,169,0,0,3842,87,3,4,0,0,0,0,0,0,0,0,0,0,0,0,0,0,,0,0,0,0,0,4,2.75,0.0
SP022,soap,2026-02-23,9,169,0.0,169,0,0,2343,69,2,2,1,1,0,1,0,0,0,0,0,0,0,0,1,0,,0,0,0,0,0,4,2.75,54.74
SP023,soap,2026-03-02,1,179,0.1,161,1,1,13811,1229,99,179,95,65,13,82,1,0,0,0,0,0,1,0,81,16,4.38,14,2,0,0,0,16,4.38,1196.59
SP023,soap,2026-03-09,2,179,0.0,179,0,0,31712,3403,217,533,244,152,29,215,4,0,0,1,2,0,1,0,211,30,4.57,26,3,1,1,0,46,4.5,6654.47
SP023,soap,2026-03-16,3,179,0.0,179,0,0,23544,2787,166,505,225,128,20,205,5,0,0,1,1,3,0,0,200,26,4.65,24,2,0,0,0,72,4.56,6336.72
SP023,soap,2026-03-23,4,179,0.0,179,0,0,19468,2419,152,424,228,135,28,200,5,0,0,2,2,1,0,0,195,26,4.77,25,1,0,0,0,98,4.61,5903.09
SP023,soap,2026-03-30,5,179,0.0,179,0,0,11521,1384,100,236,109,56,6,103,2,0,1,0,1,0,0,0,101,22,4.59,21,1,0,0,0,120,4.61,3407.96
SP023,soap,2026-04-06,6,179,0.0,179,0,0,12008,1421,78,265,107,59,7,100,2,0,0,2,0,0,0,0,98,22,4.73,21,1,0,0,0,142,4.63,3261.78
SP023,soap,2026-04-13,7,179,0.0,179,0,0,14816,1821,128,317,144,76,15,129,3,0,1,0,2,0,0,0,126,17,4.82,17,0,0,0,0,159,4.65,3944.4
SP023,soap,2026-04-20,8,179,0.0,179,0,0,14645,1804,117,340,155,92,12,143,4,0,1,0,3,0,0,0,139,21,4.76,20,1,0,0,0,180,4.66,4376.1
SP023,soap,2026-04-27,9,179,0.0,179,0,0,14352,1725,115,313,129,76,17,112,1,0,0,1,0,0,0,0,111,9,4.89,9,0,0,0,0,189,4.67,3626.99
SP023,soap,2026-05-04,10,179,0.0,179,0,0,14363,1791,112,303,138,78,14,124,3,0,1,0,1,1,0,0,121,22,4.5,20,2,0,0,0,211,4.65,3780.76
SP023,soap,2026-05-11,11,179,0.0,179,0,0,11318,1437,107,271,126,68,16,110,2,0,0,1,1,0,0,0,108,20,4.55,17,3,0,0,0,231,4.65,3379.05
SP023,soap,2026-05-18,12,179,0.0,179,0,0,13131,1586,102,294,120,76,12,108,5,0,0,1,2,1,1,0,103,11,4.18,9,2,0,0,0,242,4.62,2820.17
SP023,soap,2026-05-25,13,179,0.0,179,0,0,12071,1484,86,255,113,65,6,107,5,0,1,0,3,0,1,0,102,15,4.73,15,0,0,0,0,257,4.63,2961.44
SP023,soap,2026-06-01,14,179,0.0,179,0,0,12252,1523,89,265,120,66,10,110,2,0,0,0,2,0,0,0,108,19,4.42,18,1,0,0,0,276,4.62,3559.05
SP023,soap,2026-06-08,15,179,0.0,179,0,0,17268,2102,143,393,189,112,24,165,4,0,0,1,3,0,0,0,161,17,4.47,14,3,0,0,0,293,4.61,4868.11
SP023,soap,2026-06-15,16,179,0.0,179,0,0,13789,1623,104,322,139,88,13,126,5,0,0,1,3,1,0,0,121,15,4.6,15,0,0,0,0,308,4.61,3487.26
SP023,soap,2026-06-22,17,179,0.0,179,0,1,19059,2404,141,405,182,114,16,166,4,0,1,0,2,0,1,0,162,19,4.37,15,4,0,0,0,327,4.59,5146.83
SP023,soap,2026-06-29,18,179,0.0,179,0,0,12582,1517,87,260,124,72,4,120,2,0,0,0,1,1,0,0,118,14,4.5,13,1,0,0,0,341,4.59,4126.33
SP023,soap,2026-07-06,19,179,0.0,179,0,0,12859,1578,84,278,128,62,8,120,3,0,1,0,2,0,0,0,117,16,4.62,14,1,1,1,0,357,4.59,3805.85
SP023,soap,2026-07-13,20,179,0.0,179,0,0,15547,1919,118,347,178,106,20,158,7,0,3,1,1,1,1,0,151,18,4.11,14,3,1,0,1,375,4.57,4115.59
SP023,soap,2026-07-20,21,179,0.0,179,0,0,12322,1494,99,246,94,54,11,83,1,0,0,0,0,0,1,0,82,14,4.64,14,0,0,0,0,389,4.57,2683.89
SP023,soap,2026-07-27,22,179,0.0,179,0,0,14594,1806,109,327,140,81,8,132,3,0,0,2,0,0,1,0,129,19,4.63,18,1,0,0,0,408,4.57,4270.58
SP023,soap,2026-08-03,23,179,0.0,179,0,0,15732,1956,121,362,165,97,19,146,3,0,0,0,2,0,1,0,143,27,4.81,27,0,0,0,0,435,4.59,4482.76
SP023,soap,2026-08-10,24,179,0.0,179,0,0,13682,1743,103,316,147,83,14,133,1,0,0,1,0,0,0,0,132,17,4.59,15,2,0,0,0,452,4.59,4530.26
SP023,soap,2026-08-17,25,179,0.0,179,0,0,17101,2104,136,400,197,110,14,183,6,0,2,0,4,0,0,0,177,26,4.38,22,3,1,1,0,478,4.58,5464.25
SP023,soap,2026-08-24,26,179,0.0,179,1,0,16166,2027,143,356,165,96,15,150,2,0,0,1,1,0,0,0,148,19,4.84,19,0,0,0,0,497,4.59,4958.15
SP023,soap,2026-08-31,27,179,0.0,179,0,0,16288,2053,136,378,189,121,9,180,6,0,1,2,2,0,1,0,174,21,4.67,19,2,0,0,0,518,4.59,5498.06
SP023,soap,2026-09-07,28,179,0.0,179,0,0,16552,2061,150,361,168,112,12,156,2,0,0,0,2,0,0,0,154,27,4.52,23,4,0,0,0,545,4.59,5280.51
SP023,soap,2026-09-14,29,179,0.0,179,0,0,14616,1782,102,316,139,74,4,135,3,0,1,1,1,0,0,0,132,24,4.58,24,0,0,0,0,569,4.59,4506.76
SP023,soap,2026-09-21,30,179,0.0,179,0,1,20301,2554,170,484,224,138,21,203,5,0,1,0,3,1,0,0,198,24,4.71,24,0,0,0,0,593,4.59,6229.27
SP024,soap,2026-02-16,1,189,0.0,189,0,0,10207,253,8,8,3,2,0,3,0,0,0,0,0,0,0,0,3,0,,0,0,0,0,0,0,,129.78
SP024,soap,2026-02-23,2,189,0.0,189,0,0,4002,97,5,2,0,0,0,0,0,0,0,0,0,0,0,0,0,0,,0,0,0,0,0,0,,0.0
SP024,soap,2026-03-02,3,189,0.2,151,1,1,5330,173,5,9,2,1,0,2,1,0,0,0,1,0,0,0,1,0,,0,0,0,0,0,0,,-159.67
SP024,soap,2026-03-09,4,189,0.0,189,0,0,3087,81,2,2,1,1,0,1,0,0,0,0,0,0,0,0,1,0,,0,0,0,0,0,0,,43.26
SP024,soap,2026-03-16,5,189,0.0,189,0,0,3377,76,0,2,0,0,0,0,0,0,0,0,0,0,0,0,0,0,,0,0,0,0,0,0,,0.0
SP024,soap,2026-03-23,6,189,0.0,189,0,0,2941,73,3,2,2,1,0,2,1,0,0,0,1,0,0,0,1,0,,0,0,0,0,0,0,,-123.48
SP024,soap,2026-03-30,7,189,0.0,189,0,0,2813,52,2,1,1,0,0,1,0,0,0,0,0,0,0,0,1,0,,0,0,0,0,0,0,,43.26
SP025,soap,2026-06-29,1,199,0.0,199,0,0,7365,314,10,14,8,5,0,8,1,0,0,0,1,0,0,0,7,0,,0,0,0,0,0,0,,359.55
SP025,soap,2026-07-06,2,199,0.0,199,0,0,8550,337,14,19,8,3,0,8,0,0,0,0,0,0,0,0,8,0,,0,0,0,0,0,0,,579.08
SP025,soap,2026-07-13,3,199,0.0,199,0,0,5791,234,11,12,4,2,0,4,0,0,0,0,0,0,0,0,4,1,4.0,1,0,0,0,0,1,4.0,289.54
SP025,soap,2026-07-20,4,199,0.0,199,0,0,4881,196,12,15,5,3,1,4,1,0,1,0,0,0,0,0,3,1,3.0,0,1,0,0,0,2,3.5,40.02
SP025,soap,2026-07-27,5,199,0.0,199,0,0,3188,118,4,7,4,3,1,3,0,0,0,0,0,0,0,0,3,0,,0,0,0,0,0,2,3.5,187.15
SP025,soap,2026-08-03,6,199,0.0,199,0,0,4083,149,4,18,7,5,1,6,1,0,0,1,0,0,0,0,5,1,1.0,0,0,1,0,1,3,2.67,184.78
SP025,soap,2026-08-10,7,199,0.0,199,0,0,5004,141,7,10,7,2,0,7,1,0,0,0,1,0,0,0,6,0,,0,0,0,0,0,3,2.67,287.17
SP025,soap,2026-08-17,8,199,0.0,199,0,0,7726,207,13,7,3,2,0,3,0,0,0,0,0,0,0,0,3,1,4.0,1,0,0,0,0,4,3.0,217.15
SP025,soap,2026-08-24,9,199,0.0,199,1,0,5160,152,8,9,3,2,0,3,0,0,0,0,0,0,0,0,3,1,5.0,1,0,0,0,0,5,3.4,217.15
SP025,soap,2026-08-31,10,199,0.0,199,0,0,4972,193,11,19,11,7,1,10,0,0,0,0,0,0,0,0,10,4,3.75,2,2,0,0,0,9,3.56,693.85
SP025,soap,2026-09-07,11,199,0.0,199,0,0,5660,232,7,16,7,5,2,5,0,0,0,0,0,0,0,0,5,1,4.0,1,0,0,0,0,10,3.6,301.92
SP025,soap,2026-09-14,12,199,0.0,199,0,0,5384,229,16,15,7,4,0,7,0,0,0,0,0,0,0,0,7,1,4.0,1,0,0,0,0,11,3.64,506.69
SP025,soap,2026-09-21,13,199,0.0,199,0,1,9032,336,15,25,6,4,0,6,0,0,0,0,0,0,0,0,6,4,3.0,0,4,0,0,0,15,3.47,434.31
SP026,soap,2026-03-09,1,179,0.0,179,0,0,10335,405,26,26,10,7,2,8,1,0,0,0,1,0,0,0,7,1,3.0,0,1,0,0,0,1,3.0,120.55
SP026,soap,2026-03-16,2,179,0.0,179,0,0,7028,212,7,19,7,5,0,7,0,0,0,0,0,0,0,0,7,2,4.0,1,1,0,0,0,3,3.67,333.4
SP026,soap,2026-03-23,3,179,0.0,179,0,0,5573,219,11,15,5,3,0,5,0,0,0,0,0,0,0,0,5,1,4.0,1,0,0,0,0,4,3.75,238.14
SP026,soap,2026-03-30,4,179,0.0,179,0,0,6538,267,13,24,7,4,1,6,0,0,0,0,0,0,0,0,6,1,4.0,1,0,0,0,0,5,3.8,255.77
SP026,soap,2026-04-06,5,179,0.0,179,0,0,4132,171,12,16,6,4,0,6,0,0,0,0,0,0,0,0,6,0,,0,0,0,0,0,5,3.8,285.77
SP026,soap,2026-04-13,6,179,0.0,179,0,0,6223,255,11,27,7,2,1,6,1,0,0,1,0,0,0,0,5,0,,0,0,0,0,0,5,3.8,55.29
SP026,soap,2026-04-20,7,179,0.0,179,0,0,4488,184,8,15,6,3,0,6,1,0,0,1,0,0,0,0,5,0,,0,0,0,0,0,5,3.8,85.29
SP026,soap,2026-04-27,8,179,0.0,179,0,0,5820,230,12,19,8,3,1,7,1,0,0,0,1,0,0,0,6,0,,0,0,0,0,0,5,3.8,102.92
SP026,soap,2026-05-04,9,179,0.0,179,0,0,5246,224,19,16,6,3,0,6,0,0,0,0,0,0,0,0,6,2,3.5,1,1,0,0,0,7,3.71,285.77
SP026,soap,2026-05-11,10,179,0.0,179,0,0,6377,236,13,12,3,0,0,3,0,0,0,0,0,0,0,0,3,0,,0,0,0,0,0,7,3.71,142.88
SP026,soap,2026-05-18,11,179,0.0,179,0,0,3834,155,3,10,6,3,1,5,0,0,0,0,0,0,0,0,5,2,4.0,2,0,0,0,0,9,3.78,208.14
SP026,soap,2026-05-25,12,179,0.0,179,0,0,3990,175,11,16,6,6,1,5,1,0,0,1,0,0,0,0,4,1,5.0,1,0,0,0,0,10,3.9,7.66
SP026,soap,2026-06-01,13,179,0.0,179,0,0,7438,335,16,25,10,8,0,10,0,0,0,0,0,0,0,0,10,0,,0,0,0,0,0,10,3.9,476.28
SP026,soap,2026-06-08,14,179,0.0,179,0,0,5526,204,10,17,6,3,0,6,0,0,0,0,0,0,0,0,6,1,4.0,1,0,0,0,0,11,3.91,285.77
SP026,soap,2026-06-15,15,179,0.0,179,0,0,7181,286,14,18,7,5,0,7,0,0,0,0,0,0,0,0,7,1,4.0,1,0,0,0,0,12,3.92,333.4
SP026,soap,2026-06-22,16,179,0.0,179,0,1,6576,296,18,29,10,6,2,8,1,0,0,0,1,0,0,0,7,2,3.0,0,2,0,0,0,14,3.79,120.55
SP026,soap,2026-06-29,17,179,0.0,179,0,0,6904,290,17,23,7,2,0,7,0,0,0,0,0,0,0,0,7,2,3.0,0,2,0,0,0,16,3.69,333.4
SP026,soap,2026-07-06,18,179,0.0,179,0,0,6410,299,15,25,9,7,1,8,1,0,0,0,1,0,0,0,7,0,,0,0,0,0,0,16,3.69,150.55
SP026,soap,2026-07-13,19,179,0.0,179,0,0,5884,236,17,23,6,4,1,5,0,0,0,0,0,0,0,0,5,1,5.0,1,0,0,0,0,17,3.76,208.14
SP026,soap,2026-07-20,20,179,0.0,179,0,0,6913,297,19,16,4,2,1,3,0,0,0,0,0,0,0,0,3,0,,0,0,0,0,0,17,3.76,112.88
SP026,soap,2026-07-27,21,179,0.0,179,0,0,5121,226,10,20,13,10,1,12,1,0,1,0,0,0,0,0,11,3,4.33,3,0,0,0,0,20,3.85,341.06
SP026,soap,2026-08-03,22,179,0.0,179,0,0,9344,419,19,34,14,5,0,14,1,0,0,0,0,0,1,0,13,1,3.0,0,1,0,0,0,21,3.81,466.31
SP026,soap,2026-08-10,23,179,0.0,179,0,0,7266,327,19,25,8,5,0,8,0,0,0,0,0,0,0,0,8,3,3.33,1,2,0,0,0,24,3.75,381.02
SP026,soap,2026-08-17,24,179,0.0,179,0,0,7693,322,12,26,13,4,0,13,0,0,0,0,0,0,0,0,13,1,5.0,1,0,0,0,0,25,3.8,619.16
SP026,soap,2026-08-24,25,179,0.0,179,1,0,9173,408,21,44,20,12,3,17,1,0,0,0,0,0,1,0,16,2,3.5,1,1,0,0,0,27,3.78,519.2
SP026,soap,2026-08-31,26,179,0.0,179,0,0,8332,344,16,29,8,4,0,8,0,0,0,0,0,0,0,0,8,3,3.67,2,1,0,0,0,30,3.77,381.02
SP026,soap,2026-09-07,27,179,0.0,179,0,0,8713,382,21,39,13,10,0,13,1,0,0,0,0,1,0,0,12,1,3.0,0,1,0,0,0,31,3.74,418.69
SP026,soap,2026-09-14,28,179,0.0,179,0,0,6808,320,11,30,11,6,3,8,1,0,0,0,1,0,0,0,7,0,,0,0,0,0,0,31,3.74,90.55
SP026,soap,2026-09-21,29,179,0.2,143,0,1,11508,609,24,61,32,19,4,28,1,0,1,0,0,0,0,0,27,2,4.5,2,0,0,0,0,33,3.79,87.39
SP027,soap,2026-05-25,1,179,0.0,179,0,0,6740,610,38,67,35,24,2,33,2,0,0,1,0,1,0,0,31,5,4.6,5,0,0,0,0,5,4.6,-7.32
SP027,soap,2026-06-01,2,179,0.0,179,0,0,22826,2744,170,342,147,91,16,131,4,0,1,1,2,0,0,0,127,18,4.5,17,1,0,0,0,23,4.52,518.88
SP027,soap,2026-06-08,3,179,0.0,179,0,0,17714,2218,139,323,132,79,11,121,6,0,4,2,0,0,0,0,115,17,4.29,14,3,0,0,0,40,4.42,130.46
SP027,soap,2026-06-15,4,179,0.0,179,0,0,15659,2000,90,283,120,71,11,109,7,0,1,3,3,0,0,0,102,11,4.09,9,1,1,0,1,51,4.35,-234.97
SP027,soap,2026-06-22,5,179,0.15,152,0,1,16904,2315,122,391,174,113,19,155,5,0,3,1,1,0,0,0,150,23,4.04,15,8,0,0,0,74,4.26,-3298.83
SP027,soap,2026-06-29,6,179,0.0,179,0,0,13192,1599,84,215,97,58,10,87,5,0,1,1,2,0,1,0,82,12,4.0,9,3,0,0,0,86,4.22,-106.44
SP027,soap,2026-07-06,7,179,0.0,179,0,0,10394,1263,62,186,94,59,12,82,3,0,1,0,1,0,1,0,79,18,4.44,16,1,1,0,1,104,4.26,165.78
SP027,soap,2026-07-13,8,179,0.0,179,0,0,13141,1533,92,227,101,74,12,89,4,0,0,2,1,0,1,0,85,14,3.86,10,2,2,0,2,118,4.21,61.53
SP027,soap,2026-07-20,9,179,0.0,179,0,0,12998,1531,88,207,101,61,6,95,2,0,0,1,0,1,0,0,93,11,4.45,11,0,0,0,0,129,4.23,724.96
SP027,soap,2026-07-27,10,179,0.0,179,0,0,13694,1626,92,221,84,50,6,78,5,0,0,3,1,1,0,0,73,14,4.21,11,2,1,1,0,143,4.23,-110.16
SP027,soap,2026-08-03,11,179,0.0,179,0,0,14963,1737,105,214,93,64,15,78,1,0,0,0,1,0,0,0,77,7,4.29,7,0,0,0,0,150,4.23,421.74
SP027,soap,2026-08-10,12,179,0.0,179,0,0,15967,1838,86,260,107,64,10,97,6,0,2,1,2,1,0,0,91,11,4.73,11,0,0,0,0,161,4.27,-169.45
SP027,soap,2026-08-17,13,179,0.0,179,0,0,14481,1717,97,233,101,61,7,94,5,0,1,1,2,0,1,0,89,13,3.92,9,4,0,0,0,174,4.24,79.78
SP027,soap,2026-08-24,14,179,0.0,179,1,0,19455,2305,131,340,162,105,21,141,8,0,2,2,4,0,0,0,133,23,3.91,15,6,2,0,2,197,4.2,-295.56
SP027,soap,2026-08-31,15,179,0.0,179,0,0,12315,1469,78,217,94,69,10,84,7,0,2,1,2,2,0,0,77,5,4.4,4,1,0,0,0,202,4.21,-548.63
SP027,soap,2026-09-07,16,179,0.0,179,0,0,13943,1649,88,220,94,58,5,89,5,0,2,1,2,0,0,0,84,11,4.45,10,1,0,0,0,213,4.22,71.05
SP027,soap,2026-09-14,17,179,0.0,179,0,0,18442,2172,122,281,131,81,7,124,5,0,1,1,2,0,1,0,119,12,4.17,10,2,0,0,0,225,4.22,492.18
SP027,soap,2026-09-21,18,179,0.0,179,0,1,17308,2071,129,316,136,84,11,125,4,0,1,0,3,0,0,0,121,17,4.12,14,2,1,0,1,242,4.21,586.4
SP028,soap,2025-09-22,1,179,0.15,152,1,1,12847,780,44,127,63,44,6,57,5,0,2,0,2,1,0,0,52,2,4.5,2,0,0,0,0,2,4.5,-3450.57
SP028,soap,2025-09-29,2,179,0.2,143,1,1,41469,3546,234,637,380,245,44,336,7,0,4,2,1,0,0,0,329,48,4.56,44,3,1,0,1,50,4.56,-19491.59
SP028,soap,2025-10-06,3,179,0.2,143,1,1,40295,3777,224,667,363,248,42,321,10,0,1,3,5,0,1,0,311,50,4.7,47,3,0,0,0,100,4.63,-19170.87
SP028,soap,2025-10-13,4,179,0.0,179,1,0,23579,1905,152,296,126,85,15,111,2,0,0,0,2,0,0,0,109,14,4.36,12,2,0,0,0,114,4.6,-2664.04
SP028,soap,2025-10-20,5,179,0.0,179,1,0,29116,2446,179,383,181,123,23,158,7,0,2,3,2,0,0,0,151,17,4.29,14,3,0,0,0,131,4.56,-4674.12
SP028,soap,2025-10-27,6,179,0.0,179,0,0,27089,2220,138,396,156,97,10,146,4,0,0,1,0,1,2,0,142,23,4.52,21,2,0,0,0,154,4.55,-3486.68
SP028,soap,2025-11-03,7,179,0.0,179,0,0,10489,854,64,138,64,42,10,54,0,0,0,0,0,0,0,0,54,6,5.0,6,0,0,0,0,160,4.57,-1182.04
SP028,soap,2025-11-10,8,179,0.0,179,0,0,16239,1322,77,236,98,64,7,91,0,0,0,0,0,0,0,0,91,10,4.3,9,1,0,0,0,170,4.55,-1696.4
SP028,soap,2025-11-17,9,179,0.0,179,0,0,13699,1093,75,182,86,57,8,78,5,0,3,1,1,0,0,0,73,15,4.53,13,2,0,0,0,185,4.55,-2516.44
SP028,soap,2025-11-24,10,179,0.0,179,0,0,13085,1048,67,155,64,45,5,59,1,0,0,1,0,0,0,0,58,5,4.6,5,0,0,0,0,190,4.55,-1314.19
SP028,soap,2025-12-01,11,179,0.0,179,0,0,14685,1198,69,183,83,54,11,72,1,0,0,1,0,0,0,0,71,9,4.78,9,0,0,0,0,199,4.56,-1706.53
SP028,soap,2025-12-08,12,179,0.0,179,0,0,15714,1293,83,213,89,58,7,82,3,0,1,1,1,0,0,0,79,18,4.83,18,0,0,0,0,217,4.59,-2150.83
SP028,soap,2025-12-15,13,179,0.0,179,0,0,15337,1238,82,194,91,61,8,83,0,0,0,0,0,0,0,0,83,17,4.59,17,0,0,0,0,234,4.59,-1595.73
SP028,soap,2025-12-22,14,179,0.0,179,0,0,13737,1135,67,173,78,60,9,69,2,0,1,0,1,0,0,0,67,10,4.6,9,1,0,0,0,244,4.59,-1798.01
SP029,soap,2026-01-26,1,139,0.0,139,0,0,11709,366,18,35,13,4,0,13,1,0,0,0,1,0,0,0,12,2,3.5,1,1,0,0,0,2,3.5,239.47
SP029,soap,2026-02-02,2,139,0.0,139,0,0,7987,210,13,18,6,4,1,5,0,0,0,0,0,0,0,0,5,0,,0,0,0,0,0,2,3.5,124.56
SP029,soap,2026-02-09,3,139,0.0,139,0,0,6469,212,5,15,5,1,1,4,0,0,0,0,0,0,0,0,4,0,,0,0,0,0,0,2,3.5,93.65
SP029,soap,2026-02-16,4,139,0.0,139,0,0,5428,160,4,11,4,3,0,4,1,0,0,1,0,0,0,0,3,0,,0,0,0,0,0,2,3.5,-38.73
SP029,soap,2026-02-23,5,139,0.0,139,0,0,4841,128,7,11,3,2,1,2,1,0,1,0,0,0,0,0,1,1,3.0,0,1,0,0,0,3,3.33,-130.56
SP029,soap,2026-03-02,6,139,0.0,139,1,1,6787,190,4,9,5,2,1,4,1,0,0,0,0,1,0,0,3,0,,0,0,0,0,0,3,3.33,-68.73
SP029,soap,2026-03-09,7,139,0.0,139,0,0,3150,103,3,7,2,2,0,2,2,0,1,1,0,0,0,0,0,1,4.0,1,0,0,0,0,4,3.5,-262.94
SP029,soap,2026-03-16,8,139,0.0,139,0,0,4971,141,7,12,9,3,0,9,3,0,1,0,2,0,0,0,6,0,,0,0,0,0,0,4,3.5,-208.94
SP029,soap,2026-03-23,9,139,0.0,139,0,0,4946,135,3,11,6,2,0,6,1,0,0,1,0,0,0,0,5,1,1.0,0,0,1,0,1,5,3.0,23.09
SP029,soap,2026-03-30,10,139,0.0,139,0,0,4312,119,7,12,4,1,0,4,2,0,1,1,0,0,0,0,2,0,,0,0,0,0,0,5,3.0,-201.11
SP029,soap,2026-04-06,11,139,0.0,139,0,0,3750,100,3,4,3,1,0,3,3,0,2,0,1,0,0,0,0,1,2.0,0,0,1,0,1,6,2.83,-394.41
SP029,soap,2026-04-13,12,139,0.0,139,0,0,4918,115,6,12,3,2,0,3,0,0,0,0,0,0,0,0,3,1,2.0,0,0,1,1,0,7,2.71,92.74
SP029,soap,2026-04-20,13,139,0.0,139,0,0,3506,80,3,3,2,0,0,2,0,0,0,0,0,0,0,0,2,0,,0,0,0,0,0,7,2.71,61.82
SP029,soap,2026-04-27,14,139,0.0,139,0,0,4441,104,2,9,3,3,0,3,0,0,0,0,0,0,0,0,3,0,,0,0,0,0,0,7,2.71,92.74
SP029,soap,2026-05-04,15,139,0.0,139,0,0,3380,80,4,4,1,1,0,1,0,0,0,0,0,0,0,0,1,0,,0,0,0,0,0,7,2.71,30.91
SP029,soap,2026-05-11,16,139,0.0,139,0,0,3415,71,1,4,1,0,0,1,1,0,0,0,1,0,0,0,0,0,,0,0,0,0,0,7,2.71,-131.47
SP029,soap,2026-05-18,17,139,0.0,139,0,0,2392,55,0,4,3,2,1,2,0,0,0,0,0,0,0,0,2,0,,0,0,0,0,0,7,2.71,31.82
SP029,soap,2026-05-25,18,139,0.0,139,0,0,2943,68,3,10,7,2,1,6,0,0,0,0,0,0,0,0,6,1,4.0,1,0,0,0,0,8,2.88,155.47
SP029,soap,2026-06-01,19,139,0.0,139,0,0,5052,113,3,5,2,2,0,2,1,0,0,0,0,1,0,0,1,0,,0,0,0,0,0,8,2.88,-100.56
SP029,soap,2026-06-08,20,139,0.0,139,0,0,2585,63,3,7,5,2,0,5,0,0,0,0,0,0,0,0,5,0,,0,0,0,0,0,8,2.88,154.56
SP029,soap,2026-06-15,21,139,0.0,139,0,0,4564,85,8,4,3,1,1,2,0,0,0,0,0,0,0,0,2,0,,0,0,0,0,0,8,2.88,31.82
SP029,soap,2026-06-22,22,139,0.0,139,0,1,4487,106,9,5,4,2,1,3,0,0,0,0,0,0,0,0,3,0,,0,0,0,0,0,8,2.88,62.74
SP029,soap,2026-06-29,23,139,0.0,139,0,0,3569,91,2,8,2,0,0,2,1,0,0,0,1,0,0,0,1,0,,0,0,0,0,0,8,2.88,-100.56
SP029,soap,2026-07-06,24,139,0.0,139,0,0,3410,76,4,9,4,2,0,4,0,0,0,0,0,0,0,0,4,0,,0,0,0,0,0,8,2.88,123.65
SP029,soap,2026-07-13,25,139,0.0,139,0,0,3560,85,1,9,6,5,2,4,0,0,0,0,0,0,0,0,4,0,,0,0,0,0,0,8,2.88,63.65
SP029,soap,2026-07-20,26,139,0.0,139,0,0,3545,75,0,6,2,1,0,2,1,0,0,0,1,0,0,0,1,0,,0,0,0,0,0,8,2.88,-100.56
SP029,soap,2026-07-27,27,139,0.0,139,0,0,4637,111,5,10,3,3,2,1,0,0,0,0,0,0,0,0,1,0,,0,0,0,0,0,8,2.88,-29.09
SP029,soap,2026-08-03,28,139,0.0,139,0,0,5212,120,3,11,7,5,1,6,1,0,0,0,0,0,1,0,5,1,4.0,1,0,0,0,0,9,3.0,-6.91
SP029,soap,2026-08-10,29,139,0.0,139,0,0,4696,115,2,11,5,2,0,5,0,0,0,0,0,0,0,0,5,0,,0,0,0,0,0,9,3.0,154.56
SP029,soap,2026-08-17,30,139,0.0,139,0,0,3346,77,3,7,2,1,0,2,0,0,0,0,0,0,0,0,2,0,,0,0,0,0,0,9,3.0,61.82
SP029,soap,2026-08-24,31,139,0.0,139,1,0,4129,107,6,3,1,1,0,1,0,0,0,0,0,0,0,0,1,1,2.0,0,0,1,0,1,10,2.9,30.91
SP029,soap,2026-08-31,32,139,0.0,139,0,0,3128,80,5,5,1,0,0,1,0,0,0,0,0,0,0,0,1,1,5.0,1,0,0,0,0,11,3.09,30.91
SP029,soap,2026-09-07,33,139,0.0,139,0,0,3851,99,5,6,0,0,0,0,0,0,0,0,0,0,0,0,0,0,,0,0,0,0,0,11,3.09,0.0
SP029,soap,2026-09-14,34,139,0.0,139,0,0,3053,76,5,6,0,0,0,0,0,0,0,0,0,0,0,0,0,0,,0,0,0,0,0,11,3.09,0.0
SP029,soap,2026-09-21,35,139,0.0,139,0,1,3691,87,2,4,2,2,0,2,0,0,0,0,0,0,0,0,2,1,4.0,1,0,0,0,0,12,3.17,61.82
SP030,soap,2026-03-16,1,179,0.0,179,0,0,11429,245,11,25,7,4,1,6,0,0,0,0,0,0,0,0,6,1,4.0,1,0,0,0,0,1,4.0,336.12
SP030,soap,2026-03-23,2,179,0.0,179,0,0,9344,206,8,17,5,4,1,4,0,0,0,0,0,0,0,0,4,2,4.0,1,1,0,0,0,3,4.0,214.08
SP030,soap,2026-03-30,3,179,0.0,179,0,0,5012,114,4,11,2,2,0,2,0,0,0,0,0,0,0,0,2,0,,0,0,0,0,0,3,4.0,122.04
SP030,soap,2026-04-06,4,179,0.0,179,0,0,4639,102,5,10,4,4,0,4,0,0,0,0,0,0,0,0,4,2,4.0,2,0,0,0,0,5,4.0,244.08
SP030,soap,2026-04-13,5,179,0.0,179,0,0,4535,100,5,6,3,2,0,3,0,0,0,0,0,0,0,0,3,1,4.0,1,0,0,0,0,6,4.0,183.06
SP030,soap,2026-04-20,6,179,0.0,179,0,0,4208,111,2,8,2,2,0,2,0,0,0,0,0,0,0,0,2,0,,0,0,0,0,0,6,4.0,122.04
SP030,soap,2026-04-27,7,179,0.0,179,0,0,4221,86,5,7,2,2,1,1,0,0,0,0,0,0,0,0,1,0,,0,0,0,0,0,6,4.0,31.02
SP030,soap,2026-05-04,8,179,0.0,179,0,0,3871,100,6,4,0,0,0,0,0,0,0,0,0,0,0,0,0,0,,0,0,0,0,0,6,4.0,0.0
SP030,soap,2026-05-11,9,179,0.0,179,0,0,4506,98,7,8,3,3,0,3,1,0,0,1,0,0,0,0,2,3,3.33,1,2,0,0,0,9,3.78,-17.41
SP030,soap,2026-05-18,10,179,0.0,179,0,0,4336,87,2,6,3,2,0,3,0,0,0,0,0,0,0,0,3,0,,0,0,0,0,0,9,3.78,183.06
SP030,soap,2026-05-25,11,179,0.0,179,0,0,4463,95,6,9,3,2,0,3,1,0,1,0,0,0,0,0,2,0,,0,0,0,0,0,9,3.78,-17.41
SP030,soap,2026-06-01,12,179,0.0,179,0,0,3441,80,1,11,2,0,0,2,0,0,0,0,0,0,0,0,2,0,,0,0,0,0,0,9,3.78,122.04
SP030,soap,2026-06-08,13,179,0.0,179,0,0,3413,62,3,6,3,3,0,3,1,0,0,0,1,0,0,0,2,1,2.0,0,0,1,1,0,10,3.6,-17.41
SP030,soap,2026-06-15,14,179,0.0,179,0,0,3788,75,5,5,2,1,0,2,0,0,0,0,0,0,0,0,2,0,,0,0,0,0,0,10,3.6,122.04
SP030,soap,2026-06-22,15,179,0.1,161,0,1,4376,101,6,6,1,1,0,1,0,0,0,0,0,0,0,0,1,0,,0,0,0,0,0,10,3.6,43.88
SP030,soap,2026-06-29,16,179,0.0,179,0,0,5166,120,6,7,4,3,0,4,2,0,1,1,0,0,0,0,2,0,,0,0,0,0,0,10,3.6,-156.87
SP030,soap,2026-07-06,17,179,0.0,179,0,0,4259,99,7,7,4,3,0,4,1,0,1,0,0,0,0,0,3,1,5.0,1,0,0,0,0,11,3.73,43.61
SP030,soap,2026-07-13,18,179,0.0,179,0,0,3582,69,3,4,1,1,0,1,0,0,0,0,0,0,0,0,1,1,4.0,1,0,0,0,0,12,3.75,61.02
SP030,soap,2026-07-20,19,179,0.0,179,0,0,6852,160,8,12,8,6,0,8,0,0,0,0,0,0,0,0,8,0,,0,0,0,0,0,12,3.75,488.16
SP030,soap,2026-07-27,20,189,0.0,189,0,0,4797,88,6,9,1,1,0,1,0,0,0,0,0,0,0,0,1,0,,0,0,0,0,0,12,3.75,70.54
SP030,soap,2026-08-03,21,189,0.0,189,0,0,5003,105,10,9,2,1,0,2,0,0,0,0,0,0,0,0,2,0,,0,0,0,0,0,12,3.75,141.09
SP030,soap,2026-08-10,22,189,0.0,189,0,0,4716,106,8,14,3,2,0,3,1,0,1,0,0,0,0,0,2,0,,0,0,0,0,0,12,3.75,1.63
SP030,soap,2026-08-17,23,189,0.0,189,0,0,4540,96,8,4,3,3,1,2,0,0,0,0,0,0,0,0,2,0,,0,0,0,0,0,12,3.75,111.09
SP030,soap,2026-08-24,24,189,0.0,189,1,0,5863,110,10,9,3,2,0,3,0,0,0,0,0,0,0,0,3,1,4.0,1,0,0,0,0,13,3.77,211.63
SP030,soap,2026-08-31,25,189,0.0,189,0,0,4849,100,9,6,2,1,0,2,0,0,0,0,0,0,0,0,2,1,4.0,1,0,0,0,0,14,3.79,141.09
SP030,soap,2026-09-07,26,189,0.0,189,0,0,7606,173,14,14,6,4,0,6,0,0,0,0,0,0,0,0,6,1,4.0,1,0,0,0,0,15,3.8,423.27
SP030,soap,2026-09-14,27,189,0.0,189,0,0,5379,120,4,10,4,4,1,3,0,0,0,0,0,0,0,0,3,1,4.0,1,0,0,0,0,16,3.81,181.63
SP030,soap,2026-09-21,28,189,0.15,161,0,1,7217,203,10,21,8,5,0,8,1,0,0,1,0,0,0,0,7,1,5.0,1,0,0,0,0,17,3.88,167.69
SP031,soap,2026-01-05,1,169,0.0,169,0,0,9323,364,12,37,18,12,2,16,2,0,1,1,0,0,0,0,14,3,4.0,3,0,0,0,0,3,4.0,591.25
SP031,soap,2026-01-12,2,169,0.0,169,0,1,23644,908,52,73,26,16,3,23,4,0,1,2,0,0,1,0,19,1,4.0,1,0,0,0,0,4,4.0,631.34
SP031,soap,2026-01-19,3,169,0.0,169,0,0,7691,314,10,27,6,5,0,6,1,0,0,1,0,0,0,0,5,1,5.0,1,0,0,0,0,5,4.2,196.48
SP031,soap,2026-01-26,4,169,0.0,169,0,0,10107,436,15,30,13,7,2,11,4,0,1,1,1,0,1,0,7,0,,0,0,0,0,0,5,4.2,-113.52
SP031,soap,2026-02-02,5,169,0.0,169,0,0,8392,327,14,27,9,7,1,8,0,0,0,0,0,0,0,0,8,2,4.0,2,0,0,0,0,7,4.14,486.58
SP031,soap,2026-02-09,6,169,0.0,169,0,0,8506,392,13,43,17,12,3,14,1,0,0,1,0,0,0,0,13,2,2.5,0,1,1,0,1,9,3.78,623.05
SP031,soap,2026-02-16,7,169,0.0,169,0,0,5366,196,8,16,5,2,0,5,0,0,0,0,0,0,0,0,5,0,,0,0,0,0,0,9,3.78,322.86
SP031,soap,2026-02-23,8,169,0.0,169,0,0,6192,241,13,19,9,6,1,8,1,0,0,0,1,0,0,0,7,0,,0,0,0,0,0,9,3.78,295.62
SP031,soap,2026-03-02,9,169,0.0,169,1,1,11096,420,20,35,7,6,0,7,3,0,0,1,1,1,0,0,4,4,2.75,1,1,2,1,1,13,3.46,-120.85
SP031,soap,2026-03-09,10,179,0.0,179,0,0,5929,200,6,14,5,4,0,5,1,0,0,1,0,0,0,0,4,3,3.0,1,1,1,1,0,16,3.38,170.0
SP031,soap,2026-03-16,11,179,0.0,179,0,0,5504,188,9,16,4,3,1,3,0,0,0,0,0,0,0,0,3,0,,0,0,0,0,0,16,3.38,192.29
SP031,soap,2026-03-23,12,179,0.0,179,0,0,5160,155,9,15,7,4,2,5,1,0,0,0,0,1,0,0,4,2,3.5,1,1,0,0,0,18,3.39,110.0
SP031,soap,2026-03-30,13,179,0.0,179,0,0,3786,147,5,9,4,2,0,4,0,0,0,0,0,0,0,0,4,1,3.0,0,1,0,0,0,19,3.37,296.38
SP031,soap,2026-04-06,14,179,0.0,179,0,0,4072,148,6,10,3,3,1,2,0,0,0,0,0,0,0,0,2,0,,0,0,0,0,0,19,3.37,118.19
SP031,soap,2026-04-13,15,179,0.0,179,0,0,4972,167,9,13,5,4,2,3,1,0,0,0,1,0,0,0,2,1,4.0,1,0,0,0,0,20,3.4,-38.19
SP031,soap,2026-04-20,16,179,0.0,179,0,0,4938,148,5,14,5,4,0,5,1,0,1,0,0,0,0,0,4,0,,0,0,0,0,0,20,3.4,170.0
SP031,soap,2026-04-27,17,179,0.0,179,0,0,4466,167,9,16,5,2,1,4,0,0,0,0,0,0,0,0,4,1,4.0,1,0,0,0,0,21,3.43,266.38
SP031,soap,2026-05-04,18,179,0.0,179,0,0,4943,180,12,14,8,5,0,8,0,0,0,0,0,0,0,0,8,3,3.67,1,2,0,0,0,24,3.46,592.77
SP031,soap,2026-05-11,19,179,0.0,179,0,0,5557,196,13,19,7,4,1,6,1,0,0,1,0,0,0,0,5,1,4.0,1,0,0,0,0,25,3.48,214.1
SP031,soap,2026-05-18,20,179,0.0,179,0,0,4712,151,11,11,6,4,1,5,0,0,0,0,0,0,0,0,5,1,5.0,1,0,0,0,0,26,3.54,340.48
SP031,soap,2026-05-25,21,179,0.0,179,0,0,5037,191,8,10,2,1,0,2,1,0,0,1,0,0,0,0,1,1,2.0,0,0,1,1,0,27,3.48,-52.28
SP031,soap,2026-06-01,22,179,0.0,179,0,0,3638,137,4,11,4,3,0,4,0,0,0,0,0,0,0,0,4,0,,0,0,0,0,0,27,3.48,296.38
SP031,soap,2026-06-08,23,179,0.0,179,0,0,5171,171,5,15,6,5,1,5,0,0,0,0,0,0,0,0,5,0,,0,0,0,0,0,27,3.48,340.48
SP031,soap,2026-06-15,24,179,0.0,179,0,0,5255,188,4,13,5,4,2,3,0,0,0,0,0,0,0,0,3,1,5.0,1,0,0,0,0,28,3.54,162.29
SP031,soap,2026-06-22,25,179,0.1,161,0,1,7397,288,13,32,7,4,0,7,0,0,0,0,0,0,0,0,7,1,5.0,1,0,0,0,0,29,3.59,398.67
SP031,soap,2026-06-29,26,179,0.0,179,0,0,4604,153,8,8,3,1,0,3,0,0,0,0,0,0,0,0,3,0,,0,0,0,0,0,29,3.59,222.29
SP031,soap,2026-07-06,27,179,0.0,179,0,0,4651,168,7,12,6,4,0,6,0,0,0,0,0,0,0,0,6,2,4.0,1,1,0,0,0,31,3.61,444.57
SP031,soap,2026-07-13,28,179,0.0,179,0,0,6408,249,11,15,4,3,0,4,1,0,0,0,1,0,0,0,3,0,,0,0,0,0,0,31,3.61,95.91
SP031,soap,2026-07-20,29,179,0.0,179,0,0,3969,153,12,10,4,1,0,4,0,0,0,0,0,0,0,0,4,2,3.0,0,2,0,0,0,33,3.58,296.38
SP031,soap,2026-07-27,30,189,0.0,189,0,0,5054,171,7,14,2,1,1,1,0,0,0,0,0,0,0,0,1,0,,0,0,0,0,0,33,3.58,53.62
SP031,soap,2026-08-03,31,189,0.0,189,0,0,6577,244,16,24,14,10,2,12,0,0,0,0,0,0,0,0,12,2,4.0,1,1,0,0,0,35,3.6,943.43
SP031,soap,2026-08-10,32,189,0.0,189,0,0,5634,183,12,13,2,1,0,2,0,0,0,0,0,0,0,0,2,0,,0,0,0,0,0,35,3.6,167.24
SP031,soap,2026-08-17,33,189,0.0,189,0,0,6149,250,10,26,10,8,1,9,0,0,0,0,0,0,0,0,9,1,5.0,1,0,0,0,0,36,3.64,722.58
SP031,soap,2026-08-24,34,189,0.0,189,1,0,8686,345,15,34,14,7,2,12,2,0,0,0,1,1,0,0,10,2,3.5,1,1,0,0,0,38,3.63,523.43
SP031,soap,2026-08-31,35,189,0.0,189,0,0,5685,193,16,17,8,3,0,8,1,0,1,0,0,0,0,0,7,1,3.0,0,1,0,0,0,39,3.62,458.96
SP031,soap,2026-09-07,36,189,0.0,189,0,0,8146,290,14,16,6,4,1,5,0,0,0,0,0,0,0,0,5,1,5.0,1,0,0,0,0,40,3.65,388.1
SP031,soap,2026-09-14,37,189,0.0,189,0,0,8023,304,17,21,4,3,0,4,0,0,0,0,0,0,0,0,4,0,,0,0,0,0,0,40,3.65,334.48
SP031,soap,2026-09-21,38,189,0.2,151,0,1,9474,419,25,32,12,9,0,12,0,0,0,0,0,0,0,0,12,1,5.0,1,0,0,0,0,41,3.68,569.15
SP032,soap,2025-09-01,1,159,0.0,159,0,0,8415,413,13,28,8,5,1,7,1,0,0,0,1,0,0,0,6,1,4.0,1,0,0,0,0,1,4.0,24.56
SP032,soap,2025-09-08,2,159,0.0,159,0,0,7542,324,25,27,13,8,1,12,0,0,0,0,0,0,0,0,12,3,3.67,1,2,0,0,0,4,3.75,374.55
SP032,soap,2025-09-15,3,159,0.0,159,0,0,8770,376,9,25,6,5,1,5,0,0,0,0,0,0,0,0,5,0,,0,0,0,0,0,4,3.75,138.56
SP032,soap,2025-09-22,4,159,0.1,143,1,1,9891,471,14,51,28,18,2,26,4,0,2,2,0,0,0,0,22,3,3.33,2,0,1,0,1,7,3.57,-244.43
SP032,soap,2025-09-29,5,159,0.2,127,1,1,11012,530,21,47,23,15,3,20,0,0,0,0,0,0,0,0,20,5,3.8,2,3,0,0,0,12,3.67,-25.28
SP032,soap,2025-10-06,6,159,0.1,143,1,1,15146,713,24,57,23,17,2,21,2,0,1,1,0,0,0,0,19,2,4.0,2,0,0,0,0,14,3.71,-4.42
SP032,soap,2025-10-13,7,159,0.0,159,1,0,13078,603,25,43,21,15,0,21,1,0,0,0,1,0,0,0,20,3,4.33,2,1,0,0,0,17,3.82,526.53
SP032,soap,2025-10-20,8,189,0.0,189,1,0,15735,648,26,49,13,10,2,11,0,0,0,0,0,0,0,0,11,1,4.0,1,0,0,0,0,18,3.83,625.12
SP032,soap,2025-10-27,9,189,0.0,189,0,0,7822,345,11,18,8,3,0,8,1,0,0,1,0,0,0,0,7,0,,0,0,0,0,0,18,3.83,288.27
SP032,soap,2025-11-03,10,189,0.0,189,0,0,11153,443,24,31,9,4,0,9,1,0,1,0,0,0,0,0,8,1,4.0,1,0,0,0,0,19,3.84,350.55
SP032,soap,2025-11-10,11,189,0.0,189,0,0,9879,401,17,34,12,7,0,12,1,0,0,1,0,0,0,0,11,3,4.0,2,1,0,0,0,22,3.86,537.41
SP032,soap,2025-11-17,12,189,0.0,189,0,0,7655,315,17,16,6,5,2,4,0,0,0,0,0,0,0,0,4,2,4.5,2,0,0,0,0,24,3.92,189.14
SP032,soap,2025-11-24,13,189,0.0,189,0,0,9250,394,18,21,8,5,1,7,1,0,0,1,0,0,0,0,6,0,,0,0,0,0,0,24,3.92,195.99
SP032,soap,2025-12-01,14,189,0.0,189,0,0,8301,326,14,21,9,4,0,9,4,0,1,2,0,0,1,0,5,2,3.0,0,2,0,0,0,26,3.85,-279.45
SP032,soap,2025-12-08,15,189,0.0,189,0,0,7243,306,13,15,4,2,0,4,0,0,0,0,0,0,0,0,4,1,4.0,1,0,0,0,0,27,3.85,249.14
SP032,soap,2025-12-15,16,189,0.0,189,0,0,6663,274,19,9,7,4,0,7,1,0,1,0,0,0,0,0,6,0,,0,0,0,0,0,27,3.85,225.99
SP032,soap,2025-12-22,17,189,0.0,189,0,0,5223,211,8,17,4,4,1,3,0,0,0,0,0,0,0,0,3,0,,0,0,0,0,0,27,3.85,156.85
SP032,soap,2025-12-29,18,189,0.0,189,0,0,6069,256,10,12,5,3,0,5,0,0,0,0,0,0,0,0,5,0,,0,0,0,0,0,27,3.85,311.42
SP032,soap,2026-01-05,19,189,0.0,189,0,0,5214,204,12,11,4,2,0,4,3,0,0,0,2,1,0,0,1,1,3.0,0,1,0,0,0,28,3.82,-380.86
SP032,soap,2026-01-12,20,189,0.2,151,0,1,8449,424,20,39,13,7,1,12,0,0,0,0,0,0,0,0,12,0,,0,0,0,0,0,28,3.82,283.12
SP032,soap,2026-01-19,21,189,0.0,189,0,0,5517,224,9,21,5,4,1,4,0,0,0,0,0,0,0,0,4,1,3.0,0,1,0,0,0,29,3.79,219.14
SP032,soap,2026-01-26,22,189,0.0,189,0,0,6697,274,10,22,7,4,1,6,0,0,0,0,0,0,0,0,6,1,4.0,1,0,0,0,0,30,3.8,343.7
SP032,soap,2026-02-02,23,189,0.0,189,0,0,4964,181,8,11,6,2,0,6,0,0,0,0,0,0,0,0,6,0,,0,0,0,0,0,30,3.8,373.7
SP032,soap,2026-02-09,24,189,0.0,189,0,0,6167,296,11,13,6,2,0,6,1,0,1,0,0,0,0,0,5,0,,0,0,0,0,0,30,3.8,163.7
SP032,soap,2026-02-16,25,189,0.0,189,0,0,6828,300,13,23,8,4,1,7,0,0,0,0,0,0,0,0,7,0,,0,0,0,0,0,30,3.8,405.99
SP032,soap,2026-02-23,26,189,0.0,189,0,0,7226,291,8,17,7,5,2,5,0,0,0,0,0,0,0,0,5,2,4.0,2,0,0,0,0,32,3.81,251.42
SP032,soap,2026-03-02,27,189,0.1,170,1,1,11074,501,18,53,25,13,1,24,3,0,2,0,0,1,0,0,21,2,4.0,2,0,0,0,0,34,3.82,454.81
SP032,soap,2026-03-09,28,189,0.0,189,0,0,7100,304,20,12,2,2,0,2,0,0,0,0,0,0,0,0,2,0,,0,0,0,0,0,34,3.82,124.57
SP032,soap,2026-03-16,29,189,0.0,189,0,0,5488,260,12,19,6,4,0,6,0,0,0,0,0,0,0,0,6,0,,0,0,0,0,0,34,3.82,373.7
SP032,soap,2026-03-23,30,189,0.0,189,0,0,5888,269,13,21,10,7,0,10,0,0,0,0,0,0,0,0,10,3,4.0,3,0,0,0,0,37,3.84,622.84
SP032,soap,2026-03-30,31,189,0.0,189,0,0,6665,274,7,19,5,4,1,4,1,0,0,1,0,0,0,0,3,1,4.0,1,0,0,0,0,38,3.84,9.14
SP032,soap,2026-04-06,32,189,0.0,189,0,0,5100,201,14,11,4,1,0,4,0,0,0,0,0,0,0,0,4,0,,0,0,0,0,0,38,3.84,249.14
SP032,soap,2026-04-13,33,189,0.0,189,0,0,6054,294,13,17,4,2,0,4,0,0,0,0,0,0,0,0,4,0,,0,0,0,0,0,38,3.84,249.14
SP032,soap,2026-04-20,34,189,0.0,189,0,0,5821,264,13,22,5,5,2,3,0,0,0,0,0,0,0,0,3,0,,0,0,0,0,0,38,3.84,126.85
SP032,soap,2026-04-27,35,189,0.0,189,0,0,8997,357,18,19,7,5,0,7,0,0,0,0,0,0,0,0,7,1,4.0,1,0,0,0,0,39,3.85,435.99
SP032,soap,2026-05-04,36,189,0.0,189,0,0,7247,301,16,24,7,5,0,7,1,0,0,1,0,0,0,0,6,1,4.0,1,0,0,0,0,40,3.85,225.99
SP032,soap,2026-05-11,37,189,0.0,189,0,0,5808,261,20,15,4,3,1,3,0,0,0,0,0,0,0,0,3,0,,0,0,0,0,0,40,3.85,156.85
SP032,soap,2026-05-18,38,189,0.0,189,0,0,5376,268,14,20,6,3,0,6,1,0,0,1,0,0,0,0,5,2,4.0,2,0,0,0,0,42,3.86,163.7
SP032,soap,2026-05-25,39,189,0.0,189,0,0,7135,320,13,26,7,4,0,7,0,0,0,0,0,0,0,0,7,1,4.0,1,0,0,0,0,43,3.86,435.99
SP032,soap,2026-06-01,40,189,0.0,189,0,0,6326,262,9,19,8,4,2,6,1,0,0,1,0,0,0,0,5,1,3.0,0,1,0,0,0,44,3.84,103.7
SP032,soap,2026-06-08,41,189,0.0,189,0,0,7072,312,9,26,5,2,0,5,1,0,1,0,0,0,0,0,4,0,,0,0,0,0,0,44,3.84,101.42
SP032,soap,2026-06-15,42,189,0.0,189,0,0,6747,280,16,15,6,5,1,5,0,0,0,0,0,0,0,0,5,2,3.5,1,1,0,0,0,46,3.83,281.42
SP032,soap,2026-06-22,43,189,0.0,189,0,1,8470,326,10,21,7,5,0,7,1,0,0,0,1,0,0,0,6,1,3.0,0,1,0,0,0,47,3.81,225.99
SP032,soap,2026-06-29,44,189,0.0,189,0,0,5510,231,13,14,2,1,0,2,0,0,0,0,0,0,0,0,2,0,,0,0,0,0,0,47,3.81,124.57
SP032,soap,2026-07-06,45,189,0.0,189,0,0,6051,272,16,17,6,5,0,6,1,0,1,0,0,0,0,0,5,0,,0,0,0,0,0,47,3.81,163.7
SP032,soap,2026-07-13,46,189,0.0,189,0,0,4667,233,17,17,2,2,0,2,0,0,0,0,0,0,0,0,2,0,,0,0,0,0,0,47,3.81,124.57
SP032,soap,2026-07-20,47,189,0.0,189,0,0,5863,265,12,16,3,1,0,3,1,0,1,0,0,0,0,0,2,0,,0,0,0,0,0,47,3.81,-23.15
SP032,soap,2026-07-27,48,189,0.0,189,0,0,5268,233,18,20,3,3,1,2,1,0,1,0,0,0,0,0,1,0,,0,0,0,0,0,47,3.81,-115.43
SP032,soap,2026-08-03,49,189,0.0,189,0,0,5554,250,9,20,8,6,0,8,0,0,0,0,0,0,0,0,8,1,3.0,0,1,0,0,0,48,3.79,498.27
SP032,soap,2026-08-10,50,189,0.0,189,0,0,5708,247,10,14,5,3,0,5,1,0,0,0,1,0,0,0,4,0,,0,0,0,0,0,48,3.79,101.42
SP032,soap,2026-08-17,51,189,0.0,189,0,0,6905,306,18,31,12,8,1,11,1,0,0,0,0,1,0,0,10,1,3.0,0,1,0,0,0,49,3.78,445.12
SP032,soap,2026-08-24,52,189,0.0,189,1,0,11893,478,20,24,9,6,0,9,0,0,0,0,0,0,0,0,9,0,,0,0,0,0,0,49,3.78,560.55
SP032,soap,2026-08-31,53,189,0.0,189,0,0,6587,307,10,25,12,7,1,11,1,0,0,1,0,0,0,0,10,2,4.0,2,0,0,0,0,51,3.78,445.12
SP032,soap,2026-09-07,54,189,0.0,189,0,0,10409,446,22,31,3,3,0,3,0,0,0,0,0,0,0,0,3,1,3.0,0,1,0,0,0,52,3.77,186.85
SP032,soap,2026-09-14,55,189,0.0,189,0,0,6112,291,13,21,6,4,0,6,1,0,0,1,0,0,0,0,5,0,,0,0,0,0,0,52,3.77,163.7
SP032,soap,2026-09-21,56,189,0.0,189,0,1,7306,344,22,20,6,4,0,6,1,0,1,0,0,0,0,0,5,0,,0,0,0,0,0,52,3.77,163.7
SP033,soap,2025-09-22,1,169,0.0,169,1,1,15575,545,25,31,6,5,1,5,0,0,0,0,0,0,0,0,5,1,2.0,0,0,1,0,1,1,2.0,231.7
SP033,soap,2025-09-29,2,169,0.15,144,1,1,7980,189,8,14,5,3,1,4,1,0,0,0,1,0,0,0,3,1,3.0,0,1,0,0,0,2,2.5,-83.02
SP033,soap,2025-10-06,3,169,0.0,169,1,1,10679,254,6,17,6,3,1,5,0,0,0,0,0,0,0,0,5,0,,0,0,0,0,0,2,2.5,231.7
SP033,soap,2025-10-13,4,169,0.0,169,1,0,5173,134,2,1,1,1,0,1,0,0,0,0,0,0,0,0,1,0,,0,0,0,0,0,2,2.5,52.34
SP033,soap,2025-10-20,5,169,0.0,169,1,0,5183,131,8,8,2,2,0,2,0,0,0,0,0,0,0,0,2,0,,0,0,0,0,0,2,2.5,104.68
SP033,soap,2025-10-27,6,169,0.0,169,0,0,3040,67,4,4,1,1,0,1,1,0,0,0,1,0,0,0,0,0,,0,0,0,0,0,2,2.5,-138.61
SP033,soap,2025-11-03,7,169,0.0,169,0,0,3629,96,3,6,1,0,0,1,0,0,0,0,0,0,0,0,1,0,,0,0,0,0,0,2,2.5,52.34
SP033,soap,2025-11-10,8,169,0.0,169,0,0,3072,77,3,4,1,0,0,1,0,0,0,0,0,0,0,0,1,0,,0,0,0,0,0,2,2.5,52.34
SP034,soap,2025-10-27,1,159,0.0,159,0,0,9064,400,15,36,13,8,1,12,2,0,2,0,0,0,0,0,10,1,4.0,1,0,0,0,0,1,4.0,501.35
SP034,soap,2025-11-03,2,159,0.0,159,0,0,10758,496,29,56,23,18,0,23,4,0,2,1,0,1,0,0,19,3,4.33,2,1,0,0,0,4,4.25,988.17
SP034,soap,2025-11-10,3,159,0.0,159,0,0,10324,554,24,50,23,19,3,20,2,0,2,0,0,0,0,0,18,1,5.0,1,0,0,0,0,5,4.4,1037.48
SP034,soap,2025-11-17,4,159,0.0,159,0,0,11800,606,37,58,24,17,3,21,2,0,0,0,0,0,2,0,19,4,3.25,3,0,1,0,1,9,3.89,1112.0
SP034,soap,2025-11-24,5,159,0.0,159,0,0,8825,369,19,32,12,8,1,11,0,0,0,0,0,0,0,0,11,3,3.0,0,3,0,0,0,12,3.67,789.69
SP034,soap,2025-12-01,6,159,0.0,159,0,0,6693,318,19,30,14,11,1,13,0,0,0,0,0,0,0,0,13,0,,0,0,0,0,0,12,3.67,938.72
SP034,soap,2025-12-08,7,159,0.0,159,0,0,8753,401,21,33,18,13,0,18,2,0,2,0,0,0,0,0,16,4,4.25,3,1,0,0,0,16,3.81,978.45
SP034,soap,2025-12-15,8,179,0.0,179,0,0,8560,383,25,27,9,7,1,8,1,0,1,0,0,0,0,0,7,1,4.0,1,0,0,0,0,17,3.82,518.04
SP034,soap,2025-12-22,9,179,0.0,179,0,0,8758,366,20,29,7,5,0,7,0,0,0,0,0,0,0,0,7,2,4.5,2,0,0,0,0,19,3.89,654.95
SP034,soap,2025-12-29,10,179,0.0,179,0,0,6559,266,15,23,10,10,1,9,0,0,0,0,0,0,0,0,9,0,,0,0,0,0,0,19,3.89,812.08
SP034,soap,2026-01-05,11,179,0.0,179,0,0,7940,323,16,30,12,10,1,11,0,0,0,0,0,0,0,0,11,1,3.0,0,1,0,0,0,20,3.85,999.21
SP034,soap,2026-01-12,12,179,0.0,179,0,1,8210,339,14,32,10,8,1,9,0,0,0,0,0,0,0,0,9,1,4.0,1,0,0,0,0,21,3.86,812.08
SP034,soap,2026-01-19,13,179,0.0,179,0,0,8181,347,16,28,16,14,3,13,0,0,0,0,0,0,0,0,13,0,,0,0,0,0,0,21,3.86,1126.34
SP034,soap,2026-01-26,14,179,0.0,179,0,0,7861,340,9,25,11,9,2,9,0,0,0,0,0,0,0,0,9,0,,0,0,0,0,0,21,3.86,782.08
SP034,soap,2026-02-02,15,179,0.0,179,0,0,5859,269,9,34,14,10,2,12,1,0,1,0,0,0,0,0,11,0,,0,0,0,0,0,21,3.86,862.3
SP034,soap,2026-02-09,16,179,0.0,179,0,0,5753,248,9,27,10,7,2,8,0,0,0,0,0,0,0,0,8,0,,0,0,0,0,0,21,3.86,688.52
SP034,soap,2026-02-16,17,179,0.0,179,0,0,7842,351,18,34,20,17,4,16,1,0,0,0,1,0,0,0,15,0,,0,0,0,0,0,21,3.86,1176.56
SP034,soap,2026-02-23,18,179,0.0,179,0,0,5886,254,17,26,7,6,0,7,1,0,0,0,1,0,0,0,6,1,5.0,1,0,0,0,0,22,3.91,454.48
SP034,soap,2026-03-02,19,179,0.15,152,1,1,12867,648,42,63,33,27,4,29,4,0,1,1,1,1,0,0,25,7,3.43,2,4,1,0,1,29,3.79,1148.61
SP034,soap,2026-03-09,20,179,0.0,179,0,0,7363,334,9,38,11,6,0,11,0,0,0,0,0,0,0,0,11,1,2.0,0,0,1,0,1,30,3.73,1029.21
SP034,soap,2026-03-16,21,179,0.0,179,0,0,6635,313,13,24,6,6,1,5,0,0,0,0,0,0,0,0,5,0,,0,0,0,0,0,30,3.73,437.82
SP034,soap,2026-03-23,22,179,0.0,179,0,0,7060,274,19,26,8,6,2,6,0,0,0,0,0,0,0,0,6,1,4.0,1,0,0,0,0,31,3.74,501.39
SP034,soap,2026-03-30,23,179,0.0,179,0,0,5741,223,10,18,3,2,0,3,0,0,0,0,0,0,0,0,3,0,,0,0,0,0,0,31,3.74,280.69
SP034,soap,2026-04-06,24,179,0.0,179,0,0,5567,245,13,28,11,7,0,11,1,0,0,0,0,0,1,0,10,2,4.0,2,0,0,0,0,33,3.76,828.73
SP034,soap,2026-04-13,25,179,0.0,179,0,0,5831,263,15,24,11,10,3,8,0,0,0,0,0,0,0,0,8,0,,0,0,0,0,0,33,3.76,658.52
SP034,soap,2026-04-20,26,179,0.0,179,0,0,10167,422,22,44,23,19,1,22,4,0,0,2,2,0,0,0,18,2,4.0,2,0,0,0,0,35,3.77,1226.51
SP034,soap,2026-04-27,27,179,0.0,179,0,0,8315,357,17,34,13,10,0,13,0,0,0,0,0,0,0,0,13,2,4.0,2,0,0,0,0,37,3.78,1216.34
SP034,soap,2026-05-04,28,179,0.0,179,0,0,7911,323,14,28,8,8,0,8,1,0,0,1,0,0,0,0,7,0,,0,0,0,0,0,37,3.78,548.04
SP034,soap,2026-05-11,29,179,0.0,179,0,0,7303,307,16,30,8,6,1,7,1,0,0,1,0,0,0,0,6,0,,0,0,0,0,0,37,3.78,424.48
SP034,soap,2026-05-18,30,179,0.0,179,0,0,5498,229,13,19,8,7,2,6,1,0,1,0,0,0,0,0,5,0,,0,0,0,0,0,37,3.78,300.91
SP034,soap,2026-05-25,31,179,0.0,179,0,0,5832,263,15,21,7,5,0,7,0,0,0,0,0,0,0,0,7,0,,0,0,0,0,0,37,3.78,654.95
SP034,soap,2026-06-01,32,179,0.0,179,0,0,6173,256,19,27,10,7,0,10,1,0,0,1,0,0,0,0,9,0,,0,0,0,0,0,37,3.78,735.17
SP034,soap,2026-06-08,33,179,0.0,179,0,0,5895,272,9,20,5,2,0,5,0,0,0,0,0,0,0,0,5,0,,0,0,0,0,0,37,3.78,467.82
SP034,soap,2026-06-15,34,179,0.0,179,0,0,5214,252,13,22,8,7,1,7,1,0,0,0,1,0,0,0,6,1,3.0,0,1,0,0,0,38,3.76,424.48
SP034,soap,2026-06-22,35,179,0.0,179,0,1,8103,356,23,28,13,13,1,12,0,0,0,0,0,0,0,0,12,1,2.0,0,0,1,0,1,39,3.72,1092.77
SP034,soap,2026-06-29,36,179,0.0,179,0,0,8692,397,20,40,16,13,4,12,0,0,0,0,0,0,0,0,12,1,5.0,1,0,0,0,0,40,3.75,1002.77
SP034,soap,2026-07-06,37,179,0.0,179,0,0,7138,308,18,25,8,6,0,8,2,0,0,0,2,0,0,0,6,0,,0,0,0,0,0,40,3.75,347.56
SP034,soap,2026-07-13,38,179,0.0,179,0,0,5763,277,10,21,6,5,1,5,0,0,0,0,0,0,0,0,5,0,,0,0,0,0,0,40,3.75,437.82
SP034,soap,2026-07-20,39,179,0.0,179,0,0,6951,284,22,26,12,9,2,10,1,0,0,0,0,1,0,0,9,3,3.67,2,0,1,0,1,43,3.74,675.17
SP034,soap,2026-07-27,40,179,0.0,179,0,0,6539,279,16,32,9,7,2,7,2,0,1,1,0,0,0,0,5,0,,0,0,0,0,0,43,3.74,194.0
SP034,soap,2026-08-03,41,179,0.0,179,0,0,6467,275,10,24,9,6,1,8,2,0,1,0,0,0,1,0,6,1,3.0,0,1,0,0,0,44,3.73,317.56
SP034,soap,2026-08-10,42,179,0.0,179,0,0,7658,291,15,27,9,5,0,9,0,0,0,0,0,0,0,0,9,2,4.0,2,0,0,0,0,46,3.74,842.08
SP034,soap,2026-08-17,43,179,0.0,179,0,0,7400,321,12,32,13,8,1,12,1,0,0,0,1,0,0,0,11,2,3.5,1,1,0,0,0,48,3.73,892.3
SP034,soap,2026-08-24,44,179,0.0,179,1,0,11755,511,24,42,18,14,4,14,0,0,0,0,0,0,0,0,14,3,4.67,3,0,0,0,0,51,3.78,1189.9
SP034,soap,2026-08-31,45,179,0.0,179,0,0,9138,424,18,39,17,13,2,15,1,0,1,0,0,0,0,0,14,2,4.0,2,0,0,0,0,53,3.79,1142.99
SP034,soap,2026-09-07,46,179,0.0,179,0,0,8540,415,21,55,16,12,1,15,3,0,1,1,1,0,0,0,12,2,3.0,0,2,0,0,0,55,3.76,772.04
SP034,soap,2026-09-14,47,179,0.0,179,0,0,10251,472,26,45,16,16,0,16,1,0,0,0,0,0,1,0,15,1,3.0,0,1,0,0,0,56,3.75,1296.56
SP034,soap,2026-09-21,48,179,0.0,179,0,1,11922,537,16,50,16,13,3,13,1,0,0,0,1,0,0,0,12,1,2.0,0,0,1,1,0,57,3.72,925.86
SP035,soap,2025-09-08,1,199,0.0,199,0,0,9365,349,26,21,6,5,0,6,1,0,0,0,1,0,0,0,5,0,,0,0,0,0,0,0,,181.2
SP035,soap,2025-09-15,2,199,0.0,199,0,0,7951,296,12,24,9,7,1,8,1,0,0,1,0,0,0,0,7,3,3.67,1,2,0,0,0,3,3.67,272.5
SP035,soap,2025-09-22,3,199,0.0,199,1,1,9703,337,20,22,7,4,0,7,0,0,0,0,0,0,0,0,7,1,5.0,1,0,0,0,0,4,4.0,467.51
SP035,soap,2025-09-29,4,199,0.0,199,1,1,10736,411,27,34,11,6,1,10,0,0,0,0,0,0,0,0,10,4,4.75,4,0,0,0,0,8,4.38,625.6
SP035,soap,2025-10-06,5,199,0.2,159,1,1,11651,649,47,87,36,22,4,32,2,0,1,0,1,0,0,0,30,4,3.75,3,1,0,0,0,12,4.17,386.21
SP035,soap,2025-10-13,6,199,0.0,199,1,0,15790,655,32,46,17,13,2,15,2,0,0,1,1,0,0,0,13,1,5.0,1,0,0,0,0,13,4.23,478.22
SP035,soap,2025-10-20,7,199,0.0,199,1,0,10463,423,28,43,15,10,4,11,1,0,0,0,1,0,0,0,10,2,4.0,1,1,0,0,0,15,4.2,346.05
SP035,soap,2025-10-27,8,199,0.0,199,0,0,8764,373,19,37,14,9,0,14,1,0,0,1,0,0,0,0,13,3,4.33,3,0,0,0,0,18,4.22,715.5
SP035,soap,2025-11-03,9,199,0.0,199,0,0,8877,390,20,28,5,3,0,5,1,0,0,1,0,0,0,0,4,0,,0,0,0,0,0,18,4.22,114.41
SP035,soap,2025-11-10,10,199,0.0,199,0,0,8987,374,21,33,11,8,0,11,0,0,0,0,0,0,0,0,11,0,,0,0,0,0,0,18,4.22,734.66
SP035,soap,2025-11-17,11,199,0.0,199,0,0,10258,459,31,33,14,9,0,14,0,0,0,0,0,0,0,0,14,4,3.75,3,1,0,0,0,22,4.14,935.02
SP035,soap,2025-11-24,12,199,0.0,199,0,0,9863,433,23,34,10,6,1,9,2,0,0,0,1,0,1,0,7,2,4.5,2,0,0,0,0,24,4.17,119.77
SP035,soap,2025-12-01,13,199,0.0,199,0,0,7874,313,17,26,10,5,0,10,0,0,0,0,0,0,0,0,10,1,5.0,1,0,0,0,0,25,4.2,667.87
SP035,soap,2025-12-08,14,199,0.0,199,0,0,8905,397,22,33,10,5,1,9,1,0,0,0,1,0,0,0,8,0,,0,0,0,0,0,25,4.2,339.29
SP035,soap,2025-12-15,15,199,0.0,199,0,0,9158,427,16,31,11,6,0,11,0,0,0,0,0,0,0,0,11,0,,0,0,0,0,0,25,4.2,734.66
SP035,soap,2025-12-22,16,199,0.0,199,0,0,8969,378,20,27,9,5,1,8,0,0,0,0,0,0,0,0,8,0,,0,0,0,0,0,25,4.2,492.03
SP035,soap,2025-12-29,17,199,0.0,199,0,0,6845,319,20,26,15,10,2,13,0,0,0,0,0,0,0,0,13,2,4.0,2,0,0,0,0,27,4.19,783.69
SP035,soap,2026-01-05,18,199,0.0,199,0,0,10898,495,31,47,18,12,2,16,4,0,0,2,2,0,0,0,12,1,3.0,0,1,0,0,0,28,4.14,105.96
SP035,soap,2026-01-12,19,199,0.2,159,0,1,14245,833,47,90,46,27,2,44,2,0,0,0,1,0,1,0,42,5,4.0,4,1,0,0,0,33,4.12,815.06
SP035,soap,2026-01-19,20,199,0.0,199,0,0,11339,528,29,38,9,8,2,7,1,0,0,0,1,0,0,0,6,2,3.5,1,0,1,0,1,35,4.09,163.44
SP035,soap,2026-01-26,21,199,0.0,199,0,0,11397,544,31,47,12,9,0,12,0,0,0,0,0,0,0,0,12,2,5.0,2,0,0,0,0,37,4.14,801.45
SP035,soap,2026-02-02,22,199,0.0,199,0,0,8046,351,20,32,10,7,1,9,0,0,0,0,0,0,0,0,9,2,4.5,2,0,0,0,0,39,4.15,558.82
SP035,soap,2026-02-09,23,199,0.0,199,0,0,7917,350,22,40,18,15,2,16,1,0,0,1,0,0,0,0,15,3,3.67,1,2,0,0,0,42,4.12,764.53
SP035,soap,2026-02-16,24,199,0.0,199,0,0,8889,400,28,40,12,6,3,9,1,0,0,0,1,0,0,0,8,3,4.33,3,0,0,0,0,45,4.13,254.75
SP035,soap,2026-02-23,25,199,0.0,199,0,0,7308,333,20,26,13,10,4,9,2,0,1,1,0,0,0,0,7,1,5.0,1,0,0,0,0,46,4.15,-7.05
SP035,soap,2026-03-02,26,199,0.0,199,1,1,17100,797,56,86,35,23,4,31,1,0,0,0,1,0,0,0,30,5,4.2,4,1,0,0,0,51,4.16,1681.8
SP035,soap,2026-03-09,27,199,0.0,199,0,0,10942,481,25,48,10,5,1,9,0,0,0,0,0,0,0,0,9,2,5.0,2,0,0,0,0,53,4.19,558.82
SP035,soap,2026-03-16,28,199,0.0,199,0,0,8876,415,18,40,10,7,1,9,1,0,0,0,1,0,0,0,8,1,4.0,1,0,0,0,0,54,4.19,339.29
SP035,soap,2026-03-23,29,199,0.0,199,0,0,8239,373,20,35,12,9,1,11,0,0,0,0,0,0,0,0,11,2,4.5,2,0,0,0,0,56,4.2,692.39
SP035,soap,2026-03-30,30,199,0.0,199,0,0,9897,452,24,39,16,12,2,14,0,0,0,0,0,0,0,0,14,2,3.5,1,1,0,0,0,58,4.17,850.48
SP035,soap,2026-04-06,31,199,0.0,199,0,0,11400,524,24,50,11,5,2,9,1,0,0,1,0,0,0,0,8,0,,0,0,0,0,0,58,4.17,297.02
SP035,soap,2026-04-13,32,199,0.0,199,0,0,7415,339,21,31,13,10,1,12,0,0,0,0,0,0,0,0,12,1,4.0,1,0,0,0,0,59,4.17,759.18
SP035,soap,2026-04-20,33,199,0.0,199,0,0,8194,354,15,41,16,12,1,15,1,0,1,0,0,0,0,0,14,2,3.5,1,0,1,0,1,61,4.15,740.02
SP035,soap,2026-04-27,34,199,0.0,199,0,0,8817,390,18,39,14,10,1,13,1,0,0,0,1,0,0,0,12,2,3.5,1,1,0,0,0,63,4.13,606.44
SP035,soap,2026-05-04,35,199,0.0,199,0,0,9794,437,17,41,14,8,0,14,1,0,0,0,0,0,1,0,13,3,4.0,2,1,0,0,0,66,4.12,715.5
SP035,soap,2026-05-11,36,199,0.0,199,0,0,6827,331,21,30,13,8,0,13,0,0,0,0,0,0,0,0,13,4,4.0,4,0,0,0,0,70,4.11,868.24
SP035,soap,2026-05-18,37,199,0.0,199,0,0,6208,264,12,27,7,6,0,7,1,0,1,0,0,0,0,0,6,0,,0,0,0,0,0,70,4.11,247.99
SP035,soap,2026-05-25,38,199,0.0,199,0,0,7900,371,28,33,15,11,1,14,1,0,0,0,1,0,0,0,13,1,5.0,1,0,0,0,0,71,4.13,673.23
SP035,soap,2026-06-01,39,199,0.0,199,0,0,8669,383,27,42,11,6,2,9,0,0,0,0,0,0,0,0,9,1,4.0,1,0,0,0,0,72,4.12,516.54
SP035,soap,2026-06-08,40,199,0.0,199,0,0,8117,374,24,25,5,2,1,4,0,0,0,0,0,0,0,0,4,1,5.0,1,0,0,0,0,73,4.14,224.88
SP035,soap,2026-06-15,41,199,0.0,199,0,0,8436,364,21,31,10,9,2,8,2,0,0,0,1,0,1,0,6,1,4.0,1,0,0,0,0,74,4.14,10.71
SP035,soap,2026-06-22,42,199,0.1,179,0,1,10767,537,26,51,24,20,1,23,5,0,1,0,2,2,0,0,18,2,4.5,2,0,0,0,0,76,4.14,53.36
SP035,soap,2026-06-29,43,199,0.0,199,0,0,8828,402,21,35,12,8,1,11,0,0,0,0,0,0,0,0,11,3,4.67,3,0,0,0,0,79,4.16,692.39
SP035,soap,2026-07-06,44,199,0.0,199,0,0,8375,364,22,35,13,11,3,10,0,0,0,0,0,0,0,0,10,1,5.0,1,0,0,0,0,80,4.17,541.06
SP035,soap,2026-07-13,45,199,0.0,199,0,0,7928,367,23,35,11,7,2,9,0,0,0,0,0,0,0,0,9,3,4.67,3,0,0,0,0,83,4.19,516.54
SP035,soap,2026-07-20,46,199,0.0,199,0,0,10792,503,30,47,16,10,1,15,0,0,0,0,0,0,0,0,15,1,4.0,1,0,0,0,0,84,4.19,959.54
SP035,soap,2026-07-27,47,199,0.0,199,0,0,6230,297,13,28,9,2,1,8,1,0,1,0,0,0,0,0,7,3,4.67,3,0,0,0,0,87,4.21,272.5
SP035,soap,2026-08-03,48,199,0.0,199,0,0,7685,352,29,28,10,8,1,9,0,0,0,0,0,0,0,0,9,1,3.0,0,1,0,0,0,88,4.19,558.82
SP035,soap,2026-08-10,49,199,0.0,199,0,0,8932,413,21,45,18,13,1,17,1,0,0,0,1,0,0,0,16,3,3.67,1,2,0,0,0,91,4.18,873.59
SP035,soap,2026-08-17,50,199,0.0,199,0,0,7711,358,20,32,13,8,0,13,1,0,1,0,0,0,0,0,12,1,3.0,0,1,0,0,0,92,4.16,648.71
SP035,soap,2026-08-24,51,199,0.0,199,1,0,12494,571,28,49,20,10,1,19,1,0,0,1,0,0,0,0,18,2,4.0,1,1,0,0,0,94,4.16,1007.17
SP035,soap,2026-08-31,52,199,0.0,199,0,0,7724,357,25,38,16,12,2,14,0,0,0,0,0,0,0,0,14,3,3.0,0,3,0,0,0,97,4.12,850.48
SP035,soap,2026-09-07,53,199,0.0,199,0,0,13165,592,40,53,16,9,1,15,0,0,0,0,0,0,0,0,15,1,5.0,1,0,0,0,0,98,4.13,959.54
SP035,soap,2026-09-14,54,199,0.0,199,0,0,9859,440,36,42,16,10,3,13,2,0,1,0,0,0,1,0,11,2,4.0,2,0,0,0,0,100,4.13,302.37
SP035,soap,2026-09-21,55,199,0.0,199,0,1,11585,510,23,45,17,13,2,15,0,0,0,0,0,0,0,0,15,2,5.0,2,0,0,0,0,102,4.15,917.27
SP036,soap,2025-11-03,1,169,0.0,169,0,0,9276,438,22,37,11,4,1,10,1,0,0,0,1,0,0,0,9,1,5.0,1,0,0,0,0,1,5.0,514.1
SP036,soap,2025-11-10,2,169,0.0,169,0,0,14385,1009,39,79,37,25,2,35,2,0,1,1,0,0,0,0,33,5,4.0,3,2,0,0,0,6,4.17,2130.76
SP036,soap,2025-11-17,3,169,0.0,169,0,0,14172,738,25,57,17,10,1,16,1,0,1,0,0,0,0,0,15,3,4.0,3,0,0,0,0,9,4.11,955.12
SP036,soap,2025-11-24,4,169,0.0,169,0,0,10132,567,22,34,15,10,1,14,2,0,1,1,0,0,0,0,12,3,3.0,2,0,1,0,1,12,3.83,617.16
SP036,soap,2025-12-01,5,169,0.0,169,0,0,8834,465,16,38,12,8,2,10,1,0,1,0,0,0,0,0,9,0,,0,0,0,0,0,12,3.83,484.1
SP036,soap,2025-12-08,6,169,0.0,169,0,0,5974,291,10,29,11,5,0,11,1,0,0,0,0,1,0,0,10,1,4.0,1,0,0,0,0,13,3.85,617.6
SP036,soap,2025-12-15,7,169,0.0,169,0,0,7596,395,10,33,13,10,2,11,1,0,1,0,0,0,0,0,10,2,3.5,1,1,0,0,0,15,3.8,557.6
SP036,soap,2025-12-22,8,169,0.0,169,0,0,9085,472,23,42,14,11,2,12,1,0,0,1,0,0,0,0,11,1,3.0,0,1,0,0,0,16,3.75,631.11
SP036,soap,2025-12-29,9,169,0.0,169,0,0,7889,383,18,21,11,8,2,9,2,0,0,1,1,0,0,0,7,2,4.5,2,0,0,0,0,18,3.83,219.64
SP036,soap,2026-01-05,10,179,0.0,179,0,0,8024,392,28,41,17,13,3,14,2,0,1,0,1,0,0,0,12,3,3.0,1,1,1,1,0,21,3.71,671.45
SP036,soap,2026-01-12,11,179,0.0,179,0,1,11733,577,22,35,11,4,0,11,1,0,0,0,1,0,0,0,10,3,3.67,2,1,0,0,0,24,3.71,712.84
SP036,soap,2026-01-19,12,179,0.0,179,0,0,7756,371,22,27,8,6,1,7,0,0,0,0,0,0,0,0,7,2,2.5,0,1,1,1,0,26,3.62,551.2
SP036,soap,2026-01-26,13,179,0.0,179,0,0,6190,303,14,23,8,3,0,8,1,0,0,0,1,0,0,0,7,1,4.0,1,0,0,0,0,27,3.63,463.75
SP036,soap,2026-02-02,14,179,0.0,179,0,0,4688,225,15,13,5,2,2,3,0,0,0,0,0,0,0,0,3,0,,0,0,0,0,0,27,3.63,189.09
SP036,soap,2026-02-09,15,179,0.0,179,0,0,7929,376,20,21,11,7,1,10,0,0,0,0,0,0,0,0,10,4,4.0,4,0,0,0,0,31,3.68,800.29
SP036,soap,2026-02-16,16,179,0.0,179,0,0,6381,342,24,20,8,4,1,7,1,0,1,0,0,0,0,0,6,0,,0,0,0,0,0,31,3.68,350.72
SP036,soap,2026-02-23,17,179,0.0,179,0,0,6588,306,12,24,14,7,1,13,0,0,0,0,0,0,0,0,13,2,3.5,1,1,0,0,0,33,3.67,1049.37
SP036,soap,2026-03-02,18,179,0.1,161,1,1,9487,494,16,65,31,17,0,31,2,0,0,0,1,0,1,0,29,5,3.6,3,1,1,1,0,38,3.66,1675.79
SP036,soap,2026-03-09,19,179,0.0,179,0,0,8757,416,18,27,12,9,1,11,1,0,1,0,0,0,0,0,10,2,4.0,1,1,0,0,0,40,3.67,682.84
SP036,soap,2026-03-16,20,179,0.0,179,0,0,7187,340,17,20,8,6,0,8,0,0,0,0,0,0,0,0,8,1,4.0,1,0,0,0,0,41,3.68,664.23
SP036,soap,2026-03-23,21,179,0.0,179,0,0,9296,430,14,37,14,7,1,13,2,0,0,0,2,0,0,0,11,3,3.33,2,0,1,0,1,44,3.66,648.42
SP036,soap,2026-03-30,22,179,0.0,179,0,0,10223,503,26,37,10,8,0,10,0,0,0,0,0,0,0,0,10,2,3.0,0,2,0,0,0,46,3.63,830.29
SP036,soap,2026-04-06,23,179,0.0,179,0,0,6626,310,15,31,16,11,0,16,3,0,0,0,2,0,1,0,13,5,4.4,5,0,0,0,0,51,3.71,727.03
SP036,soap,2026-04-13,24,179,0.0,179,0,0,7053,310,8,19,8,7,1,7,0,0,0,0,0,0,0,0,7,2,4.5,2,0,0,0,0,53,3.74,551.2
SP036,soap,2026-04-20,25,179,0.0,179,0,0,6986,368,14,32,8,7,1,7,1,0,0,0,1,0,0,0,6,0,,0,0,0,0,0,53,3.74,350.72
SP036,soap,2026-04-27,26,179,0.0,179,0,0,8241,394,19,37,13,6,3,10,0,0,0,0,0,0,0,0,10,1,4.0,1,0,0,0,0,54,3.74,740.29
SP036,soap,2026-05-04,27,179,0.0,179,0,0,5540,273,10,26,10,6,0,10,2,0,2,0,0,0,0,0,8,2,4.0,2,0,0,0,0,56,3.75,429.33
SP036,soap,2026-05-11,28,179,0.0,179,0,0,7797,403,19,38,15,10,3,12,2,0,1,0,0,0,1,0,10,1,4.0,1,0,0,0,0,57,3.75,505.39
SP036,soap,2026-05-18,29,179,0.0,179,0,0,7306,366,15,36,10,4,2,8,1,0,0,0,0,0,1,0,7,2,3.5,1,1,0,0,0,59,3.75,403.75
SP036,soap,2026-05-25,30,179,0.0,179,0,0,8060,398,17,23,13,9,2,11,2,0,2,0,0,0,0,0,9,2,2.5,0,1,1,0,1,61,3.7,452.36
SP036,soap,2026-06-01,31,179,0.0,179,0,0,6879,346,18,26,11,7,0,11,0,0,0,0,0,0,0,0,11,1,4.0,1,0,0,0,0,62,3.71,913.31
SP036,soap,2026-06-08,32,179,0.0,179,0,0,4285,212,12,14,5,4,0,5,2,0,0,2,0,0,0,0,3,1,2.0,0,0,1,0,1,63,3.68,14.19
SP036,soap,2026-06-15,33,179,0.0,179,0,0,6635,313,13,22,3,1,0,3,0,0,0,0,0,0,0,0,3,0,,0,0,0,0,0,63,3.68,249.09
SP036,soap,2026-06-22,34,179,0.15,152,0,1,7484,411,17,55,25,12,4,21,2,0,0,0,1,0,1,0,19,2,3.5,1,1,0,0,0,65,3.68,734.08
SP036,soap,2026-06-29,35,179,0.0,179,0,0,9726,490,22,29,8,4,1,7,1,0,0,0,0,1,0,0,6,0,,0,0,0,0,0,65,3.68,350.72
SP036,soap,2026-07-06,36,179,0.0,179,0,0,6076,286,18,18,6,2,2,4,0,0,0,0,0,0,0,0,4,0,,0,0,0,0,0,65,3.68,272.11
SP036,soap,2026-07-13,37,179,0.0,179,0,0,5906,299,10,21,7,5,0,7,0,0,0,0,0,0,0,0,7,1,5.0,1,0,0,0,0,66,3.7,581.2
SP036,soap,2026-07-20,38,179,0.0,179,0,0,5595,288,14,16,6,5,0,6,0,0,0,0,0,0,0,0,6,1,3.0,0,1,0,0,0,67,3.69,498.17
SP036,soap,2026-07-27,39,179,0.0,179,0,0,4788,232,15,22,6,4,0,6,1,0,1,0,0,0,0,0,5,1,3.0,0,1,0,0,0,68,3.68,297.7
SP036,soap,2026-08-03,40,179,0.0,179,0,0,6997,340,11,23,11,8,2,9,0,0,0,0,0,0,0,0,9,3,4.0,3,0,0,0,0,71,3.69,687.26
SP036,soap,2026-08-10,41,179,0.0,179,0,0,9033,424,16,37,11,7,0,11,1,0,1,0,0,0,0,0,10,1,3.0,0,1,0,0,0,72,3.68,712.84
SP036,soap,2026-08-17,42,179,0.0,179,0,0,6644,341,16,30,16,8,2,14,4,0,3,1,0,0,0,0,10,3,2.67,0,2,1,0,1,75,3.64,300.5
SP036,soap,2026-08-24,43,179,0.0,179,1,0,6626,357,14,23,10,8,3,7,0,0,0,0,0,0,0,0,7,2,4.5,2,0,0,0,0,77,3.66,491.2
SP036,soap,2026-08-31,44,179,0.0,179,0,0,6817,347,20,31,13,10,0,13,0,0,0,0,0,0,0,0,13,3,4.0,2,1,0,0,0,80,3.67,1079.37
SP036,soap,2026-09-07,45,179,0.0,179,0,0,9169,444,22,32,14,7,2,12,3,0,1,1,1,0,0,0,9,4,3.25,2,0,2,1,1,84,3.65,334.92
SP036,soap,2026-09-14,46,179,0.0,179,0,0,9226,454,22,34,10,6,2,8,0,0,0,0,0,0,0,0,8,1,5.0,1,0,0,0,0,85,3.67,604.23
SP036,soap,2026-09-21,47,179,0.0,179,0,1,9014,416,17,40,11,7,0,11,0,0,0,0,0,0,0,0,11,2,4.0,1,1,0,0,0,87,3.68,913.31
SP037,soap,2025-10-13,1,219,0.0,219,1,0,13271,813,65,84,35,21,6,29,2,0,0,1,1,0,0,0,27,4,4.75,4,0,0,0,0,4,4.75,373.88
SP037,soap,2025-10-20,2,219,0.0,219,1,0,28316,2347,166,301,105,65,13,92,2,0,0,0,1,0,1,0,90,16,4.19,11,5,0,0,0,20,4.3,2403.68
SP037,soap,2025-10-27,3,219,0.0,219,0,0,23299,1740,118,221,90,55,9,81,5,0,2,1,0,0,2,0,76,11,4.45,10,1,0,0,0,31,4.35,1416.89
SP037,soap,2025-11-03,4,219,0.0,219,0,0,20822,1700,140,233,86,51,6,80,3,0,1,0,1,1,0,0,77,11,4.45,10,1,0,0,0,42,4.38,1948.48
SP037,soap,2025-11-10,5,219,0.0,219,0,0,15659,1299,104,190,66,41,7,59,1,0,0,0,1,0,0,0,58,5,4.4,5,0,0,0,0,47,4.38,1649.02
SP037,soap,2025-11-17,6,219,0.0,219,0,0,19249,1521,116,210,72,51,11,61,2,0,0,1,0,0,1,0,59,4,3.75,2,2,0,0,0,51,4.33,1361.56
SP037,soap,2025-11-24,7,219,0.0,219,0,0,12912,1025,69,178,63,42,7,56,2,0,1,0,0,0,1,0,54,11,4.36,10,1,0,0,0,62,4.34,1303.79
SP037,soap,2025-12-01,8,219,0.0,219,0,0,13774,1089,80,152,45,28,4,41,0,0,0,0,0,0,0,0,41,5,4.8,5,0,0,0,0,67,4.37,1337.65
SP037,soap,2025-12-08,9,219,0.0,219,0,0,14421,1144,86,162,56,36,9,47,3,0,1,1,0,1,0,0,44,3,4.67,3,0,0,0,0,70,4.39,685.25
SP037,soap,2025-12-15,10,219,0.0,219,0,0,17406,1382,97,193,76,45,8,68,2,0,1,1,0,0,0,0,66,9,4.78,9,0,0,0,0,79,4.43,1700.42
SP037,soap,2025-12-22,11,219,0.0,219,0,0,14927,1233,88,171,68,42,8,60,2,0,0,0,2,0,0,0,58,10,4.4,7,3,0,0,0,89,4.43,1416.0
SP037,soap,2025-12-29,12,219,0.0,219,0,0,13341,1083,74,149,62,34,2,60,0,0,0,0,0,0,0,0,60,6,4.67,6,0,0,0,0,95,4.44,2073.15
SP037,soap,2026-01-05,13,219,0.0,219,0,0,15564,1284,84,175,71,49,11,60,3,0,0,1,2,0,0,0,57,7,4.71,7,0,0,0,0,102,4.46,1087.43
SP037,soap,2026-01-12,14,219,0.2,175,0,1,19601,1937,123,346,166,105,12,154,9,0,2,3,3,1,0,0,145,25,4.52,23,2,0,0,0,127,4.47,-3108.26
SP037,soap,2026-01-19,15,219,0.0,219,0,0,12258,1005,77,150,59,33,7,52,0,0,0,0,0,0,0,0,52,4,4.25,4,0,0,0,0,131,4.47,1638.73
SP037,soap,2026-01-26,16,219,0.0,219,0,0,14174,1221,98,163,51,33,5,46,2,0,0,1,1,0,0,0,44,11,4.45,11,0,0,0,0,142,4.46,1008.27
SP037,soap,2026-02-02,17,219,0.0,219,0,0,11799,1003,75,150,52,30,3,49,1,0,1,0,0,0,0,0,48,2,4.0,1,1,0,0,0,144,4.46,1413.5
SP037,soap,2026-02-09,18,219,0.0,219,0,0,17469,1469,100,194,69,40,6,63,6,0,2,0,4,0,0,0,57,5,4.6,5,0,0,0,0,149,4.46,628.37
SP037,soap,2026-02-16,19,219,0.0,219,0,0,13802,1139,93,173,55,33,4,51,2,0,0,0,0,1,1,0,49,8,4.88,8,0,0,0,0,157,4.48,1216.03
SP037,soap,2026-02-23,20,219,0.0,219,0,0,13990,1231,97,161,63,36,6,57,2,0,0,1,1,0,0,0,55,7,4.71,7,0,0,0,0,164,4.49,1369.35
SP037,soap,2026-03-02,21,219,0.0,219,1,1,23444,1976,130,285,116,66,8,108,4,0,2,0,2,0,0,0,104,22,4.45,20,1,1,1,0,186,4.49,2645.38
SP037,soap,2026-03-09,22,219,0.0,219,0,0,15427,1316,101,203,70,41,5,65,1,0,0,0,0,0,1,0,64,6,4.33,4,2,0,0,0,192,4.48,1922.34
SP037,soap,2026-03-16,23,219,0.0,219,0,0,15153,1257,97,176,67,38,10,57,4,0,1,1,1,0,1,0,53,11,4.55,10,1,0,0,0,203,4.49,772.2
SP037,soap,2026-03-23,24,219,0.0,219,0,0,21658,1776,108,254,96,58,9,87,1,0,0,0,1,0,0,0,86,8,4.88,8,0,0,0,0,211,4.5,2584.49
SP037,soap,2026-03-30,25,219,0.0,219,0,0,13353,1078,75,146,48,25,5,43,3,0,1,1,0,0,1,0,40,6,4.33,5,1,0,0,0,217,4.5,663.04
SP037,soap,2026-04-06,26,219,0.0,219,0,0,11912,973,73,132,51,29,2,49,1,0,0,0,1,0,0,0,48,7,4.71,7,0,0,0,0,224,4.5,1443.5
SP037,soap,2026-04-13,27,219,0.0,219,0,0,12264,1039,62,135,40,28,1,39,1,0,0,0,0,0,1,0,38,5,4.2,5,0,0,0,0,229,4.5,1117.97
SP037,soap,2026-04-20,28,219,0.0,219,0,0,16762,1420,114,175,73,48,8,65,1,0,0,0,1,0,0,0,64,10,4.9,10,0,0,0,0,239,4.51,1832.34
SP037,soap,2026-04-27,29,219,0.0,219,0,0,17710,1551,107,225,84,51,4,80,5,0,0,2,1,2,0,0,75,8,4.62,7,1,0,0,0,247,4.52,1531.34
SP037,soap,2026-05-04,30,219,0.0,219,0,0,12810,1092,94,171,61,34,4,57,1,0,0,0,0,1,0,0,56,4,4.75,4,0,0,0,0,251,4.52,1667.92
SP037,soap,2026-05-11,31,219,0.0,219,0,0,14493,1293,94,190,68,42,4,64,1,0,0,0,1,0,0,0,63,10,4.5,9,1,0,0,0,261,4.52,1916.78
SP037,soap,2026-05-18,32,219,0.0,219,0,0,13144,1159,87,164,56,38,4,52,1,0,0,0,0,1,0,0,51,5,5.0,5,0,0,0,0,266,4.53,1490.15
SP037,soap,2026-05-25,33,219,0.0,219,0,0,14628,1302,92,174,72,32,5,67,1,0,0,0,1,0,0,0,66,10,4.5,9,1,0,0,0,276,4.53,1993.44
SP037,soap,2026-06-01,34,219,0.0,219,0,0,12278,1079,78,155,59,41,6,53,1,0,0,0,1,0,0,0,52,5,4.8,5,0,0,0,0,281,4.53,1465.71
SP037,soap,2026-06-08,35,219,0.0,219,0,0,10918,974,71,134,47,38,2,45,1,0,0,0,1,0,0,0,44,5,4.4,5,0,0,0,0,286,4.53,1301.29
SP037,soap,2026-06-15,36,219,0.0,219,0,0,12473,1068,67,137,62,43,7,55,1,0,0,0,1,0,0,0,54,8,4.5,7,1,0,0,0,294,4.53,1506.81
SP037,soap,2026-06-22,37,219,0.0,219,0,1,12348,1041,81,174,63,30,4,59,2,0,0,1,0,1,0,0,57,8,4.88,8,0,0,0,0,302,4.54,1500.45
SP037,soap,2026-06-29,38,219,0.0,219,0,0,10802,977,68,129,50,29,2,48,1,0,0,0,1,0,0,0,47,9,4.78,9,0,0,0,0,311,4.55,1407.94
SP037,soap,2026-07-06,39,219,0.0,219,0,0,11084,989,55,150,55,32,6,49,0,0,0,0,0,0,0,0,49,7,4.57,6,1,0,0,0,318,4.55,1562.07
SP037,soap,2026-07-13,40,219,0.0,219,0,0,13582,1218,86,161,47,27,6,41,2,0,0,1,1,0,0,0,39,4,4.25,4,0,0,0,0,322,4.54,800.51
SP037,soap,2026-07-20,41,219,0.0,219,0,0,15450,1358,87,213,81,52,8,73,0,0,0,0,0,0,0,0,73,13,4.54,13,0,0,0,0,335,4.54,2355.33
SP037,soap,2026-07-27,42,219,0.0,219,0,0,14164,1235,96,174,64,42,2,62,1,0,0,1,0,0,0,0,61,9,4.56,8,1,0,0,0,344,4.54,1905.68
SP037,soap,2026-08-03,43,219,0.0,219,0,0,15419,1412,94,203,66,42,9,57,0,0,0,0,0,0,0,0,57,9,4.44,9,0,0,0,0,353,4.54,1756.49
SP037,soap,2026-08-10,44,219,0.0,219,0,0,13739,1213,95,168,72,47,11,61,3,0,1,1,1,0,0,0,58,9,4.67,9,0,0,0,0,362,4.54,1122.98
SP037,soap,2026-08-17,45,219,0.0,219,0,0,14409,1285,81,204,82,51,8,74,2,0,0,0,1,0,1,0,72,14,4.71,14,0,0,0,0,376,4.55,1913.74
SP037,soap,2026-08-24,46,219,0.0,219,1,0,20723,1914,136,267,96,56,11,85,1,0,0,0,1,0,0,0,84,10,4.8,10,0,0,0,0,386,4.56,2453.38
SP037,soap,2026-08-31,47,219,0.0,219,0,0,18813,1673,117,260,79,57,12,67,2,0,0,1,1,0,0,0,65,9,4.67,9,0,0,0,0,395,4.56,1544.87
SP037,soap,2026-09-07,48,219,0.0,219,0,0,17380,1553,102,216,88,60,7,81,2,0,0,1,0,0,1,0,79,14,4.93,14,0,0,0,0,409,4.57,2192.6
SP037,soap,2026-09-14,49,219,0.0,219,0,0,13441,1177,93,162,58,34,6,52,2,0,0,1,0,0,1,0,50,5,4.2,4,0,1,0,1,414,4.57,1191.58
SP037,soap,2026-09-21,50,219,0.1,197,0,1,20719,2033,144,345,152,95,12,140,7,0,3,0,3,1,0,0,133,15,4.73,15,0,0,0,0,429,4.57,160.67
SP038,soap,2026-07-27,1,219,0.0,219,0,0,7803,208,17,22,6,2,0,6,0,0,0,0,0,0,0,0,6,1,3.0,0,1,0,0,0,1,3.0,577.12
SP038,soap,2026-08-03,2,219,0.0,219,0,0,5117,118,7,13,6,4,0,6,0,0,0,0,0,0,0,0,6,1,5.0,1,0,0,0,0,2,4.0,577.12
SP038,soap,2026-08-10,3,219,0.0,219,0,0,4772,137,16,19,4,4,0,4,0,0,0,0,0,0,0,0,4,0,,0,0,0,0,0,2,4.0,384.75
SP038,soap,2026-08-17,4,219,0.0,219,0,0,7165,206,12,30,12,9,1,11,0,0,0,0,0,0,0,0,11,1,4.0,1,0,0,0,0,3,4.0,1015.25
SP038,soap,2026-08-24,5,219,0.0,219,1,0,7126,206,22,16,5,5,0,5,0,0,0,0,0,0,0,0,5,0,,0,0,0,0,0,3,4.0,480.93
SP038,soap,2026-08-31,6,219,0.0,219,0,0,5083,163,12,23,10,8,0,10,0,0,0,0,0,0,0,0,10,2,4.5,2,0,0,0,0,5,4.2,961.87
SP038,soap,2026-09-07,7,219,0.0,219,0,0,5314,191,16,28,18,13,2,16,0,0,0,0,0,0,0,0,16,3,4.67,3,0,0,0,0,8,4.38,1453.38
SP038,soap,2026-09-14,8,219,0.0,219,0,0,11865,436,34,58,17,11,1,16,0,0,0,0,0,0,0,0,16,3,4.33,3,0,0,0,0,11,4.36,1496.19
SP038,soap,2026-09-21,9,219,0.0,219,0,1,11946,397,34,47,18,13,5,13,0,0,0,0,0,0,0,0,13,2,4.0,1,1,0,0,0,13,4.31,1036.41
SP039,soap,2026-06-01,1,219,0.0,219,0,0,9159,451,21,33,14,11,3,11,0,0,0,0,0,0,0,0,11,2,4.5,2,0,0,0,0,2,4.5,760.57
SP039,soap,2026-06-08,2,219,0.0,219,0,0,10870,610,30,56,13,7,2,11,1,0,0,0,1,0,0,0,10,3,3.67,1,2,0,0,0,5,4.0,562.08
SP039,soap,2026-06-15,3,219,0.0,219,0,0,5791,259,21,14,5,3,0,5,0,0,0,0,0,0,0,0,5,0,,0,0,0,0,0,5,4.0,400.38
SP039,soap,2026-06-22,4,219,0.1,197,0,1,8850,498,22,40,14,12,3,11,0,0,0,0,0,0,0,0,11,0,,0,0,0,0,0,5,4.0,530.09
SP039,soap,2026-06-29,5,219,0.0,219,0,0,5388,252,19,15,4,3,1,3,0,0,0,0,0,0,0,0,3,0,,0,0,0,0,0,5,4.0,200.14
SP039,soap,2026-07-06,6,219,0.0,219,0,0,5499,266,19,28,11,9,2,9,0,0,0,0,0,0,0,0,9,0,,0,0,0,0,0,5,4.0,640.5
SP039,soap,2026-07-13,7,219,0.0,219,0,0,6783,336,20,36,14,13,1,13,1,0,1,0,0,0,0,0,12,2,4.0,2,0,0,0,0,7,4.0,762.32
SP039,soap,2026-07-20,8,219,0.0,219,0,0,5053,250,18,18,8,4,0,8,0,0,0,0,0,0,0,0,8,1,5.0,1,0,0,0,0,8,4.12,640.6
SP039,soap,2026-07-27,9,219,0.0,219,0,0,7418,368,27,35,9,9,0,9,0,0,0,0,0,0,0,0,9,2,4.0,2,0,0,0,0,10,4.1,720.68
SP039,soap,2026-08-03,10,219,0.0,219,0,0,7473,425,31,37,12,8,1,11,0,0,0,0,0,0,0,0,11,0,,0,0,0,0,0,10,4.1,840.74
SP039,soap,2026-08-10,11,219,0.0,219,0,0,7676,383,20,34,10,9,3,7,0,0,0,0,0,0,0,0,7,2,5.0,2,0,0,0,0,12,4.25,440.27
SP039,soap,2026-08-17,12,219,0.0,219,0,0,7175,409,24,30,15,12,3,12,1,0,0,1,0,0,0,0,11,1,5.0,1,0,0,0,0,13,4.31,602.07
SP039,soap,2026-08-24,13,219,0.0,219,1,0,7842,433,18,36,12,6,1,11,1,0,0,0,1,0,0,0,10,0,,0,0,0,0,0,13,4.31,602.17
SP039,soap,2026-08-31,14,219,0.0,219,0,0,4846,293,14,26,11,10,1,10,0,0,0,0,0,0,0,0,10,4,4.0,3,0,1,0,1,17,4.24,760.67
SP039,soap,2026-09-07,15,219,0.0,219,0,0,11793,648,30,56,19,13,2,17,2,0,1,0,1,0,0,0,15,8,3.75,5,2,1,0,1,25,4.08,803.96
SP039,soap,2026-09-14,16,219,0.0,219,0,0,10987,633,38,59,25,18,1,24,0,0,0,0,0,0,0,0,24,0,,0,0,0,0,0,25,4.08,1881.72
SP039,soap,2026-09-21,17,219,0.1,197,0,1,9217,555,21,68,32,26,3,29,3,0,0,2,1,0,0,0,26,4,4.0,2,2,0,0,0,29,4.07,941.45
SP040,soap,2025-10-20,1,179,0.0,179,1,0,14257,362,16,16,4,3,0,4,2,0,1,0,1,0,0,0,2,1,2.0,0,0,1,1,0,1,2.0,-81.38
SP040,soap,2025-10-27,2,179,0.0,179,0,0,5854,90,4,7,3,2,0,3,0,0,0,0,0,0,0,0,3,0,,0,0,0,0,0,1,2.0,239.68
SP040,soap,2025-11-03,3,179,0.0,179,0,0,4246,61,0,3,0,0,0,0,0,0,0,0,0,0,0,0,0,0,,0,0,0,0,0,1,2.0,0.0
SP040,soap,2025-11-10,4,179,0.0,179,0,0,4486,49,0,0,0,0,0,0,0,0,0,0,0,0,0,0,0,0,,0,0,0,0,0,1,2.0,0.0
SP040,soap,2025-11-17,5,179,0.0,179,0,0,3436,49,4,3,1,0,0,1,0,0,0,0,0,0,0,0,1,0,,0,0,0,0,0,1,2.0,79.89
SP040,soap,2025-11-24,6,179,0.0,179,0,0,2904,36,2,1,0,0,0,0,0,0,0,0,0,0,0,0,0,0,,0,0,0,0,0,1,2.0,0.0
SP040,soap,2025-12-01,7,179,0.0,179,0,0,3762,62,3,6,3,1,0,3,0,0,0,0,0,0,0,0,3,0,,0,0,0,0,0,1,2.0,239.68
SP041,soap,2026-01-26,1,179,0.0,179,0,0,8567,146,7,6,0,0,0,0,0,0,0,0,0,0,0,0,0,0,,0,0,0,0,0,0,,0.0
SP041,soap,2026-02-02,2,179,0.0,179,0,0,4740,71,1,3,2,2,0,2,1,0,0,0,1,0,0,0,1,0,,0,0,0,0,0,0,,-83.45
SP041,soap,2026-02-09,3,179,0.0,179,0,0,3395,46,1,2,0,0,0,0,0,0,0,0,0,0,0,0,0,0,,0,0,0,0,0,0,,0.0
SP041,soap,2026-02-16,4,179,0.0,179,0,0,3481,48,8,2,0,0,0,0,0,0,0,0,0,0,0,0,0,0,,0,0,0,0,0,0,,0.0
SP041,soap,2026-02-23,5,179,0.0,179,0,0,2701,46,2,2,1,1,0,1,0,0,0,0,0,0,0,0,1,0,,0,0,0,0,0,0,,58.51
SP041,soap,2026-03-02,6,179,0.0,179,1,1,4295,56,1,4,0,0,0,0,0,0,0,0,0,0,0,0,0,0,,0,0,0,0,0,0,,0.0
SP041,soap,2026-03-09,7,179,0.0,179,0,0,2756,37,0,1,0,0,0,0,0,0,0,0,0,0,0,0,0,0,,0,0,0,0,0,0,,0.0
SP042,soap,2025-09-15,1,149,0.0,149,0,0,10354,379,9,40,18,12,3,15,1,0,0,0,1,0,0,0,14,2,4.0,1,1,0,0,0,2,4.0,671.01
SP042,soap,2025-09-22,2,149,0.1,134,1,1,18664,783,35,92,40,31,4,36,1,0,1,0,0,0,0,0,35,5,4.0,4,1,0,0,0,7,4.0,1447.09
SP042,soap,2025-09-29,3,149,0.0,149,1,1,25331,1045,36,104,36,24,7,29,3,0,1,1,1,0,0,0,26,4,4.0,3,1,0,0,0,11,4.0,1077.92
SP042,soap,2025-10-06,4,149,0.0,149,1,1,24868,1047,47,102,42,36,5,37,3,0,1,1,1,0,0,0,34,4,3.75,3,1,0,0,0,15,3.93,1635.47
SP042,soap,2025-10-13,5,189,0.0,189,1,0,9117,335,22,17,4,3,2,2,0,0,0,0,0,0,0,0,2,0,,0,0,0,0,0,15,3.93,140.58
SP042,soap,2025-10-20,6,189,0.0,189,1,0,9882,343,14,22,11,7,0,11,1,0,1,0,0,0,0,0,10,1,3.0,0,1,0,0,0,16,3.88,893.18
SP042,soap,2025-10-27,7,189,0.0,189,0,0,7222,257,18,18,2,0,0,2,0,0,0,0,0,0,0,0,2,0,,0,0,0,0,0,16,3.88,200.58
SP042,soap,2025-11-03,8,189,0.0,189,0,0,7975,276,12,26,6,4,0,6,0,0,0,0,0,0,0,0,6,2,4.0,2,0,0,0,0,18,3.89,601.74
SP042,soap,2025-11-10,9,189,0.0,189,0,0,7260,248,12,23,7,4,0,7,0,0,0,0,0,0,0,0,7,0,,0,0,0,0,0,18,3.89,702.03
SP042,soap,2025-11-17,10,189,0.0,189,0,0,6654,241,6,14,7,3,1,6,0,0,0,0,0,0,0,0,6,1,3.0,0,1,0,0,0,19,3.84,571.74
SP042,soap,2025-11-24,11,189,0.0,189,0,0,6424,228,16,21,9,6,1,8,3,0,2,0,0,0,1,0,5,1,4.0,1,0,0,0,0,20,3.85,142.32
SP042,soap,2025-12-01,12,189,0.0,189,0,0,6128,201,9,20,8,7,1,7,0,0,0,0,0,0,0,0,7,0,,0,0,0,0,0,20,3.85,672.03
SP042,soap,2025-12-08,13,189,0.0,189,0,0,6759,247,10,20,4,1,0,4,0,0,0,0,0,0,0,0,4,1,3.0,0,1,0,0,0,21,3.81,401.16
SP042,soap,2025-12-15,14,189,0.0,189,0,0,7111,216,13,16,4,3,0,4,0,0,0,0,0,0,0,0,4,1,3.0,0,1,0,0,0,22,3.77,401.16
SP042,soap,2025-12-22,15,189,0.0,189,0,0,6817,209,5,15,2,1,0,2,0,0,0,0,0,0,0,0,2,0,,0,0,0,0,0,22,3.77,200.58
SP042,soap,2025-12-29,16,189,0.0,189,0,0,6273,199,3,14,3,3,0,3,0,0,0,0,0,0,0,0,3,2,3.5,1,1,0,0,0,24,3.75,300.87
SP042,soap,2026-01-05,17,189,0.0,189,0,0,5768,180,3,19,7,4,1,6,1,0,1,0,0,0,0,0,5,1,5.0,1,0,0,0,0,25,3.8,361.74
SP042,soap,2026-01-12,18,189,0.2,151,0,1,7010,280,11,23,9,7,0,9,3,0,2,1,0,0,0,0,6,0,,0,0,0,0,0,25,3.8,55.46
SP042,soap,2026-01-19,19,189,0.0,189,0,0,7373,245,18,21,4,3,0,4,0,0,0,0,0,0,0,0,4,0,,0,0,0,0,0,25,3.8,401.16
SP042,soap,2026-01-26,20,189,0.0,189,0,0,6892,243,7,14,5,4,0,5,1,0,1,0,0,0,0,0,4,0,,0,0,0,0,0,25,3.8,291.45
SP042,soap,2026-02-02,21,189,0.0,189,0,0,6158,211,18,16,5,4,0,5,1,0,1,0,0,0,0,0,4,1,3.0,0,1,0,0,0,26,3.77,291.45
SP042,soap,2026-02-09,22,189,0.0,189,0,0,5553,207,9,15,7,5,1,6,0,0,0,0,0,0,0,0,6,0,,0,0,0,0,0,26,3.77,571.74
SP042,soap,2026-02-16,23,189,0.0,189,0,0,6151,211,9,21,8,6,1,7,0,0,0,0,0,0,0,0,7,0,,0,0,0,0,0,26,3.77,672.03
SP042,soap,2026-02-23,24,189,0.0,189,0,0,5568,208,2,20,9,2,1,8,0,0,0,0,0,0,0,0,8,2,5.0,2,0,0,0,0,28,3.86,772.32
SP042,soap,2026-03-02,25,189,0.1,170,1,1,11901,435,24,38,12,8,4,8,1,0,0,0,1,0,0,0,7,1,3.0,0,1,0,0,0,29,3.83,345.65
SP042,soap,2026-03-09,26,189,0.0,189,0,0,5145,170,9,16,3,2,1,2,0,0,0,0,0,0,0,0,2,0,,0,0,0,0,0,29,3.83,170.58
SP042,soap,2026-03-16,27,189,0.0,189,0,0,6769,235,11,14,7,4,0,7,0,0,0,0,0,0,0,0,7,1,4.0,1,0,0,0,0,30,3.83,702.03
SP042,soap,2026-03-23,28,189,0.0,189,0,0,10221,339,19,26,5,4,0,5,0,0,0,0,0,0,0,0,5,0,,0,0,0,0,0,30,3.83,501.45
SP042,soap,2026-03-30,29,189,0.0,189,0,0,6451,239,15,10,3,2,0,3,1,0,0,0,0,1,0,0,2,0,,0,0,0,0,0,30,3.83,90.87
SP042,soap,2026-04-06,30,189,0.0,189,0,0,5151,183,10,20,5,3,1,4,0,0,0,0,0,0,0,0,4,1,2.0,0,0,1,1,0,31,3.77,371.16
SP042,soap,2026-04-13,31,189,0.0,189,0,0,7215,288,8,21,8,8,1,7,1,0,1,0,0,0,0,0,6,1,4.0,1,0,0,0,0,32,3.78,462.03
SP042,soap,2026-04-20,32,189,0.0,189,0,0,4349,157,12,16,2,1,1,1,0,0,0,0,0,0,0,0,1,0,,0,0,0,0,0,32,3.78,70.29
SP042,soap,2026-04-27,33,189,0.0,189,0,0,4103,171,8,13,4,2,1,3,0,0,0,0,0,0,0,0,3,0,,0,0,0,0,0,32,3.78,270.87
SP042,soap,2026-05-04,34,189,0.0,189,0,0,5644,203,18,9,3,1,0,3,0,0,0,0,0,0,0,0,3,0,,0,0,0,0,0,32,3.78,300.87
SP042,soap,2026-05-11,35,189,0.0,189,0,0,5590,224,12,19,3,1,0,3,0,0,0,0,0,0,0,0,3,2,4.0,1,1,0,0,0,34,3.79,300.87
SP042,soap,2026-05-18,36,189,0.0,189,0,0,6096,198,11,13,6,5,0,6,0,0,0,0,0,0,0,0,6,1,5.0,1,0,0,0,0,35,3.83,601.74
SP042,soap,2026-05-25,37,189,0.0,189,0,0,4990,193,9,19,4,3,1,3,1,0,0,0,1,0,0,0,2,2,4.0,1,1,0,0,0,37,3.84,60.87
SP042,soap,2026-06-01,38,189,0.0,189,0,0,3919,142,8,10,3,3,2,1,0,0,0,0,0,0,0,0,1,0,,0,0,0,0,0,37,3.84,40.29
SP042,soap,2026-06-08,39,189,0.0,189,0,0,6882,228,8,13,5,2,0,5,0,0,0,0,0,0,0,0,5,1,5.0,1,0,0,0,0,38,3.87,501.45
SP042,soap,2026-06-15,40,189,0.0,189,0,0,4987,188,12,24,7,7,0,7,0,0,0,0,0,0,0,0,7,0,,0,0,0,0,0,38,3.87,702.03
SP042,soap,2026-06-22,41,189,0.0,189,0,1,7831,262,10,22,8,6,0,8,0,0,0,0,0,0,0,0,8,3,5.0,3,0,0,0,0,41,3.95,802.32
SP042,soap,2026-06-29,42,189,0.0,189,0,0,7191,264,13,17,10,4,0,10,0,0,0,0,0,0,0,0,10,2,4.5,2,0,0,0,0,43,3.98,1002.9
SP042,soap,2026-07-06,43,189,0.0,189,0,0,6968,258,15,17,8,8,1,7,1,0,1,0,0,0,0,0,6,0,,0,0,0,0,0,43,3.98,462.03
SP042,soap,2026-07-13,44,189,0.0,189,0,0,7481,290,19,23,8,4,1,7,0,0,0,0,0,0,0,0,7,0,,0,0,0,0,0,43,3.98,672.03
SP042,soap,2026-07-20,45,189,0.0,189,0,0,8506,328,17,24,8,4,0,8,1,0,0,1,0,0,0,0,7,1,5.0,1,0,0,0,0,44,4.0,592.32
SP042,soap,2026-07-27,46,189,0.0,189,0,0,7470,283,20,21,11,9,1,10,1,0,1,0,0,0,0,0,9,0,,0,0,0,0,0,44,4.0,762.9
SP042,soap,2026-08-03,47,189,0.0,189,0,0,8126,343,19,33,10,8,1,9,1,0,1,0,0,0,0,0,8,1,4.0,1,0,0,0,0,45,4.0,662.61
SP042,soap,2026-08-10,48,189,0.0,189,0,0,8450,345,17,28,13,9,0,13,1,0,1,0,0,0,0,0,12,1,4.0,1,0,0,0,0,46,4.0,1093.76
SP042,soap,2026-08-17,49,189,0.0,189,0,0,9446,349,16,32,11,8,1,10,3,0,1,0,2,0,0,0,7,1,1.0,0,0,1,1,0,47,3.94,342.9
SP042,soap,2026-08-24,50,189,0.0,189,1,0,10030,361,15,32,10,8,0,10,0,0,0,0,0,0,0,0,10,1,5.0,1,0,0,0,0,48,3.96,1002.9
SP042,soap,2026-08-31,51,189,0.0,189,0,0,6747,260,13,25,10,7,2,8,1,0,0,0,1,0,0,0,7,0,,0,0,0,0,0,48,3.96,532.32
SP042,soap,2026-09-07,52,189,0.0,189,0,0,5579,211,16,17,5,3,1,4,0,0,0,0,0,0,0,0,4,0,,0,0,0,0,0,48,3.96,371.16
SP042,soap,2026-09-14,53,189,0.0,189,0,0,8715,317,20,29,14,9,2,12,1,0,0,0,1,0,0,0,11,0,,0,0,0,0,0,48,3.96,933.47
SP042,soap,2026-09-21,54,189,0.1,170,0,1,9207,373,23,25,13,10,2,11,0,0,0,0,0,0,0,0,11,2,2.5,0,1,1,0,1,50,3.9,844.14
SP043,soap,2025-10-27,1,149,0.0,149,0,0,13537,736,38,98,45,27,7,38,2,0,1,0,1,0,0,0,36,7,4.86,7,0,0,0,0,7,4.86,682.01
SP043,soap,2025-11-03,2,149,0.0,149,0,0,32962,2534,138,372,173,122,21,152,2,0,0,1,0,1,0,0,150,22,4.27,18,4,0,0,0,29,4.41,3969.47
SP043,soap,2025-11-10,3,179,0.0,179,0,0,21247,1384,78,170,86,68,13,73,2,0,0,1,1,0,0,0,71,11,4.18,10,1,0,0,0,40,4.35,3668.84
SP043,soap,2025-11-17,4,179,0.0,179,0,0,27541,1799,90,245,104,72,11,93,3,0,1,2,0,0,0,0,90,14,4.36,13,1,0,0,0,54,4.35,4750.22
SP043,soap,2025-11-24,5,179,0.0,179,0,0,18011,1084,55,114,41,25,5,36,3,0,1,0,2,0,0,0,33,6,3.83,5,1,0,0,0,60,4.3,1447.92
SP043,soap,2025-12-01,6,179,0.0,179,0,0,23492,1460,78,196,90,73,8,82,3,0,0,1,2,0,0,0,79,8,4.0,6,1,1,0,1,68,4.26,4168.2
SP043,soap,2025-12-08,7,179,0.0,179,0,0,17272,1033,63,130,47,35,5,42,2,0,1,0,1,0,0,0,40,3,4.67,3,0,0,0,0,71,4.28,2014.95
SP043,soap,2025-12-15,8,179,0.0,179,0,0,14695,903,53,100,34,26,2,32,0,0,0,0,0,0,0,0,32,6,4.33,6,0,0,0,0,77,4.29,1894.98
SP043,soap,2025-12-22,9,179,0.0,179,0,0,12321,800,40,97,44,30,3,41,5,0,2,0,1,2,0,0,36,2,3.5,1,0,1,1,0,79,4.27,1412.43
SP043,soap,2025-12-29,10,179,0.0,179,0,0,15389,960,58,136,54,44,5,49,1,0,0,0,1,0,0,0,48,9,4.56,9,0,0,0,0,88,4.3,2643.08
SP043,soap,2026-01-05,11,179,0.0,179,0,0,12683,757,45,97,43,34,6,37,0,0,0,0,0,0,0,0,37,2,4.5,2,0,0,0,0,90,4.3,2080.44
SP043,soap,2026-01-12,12,179,0.1,161,0,1,14916,1023,68,159,68,48,8,60,1,0,0,0,1,0,0,0,59,7,4.57,7,0,0,0,0,97,4.32,2213.67
SP043,soap,2026-01-19,13,179,0.0,179,0,0,16037,1031,68,138,63,52,8,55,5,0,1,1,3,0,0,0,50,7,3.86,5,2,0,0,0,104,4.29,2117.73
SP043,soap,2026-01-26,14,179,0.0,179,0,0,15748,1004,57,131,48,31,3,45,2,0,1,1,0,0,0,0,43,8,4.38,8,0,0,0,0,112,4.29,2258.23
SP043,soap,2026-02-02,15,179,0.0,179,0,0,13565,844,57,124,49,37,5,44,0,0,0,0,0,0,0,0,44,6,4.33,5,1,0,0,0,118,4.3,2538.09
SP043,soap,2026-02-09,16,179,0.0,179,0,0,11241,701,34,93,38,31,6,32,2,0,0,0,2,0,0,0,30,1,5.0,1,0,0,0,0,119,4.3,1374.02
SP043,soap,2026-02-16,17,179,0.0,179,0,0,14116,867,53,98,36,29,1,35,1,0,0,0,0,1,0,0,34,8,4.5,7,1,0,0,0,127,4.31,1907.78
SP043,soap,2026-02-23,18,179,0.0,179,0,0,9851,624,25,75,28,21,2,26,0,0,0,0,0,0,0,0,26,3,4.0,2,1,0,0,0,130,4.31,1528.42
SP043,soap,2026-03-02,19,179,0.2,143,1,1,19375,1425,78,216,114,76,16,98,5,0,1,2,1,1,0,0,93,19,4.11,15,4,0,0,0,149,4.28,1316.16
SP043,soap,2026-03-09,20,179,0.0,179,0,0,11745,719,57,98,47,37,4,43,3,0,0,0,2,0,1,0,40,6,4.5,6,0,0,0,0,155,4.29,1905.57
SP043,soap,2026-03-16,21,179,0.0,179,0,0,17438,1101,71,160,58,45,8,50,4,0,0,3,1,0,0,0,46,3,4.67,3,0,0,0,0,158,4.3,2012.74
SP043,soap,2026-03-23,22,179,0.0,179,0,0,15354,937,61,123,48,37,4,44,1,0,0,1,0,0,0,0,43,8,4.12,6,2,0,0,0,166,4.29,2367.62
SP043,soap,2026-03-30,23,179,0.0,179,0,0,15435,933,47,122,56,41,9,47,3,0,1,1,1,0,0,0,44,8,3.88,5,2,1,0,1,174,4.27,1999.94
SP043,soap,2026-04-06,24,179,0.0,179,0,0,14453,869,56,121,49,41,4,45,0,0,0,0,0,0,0,0,45,6,4.67,6,0,0,0,0,180,4.28,2629.18
SP043,soap,2026-04-13,25,179,0.0,179,0,0,14785,913,51,130,50,31,5,45,1,0,0,1,0,0,0,0,44,3,4.67,3,0,0,0,0,183,4.29,2398.71
SP043,soap,2026-04-20,26,179,0.0,179,0,0,14618,876,57,133,57,44,4,53,0,0,0,0,0,0,0,0,53,6,4.5,6,0,0,0,0,189,4.3,3117.93
SP043,soap,2026-04-27,27,179,0.0,179,0,0,14568,941,60,135,57,43,6,51,1,0,1,0,0,0,0,0,50,10,4.4,10,0,0,0,0,199,4.3,2735.27
SP043,soap,2026-05-04,28,179,0.0,179,0,0,14887,972,67,143,66,50,5,61,4,0,1,0,2,1,0,0,57,9,4.44,8,1,0,0,0,208,4.31,2774.77
SP043,soap,2026-05-11,29,179,0.0,179,0,0,16787,1041,63,167,76,52,11,65,7,0,0,0,4,3,0,0,58,7,4.0,5,1,1,0,1,215,4.3,2237.71
SP043,soap,2026-05-18,30,179,0.0,179,0,0,16375,1020,50,122,53,42,5,48,0,0,0,0,0,0,0,0,48,8,3.88,6,2,0,0,0,223,4.28,2782.46
SP043,soap,2026-05-25,31,179,0.0,179,0,0,13064,820,52,87,37,25,4,33,3,0,1,0,2,0,0,0,30,5,3.6,3,2,0,0,0,228,4.27,1294.64
SP043,soap,2026-06-01,32,179,0.0,179,0,0,11705,732,50,108,43,33,6,37,0,0,0,0,0,0,0,0,37,4,4.75,4,0,0,0,0,232,4.28,2080.44
SP043,soap,2026-06-08,33,179,0.0,179,0,0,12026,736,43,100,38,32,6,32,1,0,0,1,0,0,0,0,31,3,4.67,3,0,0,0,0,235,4.28,1574.5
SP043,soap,2026-06-15,34,179,0.0,179,0,0,11513,712,47,106,50,38,4,46,0,0,0,0,0,0,0,0,46,8,4.12,7,1,0,0,0,243,4.28,2690.28
SP043,soap,2026-06-22,35,179,0.1,161,0,1,15724,1019,61,159,68,57,6,62,4,0,0,0,2,1,1,0,58,5,4.0,3,1,1,0,1,248,4.27,1811.58
SP043,soap,2026-06-29,36,179,0.0,179,0,0,15235,945,52,115,54,39,2,52,4,0,2,0,2,0,0,0,48,8,4.5,7,1,0,0,0,256,4.28,2314.93
SP043,soap,2026-07-06,37,179,0.0,179,0,0,12538,768,43,108,43,35,3,40,0,0,0,0,0,0,0,0,40,5,4.2,3,2,0,0,0,261,4.28,2353.72
SP043,soap,2026-07-13,38,179,0.0,179,0,0,12128,775,51,98,47,31,3,44,1,0,0,0,1,0,0,0,43,6,4.17,5,1,0,0,0,267,4.27,2397.62
SP043,soap,2026-07-20,39,179,0.0,179,0,0,13799,856,55,107,43,29,5,38,2,0,0,0,1,0,1,0,36,3,3.67,2,1,0,0,0,270,4.27,1770.58
SP043,soap,2026-07-27,40,179,0.0,179,0,0,11197,716,41,89,38,33,5,33,2,0,0,0,0,1,1,0,31,10,4.7,10,0,0,0,0,280,4.28,1465.12
SP043,soap,2026-08-03,41,179,0.0,179,0,0,11421,735,29,100,40,29,6,34,1,0,0,0,1,0,0,0,33,6,4.67,6,0,0,0,0,286,4.29,1696.69
SP043,soap,2026-08-10,42,179,0.0,179,0,0,13430,838,48,122,43,30,2,41,0,0,0,0,0,0,0,0,41,7,4.29,5,2,0,0,0,293,4.29,2444.81
SP043,soap,2026-08-17,43,179,0.0,179,0,0,13320,896,59,108,41,29,7,34,2,0,1,0,1,0,0,0,32,6,4.0,4,1,1,0,1,299,4.28,1466.21
SP043,soap,2026-08-24,44,179,0.0,179,1,0,18066,1147,62,157,74,51,8,66,5,0,1,0,2,1,1,0,61,12,4.17,9,2,1,0,1,311,4.28,2789.76
SP043,soap,2026-08-31,45,179,0.0,179,0,0,14886,922,57,134,57,42,4,53,1,0,0,0,1,0,0,0,52,6,4.33,6,0,0,0,0,317,4.28,2917.45
SP043,soap,2026-09-07,46,179,0.0,179,0,0,17027,1086,46,137,57,38,4,53,7,0,2,0,2,3,0,0,46,4,4.0,3,0,1,0,1,321,4.28,1714.6
SP043,soap,2026-09-14,47,179,0.0,179,0,0,13943,865,66,117,58,44,4,54,2,0,0,1,1,0,0,0,52,8,3.88,5,3,0,0,0,329,4.27,2778.07
SP043,soap,2026-09-21,48,179,0.2,143,0,1,17547,1350,84,239,126,97,10,116,7,0,2,2,3,0,0,0,109,17,3.82,11,5,1,0,1,346,4.25,1646.31
SP044,soap,2026-04-20,1,149,0.0,149,0,0,5751,316,16,26,6,5,1,5,0,0,0,0,0,0,0,0,5,1,4.0,1,0,0,0,0,1,4.0,206.05
SP044,soap,2026-04-27,2,149,0.0,149,0,0,8565,570,24,51,24,12,2,22,4,0,1,3,0,0,0,0,18,3,3.67,2,1,0,0,0,4,3.75,291.0
SP044,soap,2026-05-04,3,149,0.0,149,0,0,9429,492,16,40,19,14,1,18,1,0,1,0,0,0,0,0,17,4,4.0,3,1,0,0,0,8,3.88,647.88
SP044,soap,2026-05-11,4,149,0.0,149,0,0,8781,523,21,58,24,15,2,22,4,0,0,0,3,1,0,0,18,1,2.0,0,0,1,1,0,9,3.67,291.0
SP044,soap,2026-05-18,5,149,0.0,149,0,0,5401,323,14,26,9,6,2,7,1,0,0,0,0,0,1,0,6,2,4.0,2,0,0,0,0,11,3.73,98.57
SP044,soap,2026-05-25,6,149,0.0,149,0,0,6590,357,18,24,11,9,2,9,0,0,0,0,0,0,0,0,9,0,,0,0,0,0,0,11,3.73,364.89
SP044,soap,2026-06-01,7,149,0.0,149,0,0,5701,341,13,20,5,3,1,4,0,0,0,0,0,0,0,0,4,0,,0,0,0,0,0,11,3.73,158.84
SP044,soap,2026-06-08,8,149,0.0,149,0,0,5615,291,9,30,13,10,1,12,1,0,1,0,0,0,0,0,11,2,3.5,1,1,0,0,0,13,3.69,364.62
SP044,soap,2026-06-15,9,149,0.0,149,0,0,5539,294,8,28,17,15,0,17,3,0,0,1,1,1,0,0,14,2,4.0,2,0,0,0,0,15,3.73,286.86
SP044,soap,2026-06-22,10,149,0.0,149,0,1,9312,530,20,32,15,13,1,14,4,0,1,1,1,0,1,0,10,4,3.0,1,1,2,1,1,19,3.58,-56.68
SP044,soap,2026-06-29,11,149,0.0,149,0,0,6129,339,14,26,13,6,0,13,0,0,0,0,0,0,0,0,13,2,2.5,0,1,1,0,1,21,3.48,613.73
SP044,soap,2026-07-06,12,149,0.0,149,0,0,5600,295,12,24,10,5,1,9,0,0,0,0,0,0,0,0,9,0,,0,0,0,0,0,21,3.48,394.89
SP044,soap,2026-07-13,13,149,0.0,149,0,0,8093,436,17,32,15,7,2,13,1,0,0,1,0,0,0,0,12,1,4.0,1,0,0,0,0,22,3.5,381.83
SP044,soap,2026-07-20,14,149,0.0,149,0,0,6244,374,18,28,9,5,0,9,2,0,0,2,0,0,0,0,7,2,4.0,1,1,0,0,0,24,3.54,81.08
SP044,soap,2026-07-27,15,149,0.0,149,0,0,6590,329,21,33,14,11,2,12,0,0,0,0,0,0,0,0,12,2,4.0,2,0,0,0,0,26,3.58,506.52
SP044,soap,2026-08-03,16,149,0.0,149,0,0,8045,466,15,47,28,15,1,27,4,0,2,0,1,1,0,0,23,6,3.83,4,2,0,0,0,32,3.62,557.05
SP044,soap,2026-08-10,17,149,0.0,149,0,0,5545,337,11,29,13,12,1,12,0,0,0,0,0,0,0,0,12,1,3.0,0,1,0,0,0,33,3.61,536.52
SP044,soap,2026-08-17,18,149,0.0,149,0,0,10578,646,29,51,20,14,3,17,1,0,0,1,0,0,0,0,16,2,3.0,0,2,0,0,0,35,3.57,540.67
SP044,soap,2026-08-24,19,149,0.0,149,1,0,9326,552,30,42,19,15,1,18,1,0,1,0,0,0,0,0,17,4,3.0,1,2,1,0,1,39,3.51,647.88
SP044,soap,2026-08-31,20,149,0.0,149,0,0,6916,424,9,36,21,14,3,18,3,0,1,1,1,0,0,0,15,4,3.25,1,3,0,0,0,43,3.49,244.07
SP044,soap,2026-09-07,21,149,0.0,149,0,0,11341,680,32,54,17,9,1,16,2,0,0,1,1,0,0,0,14,2,4.0,2,0,0,0,0,45,3.51,381.55
SP044,soap,2026-09-14,22,149,0.0,149,0,0,8640,498,23,61,33,21,4,29,2,0,0,2,0,0,0,0,27,6,3.5,3,3,0,0,0,51,3.51,905.28
SP044,soap,2026-09-21,23,149,0.0,149,0,1,12568,759,26,61,26,16,4,22,2,0,1,0,1,0,0,0,20,2,5.0,2,0,0,0,0,53,3.57,574.81
SP045,soap,2026-05-18,1,159,0.0,159,0,0,7130,252,8,15,9,6,0,9,4,0,3,0,1,0,0,0,5,2,2.5,0,1,1,0,1,2,2.5,-195.21
SP045,soap,2026-05-25,2,159,0.0,159,0,0,7388,176,3,18,5,4,1,4,0,0,0,0,0,0,0,0,4,1,4.0,1,0,0,0,0,3,3.0,205.78
SP045,soap,2026-06-01,3,159,0.0,159,0,0,4776,154,9,15,4,3,0,4,1,0,0,0,1,0,0,0,3,0,,0,0,0,0,0,3,3.0,54.35
SP045,soap,2026-06-08,4,159,0.0,159,0,0,3916,120,2,6,4,3,0,4,2,0,0,0,1,0,1,0,2,1,2.0,0,0,1,0,1,4,2.75,-127.08
SP045,soap,2026-06-15,5,159,0.0,159,0,0,3373,92,2,4,1,1,0,1,0,0,0,0,0,0,0,0,1,0,,0,0,0,0,0,4,2.75,58.94
SP045,soap,2026-06-22,6,159,0.1,143,0,1,4051,87,0,6,3,1,1,2,0,0,0,0,0,0,0,0,2,1,3.0,0,1,0,0,0,5,2.8,57.41
SP045,soap,2026-06-29,7,159,0.0,159,0,0,3199,78,0,4,1,1,0,1,0,0,0,0,0,0,0,0,1,0,,0,0,0,0,0,5,2.8,58.94
SP045,soap,2026-07-06,8,159,0.0,159,0,0,3100,65,4,4,1,1,0,1,0,0,0,0,0,0,0,0,1,0,,0,0,0,0,0,5,2.8,58.94
SP045,soap,2026-07-13,9,159,0.0,159,0,0,2965,85,6,3,1,1,0,1,0,0,0,0,0,0,0,0,1,0,,0,0,0,0,0,5,2.8,58.94
SP045,soap,2026-07-20,10,159,0.0,159,0,0,2295,60,1,1,0,0,0,0,0,0,0,0,0,0,0,0,0,0,,0,0,0,0,0,5,2.8,0.0
SP045,soap,2026-07-27,11,159,0.0,159,0,0,2949,68,2,4,1,1,0,1,0,0,0,0,0,0,0,0,1,0,,0,0,0,0,0,5,2.8,58.94
SP045,soap,2026-08-03,12,159,0.0,159,0,0,2687,74,2,4,1,1,1,0,0,0,0,0,0,0,0,0,0,0,,0,0,0,0,0,5,2.8,-30.0
SP045,soap,2026-08-10,13,159,0.0,159,0,0,2479,70,3,4,2,2,1,1,0,0,0,0,0,0,0,0,1,0,,0,0,0,0,0,5,2.8,28.94
SP045,soap,2026-08-17,14,159,0.0,159,0,0,2602,68,2,1,0,0,0,0,0,0,0,0,0,0,0,0,0,0,,0,0,0,0,0,5,2.8,0.0
SP045,soap,2026-08-24,15,159,0.0,159,1,0,3429,102,6,5,3,3,0,3,0,0,0,0,0,0,0,0,3,1,3.0,0,1,0,0,0,6,2.83,176.83
SP045,soap,2026-08-31,16,159,0.0,159,0,0,2990,70,2,2,1,1,0,1,0,0,0,0,0,0,0,0,1,1,3.0,0,1,0,0,0,7,2.86,58.94
SP045,soap,2026-09-07,17,159,0.0,159,0,0,2734,95,4,8,0,0,0,0,0,0,0,0,0,0,0,0,0,0,,0,0,0,0,0,7,2.86,0.0
SP046,soap,2026-04-13,1,149,0.0,149,0,0,6519,387,23,44,18,8,2,16,1,0,0,0,1,0,0,0,15,2,4.0,2,0,0,0,0,2,4.0,199.01
SP046,soap,2026-04-20,2,149,0.0,149,0,0,13086,778,34,88,47,30,4,43,3,0,3,0,0,0,0,0,40,10,4.1,7,3,0,0,0,12,4.08,522.38
SP046,soap,2026-04-27,3,149,0.0,149,0,0,11433,808,36,103,46,23,4,42,2,0,0,1,0,0,1,0,40,3,3.67,1,2,0,0,0,15,4.0,667.35
SP046,soap,2026-05-04,4,199,0.0,199,0,0,13176,662,36,75,26,12,3,23,1,0,1,0,0,0,0,0,22,3,5.0,3,0,0,0,0,18,4.17,1405.16
SP046,soap,2026-05-11,5,199,0.0,199,0,0,7836,411,17,29,8,6,0,8,1,0,1,0,0,0,0,0,7,2,5.0,2,0,0,0,0,20,4.25,376.89
SP046,soap,2026-05-18,6,199,0.0,199,0,0,9601,523,25,57,19,9,1,18,3,0,0,0,2,1,0,0,15,4,3.5,2,1,1,0,1,24,4.12,653.35
SP046,soap,2026-05-25,7,199,0.0,199,0,0,8219,449,24,37,15,11,2,13,0,0,0,0,0,0,0,0,13,2,4.0,1,1,0,0,0,26,4.12,909.17
SP046,soap,2026-06-01,8,199,0.0,199,0,0,8126,470,22,46,18,12,2,16,0,0,0,0,0,0,0,0,16,2,4.0,2,0,0,0,0,28,4.11,1132.82
SP046,soap,2026-06-08,9,199,0.0,199,0,0,8201,470,18,41,14,10,1,13,2,0,0,0,2,0,0,0,11,0,,0,0,0,0,0,28,4.11,500.12
SP046,soap,2026-06-15,10,199,0.0,199,0,0,6800,376,24,32,10,6,1,9,0,0,0,0,0,0,0,0,9,2,4.5,2,0,0,0,0,30,4.13,640.96
SP046,soap,2026-06-22,11,199,0.0,199,0,1,10020,566,35,55,25,14,2,23,2,0,0,1,1,0,0,0,21,1,5.0,1,0,0,0,0,31,4.16,1215.64
SP046,soap,2026-06-29,12,199,0.0,199,0,0,7882,405,28,46,13,9,1,12,3,0,0,1,1,1,0,0,9,0,,0,0,0,0,0,31,4.16,206.05
SP046,soap,2026-07-06,13,199,0.0,199,0,0,8163,461,30,42,12,10,1,11,0,0,0,0,0,0,0,0,11,4,4.5,4,0,0,0,0,35,4.2,790.07
SP046,soap,2026-07-13,14,199,0.0,199,0,0,10735,651,29,52,18,12,2,16,1,0,1,0,0,0,0,0,15,1,5.0,1,0,0,0,0,36,4.22,913.3
SP046,soap,2026-07-20,15,199,0.0,199,0,0,8869,538,32,46,17,8,1,16,0,0,0,0,0,0,0,0,16,5,3.6,3,2,0,0,0,41,4.15,1162.82
SP046,soap,2026-07-27,16,199,0.0,199,0,0,8562,509,27,50,21,13,3,18,1,0,1,0,0,0,0,0,17,2,3.5,1,1,0,0,0,43,4.12,1032.4
SP046,soap,2026-08-03,17,199,0.0,199,0,0,9444,525,29,50,15,13,4,11,0,0,0,0,0,0,0,0,11,0,,0,0,0,0,0,43,4.12,700.07
SP046,soap,2026-08-10,18,199,0.0,199,0,0,7657,402,25,35,11,8,1,10,1,0,0,0,0,1,0,0,9,1,3.0,0,1,0,0,0,44,4.09,495.99
SP046,soap,2026-08-17,19,199,0.0,199,0,0,7759,416,20,41,17,7,0,17,1,0,0,1,0,0,0,0,16,3,4.0,3,0,0,0,0,47,4.09,1047.85
SP046,soap,2026-08-24,20,199,0.0,199,1,0,12072,704,43,76,26,19,1,25,0,0,0,0,0,0,0,0,25,3,3.67,2,1,0,0,0,50,4.06,1833.79
SP046,soap,2026-08-31,21,199,0.0,199,0,0,10727,617,36,67,21,15,1,20,1,0,0,0,1,0,0,0,19,4,3.0,1,2,1,0,1,54,3.98,1241.5
SP046,soap,2026-09-07,22,199,0.0,199,0,0,14052,781,41,68,22,16,5,17,0,0,0,0,0,0,0,0,17,3,4.0,2,1,0,0,0,57,3.98,1117.37
SP046,soap,2026-09-14,23,199,0.0,199,0,0,11171,617,41,65,27,15,1,26,2,0,1,0,1,0,0,0,24,6,4.33,6,0,0,0,0,63,4.02,1469.29
SP046,soap,2026-09-21,24,199,0.15,169,0,1,10893,705,38,88,36,16,4,32,0,0,0,0,0,0,0,0,32,5,4.0,4,0,1,0,1,68,4.01,1351.36
SP047,soap,2026-06-08,1,159,0.0,159,0,0,6991,508,21,56,31,17,3,28,0,0,0,0,0,0,0,0,28,4,4.5,4,0,0,0,0,4,4.5,563.79
SP047,soap,2026-06-15,2,159,0.0,159,0,0,14171,1359,61,135,58,40,7,51,4,0,0,0,3,1,0,0,47,9,3.89,5,4,0,0,0,13,4.08,232.93
SP047,soap,2026-06-22,3,159,0.0,159,0,1,22945,1925,95,234,113,66,9,104,6,0,1,0,4,1,0,0,98,16,4.06,11,5,0,0,0,29,4.07,1100.76
SP047,soap,2026-06-29,4,189,0.0,189,0,0,16364,1319,84,106,26,16,3,23,3,0,0,0,3,0,0,0,20,0,,0,0,0,0,0,29,4.07,466.45
SP047,soap,2026-07-06,5,189,0.0,189,0,0,10388,780,46,74,29,17,4,25,2,0,1,1,0,0,0,0,23,2,4.0,1,1,0,0,0,31,4.06,738.94
SP047,soap,2026-07-13,6,189,0.0,189,0,0,11515,881,33,80,32,18,3,29,0,0,0,0,0,0,0,0,29,4,4.0,3,1,0,0,0,35,4.06,1417.26
SP047,soap,2026-07-20,7,189,0.0,189,0,0,12718,1030,52,100,38,24,4,34,4,0,1,1,2,0,0,0,30,5,3.6,2,3,0,0,0,40,4.0,800.16
SP047,soap,2026-07-27,8,189,0.0,189,0,0,11979,909,58,98,35,25,5,30,4,0,0,1,2,1,0,0,26,4,4.25,4,0,0,0,0,44,4.02,541.83
SP047,soap,2026-08-03,9,189,0.0,189,0,0,9005,707,44,67,26,16,2,24,4,0,2,1,0,1,0,0,20,6,4.0,5,1,0,0,0,50,4.02,354.36
SP047,soap,2026-08-10,10,189,0.0,189,0,0,12862,1012,43,95,41,25,4,37,2,0,1,0,0,1,0,0,35,5,3.8,3,1,1,0,1,55,4.0,1380.57
SP047,soap,2026-08-17,11,189,0.0,189,0,0,11702,869,57,97,46,34,6,40,2,0,2,0,0,0,0,0,38,7,4.0,5,1,1,0,1,62,4.0,1452.08
SP047,soap,2026-08-24,12,189,0.0,189,1,0,12510,1001,47,103,45,32,4,41,2,0,0,0,0,2,0,0,39,7,4.14,6,1,0,0,0,69,4.01,1594.44
SP047,soap,2026-08-31,13,189,0.0,189,0,0,14182,1110,55,124,46,30,3,43,4,0,1,3,0,0,0,0,39,5,3.6,3,1,1,0,1,74,3.99,1325.83
SP047,soap,2026-09-07,14,189,0.0,189,0,0,11746,887,43,87,32,25,1,31,1,0,0,0,1,0,0,0,30,0,,0,0,0,0,0,74,3.99,1403.1
SP047,soap,2026-09-14,15,189,0.0,189,0,0,15468,1150,63,121,52,38,7,45,5,0,1,1,2,0,1,0,40,5,3.6,3,1,1,0,1,79,3.96,1044.97
SP047,soap,2026-09-21,16,189,0.0,189,0,1,12409,917,45,83,32,23,2,30,1,0,0,0,1,0,0,0,29,5,4.4,4,1,0,0,0,84,3.99,1305.18
SP048,soap,2026-06-01,1,169,0.0,169,0,0,8151,348,12,25,10,7,1,9,0,0,0,0,0,0,0,0,9,1,3.0,0,1,0,0,0,1,3.0,669.58
SP048,soap,2026-06-08,2,169,0.0,169,0,0,6965,241,17,18,5,4,0,5,0,0,0,0,0,0,0,0,5,0,,0,0,0,0,0,1,3.0,388.66
SP048,soap,2026-06-15,3,169,0.0,169,0,0,5204,189,7,19,10,6,2,8,1,0,0,1,0,0,0,0,7,1,4.0,1,0,0,0,0,2,3.5,370.9
SP048,soap,2026-06-22,4,169,0.0,169,0,1,9701,348,22,22,7,2,0,7,0,0,0,0,0,0,0,0,7,1,3.0,0,1,0,0,0,3,3.33,544.12
SP048,soap,2026-06-29,5,169,0.0,169,0,0,3742,159,6,14,5,2,1,4,0,0,0,0,0,0,0,0,4,1,2.0,0,0,1,1,0,4,3.0,280.93
SP048,soap,2026-07-06,6,169,0.0,169,0,0,4788,167,10,10,5,4,1,4,0,0,0,0,0,0,0,0,4,0,,0,0,0,0,0,4,3.0,280.93
SP048,soap,2026-07-13,7,169,0.0,169,0,0,3953,143,6,23,13,3,1,12,1,0,1,0,0,0,0,0,11,6,3.33,3,2,1,0,1,10,3.2,711.83
SP048,soap,2026-07-20,8,169,0.0,169,0,0,7035,259,11,11,4,3,0,4,1,0,0,0,0,1,0,0,3,2,3.0,0,2,0,0,0,12,3.17,119.97
SP048,soap,2026-07-27,9,169,0.0,169,0,0,5488,203,6,10,4,2,0,4,0,0,0,0,0,0,0,0,4,1,5.0,1,0,0,0,0,13,3.31,310.93
SP048,soap,2026-08-03,10,169,0.0,169,0,0,7873,290,8,28,11,6,1,10,1,0,0,0,1,0,0,0,9,1,4.0,1,0,0,0,0,14,3.36,556.36
SP048,soap,2026-08-10,11,169,0.0,169,0,0,6602,225,8,20,7,6,1,6,0,0,0,0,0,0,0,0,6,2,3.5,1,1,0,0,0,16,3.38,436.39
SP048,soap,2026-08-17,12,169,0.0,169,0,0,5275,200,8,19,7,5,0,7,2,0,0,0,1,1,0,0,5,1,4.0,1,0,0,0,0,17,3.41,162.22
SP048,soap,2026-08-24,13,169,0.0,169,1,0,5412,209,12,15,5,3,0,5,2,0,0,0,1,0,1,0,3,1,2.0,0,0,1,1,0,18,3.33,6.75
SP048,soap,2026-08-31,14,169,0.0,169,0,0,5022,184,11,14,6,4,2,4,1,0,0,0,1,0,0,0,3,0,,0,0,0,0,0,18,3.33,59.97
SP048,soap,2026-09-07,15,169,0.0,169,0,0,6069,230,14,15,9,6,1,8,1,0,0,0,1,0,0,0,7,1,3.0,0,1,0,0,0,19,3.32,400.9
SP048,soap,2026-09-14,16,169,0.0,169,0,0,5832,228,11,18,10,8,2,8,2,0,0,1,0,1,0,0,6,0,,0,0,0,0,0,19,3.32,179.95
SP048,soap,2026-09-21,17,169,0.0,169,0,1,6852,272,11,21,6,5,1,5,1,0,0,0,1,0,0,0,4,1,2.0,0,0,1,0,1,20,3.25,167.71
SP049,soap,2026-04-06,1,159,0.0,159,0,0,8721,374,6,33,17,9,0,17,2,0,0,1,1,0,0,0,15,1,1.0,0,0,1,1,0,1,1.0,234.46
SP049,soap,2026-04-13,2,159,0.0,159,0,0,13936,221,10,15,6,1,0,6,1,0,0,1,0,0,0,0,5,2,3.5,1,1,0,0,0,3,2.67,29.39
SP049,soap,2026-04-20,3,159,0.0,159,0,0,5726,155,11,14,4,2,0,4,0,0,0,0,0,0,0,0,4,2,2.5,0,1,1,1,0,5,2.6,140.54
SP049,soap,2026-04-27,4,159,0.0,159,0,0,5916,150,7,13,7,4,1,6,1,0,0,0,0,0,1,0,5,0,,0,0,0,0,0,5,2.6,-0.61
SP049,soap,2026-05-04,5,159,0.0,159,0,0,4027,100,4,6,4,4,0,4,0,0,0,0,0,0,0,0,4,2,3.5,1,1,0,0,0,7,2.86,140.54
SP049,soap,2026-05-11,6,159,0.0,159,0,0,3874,114,3,13,4,1,0,4,1,0,1,0,0,0,0,0,3,1,3.0,0,1,0,0,0,8,2.88,-40.88
SP049,soap,2026-05-18,7,159,0.0,159,0,0,2453,73,3,5,3,2,0,3,2,0,0,1,1,0,0,0,1,1,3.0,0,1,0,0,0,9,2.89,-257.45
SP049,soap,2026-05-25,8,159,0.0,159,0,0,3599,106,4,6,1,1,0,1,1,0,0,1,0,0,0,0,0,0,,0,0,0,0,0,9,2.89,-146.29
SP049,soap,2026-06-01,9,159,0.0,159,0,0,3684,104,7,10,3,2,1,2,0,0,0,0,0,0,0,0,2,1,4.0,1,0,0,0,0,10,3.0,40.27
SP049,soap,2026-06-08,10,159,0.0,159,0,0,3634,94,2,5,4,2,1,3,0,0,0,0,0,0,0,0,3,1,4.0,1,0,0,0,0,11,3.09,75.41
SP049,soap,2026-06-15,11,159,0.0,159,0,0,3504,95,6,4,4,3,1,3,0,0,0,0,0,0,0,0,3,1,3.0,0,1,0,0,0,12,3.08,75.41
SP049,soap,2026-06-22,12,159,0.1,143,0,1,5612,176,4,10,7,4,0,7,0,0,0,0,0,0,0,0,7,2,3.5,1,0,1,0,1,14,3.14,139.29
SP049,soap,2026-06-29,13,159,0.0,159,0,0,4250,127,6,12,6,4,0,6,1,0,1,0,0,0,0,0,5,1,4.0,1,0,0,0,0,15,3.2,29.39
SP049,soap,2026-07-06,14,159,0.0,159,0,0,3991,137,5,13,5,2,0,5,1,0,0,0,1,0,0,0,4,0,,0,0,0,0,0,15,3.2,-5.75
SP049,soap,2026-07-13,15,159,0.0,159,0,0,4841,141,5,12,1,1,0,1,0,0,0,0,0,0,0,0,1,0,,0,0,0,0,0,15,3.2,35.14
SP049,soap,2026-07-20,16,159,0.0,159,0,0,4344,133,5,7,3,3,0,3,1,0,0,0,1,0,0,0,2,1,4.0,1,0,0,0,0,16,3.25,-76.02
SP049,soap,2026-07-27,17,159,0.0,159,0,0,4732,160,6,11,4,2,1,3,1,0,1,0,0,0,0,0,2,2,3.5,1,1,0,0,0,18,3.28,-106.02
SP049,soap,2026-08-03,18,159,0.0,159,0,0,5103,164,5,11,5,3,0,5,1,0,1,0,0,0,0,0,4,1,4.0,1,0,0,0,0,19,3.32,-5.75
SP049,soap,2026-08-10,19,159,0.0,159,0,0,4830,181,9,15,6,4,0,6,0,0,0,0,0,0,0,0,6,2,4.0,2,0,0,0,0,21,3.38,210.82
SP049,soap,2026-08-17,20,159,0.0,159,0,0,5596,194,9,9,4,3,0,4,1,0,0,0,1,0,0,0,3,0,,0,0,0,0,0,21,3.38,-40.88
SP049,soap,2026-08-24,21,159,0.0,159,1,0,5791,198,6,19,11,7,1,10,1,0,0,0,0,1,0,0,9,2,4.5,2,0,0,0,0,23,3.48,139.93
SP049,soap,2026-08-31,22,159,0.0,159,0,0,7489,267,16,28,13,6,2,11,2,0,0,1,1,0,0,0,9,0,,0,0,0,0,0,23,3.48,-36.36
SP049,soap,2026-09-07,23,159,0.0,159,0,0,5335,210,13,14,4,0,0,4,0,0,0,0,0,0,0,0,4,1,3.0,0,1,0,0,0,24,3.46,140.54
SP049,soap,2026-09-14,24,159,0.0,159,0,0,5238,207,8,17,6,3,0,6,2,0,2,0,0,0,0,0,4,2,3.0,0,2,0,0,0,26,3.42,-152.04
SP049,soap,2026-09-21,25,159,0.1,143,0,1,7292,276,15,26,11,9,1,10,2,0,2,0,0,0,0,0,8,2,3.5,1,1,0,0,0,28,3.43,-163.4
SP050,soap,2025-11-24,1,159,0.0,159,0,0,13413,482,17,44,20,7,2,18,3,0,2,1,0,0,0,0,15,2,3.5,1,1,0,0,0,2,3.5,-358.64
SP050,soap,2025-12-01,2,159,0.0,159,0,0,8645,301,10,19,6,5,0,6,0,0,0,0,0,0,0,0,6,1,3.0,0,1,0,0,0,3,3.33,81.88
SP050,soap,2025-12-08,3,159,0.0,159,0,0,8242,282,12,23,8,4,1,7,4,0,3,0,1,0,0,0,3,0,,0,0,0,0,0,3,3.33,-660.18
SP050,soap,2025-12-15,4,159,0.0,159,0,0,8722,277,9,21,8,5,0,8,1,0,0,0,1,0,0,0,7,1,3.0,0,1,0,0,0,4,3.25,-72.25
SP050,soap,2025-12-22,5,159,0.0,159,0,0,5082,162,7,9,3,1,0,3,0,0,0,0,0,0,0,0,3,0,,0,0,0,0,0,4,3.25,40.94
SP050,soap,2025-12-29,6,159,0.0,159,0,0,5052,163,6,13,4,3,0,4,0,0,0,0,0,0,0,0,4,0,,0,0,0,0,0,4,3.25,54.59
SP050,soap,2026-01-05,7,159,0.0,159,0,0,4269,131,4,10,2,2,0,2,0,0,0,0,0,0,0,0,2,2,3.5,1,1,0,0,0,6,3.33,27.29
SP050,soap,2026-01-12,8,159,0.2,127,0,1,7063,261,14,27,14,10,0,14,3,0,2,1,0,0,0,0,11,3,3.67,2,1,0,0,0,9,3.44,-688.46
SP050,soap,2026-01-19,9,159,0.0,159,0,0,7125,244,17,21,5,2,0,5,0,0,0,0,0,0,0,0,5,1,4.0,1,0,0,0,0,10,3.5,68.24
SP050,soap,2026-01-26,10,159,0.0,159,0,0,5492,176,6,11,4,2,0,4,0,0,0,0,0,0,0,0,4,0,,0,0,0,0,0,10,3.5,54.59
SP050,soap,2026-02-02,11,159,0.0,159,0,0,5436,208,7,13,3,0,0,3,0,0,0,0,0,0,0,0,3,0,,0,0,0,0,0,10,3.5,40.94
SP050,soap,2026-02-09,12,159,0.0,159,0,0,4052,135,6,10,5,3,0,5,0,0,0,0,0,0,0,0,5,0,,0,0,0,0,0,10,3.5,68.24
SP050,soap,2026-02-16,13,159,0.0,159,0,0,4939,181,7,12,2,1,0,2,0,0,0,0,0,0,0,0,2,0,,0,0,0,0,0,10,3.5,27.29
SP051,soap,2026-02-09,1,219,0.0,219,0,0,8226,242,8,10,0,0,0,0,0,0,0,0,0,0,0,0,0,0,,0,0,0,0,0,0,,0.0
SP051,soap,2026-02-16,2,219,0.0,219,0,0,4933,130,4,7,1,0,0,1,0,0,0,0,0,0,0,0,1,0,,0,0,0,0,0,0,,80.06
SP051,soap,2026-02-23,3,219,0.0,219,0,0,3915,121,7,8,3,1,0,3,0,0,0,0,0,0,0,0,3,2,3.5,1,1,0,0,0,2,3.5,240.18
SP051,soap,2026-03-02,4,219,0.1,197,1,1,7287,203,10,12,6,5,1,5,0,0,0,0,0,0,0,0,5,1,4.0,1,0,0,0,0,3,3.67,265.54
SP051,soap,2026-03-09,5,169,0.0,169,0,0,3593,115,4,5,0,0,0,0,0,0,0,0,0,0,0,0,0,0,,0,0,0,0,0,3,3.67,0.0
SP051,soap,2026-03-16,6,169,0.0,169,0,0,4031,141,7,6,3,3,1,2,0,0,0,0,0,0,0,0,2,0,,0,0,0,0,0,3,3.67,34.88
SP051,soap,2026-03-23,7,169,0.0,169,0,0,3392,119,6,8,6,3,0,6,0,0,0,0,0,0,0,0,6,1,4.0,1,0,0,0,0,4,3.75,194.64
SP051,soap,2026-03-30,8,169,0.0,169,0,0,5238,205,7,14,6,3,0,6,0,0,0,0,0,0,0,0,6,2,3.5,1,1,0,0,0,6,3.67,194.64
SP051,soap,2026-04-06,9,169,0.0,169,0,0,4879,173,11,9,4,2,0,4,0,0,0,0,0,0,0,0,4,1,4.0,1,0,0,0,0,7,3.71,129.76
SP051,soap,2026-04-13,10,169,0.0,169,0,0,5355,210,8,15,6,3,0,6,1,0,1,0,0,0,0,0,5,2,3.0,0,2,0,0,0,9,3.56,3.69
SP051,soap,2026-04-20,11,169,0.0,169,0,0,5486,221,9,16,6,3,0,6,2,0,1,0,1,0,0,0,4,1,1.0,0,0,1,0,1,10,3.3,-187.26
SP051,soap,2026-04-27,12,169,0.0,169,0,0,5177,189,12,13,2,2,1,1,0,0,0,0,0,0,0,0,1,0,,0,0,0,0,0,10,3.3,2.44
SP051,soap,2026-05-04,13,169,0.0,169,0,0,3316,100,6,8,4,1,0,4,0,0,0,0,0,0,0,0,4,0,,0,0,0,0,0,10,3.3,129.76
SP051,soap,2026-05-11,14,169,0.0,169,0,0,3535,119,5,7,0,0,0,0,0,0,0,0,0,0,0,0,0,0,,0,0,0,0,0,10,3.3,0.0
SP051,soap,2026-05-18,15,169,0.0,169,0,0,3509,111,2,8,3,2,1,2,1,0,1,0,0,0,0,0,1,0,,0,0,0,0,0,10,3.3,-156.07
SP051,soap,2026-05-25,16,169,0.0,169,0,0,3486,113,9,11,3,3,0,3,0,0,0,0,0,0,0,0,3,1,4.0,1,0,0,0,0,11,3.36,97.32
SP051,soap,2026-06-01,17,169,0.0,169,0,0,3168,115,4,8,1,1,0,1,0,0,0,0,0,0,0,0,1,0,,0,0,0,0,0,11,3.36,32.44
SP051,soap,2026-06-08,18,169,0.0,169,0,0,3384,105,1,6,4,4,2,2,0,0,0,0,0,0,0,0,2,0,,0,0,0,0,0,11,3.36,4.88
SP051,soap,2026-06-15,19,169,0.0,169,0,0,3961,129,4,9,1,1,0,1,0,0,0,0,0,0,0,0,1,0,,0,0,0,0,0,11,3.36,32.44
SP051,soap,2026-06-22,20,169,0.2,135,0,1,3897,154,4,11,4,2,0,4,1,0,1,0,0,0,0,0,3,1,3.0,0,1,0,0,0,12,3.33,-158.33
SP051,soap,2026-06-29,21,169,0.0,169,0,0,5008,185,12,18,7,6,0,7,0,0,0,0,0,0,0,0,7,0,,0,0,0,0,0,12,3.33,227.08
SP051,soap,2026-07-06,22,169,0.0,169,0,0,4675,144,4,15,4,4,2,2,0,0,0,0,0,0,0,0,2,0,,0,0,0,0,0,12,3.33,4.88
SP051,soap,2026-07-13,23,169,0.0,169,0,0,4600,176,8,17,3,2,0,3,0,0,0,0,0,0,0,0,3,0,,0,0,0,0,0,12,3.33,97.32
SP051,soap,2026-07-20,24,169,0.0,169,0,0,3536,118,2,13,5,4,0,5,1,0,0,0,0,0,1,0,4,1,2.0,0,0,1,0,1,13,3.23,-28.75
SP051,soap,2026-07-27,25,169,0.0,169,0,0,4971,163,9,12,5,4,1,4,1,0,0,0,1,0,0,0,3,0,,0,0,0,0,0,13,3.23,-91.19
SP051,soap,2026-08-03,26,169,0.0,169,0,0,5252,193,10,17,5,3,0,5,0,0,0,0,0,0,0,0,5,2,4.0,2,0,0,0,0,15,3.33,162.2
SP051,soap,2026-08-10,27,169,0.0,169,0,0,4803,160,7,10,7,3,0,7,0,0,0,0,0,0,0,0,7,3,3.0,1,0,2,2,0,18,3.28,227.08
SP051,soap,2026-08-17,28,169,0.0,169,0,0,5561,193,9,18,7,4,1,6,0,0,0,0,0,0,0,0,6,2,3.5,1,1,0,0,0,20,3.3,164.64
SP051,soap,2026-08-24,29,169,0.0,169,1,0,6645,241,14,22,7,5,1,6,0,0,0,0,0,0,0,0,6,1,3.0,0,1,0,0,0,21,3.29,164.64
SP051,soap,2026-08-31,30,169,0.0,169,0,0,5960,205,13,12,2,0,0,2,0,0,0,0,0,0,0,0,2,1,1.0,0,0,1,1,0,22,3.18,64.88
SP051,soap,2026-09-07,31,169,0.0,169,0,0,4685,143,7,15,5,4,1,4,0,0,0,0,0,0,0,0,4,0,,0,0,0,0,0,22,3.18,99.76
SP051,soap,2026-09-14,32,169,0.0,169,0,0,4209,158,7,18,7,5,1,6,0,0,0,0,0,0,0,0,6,2,4.0,2,0,0,0,0,24,3.25,164.64
SP051,soap,2026-09-21,33,169,0.2,135,0,1,6340,268,11,18,9,8,1,8,0,0,0,0,0,0,0,0,8,0,,0,0,0,0,0,24,3.25,-29.52
SP052,soap,2025-10-20,1,169,0.0,169,1,0,15608,479,15,39,18,10,1,17,0,0,0,0,0,0,0,0,17,1,4.0,1,0,0,0,0,1,4.0,23.59
SP052,soap,2025-10-27,2,169,0.0,169,0,0,11487,395,31,26,15,7,0,15,1,0,0,0,1,0,0,0,14,0,,0,0,0,0,0,1,4.0,-131.07
SP052,soap,2025-11-03,3,169,0.0,169,0,0,8411,278,12,15,5,4,0,5,0,0,0,0,0,0,0,0,5,1,4.0,1,0,0,0,0,2,4.0,19.96
SP052,soap,2025-11-10,4,169,0.0,169,0,0,7667,255,11,17,8,6,0,8,1,0,1,0,0,0,0,0,7,2,4.0,2,0,0,0,0,4,4.0,-159.01
SP052,soap,2025-11-17,5,169,0.0,169,0,0,6757,212,11,18,4,2,0,4,0,0,0,0,0,0,0,0,4,0,,0,0,0,0,0,4,4.0,15.97
SP052,soap,2025-11-24,6,169,0.0,169,0,0,5411,184,9,14,5,2,0,5,1,0,0,1,0,0,0,0,4,1,3.0,0,1,0,0,0,5,3.8,-170.99
SP052,soap,2025-12-01,7,169,0.0,169,0,0,5550,164,10,15,9,4,1,8,1,0,0,0,0,1,0,0,7,1,4.0,1,0,0,0,0,6,3.83,-203.29
SP052,soap,2025-12-08,8,169,0.0,169,0,0,5083,147,7,15,3,2,0,3,0,0,0,0,0,0,0,0,3,0,,0,0,0,0,0,6,3.83,11.98
SP052,soap,2025-12-15,9,169,0.0,169,0,0,5310,148,5,11,3,2,0,3,0,0,0,0,0,0,0,0,3,1,4.0,1,0,0,0,0,7,3.86,11.98
SP052,soap,2025-12-22,10,179,0.0,179,0,0,5181,154,7,11,1,1,0,1,0,0,0,0,0,0,0,0,1,0,,0,0,0,0,0,7,3.86,13.52
SP052,soap,2025-12-29,11,179,0.0,179,0,0,4687,138,5,8,4,1,0,4,0,0,0,0,0,0,0,0,4,0,,0,0,0,0,0,7,3.86,54.06
SP052,soap,2026-01-05,12,179,0.0,179,0,0,5970,171,9,13,5,2,0,5,1,0,1,0,0,0,0,0,4,0,,0,0,0,0,0,7,3.86,-132.9
SP052,soap,2026-01-12,13,179,0.0,179,0,1,6116,172,11,14,6,5,0,6,0,0,0,0,0,0,0,0,6,1,4.0,1,0,0,0,0,8,3.88,81.1
SP052,soap,2026-01-19,14,179,0.0,179,0,0,5374,173,10,18,9,3,1,8,0,0,0,0,0,0,0,0,8,2,4.5,2,0,0,0,0,10,4.0,63.85
SP052,soap,2026-01-26,15,179,0.0,179,0,0,8700,289,14,20,5,1,0,5,0,0,0,0,0,0,0,0,5,0,,0,0,0,0,0,10,4.0,67.58
SP052,soap,2026-02-02,16,179,0.0,179,0,0,5984,192,8,22,8,4,0,8,1,0,0,0,1,0,0,0,7,0,,0,0,0,0,0,10,4.0,-92.35
SP052,soap,2026-02-09,17,179,0.0,179,0,0,5348,201,16,18,7,3,0,7,0,0,0,0,0,0,0,0,7,0,,0,0,0,0,0,10,4.0,94.61
SP052,soap,2026-02-16,18,179,0.0,179,0,0,8747,300,20,26,13,9,2,11,0,0,0,0,0,0,0,0,11,1,4.0,1,0,0,0,0,11,4.0,60.12
SP052,soap,2026-02-23,19,179,0.0,179,0,0,6143,177,10,9,3,1,0,3,0,0,0,0,0,0,0,0,3,0,,0,0,0,0,0,11,4.0,40.55
SP052,soap,2026-03-02,20,179,0.0,179,1,1,11395,394,20,39,13,10,1,12,1,0,0,0,1,0,0,0,11,3,3.67,2,0,1,0,1,14,3.93,-82.56
SP052,soap,2026-03-09,21,179,0.0,179,0,0,6624,259,20,16,8,3,0,8,0,0,0,0,0,0,0,0,8,2,3.5,1,1,0,0,0,16,3.88,108.13
SP052,soap,2026-03-16,22,179,0.0,179,0,0,6747,235,11,24,9,4,0,9,0,0,0,0,0,0,0,0,9,0,,0,0,0,0,0,16,3.88,121.65
SP052,soap,2026-03-23,23,179,0.0,179,0,0,6831,219,18,26,6,2,1,5,0,0,0,0,0,0,0,0,5,2,4.0,2,0,0,0,0,18,3.89,23.3
SP052,soap,2026-03-30,24,179,0.0,179,0,0,6607,213,15,11,2,1,1,1,0,0,0,0,0,0,0,0,1,0,,0,0,0,0,0,18,3.89,-30.76
SP052,soap,2026-04-06,25,179,0.0,179,0,0,7013,253,17,18,4,2,0,4,1,0,0,0,1,0,0,0,3,0,,0,0,0,0,0,18,3.89,-146.41
SP052,soap,2026-04-13,26,179,0.0,179,0,0,6340,210,12,21,6,5,0,6,0,0,0,0,0,0,0,0,6,0,,0,0,0,0,0,18,3.89,81.1
SP052,soap,2026-04-20,27,179,0.0,179,0,0,4645,149,5,13,3,0,0,3,0,0,0,0,0,0,0,0,3,0,,0,0,0,0,0,18,3.89,40.55
SP052,soap,2026-04-27,28,179,0.0,179,0,0,6084,195,7,21,10,3,0,10,0,0,0,0,0,0,0,0,10,1,4.0,1,0,0,0,0,19,3.89,135.16
SP052,soap,2026-05-04,29,179,0.0,179,0,0,5580,196,19,14,6,3,1,5,0,0,0,0,0,0,0,0,5,2,3.5,1,1,0,0,0,21,3.86,23.3
SP052,soap,2026-05-11,30,179,0.0,179,0,0,5179,162,9,15,3,2,0,3,0,0,0,0,0,0,0,0,3,0,,0,0,0,0,0,21,3.86,40.55
SP052,soap,2026-05-18,31,179,0.0,179,0,0,4756,163,13,11,2,2,1,1,0,0,0,0,0,0,0,0,1,1,4.0,1,0,0,0,0,22,3.86,-30.76
SP052,soap,2026-05-25,32,179,0.0,179,0,0,4418,161,6,14,4,2,0,4,1,0,0,0,0,1,0,0,3,0,,0,0,0,0,0,22,3.86,-146.41
SP052,soap,2026-06-01,33,179,0.0,179,0,0,4822,156,9,15,5,2,1,4,0,0,0,0,0,0,0,0,4,1,2.0,0,0,1,1,0,23,3.78,9.79
SP052,soap,2026-06-08,34,179,0.0,179,0,0,4846,151,7,12,3,2,0,3,0,0,0,0,0,0,0,0,3,0,,0,0,0,0,0,23,3.78,40.55
SP052,soap,2026-06-15,35,179,0.0,179,0,0,4160,124,5,13,6,3,0,6,1,0,0,0,1,0,0,0,5,2,4.5,2,0,0,0,0,25,3.84,-119.38
SP052,soap,2026-06-22,36,179,0.15,152,0,1,6144,241,11,29,9,6,0,9,1,0,0,1,0,0,0,0,8,1,4.0,1,0,0,0,0,26,3.85,-284.54
SP052,soap,2026-06-29,37,179,0.0,179,0,0,6056,173,7,13,5,1,1,4,0,0,0,0,0,0,0,0,4,2,3.0,1,0,1,0,1,28,3.79,9.79
SP052,soap,2026-07-06,38,179,0.0,179,0,0,6187,210,8,22,9,7,0,9,1,0,0,0,1,0,0,0,8,1,3.0,0,1,0,0,0,29,3.76,-78.83
SP052,soap,2026-07-13,39,179,0.0,179,0,0,5914,172,9,19,7,3,1,6,0,0,0,0,0,0,0,0,6,2,3.5,1,1,0,0,0,31,3.74,36.82
SP052,soap,2026-07-20,40,179,0.0,179,0,0,6153,210,12,15,7,4,2,5,0,0,0,0,0,0,0,0,5,3,5.0,3,0,0,0,0,34,3.85,-20.98
SP052,soap,2026-07-27,41,179,0.0,179,0,0,5756,182,10,20,8,5,0,8,0,0,0,0,0,0,0,0,8,1,5.0,1,0,0,0,0,35,3.89,108.13
SP052,soap,2026-08-03,42,179,0.0,179,0,0,7520,236,14,14,5,3,0,5,0,0,0,0,0,0,0,0,5,1,5.0,1,0,0,0,0,36,3.92,67.58
SP052,soap,2026-08-10,43,179,0.0,179,0,0,8988,276,12,35,11,6,0,11,0,0,0,0,0,0,0,0,11,2,4.0,2,0,0,0,0,38,3.92,148.68
SP052,soap,2026-08-17,44,179,0.0,179,0,0,6831,245,10,31,12,8,1,11,0,0,0,0,0,0,0,0,11,1,3.0,0,1,0,0,0,39,3.9,104.4
SP052,soap,2026-08-24,45,179,0.0,179,1,0,8802,322,21,27,8,4,0,8,0,0,0,0,0,0,0,0,8,1,5.0,1,0,0,0,0,40,3.92,108.13
SP052,soap,2026-08-31,46,179,0.0,179,0,0,7879,292,15,32,11,6,2,9,0,0,0,0,0,0,0,0,9,1,3.0,0,1,0,0,0,41,3.9,33.09
SP052,soap,2026-09-07,47,179,0.0,179,0,0,5838,199,6,22,9,5,1,8,1,0,1,0,0,0,0,0,7,1,4.0,1,0,0,0,0,42,3.9,-136.63
SP052,soap,2026-09-14,48,179,0.0,179,0,0,9229,294,12,30,12,5,1,11,0,0,0,0,0,0,0,0,11,3,4.0,2,1,0,0,0,45,3.91,104.4
SP052,soap,2026-09-21,49,179,0.2,143,0,1,11150,467,21,46,27,20,1,26,3,0,1,0,1,0,1,0,23,4,4.0,3,1,0,0,0,49,3.92,-1082.86
SP053,soap,2026-01-12,1,179,0.2,143,0,1,11949,446,17,60,30,17,1,29,3,0,1,1,1,0,0,0,26,5,4.6,5,0,0,0,0,5,4.6,-154.37
SP053,soap,2026-01-19,2,179,0.0,179,0,0,18467,769,43,77,28,16,1,27,1,0,0,0,0,0,1,0,26,1,2.0,0,0,1,0,1,6,4.17,1043.64
SP053,soap,2026-01-26,3,179,0.0,179,0,0,10522,363,22,31,7,2,0,7,0,0,0,0,0,0,0,0,7,0,,0,0,0,0,0,6,4.17,330.33
SP053,soap,2026-02-02,4,179,0.0,179,0,0,9412,337,18,32,16,10,2,14,1,0,1,0,0,0,0,0,13,2,4.5,2,0,0,0,0,8,4.25,400.17
SP053,soap,2026-02-09,5,179,0.0,179,0,0,6705,231,10,28,9,3,1,8,0,0,0,0,0,0,0,0,8,1,5.0,1,0,0,0,0,9,4.33,347.51
SP053,soap,2026-02-16,6,179,0.0,179,0,0,6741,252,17,22,4,2,0,4,0,0,0,0,0,0,0,0,4,0,,0,0,0,0,0,9,4.33,188.76
SP053,soap,2026-02-23,7,179,0.0,179,0,0,6483,229,13,21,10,7,3,7,2,0,2,0,0,0,0,0,5,1,5.0,1,0,0,0,0,10,4.4,-160.63
SP053,soap,2026-03-02,8,179,0.0,179,1,1,12923,461,19,46,20,8,1,19,0,0,0,0,0,0,0,0,19,3,3.67,2,1,0,0,0,13,4.23,866.6
SP053,soap,2026-03-09,9,179,0.0,179,0,0,7162,271,12,23,9,3,0,9,0,0,0,0,0,0,0,0,9,0,,0,0,0,0,0,13,4.23,424.7
SP053,soap,2026-03-16,10,179,0.0,179,0,0,7117,267,14,18,7,5,2,5,0,0,0,0,0,0,0,0,5,0,,0,0,0,0,0,13,4.23,175.95
SP053,soap,2026-03-23,11,179,0.0,179,0,0,7222,265,15,36,9,4,1,8,0,0,0,0,0,0,0,0,8,1,4.0,1,0,0,0,0,14,4.21,347.51
SP053,soap,2026-03-30,12,179,0.0,179,0,0,6082,228,13,31,12,7,1,11,1,0,0,1,0,0,0,0,10,3,4.67,3,0,0,0,0,17,4.29,288.61
SP053,soap,2026-04-06,13,179,0.0,179,0,0,10605,387,17,40,17,5,0,17,3,0,2,1,0,0,0,0,14,4,3.25,2,1,1,1,0,21,4.1,200.79
SP053,soap,2026-04-13,14,179,0.0,179,0,0,6498,224,10,25,6,4,1,5,0,0,0,0,0,0,0,0,5,0,,0,0,0,0,0,21,4.1,205.95
SP053,soap,2026-04-20,15,179,0.0,179,0,0,7866,276,18,26,11,4,1,10,0,0,0,0,0,0,0,0,10,3,4.0,3,0,0,0,0,24,4.08,441.89
SP053,soap,2026-04-27,16,179,0.0,179,0,0,7549,279,16,30,13,9,0,13,3,0,0,0,1,1,1,0,10,1,3.0,0,1,0,0,0,25,4.04,12.03
SP053,soap,2026-05-04,17,179,0.0,179,0,0,7698,273,21,20,8,2,0,8,1,0,1,0,0,0,0,0,7,2,3.5,1,1,0,0,0,27,4.0,177.04
SP053,soap,2026-05-11,18,179,0.0,179,0,0,5801,211,13,19,9,7,0,9,0,0,0,0,0,0,0,0,9,2,4.0,2,0,0,0,0,29,4.0,424.7
SP053,soap,2026-05-18,19,179,0.0,179,0,0,6442,249,10,26,9,6,1,8,0,0,0,0,0,0,0,0,8,0,,0,0,0,0,0,29,4.0,347.51
SP053,soap,2026-05-25,20,179,0.0,179,0,0,7797,276,19,19,8,6,0,8,2,0,1,0,0,1,0,0,6,0,,0,0,0,0,0,29,4.0,-23.44
SP053,soap,2026-06-01,21,179,0.0,179,0,0,6486,241,15,21,10,5,1,9,0,0,0,0,0,0,0,0,9,0,,0,0,0,0,0,29,4.0,394.7
SP053,soap,2026-06-08,22,179,0.0,179,0,0,7129,264,19,23,8,7,0,8,0,0,0,0,0,0,0,0,8,0,,0,0,0,0,0,29,4.0,377.51
SP053,soap,2026-06-15,23,179,0.0,179,0,0,6297,227,17,13,6,2,1,5,0,0,0,0,0,0,0,0,5,0,,0,0,0,0,0,29,4.0,205.95
SP053,soap,2026-06-22,24,179,0.0,179,0,1,8437,315,12,31,13,6,1,12,0,0,0,0,0,0,0,0,12,2,4.5,2,0,0,0,0,31,4.03,536.27
SP053,soap,2026-06-29,25,179,0.0,179,0,0,7470,263,18,26,7,3,0,7,0,0,0,0,0,0,0,0,7,0,,0,0,0,0,0,31,4.03,330.33
SP053,soap,2026-07-06,26,179,0.0,179,0,0,6707,246,17,22,5,3,0,5,1,0,0,0,0,0,1,0,4,2,4.5,2,0,0,0,0,33,4.06,35.47
SP053,soap,2026-07-13,27,179,0.0,179,0,0,6686,260,17,27,11,6,0,11,0,0,0,0,0,0,0,0,11,1,3.0,0,1,0,0,0,34,4.03,519.08
SP053,soap,2026-07-20,28,179,0.0,179,0,0,6223,223,7,20,6,3,0,6,1,0,0,1,0,0,0,0,5,0,,0,0,0,0,0,34,4.03,82.66
SP053,soap,2026-07-27,29,179,0.0,179,0,0,5610,237,14,23,6,3,0,6,0,0,0,0,0,0,0,0,6,0,,0,0,0,0,0,34,4.03,283.14
SP053,soap,2026-08-03,30,179,0.0,179,0,0,5730,191,7,17,9,3,1,8,0,0,0,0,0,0,0,0,8,2,3.5,1,0,1,0,1,36,4.0,347.51
SP053,soap,2026-08-10,31,179,0.0,179,0,0,5916,207,12,21,6,2,0,6,0,0,0,0,0,0,0,0,6,0,,0,0,0,0,0,36,4.0,283.14
SP053,soap,2026-08-17,32,179,0.0,179,0,0,7875,255,10,25,10,6,0,10,1,0,0,0,0,1,0,0,9,0,,0,0,0,0,0,36,4.0,271.42
SP053,soap,2026-08-24,33,179,0.0,179,1,0,10978,395,23,38,17,11,0,17,2,0,1,1,0,0,0,0,15,3,3.33,2,0,1,0,1,39,3.95,401.27
SP053,soap,2026-08-31,34,179,0.0,179,0,0,7554,292,15,23,6,2,0,6,2,0,0,1,1,0,0,0,4,2,3.5,1,1,0,0,0,41,3.93,-117.82
SP053,soap,2026-09-07,35,179,0.0,179,0,0,8402,326,17,32,12,8,1,11,0,0,0,0,0,0,0,0,11,0,,0,0,0,0,0,41,3.93,489.08
SP053,soap,2026-09-14,36,179,0.0,179,0,0,10412,372,24,32,15,8,1,14,1,0,1,0,0,0,0,0,13,2,4.0,1,1,0,0,0,43,3.93,430.17
SP053,soap,2026-09-21,37,179,0.0,179,0,1,11653,443,26,35,12,5,2,10,0,0,0,0,0,0,0,0,10,0,,0,0,0,0,0,43,3.93,411.89
SP054,soap,2026-07-27,1,189,0.0,189,0,0,7727,241,10,13,3,2,1,2,1,0,1,0,0,0,0,0,1,1,2.0,0,0,1,0,1,1,2.0,-173.48
SP054,soap,2026-08-03,2,189,0.0,189,0,0,4456,74,3,9,6,4,1,5,0,0,0,0,0,0,0,0,5,1,3.0,0,1,0,0,0,2,2.5,158.48
SP054,soap,2026-08-10,3,189,0.0,189,0,0,6291,123,8,9,3,3,0,3,0,0,0,0,0,0,0,0,3,0,,0,0,0,0,0,2,2.5,121.96
SP054,soap,2026-08-17,4,189,0.0,189,0,0,5370,109,8,8,1,1,0,1,0,0,0,0,0,0,0,0,1,0,,0,0,0,0,0,2,2.5,40.65
SP054,soap,2026-08-24,5,189,0.0,189,1,0,4116,86,4,2,0,0,0,0,0,0,0,0,0,0,0,0,0,0,,0,0,0,0,0,2,2.5,0.0
SP054,soap,2026-08-31,6,189,0.0,189,0,0,2423,59,2,5,2,0,0,2,1,0,1,0,0,0,0,0,1,1,4.0,1,0,0,0,0,3,3.0,-128.69
SP054,soap,2026-09-07,7,189,0.0,189,0,0,3732,98,5,8,1,1,0,1,0,0,0,0,0,0,0,0,1,0,,0,0,0,0,0,3,3.0,40.65
SP054,soap,2026-09-14,8,189,0.0,189,0,0,3011,79,3,4,1,0,0,1,0,0,0,0,0,0,0,0,1,0,,0,0,0,0,0,3,3.0,40.65
SP054,soap,2026-09-21,9,189,0.1,170,0,1,3652,107,3,12,2,2,0,2,0,0,0,0,0,0,0,0,2,0,,0,0,0,0,0,3,3.0,45.12
SP055,soap,2026-03-16,1,179,0.0,179,0,0,7740,260,15,13,3,1,0,3,0,0,0,0,0,0,0,0,3,0,,0,0,0,0,0,0,,102.59
SP055,soap,2026-03-23,2,179,0.0,179,0,0,4651,138,4,9,1,0,0,1,0,0,0,0,0,0,0,0,1,0,,0,0,0,0,0,0,,34.2
SP055,soap,2026-03-30,3,179,0.0,179,0,0,2656,76,3,4,1,1,0,1,0,0,0,0,0,0,0,0,1,0,,0,0,0,0,0,0,,34.2
SP055,soap,2026-04-06,4,179,0.0,179,0,0,4061,143,7,8,4,3,1,3,1,0,0,0,0,1,0,0,2,2,2.5,1,0,1,1,0,2,2.5,-127.89
SP055,soap,2026-04-13,5,179,0.0,179,0,0,3229,83,4,5,2,1,1,1,0,0,0,0,0,0,0,0,1,0,,0,0,0,0,0,2,2.5,4.2
SP055,soap,2026-04-20,6,179,0.0,179,0,0,3066,76,2,5,5,4,0,5,1,0,1,0,0,0,0,0,4,1,4.0,1,0,0,0,0,3,3.0,-29.5
SP055,soap,2026-04-27,7,179,0.0,179,0,0,3364,81,2,4,1,1,0,1,0,0,0,0,0,0,0,0,1,0,,0,0,0,0,0,3,3.0,34.2
SP055,soap,2026-05-04,8,179,0.0,179,0,0,2787,78,2,4,1,0,0,1,0,0,0,0,0,0,0,0,1,0,,0,0,0,0,0,3,3.0,34.2
SP055,soap,2026-05-11,9,179,0.0,179,0,0,2265,68,7,8,4,3,0,4,0,0,0,0,0,0,0,0,4,1,3.0,0,1,0,0,0,4,3.0,136.78
SP055,soap,2026-05-18,10,179,0.0,179,0,0,2687,80,6,12,3,2,0,3,0,0,0,0,0,0,0,0,3,2,5.0,2,0,0,0,0,6,3.67,102.59
SP055,soap,2026-05-25,11,179,0.0,179,0,0,5006,191,14,8,3,1,0,3,0,0,0,0,0,0,0,0,3,0,,0,0,0,0,0,6,3.67,102.59
SP055,soap,2026-06-01,12,179,0.0,179,0,0,5361,189,5,16,6,3,0,6,0,0,0,0,0,0,0,0,6,2,4.0,1,1,0,0,0,8,3.75,205.17
SP055,soap,2026-06-08,13,179,0.0,179,0,0,5631,202,12,18,6,4,0,6,0,0,0,0,0,0,0,0,6,0,,0,0,0,0,0,8,3.75,205.17
SP055,soap,2026-06-15,14,179,0.0,179,0,0,5184,186,6,13,5,4,0,5,1,0,1,0,0,0,0,0,4,0,,0,0,0,0,0,8,3.75,-29.5
SP055,soap,2026-06-22,15,179,0.0,179,0,1,6895,232,15,9,4,3,0,4,0,0,0,0,0,0,0,0,4,1,2.0,0,0,1,0,1,9,3.56,136.78
SP055,soap,2026-06-29,16,179,0.0,179,0,0,4870,175,3,19,8,6,0,8,0,0,0,0,0,0,0,0,8,1,5.0,1,0,0,0,0,10,3.7,273.56
SP055,soap,2026-07-06,17,179,0.0,179,0,0,6655,215,9,18,4,2,0,4,0,0,0,0,0,0,0,0,4,1,4.0,1,0,0,0,0,11,3.73,136.78
SP055,soap,2026-07-13,18,179,0.0,179,0,0,4287,163,2,15,4,2,0,4,0,0,0,0,0,0,0,0,4,1,5.0,1,0,0,0,0,12,3.83,136.78
SP055,soap,2026-07-20,19,179,0.0,179,0,0,4673,175,11,13,6,6,3,3,1,0,0,0,1,0,0,0,2,1,4.0,1,0,0,0,0,13,3.85,-187.89
SP055,soap,2026-07-27,20,179,0.0,179,0,0,5533,213,8,19,4,2,0,4,0,0,0,0,0,0,0,0,4,1,4.0,1,0,0,0,0,14,3.86,136.78
SP055,soap,2026-08-03,21,179,0.0,179,0,0,6195,243,12,18,11,5,1,10,1,0,0,0,1,0,0,0,9,2,4.0,2,0,0,0,0,16,3.88,111.48
SP055,soap,2026-08-10,22,179,0.0,179,0,0,7803,290,14,26,14,7,1,13,1,0,0,1,0,0,0,0,12,1,3.0,0,1,0,0,0,17,3.82,214.06
SP055,soap,2026-08-17,23,179,0.0,179,0,0,5354,228,10,12,3,3,1,2,0,0,0,0,0,0,0,0,2,0,,0,0,0,0,0,17,3.82,38.39
SP055,soap,2026-08-24,24,179,0.0,179,1,0,7511,265,9,22,12,8,2,10,0,0,0,0,0,0,0,0,10,3,4.33,3,0,0,0,0,20,3.9,281.95
SP055,soap,2026-08-31,25,179,0.0,179,0,0,6386,244,10,24,8,2,0,8,0,0,0,0,0,0,0,0,8,1,4.0,1,0,0,0,0,21,3.9,273.56
SP055,soap,2026-09-07,26,179,0.0,179,0,0,9845,368,17,26,9,5,2,7,0,0,0,0,0,0,0,0,7,1,5.0,1,0,0,0,0,22,3.95,179.37
SP055,soap,2026-09-14,27,179,0.0,179,0,0,7500,308,15,28,12,6,0,12,1,0,0,1,0,0,0,0,11,1,4.0,1,0,0,0,0,23,3.96,209.87
SP055,soap,2026-09-21,28,179,0.0,179,0,1,11999,481,30,40,15,9,2,13,2,0,0,1,1,0,0,0,11,1,3.0,0,1,0,0,0,24,3.92,-16.41
SP056,soap,2026-05-04,1,219,0.0,219,0,0,7136,196,8,13,3,2,0,3,1,0,0,0,1,0,0,0,2,1,2.0,0,0,1,1,0,1,2.0,86.81
SP056,soap,2026-05-11,2,219,0.0,219,0,0,5528,82,3,6,2,2,0,2,0,0,0,0,0,0,0,0,2,0,,0,0,0,0,0,1,2.0,216.92
SP056,soap,2026-05-18,3,219,0.0,219,0,0,3524,53,3,2,0,0,0,0,0,0,0,0,0,0,0,0,0,0,,0,0,0,0,0,1,2.0,0.0
SP056,soap,2026-05-25,4,219,0.0,219,0,0,3222,52,0,6,2,1,0,2,0,0,0,0,0,0,0,0,2,1,2.0,0,0,1,1,0,2,2.0,216.92
SP056,soap,2026-06-01,5,179,0.0,179,0,0,2875,47,2,2,1,1,0,1,0,0,0,0,0,0,0,0,1,1,3.0,0,1,0,0,0,3,2.33,70.37
SP056,soap,2026-06-08,6,179,0.0,179,0,0,2882,75,1,3,1,1,0,1,0,0,0,0,0,0,0,0,1,0,,0,0,0,0,0,3,2.33,70.37
SP056,soap,2026-06-15,7,179,0.0,179,0,0,3777,91,1,6,3,3,0,3,0,0,0,0,0,0,0,0,3,0,,0,0,0,0,0,3,2.33,211.1
SP056,soap,2026-06-22,8,179,0.1,161,0,1,3039,68,3,7,1,0,0,1,0,0,0,0,0,0,0,0,1,0,,0,0,0,0,0,3,2.33,53.22
SP056,soap,2026-06-29,9,179,0.0,179,0,0,3164,59,2,2,2,1,0,2,0,0,0,0,0,0,0,0,2,1,4.0,1,0,0,0,0,4,2.75,140.73
SP056,soap,2026-07-06,10,179,0.0,179,0,0,3459,89,2,5,2,1,0,2,0,0,0,0,0,0,0,0,2,0,,0,0,0,0,0,4,2.75,140.73
SP056,soap,2026-07-13,11,179,0.0,179,0,0,2723,64,1,7,4,3,0,4,1,0,1,0,0,0,0,0,3,0,,0,0,0,0,0,4,2.75,80.99
SP056,soap,2026-07-20,12,179,0.0,179,0,0,3241,77,1,3,1,1,0,1,0,0,0,0,0,0,0,0,1,0,,0,0,0,0,0,4,2.75,70.37
SP056,soap,2026-07-27,13,179,0.0,179,0,0,3229,85,4,8,2,0,0,2,0,0,0,0,0,0,0,0,2,1,4.0,1,0,0,0,0,5,3.0,140.73
SP056,soap,2026-08-03,14,179,0.0,179,0,0,3712,97,0,5,0,0,0,0,0,0,0,0,0,0,0,0,0,0,,0,0,0,0,0,5,3.0,0.0
SP056,soap,2026-08-10,15,179,0.0,179,0,0,2787,89,4,4,0,0,0,0,0,0,0,0,0,0,0,0,0,0,,0,0,0,0,0,5,3.0,0.0
SP056,soap,2026-08-17,16,179,0.0,179,0,0,3209,87,5,4,1,1,0,1,0,0,0,0,0,0,0,0,1,0,,0,0,0,0,0,5,3.0,70.37
SP057,soap,2026-06-01,1,219,0.0,219,0,0,6000,160,12,16,6,5,0,6,0,0,0,0,0,0,0,0,6,1,5.0,1,0,0,0,0,1,5.0,449.46
SP057,soap,2026-06-08,2,219,0.0,219,0,0,6646,283,21,20,5,3,0,5,0,0,0,0,0,0,0,0,5,2,4.0,1,1,0,0,0,3,4.33,374.55
SP057,soap,2026-06-15,3,219,0.0,219,0,0,4899,180,12,13,4,4,0,4,1,0,0,0,1,0,0,0,3,0,,0,0,0,0,0,3,4.33,61.07
SP057,soap,2026-06-22,4,219,0.15,186,0,1,7810,299,11,23,9,6,0,9,1,0,0,0,0,0,1,0,8,2,4.0,2,0,0,0,0,5,4.2,184.19
SP057,soap,2026-06-29,5,189,0.0,189,0,0,4733,178,7,19,10,9,2,8,0,0,0,0,0,0,0,0,8,0,,0,0,0,0,0,5,4.2,289.71
SP057,soap,2026-07-06,6,189,0.0,189,0,0,5952,227,8,20,6,6,0,6,0,0,0,0,0,0,0,0,6,0,,0,0,0,0,0,5,4.2,278.03
SP057,soap,2026-07-13,7,189,0.0,189,0,0,4948,210,12,20,8,6,2,6,0,0,0,0,0,0,0,0,6,0,,0,0,0,0,0,5,4.2,197.03
SP057,soap,2026-07-20,8,189,0.0,189,0,0,5377,185,12,16,6,5,2,4,0,0,0,0,0,0,0,0,4,0,,0,0,0,0,0,5,4.2,104.35
SP057,soap,2026-07-27,9,189,0.0,189,0,0,5256,199,12,20,14,9,0,14,0,0,0,0,0,0,0,0,14,2,4.0,1,1,0,0,0,7,4.14,648.74
SP057,soap,2026-08-03,10,189,0.0,189,0,0,8301,319,22,35,15,13,0,15,0,0,0,0,0,0,0,0,15,4,4.0,4,0,0,0,0,11,4.09,695.07
SP057,soap,2026-08-10,11,189,0.0,189,0,0,7489,281,16,35,10,7,1,9,0,0,0,0,0,0,0,0,9,0,,0,0,0,0,0,11,4.09,376.54
SP057,soap,2026-08-17,12,189,0.0,189,0,0,6860,245,17,25,6,4,0,6,2,0,1,0,0,0,1,0,4,2,4.0,2,0,0,0,0,13,4.08,-141.97
SP057,soap,2026-08-24,13,189,0.0,189,1,0,9046,344,10,38,16,14,2,14,0,0,0,0,0,0,0,0,14,4,4.25,4,0,0,0,0,17,4.12,567.73
SP057,soap,2026-08-31,14,189,0.0,189,0,0,9511,362,17,37,16,13,0,16,2,0,1,0,1,0,0,0,14,3,4.33,2,1,0,0,0,20,4.15,321.41
SP057,soap,2026-09-07,15,189,0.0,189,0,0,7077,268,6,29,10,6,1,9,0,0,0,0,0,0,0,0,9,2,3.5,1,1,0,0,0,22,4.09,376.54
SP057,soap,2026-09-14,16,189,0.0,189,0,0,7656,322,18,35,16,11,0,16,2,0,0,0,2,0,0,0,14,2,5.0,2,0,0,0,0,24,4.17,321.41
SP057,soap,2026-09-21,17,189,0.1,170,0,1,11453,509,29,65,28,18,1,27,0,0,0,0,0,0,0,0,27,1,5.0,1,0,0,0,0,25,4.2,722.06
SP058,soap,2025-12-29,1,189,0.0,189,0,0,8444,291,12,21,7,2,1,6,0,0,0,0,0,0,0,0,6,2,4.0,2,0,0,0,0,2,4.0,373.6
SP058,soap,2026-01-05,2,189,0.0,189,0,0,11185,380,30,31,12,8,1,11,1,0,0,1,0,0,0,0,10,1,4.0,1,0,0,0,0,3,4.0,510.38
SP058,soap,2026-01-12,3,189,0.0,189,0,1,9768,312,14,22,8,6,0,8,1,0,0,1,0,0,0,0,7,0,,0,0,0,0,0,3,4.0,344.84
SP058,soap,2026-01-19,4,189,0.0,189,0,0,5391,178,9,13,4,2,0,4,0,0,0,0,0,0,0,0,4,0,,0,0,0,0,0,3,4.0,277.42
SP058,soap,2026-01-26,5,189,0.0,189,0,0,6006,222,11,21,5,2,0,5,0,0,0,0,0,0,0,0,5,1,4.0,1,0,0,0,0,4,4.0,346.77
SP058,soap,2026-02-02,6,189,0.0,189,0,0,5392,171,7,13,5,2,0,5,0,0,0,0,0,0,0,0,5,1,3.0,0,1,0,0,0,5,3.8,346.77
SP058,soap,2026-02-09,7,189,0.0,189,0,0,4372,139,8,12,1,1,0,1,0,0,0,0,0,0,0,0,1,0,,0,0,0,0,0,5,3.8,69.35
SP058,soap,2026-02-16,8,189,0.0,189,0,0,4837,155,5,14,5,4,0,5,2,0,0,2,0,0,0,0,3,1,2.0,0,0,1,0,1,6,3.5,-73.23
SP058,soap,2026-02-23,9,189,0.0,189,0,0,4557,132,8,12,7,3,1,6,0,0,0,0,0,0,0,0,6,1,3.0,0,1,0,0,0,7,3.43,373.6
SP058,soap,2026-03-02,10,189,0.0,189,1,1,9990,290,17,19,9,5,2,7,1,0,0,0,1,0,0,0,6,2,4.5,2,0,0,0,0,9,3.67,190.44
SP058,soap,2026-03-09,11,189,0.0,189,0,0,5840,202,8,13,4,3,1,3,0,0,0,0,0,0,0,0,3,1,4.0,1,0,0,0,0,10,3.7,165.54
SP058,soap,2026-03-16,12,189,0.0,189,0,0,5143,151,10,13,5,3,0,5,0,0,0,0,0,0,0,0,5,0,,0,0,0,0,0,10,3.7,346.77
SP058,soap,2026-03-23,13,189,0.0,189,0,0,6360,204,14,19,7,4,0,7,0,0,0,0,0,0,0,0,7,2,4.0,2,0,0,0,0,12,3.75,485.48
SP058,soap,2026-03-30,14,189,0.0,189,0,0,6312,176,9,22,10,9,0,10,1,0,0,0,1,0,0,0,9,0,,0,0,0,0,0,12,3.75,483.54
SP058,soap,2026-04-06,15,189,0.0,189,0,0,6442,202,10,12,5,3,0,5,0,0,0,0,0,0,0,0,5,0,,0,0,0,0,0,12,3.75,346.77
SP058,soap,2026-04-13,16,189,0.0,189,0,0,6842,211,12,21,7,4,1,6,0,0,0,0,0,0,0,0,6,2,4.5,2,0,0,0,0,14,3.86,373.6
SP058,soap,2026-04-20,17,189,0.0,189,0,0,6810,241,17,19,7,3,0,7,1,0,0,1,0,0,0,0,6,1,2.0,0,0,1,1,0,15,3.73,275.48
SP058,soap,2026-04-27,18,189,0.0,189,0,0,5208,169,9,15,5,1,0,5,0,0,0,0,0,0,0,0,5,3,4.0,3,0,0,0,0,18,3.78,346.77
SP058,soap,2026-05-04,19,189,0.0,189,0,0,5432,166,7,25,4,2,1,3,0,0,0,0,0,0,0,0,3,0,,0,0,0,0,0,18,3.78,165.54
SP058,soap,2026-05-11,20,189,0.0,189,0,0,6799,253,13,15,4,2,1,3,0,0,0,0,0,0,0,0,3,0,,0,0,0,0,0,18,3.78,165.54
SP058,soap,2026-05-18,21,189,0.0,189,0,0,4894,186,9,14,4,2,0,4,0,0,0,0,0,0,0,0,4,0,,0,0,0,0,0,18,3.78,277.42
SP058,soap,2026-05-25,22,189,0.0,189,0,0,3709,125,7,8,5,2,0,5,0,0,0,0,0,0,0,0,5,0,,0,0,0,0,0,18,3.78,346.77
SP058,soap,2026-06-01,23,189,0.0,189,0,0,6417,206,6,15,9,5,0,9,1,0,0,0,0,1,0,0,8,3,3.67,2,1,0,0,0,21,3.76,414.19
SP058,soap,2026-06-08,24,189,0.0,189,0,0,4636,174,16,20,7,2,0,7,1,0,0,0,0,0,1,0,6,3,3.0,1,1,1,1,0,24,3.67,275.48
SP058,soap,2026-06-15,25,189,0.0,189,0,0,5275,167,13,18,5,3,0,5,0,0,0,0,0,0,0,0,5,1,4.0,1,0,0,0,0,25,3.68,346.77
SP058,soap,2026-06-22,26,189,0.0,189,0,1,7114,246,14,19,5,1,0,5,0,0,0,0,0,0,0,0,5,1,5.0,1,0,0,0,0,26,3.73,346.77
SP058,soap,2026-06-29,27,189,0.0,189,0,0,6160,200,12,11,5,2,0,5,1,0,0,0,1,0,0,0,4,2,4.5,2,0,0,0,0,28,3.79,136.77
SP058,soap,2026-07-06,28,189,0.0,189,0,0,7836,277,9,28,14,6,2,12,1,0,0,0,1,0,0,0,11,0,,0,0,0,0,0,28,3.79,537.21
SP058,soap,2026-07-13,29,189,0.0,189,0,0,6153,211,11,17,4,1,1,3,0,0,0,0,0,0,0,0,3,1,5.0,1,0,0,0,0,29,3.83,165.54
SP058,soap,2026-07-20,30,189,0.0,189,0,0,5392,210,15,15,4,2,1,3,1,0,0,0,1,0,0,0,2,0,,0,0,0,0,0,29,3.83,-44.46
SP058,soap,2026-07-27,31,189,0.0,189,0,0,8060,263,14,20,6,4,0,6,0,0,0,0,0,0,0,0,6,0,,0,0,0,0,0,29,3.83,416.13
SP058,soap,2026-08-03,32,189,0.0,189,0,0,8418,303,8,27,6,2,0,6,0,0,0,0,0,0,0,0,6,2,3.5,1,1,0,0,0,31,3.81,416.13
SP058,soap,2026-08-10,33,189,0.0,189,0,0,5557,193,14,20,11,5,1,10,0,0,0,0,0,0,0,0,10,0,,0,0,0,0,0,31,3.81,651.02
SP058,soap,2026-08-17,34,189,0.0,189,0,0,8649,329,17,28,9,6,1,8,1,0,0,0,1,0,0,0,7,1,4.0,1,0,0,0,0,32,3.81,302.31
SP058,soap,2026-08-24,35,189,0.0,189,1,0,9132,351,21,30,10,5,0,10,0,0,0,0,0,0,0,0,10,0,,0,0,0,0,0,32,3.81,693.54
SP058,soap,2026-08-31,36,189,0.0,189,0,0,5134,178,10,10,3,2,0,3,1,0,0,0,1,0,0,0,2,0,,0,0,0,0,0,32,3.81,-1.94
SP058,soap,2026-09-07,37,189,0.0,189,0,0,7620,281,9,22,9,4,0,9,0,0,0,0,0,0,0,0,9,3,4.0,3,0,0,0,0,35,3.83,624.19
SP058,soap,2026-09-14,38,189,0.0,189,0,0,8243,300,12,19,6,4,0,6,0,0,0,0,0,0,0,0,6,2,3.0,1,0,1,0,1,37,3.78,416.13
SP058,soap,2026-09-21,39,189,0.0,189,0,1,11883,446,16,42,13,5,0,13,0,0,0,0,0,0,0,0,13,0,,0,0,0,0,0,37,3.78,901.61
SP059,soap,2026-03-09,1,179,0.0,179,0,0,10531,437,21,19,7,3,0,7,0,0,0,0,0,0,0,0,7,0,,0,0,0,0,0,0,,294.21
SP059,soap,2026-03-16,2,179,0.0,179,0,0,6605,233,11,16,4,4,0,4,1,0,0,1,0,0,0,0,3,2,3.0,1,0,1,1,0,2,3.0,-32.36
SP059,soap,2026-03-23,3,179,0.0,179,0,0,3673,110,2,8,2,0,0,2,0,0,0,0,0,0,0,0,2,0,,0,0,0,0,0,2,3.0,84.06
SP059,soap,2026-03-30,4,179,0.0,179,0,0,5759,184,8,7,2,2,1,1,0,0,0,0,0,0,0,0,1,0,,0,0,0,0,0,2,3.0,12.03
SP059,soap,2026-04-06,5,179,0.0,179,0,0,3203,101,1,5,2,0,0,2,1,0,1,0,0,0,0,0,1,0,,0,0,0,0,0,2,3.0,-116.42
SP059,soap,2026-04-13,6,179,0.0,179,0,0,2988,91,3,6,2,2,1,1,0,0,0,0,0,0,0,0,1,0,,0,0,0,0,0,2,3.0,12.03
SP059,soap,2026-04-20,7,179,0.0,179,0,0,2854,90,1,4,1,1,1,0,0,0,0,0,0,0,0,0,0,0,,0,0,0,0,0,2,3.0,-30.0
SP059,soap,2026-04-27,8,179,0.0,179,0,0,3829,121,7,8,5,4,2,3,0,0,0,0,0,0,0,0,3,0,,0,0,0,0,0,2,3.0,66.09
SP059,soap,2026-05-04,9,179,0.0,179,0,0,3015,98,9,5,2,1,0,2,0,0,0,0,0,0,0,0,2,1,4.0,1,0,0,0,0,3,3.33,84.06
SP059,soap,2026-05-11,10,179,0.0,179,0,0,4233,137,5,10,4,2,1,3,1,0,1,0,0,0,0,0,2,0,,0,0,0,0,0,3,3.33,-104.39
SP059,soap,2026-05-18,11,179,0.0,179,0,0,3583,135,4,8,2,0,0,2,0,0,0,0,0,0,0,0,2,0,,0,0,0,0,0,3,3.33,84.06
SP059,soap,2026-05-25,12,179,0.0,179,0,0,3240,125,4,7,3,2,0,3,0,0,0,0,0,0,0,0,3,1,3.0,0,1,0,0,0,4,3.25,126.09
SP059,soap,2026-06-01,13,179,0.0,179,0,0,3846,138,8,14,7,2,0,7,1,0,1,0,0,0,0,0,6,0,,0,0,0,0,0,4,3.25,93.73
SP059,soap,2026-06-08,14,179,0.0,179,0,0,4588,176,11,8,1,1,0,1,0,0,0,0,0,0,0,0,1,0,,0,0,0,0,0,4,3.25,42.03
SP059,soap,2026-06-15,15,179,0.0,179,0,0,3616,123,6,12,1,1,0,1,1,0,1,0,0,0,0,0,0,0,,0,0,0,0,0,4,3.25,-158.45
SP059,soap,2026-06-22,16,179,0.15,152,0,1,4274,164,4,13,5,4,1,4,0,0,0,0,0,0,0,0,4,1,3.0,0,1,0,0,0,5,3.2,35.26
SP059,soap,2026-06-29,17,179,0.0,179,0,0,3235,98,4,13,3,2,1,2,1,0,0,1,0,0,0,0,1,0,,0,0,0,0,0,5,3.2,-146.42
SP059,soap,2026-07-06,18,179,0.0,179,0,0,3799,121,5,5,4,3,0,4,0,0,0,0,0,0,0,0,4,0,,0,0,0,0,0,5,3.2,168.12
SP059,soap,2026-07-13,19,179,0.0,179,0,0,5656,192,5,8,2,2,1,1,0,0,0,0,0,0,0,0,1,0,,0,0,0,0,0,5,3.2,12.03
SP059,soap,2026-07-20,20,179,0.0,179,0,0,4719,167,7,9,3,2,0,3,1,0,0,0,1,0,0,0,2,0,,0,0,0,0,0,5,3.2,-74.39
SP059,soap,2026-07-27,21,179,0.0,179,0,0,3343,130,9,2,0,0,0,0,0,0,0,0,0,0,0,0,0,0,,0,0,0,0,0,5,3.2,0.0
SP059,soap,2026-08-03,22,179,0.0,179,0,0,3389,110,7,9,1,1,0,1,0,0,0,0,0,0,0,0,1,0,,0,0,0,0,0,5,3.2,42.03
SP059,soap,2026-08-10,23,179,0.0,179,0,0,3297,110,5,6,4,3,0,4,1,0,1,0,0,0,0,0,3,0,,0,0,0,0,0,5,3.2,-32.36
SP059,soap,2026-08-17,24,179,0.0,179,0,0,3820,156,8,14,3,3,1,2,0,0,0,0,0,0,0,0,2,1,3.0,0,1,0,0,0,6,3.17,54.06
SP059,soap,2026-08-24,25,179,0.0,179,1,0,3632,112,3,5,2,2,0,2,0,0,0,0,0,0,0,0,2,0,,0,0,0,0,0,6,3.17,84.06
SP059,soap,2026-08-31,26,179,0.0,179,0,0,3540,130,4,7,2,2,0,2,0,0,0,0,0,0,0,0,2,0,,0,0,0,0,0,6,3.17,84.06
SP059,soap,2026-09-07,27,179,0.0,179,0,0,3610,126,5,6,1,0,0,1,1,0,0,1,0,0,0,0,0,0,,0,0,0,0,0,6,3.17,-158.45
SP059,soap,2026-09-14,28,179,0.0,179,0,0,3629,126,4,11,2,0,0,2,0,0,0,0,0,0,0,0,2,1,4.0,1,0,0,0,0,7,3.29,84.06
SP059,soap,2026-09-21,29,179,0.0,179,0,1,4974,194,8,6,3,1,0,3,1,0,0,0,1,0,0,0,2,1,4.0,1,0,0,0,0,8,3.38,-74.39
SP060,soap,2026-06-29,1,209,0.0,209,0,0,10497,240,14,12,3,2,0,3,0,0,0,0,0,0,0,0,3,0,,0,0,0,0,0,0,,283.52
SP060,soap,2026-07-06,2,209,0.0,209,0,0,3296,61,4,4,1,0,0,1,0,0,0,0,0,0,0,0,1,0,,0,0,0,0,0,0,,94.51
SP060,soap,2026-07-13,3,209,0.0,209,0,0,3396,71,3,6,1,1,0,1,0,0,0,0,0,0,0,0,1,0,,0,0,0,0,0,0,,94.51
SP060,soap,2026-07-20,4,209,0.0,209,0,0,3265,76,2,6,4,4,0,4,1,0,0,1,0,0,0,0,3,1,4.0,1,0,0,0,0,1,4.0,148.98
SP060,soap,2026-07-27,5,179,0.0,179,0,0,4491,128,10,9,2,1,0,2,0,0,0,0,0,0,0,0,2,0,,0,0,0,0,0,1,4.0,131.87
SP060,soap,2026-08-03,6,179,0.0,179,0,0,3193,94,4,7,2,0,0,2,0,0,0,0,0,0,0,0,2,0,,0,0,0,0,0,1,4.0,131.87
SP060,soap,2026-08-10,7,179,0.0,179,0,0,4270,105,4,4,0,0,0,0,0,0,0,0,0,0,0,0,0,0,,0,0,0,0,0,1,4.0,0.0
SP060,soap,2026-08-17,8,179,0.0,179,0,0,4070,125,3,4,2,1,0,2,0,0,0,0,0,0,0,0,2,0,,0,0,0,0,0,1,4.0,131.87
SP060,soap,2026-08-24,9,179,0.0,179,1,0,3761,90,4,1,0,0,0,0,0,0,0,0,0,0,0,0,0,0,,0,0,0,0,0,1,4.0,0.0
SP060,soap,2026-08-31,10,179,0.0,179,0,0,2874,70,4,4,1,1,0,1,0,0,0,0,0,0,0,0,1,0,,0,0,0,0,0,1,4.0,65.93
SP060,soap,2026-09-07,11,179,0.0,179,0,0,3822,100,3,5,1,1,0,1,0,0,0,0,0,0,0,0,1,0,,0,0,0,0,0,1,4.0,65.93
SP060,soap,2026-09-14,12,179,0.0,179,0,0,5072,123,7,9,3,1,0,3,1,0,1,0,0,0,0,0,2,1,3.0,0,1,0,0,0,2,3.5,-2.67
SP060,soap,2026-09-21,13,179,0.15,152,0,1,4651,143,5,5,1,1,0,1,0,0,0,0,0,0,0,0,1,0,,0,0,0,0,0,2,3.5,40.22
SP061,soap,2025-09-08,1,169,0.0,169,0,0,9617,688,41,81,37,23,5,32,3,0,0,1,2,0,0,0,29,4,4.75,4,0,0,0,0,4,4.75,900.61
SP061,soap,2025-09-15,2,169,0.0,169,0,0,20593,2050,109,260,112,85,9,103,3,0,0,0,1,2,0,0,100,19,4.16,17,0,2,1,1,23,4.26,4382.68
SP061,soap,2025-09-22,3,169,0.0,169,1,1,36576,3297,193,430,178,128,21,157,8,0,1,5,1,1,0,0,149,18,4.28,16,2,0,0,0,41,4.27,5807.51
SP061,soap,2025-09-29,4,169,0.15,144,1,1,33702,3381,176,528,270,198,29,241,8,0,1,2,5,0,0,0,233,33,4.12,25,8,0,0,0,74,4.2,4281.5
SP061,soap,2025-10-06,5,169,0.0,169,1,1,33736,3005,158,421,185,129,16,169,7,0,1,1,2,2,1,0,162,31,4.32,27,4,0,0,0,105,4.24,6757.27
SP061,soap,2025-10-13,6,169,0.0,169,1,0,20489,1906,108,246,117,75,11,106,7,0,2,3,0,1,1,0,99,16,3.62,10,5,1,0,1,121,4.16,3711.07
SP061,soap,2025-10-20,7,169,0.0,169,1,0,19932,1756,89,224,104,74,12,92,3,0,1,2,0,0,0,0,89,13,4.0,10,2,1,0,1,134,4.14,3734.61
SP061,soap,2025-10-27,8,169,0.0,169,0,0,16940,1443,70,202,88,59,6,82,5,0,1,1,3,0,0,0,77,10,4.5,10,0,0,0,0,144,4.17,3025.37
SP061,soap,2025-11-03,9,169,0.0,169,0,0,17261,1467,79,207,84,58,11,73,3,0,3,0,0,0,0,0,70,9,4.56,8,1,0,0,0,153,4.19,2800.68
SP061,soap,2025-11-10,10,169,0.0,169,0,0,18102,1630,86,212,90,63,3,87,7,0,3,1,1,1,1,0,80,11,4.36,9,2,0,0,0,164,4.2,2987.13
SP061,soap,2025-11-17,11,169,0.0,169,0,0,16269,1504,73,226,108,73,13,95,7,0,2,2,1,1,1,0,88,12,4.17,10,1,1,0,1,176,4.2,3093.0
SP061,soap,2025-11-24,12,169,0.0,169,0,0,21229,1835,104,232,101,66,6,95,3,0,0,0,1,0,2,0,92,13,4.31,12,1,0,0,0,189,4.21,4066.81
SP061,soap,2025-12-01,13,169,0.0,169,0,0,16829,1547,100,217,91,69,4,87,3,0,1,1,1,0,0,0,84,11,4.09,8,3,0,0,0,200,4.2,3720.94
SP061,soap,2025-12-08,14,169,0.0,169,0,0,13420,1204,74,153,64,47,5,59,4,0,1,1,1,0,1,0,55,10,4.3,9,1,0,0,0,210,4.2,2079.46
SP061,soap,2025-12-15,15,169,0.0,169,0,0,18923,1694,100,246,111,73,8,103,6,0,0,2,3,0,1,0,97,12,4.0,10,2,0,0,0,222,4.19,3839.82
SP061,soap,2025-12-22,16,169,0.0,169,0,0,12870,1180,55,150,62,48,4,58,4,0,2,1,1,0,0,0,54,4,4.25,3,1,0,0,0,226,4.19,2058.72
SP061,soap,2025-12-29,17,169,0.0,169,0,0,17049,1502,92,220,96,63,9,87,4,0,0,1,2,0,1,0,83,10,4.4,8,2,0,0,0,236,4.2,3379.99
SP061,soap,2026-01-05,18,169,0.0,169,0,0,14987,1369,76,219,96,68,12,84,4,0,0,1,2,1,0,0,80,13,4.38,11,2,0,0,0,249,4.21,3137.79
SP061,soap,2026-01-12,19,169,0.0,169,0,1,23760,2123,119,258,106,70,5,101,2,0,1,0,1,0,0,0,99,16,4.06,12,4,0,0,0,265,4.2,4592.16
SP061,soap,2026-01-19,20,169,0.0,169,0,0,16190,1506,88,237,102,74,12,90,7,0,2,1,3,1,0,0,83,12,4.33,12,0,0,0,0,277,4.21,2869.33
SP061,soap,2026-01-26,21,169,0.0,169,0,0,20055,1856,106,252,105,71,14,91,2,0,1,0,1,0,0,0,89,8,4.12,6,1,1,1,0,285,4.21,3814.83
SP061,soap,2026-02-02,22,169,0.0,169,0,0,12829,1163,71,164,70,56,8,62,5,0,0,3,2,0,0,0,57,14,4.14,11,3,0,0,0,299,4.2,1950.7
SP061,soap,2026-02-09,23,169,0.0,169,0,0,13677,1275,57,172,84,56,4,80,5,0,3,0,1,1,0,0,75,12,4.5,11,1,0,0,0,311,4.22,2983.9
SP061,soap,2026-02-16,24,169,0.0,169,0,0,14213,1292,69,182,85,55,10,75,1,0,0,1,0,0,0,0,74,9,3.89,7,2,0,0,0,320,4.21,3314.05
SP061,soap,2026-02-23,25,169,0.0,169,0,0,12199,1158,64,164,73,51,10,63,1,0,0,0,0,0,1,0,62,5,3.8,3,2,0,0,0,325,4.2,2705.25
SP061,soap,2026-03-02,26,169,0.1,152,1,1,28122,2765,166,443,217,169,22,195,8,0,1,3,2,1,1,0,187,30,4.23,25,4,1,0,1,355,4.2,4677.76
SP061,soap,2026-03-09,27,169,0.0,169,0,0,16585,1565,74,215,98,72,11,87,8,0,1,2,4,0,1,0,79,23,4.52,22,1,0,0,0,378,4.22,2556.18
SP061,soap,2026-03-16,28,169,0.0,169,0,0,12214,1112,59,163,62,39,9,53,2,0,0,0,2,0,0,0,51,7,4.0,5,2,0,0,0,385,4.22,2036.96
SP061,soap,2026-03-23,29,169,0.0,169,0,0,12739,1173,63,155,61,40,1,60,2,0,1,0,1,0,0,0,58,11,4.45,10,1,0,0,0,396,4.22,2632.1
SP061,soap,2026-03-30,30,179,0.0,179,0,0,15128,1364,74,178,72,53,10,62,5,0,3,0,0,0,2,0,57,10,4.1,8,2,0,0,0,406,4.22,2433.56
SP061,soap,2026-04-06,31,179,0.0,179,0,0,12509,1090,66,148,71,53,6,65,2,0,2,0,0,0,0,0,63,5,5.0,5,0,0,0,0,411,4.23,3335.76
SP061,soap,2026-04-13,32,179,0.0,179,0,0,13569,1169,52,151,67,44,8,59,1,0,0,0,0,1,0,0,58,8,4.38,7,1,0,0,0,419,4.23,3114.7
SP061,soap,2026-04-20,33,179,0.0,179,0,0,15005,1338,70,164,71,54,4,67,4,0,1,1,1,1,0,0,63,10,4.1,9,1,0,0,0,429,4.23,3115.32
SP061,soap,2026-04-27,34,179,0.0,179,0,0,11900,1051,63,149,63,40,9,54,3,0,0,1,1,0,1,0,51,10,4.3,8,2,0,0,0,439,4.23,2382.46
SP061,soap,2026-05-04,35,179,0.0,179,0,0,12556,1151,69,167,62,49,7,55,3,0,0,0,2,0,1,0,52,8,3.88,5,3,0,0,0,447,4.23,2502.71
SP061,soap,2026-05-11,36,179,0.0,179,0,0,13558,1222,77,151,65,43,7,58,3,0,0,1,2,0,0,0,55,9,4.44,8,0,1,0,1,456,4.23,2683.49
SP061,soap,2026-05-18,37,179,0.0,179,0,0,14467,1252,70,162,69,46,12,57,2,0,0,0,0,2,0,0,55,8,4.25,7,0,1,0,1,464,4.23,2673.7
SP061,soap,2026-05-25,38,179,0.0,179,0,0,15636,1356,72,175,69,48,13,56,4,0,2,0,1,1,0,0,52,7,4.14,6,0,1,0,1,471,4.23,2182.5
SP061,soap,2026-06-01,39,179,0.0,179,0,0,13136,1149,60,147,60,45,6,54,2,0,1,0,1,0,0,0,52,6,4.67,6,0,0,0,0,477,4.23,2672.93
SP061,soap,2026-06-08,40,179,0.0,179,0,0,13061,1136,71,156,70,45,11,59,2,0,0,0,0,2,0,0,57,6,4.67,6,0,0,0,0,483,4.24,2824.22
SP061,soap,2026-06-15,41,179,0.0,179,0,0,11492,1023,61,128,54,43,4,50,1,0,0,0,1,0,0,0,49,9,4.44,9,0,0,0,0,492,4.24,2692.38
SP061,soap,2026-06-22,42,179,0.0,179,0,1,15488,1398,83,199,80,55,9,71,4,0,2,1,1,0,0,0,67,7,4.14,5,2,0,0,0,499,4.24,3206.35
SP061,soap,2026-06-29,43,179,0.0,179,0,0,14072,1215,58,153,55,40,4,51,0,0,0,0,0,0,0,0,51,12,4.25,9,3,0,0,0,511,4.24,2953.11
SP061,soap,2026-07-06,44,179,0.0,179,0,0,12504,1071,58,132,53,36,3,50,3,0,2,1,0,0,0,0,47,8,4.25,7,0,1,0,1,519,4.24,2321.43
SP061,soap,2026-07-13,45,179,0.0,179,0,0,12943,1150,71,148,67,50,6,61,1,0,1,0,0,0,0,0,60,10,4.0,8,2,0,0,0,529,4.24,3295.21
SP061,soap,2026-07-20,46,179,0.0,179,0,0,13307,1172,72,168,68,52,10,58,2,0,2,0,0,0,0,0,56,6,4.17,4,2,0,0,0,535,4.24,2793.96
SP061,soap,2026-07-27,47,179,0.0,179,0,0,10385,922,61,116,40,28,3,37,0,0,0,0,0,0,0,0,37,5,4.4,4,1,0,0,0,540,4.24,2139.51
SP061,soap,2026-08-03,48,179,0.0,179,0,0,16004,1504,76,208,78,55,10,68,3,0,1,0,1,1,0,0,65,9,4.11,6,3,0,0,0,549,4.24,3196.06
SP061,soap,2026-08-10,49,179,0.0,179,0,0,15994,1469,77,215,83,56,7,76,2,0,1,1,0,0,0,0,74,11,4.73,11,0,0,0,0,560,4.25,3968.59
SP061,soap,2026-08-17,50,179,0.0,179,0,0,14058,1290,77,137,57,45,7,50,4,0,0,1,1,2,0,0,46,8,4.38,7,1,0,0,0,568,4.25,2000.95
SP061,soap,2026-08-24,51,179,0.0,179,1,0,22450,2056,120,261,113,78,9,104,1,0,0,0,1,0,0,0,103,11,3.55,8,2,1,0,1,579,4.23,5796.27
SP061,soap,2026-08-31,52,179,0.0,179,0,0,20571,1902,97,253,117,86,18,99,6,0,2,2,2,0,0,0,93,12,4.0,10,2,0,0,0,591,4.23,4222.6
SP061,soap,2026-09-07,53,179,0.0,179,0,0,15298,1355,72,197,80,53,8,72,5,0,0,1,3,1,0,0,67,14,4.14,11,2,1,0,1,605,4.23,3096.13
SP061,soap,2026-09-14,54,179,0.0,179,0,0,16969,1509,82,202,78,52,9,69,0,0,0,0,0,0,0,0,69,11,4.45,11,0,0,0,0,616,4.23,3887.74
SP061,soap,2026-09-21,55,179,0.1,161,0,1,15739,1554,77,220,103,75,8,95,4,0,2,0,2,0,0,0,91,13,3.85,9,4,0,0,0,629,4.22,3122.52
SP062,soap,2026-04-06,1,149,0.0,149,0,0,7343,224,9,23,9,6,3,6,0,0,0,0,0,0,0,0,6,0,,0,0,0,0,0,0,,157.98
SP062,soap,2026-04-13,2,149,0.0,149,0,0,8885,255,15,21,10,7,1,9,1,0,0,1,0,0,0,0,8,3,3.67,2,1,0,0,0,3,3.67,170.07
SP062,soap,2026-04-20,3,149,0.0,149,0,0,6157,196,5,18,7,6,2,5,0,0,0,0,0,0,0,0,5,1,3.0,0,1,0,0,0,4,3.5,146.65
SP062,soap,2026-04-27,4,149,0.0,149,0,0,5714,163,4,18,6,4,0,6,2,0,0,1,1,0,0,0,4,0,,0,0,0,0,0,4,3.5,-95.83
SP062,soap,2026-05-04,5,149,0.0,149,0,0,3887,123,5,9,5,3,1,4,1,0,0,0,1,0,0,0,3,0,,0,0,0,0,0,4,3.5,-36.58
SP062,soap,2026-05-11,6,149,0.0,149,0,0,3636,97,4,8,3,2,0,3,0,0,0,0,0,0,0,0,3,0,,0,0,0,0,0,4,3.5,123.99
SP062,soap,2026-05-18,7,149,0.0,149,0,0,5557,155,5,9,4,2,2,2,0,0,0,0,0,0,0,0,2,0,,0,0,0,0,0,4,3.5,22.66
SP062,soap,2026-05-25,8,149,0.0,149,0,0,4255,114,4,7,5,3,1,4,0,0,0,0,0,0,0,0,4,0,,0,0,0,0,0,4,3.5,135.32
SP062,soap,2026-06-01,9,149,0.0,149,0,0,4156,110,4,10,5,1,0,5,1,0,0,1,0,0,0,0,4,1,3.0,0,1,0,0,0,5,3.4,34.75
SP062,soap,2026-06-08,10,149,0.0,149,0,0,4546,133,3,12,2,2,0,2,0,0,0,0,0,0,0,0,2,1,2.0,0,0,1,0,1,6,3.17,82.66
SP062,soap,2026-06-15,11,149,0.0,149,0,0,3216,81,3,7,4,3,0,4,1,0,0,0,1,0,0,0,3,1,3.0,0,1,0,0,0,7,3.14,-6.58
SP062,soap,2026-06-22,12,149,0.1,134,0,1,6466,180,13,10,6,2,0,6,3,0,0,2,0,1,0,0,3,1,3.0,0,1,0,0,0,8,3.12,-310.59
SP062,soap,2026-06-29,13,149,0.0,149,0,0,3299,86,6,10,5,1,0,5,1,0,0,0,1,0,0,0,4,0,,0,0,0,0,0,8,3.12,34.75
SP062,soap,2026-07-06,14,149,0.0,149,0,0,3693,93,3,10,4,4,1,3,0,0,0,0,0,0,0,0,3,1,5.0,1,0,0,0,0,9,3.33,93.99
SP062,soap,2026-07-13,15,149,0.0,149,0,0,4298,131,6,14,5,3,2,3,0,0,0,0,0,0,0,0,3,0,,0,0,0,0,0,9,3.33,63.99
SP062,soap,2026-07-20,16,149,0.0,149,0,0,4542,148,6,19,12,6,2,10,1,0,0,0,0,1,0,0,9,2,4.0,2,0,0,0,0,11,3.45,181.4
SP062,soap,2026-07-27,17,149,0.0,149,0,0,6664,212,8,17,8,6,1,7,0,0,0,0,0,0,0,0,7,5,3.8,3,2,0,0,0,16,3.56,259.31
SP062,soap,2026-08-03,18,149,0.0,149,0,0,5298,163,11,11,4,2,0,4,1,0,0,0,0,1,0,0,3,2,3.0,0,2,0,0,0,18,3.5,-6.58
SP062,soap,2026-08-10,19,149,0.0,149,0,0,4963,153,6,12,5,5,0,5,1,0,1,0,0,0,0,0,4,1,3.0,0,1,0,0,0,19,3.47,34.75
SP062,soap,2026-08-17,20,149,0.0,149,0,0,6135,192,7,16,6,4,1,5,1,0,0,0,1,0,0,0,4,1,2.0,0,0,1,0,1,20,3.4,4.75
SP062,soap,2026-08-24,21,149,0.0,149,1,0,6275,191,8,21,8,7,0,8,0,0,0,0,0,0,0,0,8,3,3.67,2,1,0,0,0,23,3.43,330.64
SP062,soap,2026-08-31,22,149,0.0,149,0,0,6048,207,6,18,7,5,1,6,3,0,1,2,0,0,0,0,3,3,2.67,1,0,2,1,1,26,3.35,-297.73
SP062,soap,2026-09-07,23,149,0.0,149,0,0,4923,138,6,13,4,3,1,3,0,0,0,0,0,0,0,0,3,1,4.0,1,0,0,0,0,27,3.37,93.99
SP062,soap,2026-09-14,24,149,0.0,149,0,0,5186,160,7,7,1,1,1,0,0,0,0,0,0,0,0,0,0,0,,0,0,0,0,0,27,3.37,-30.0
SP062,soap,2026-09-21,25,149,0.2,119,0,1,7403,250,8,20,11,9,1,10,1,0,0,1,0,0,0,0,9,2,5.0,2,0,0,0,0,29,3.48,-45.74
SP063,soap,2026-03-16,1,209,0.0,209,0,0,10598,355,25,28,10,5,1,9,0,0,0,0,0,0,0,0,9,1,4.0,1,0,0,0,0,1,4.0,651.43
SP063,soap,2026-03-23,2,209,0.0,209,0,0,7200,273,13,20,9,4,0,9,2,0,0,0,1,1,0,0,7,2,2.5,0,1,1,1,0,3,3.0,234.64
SP063,soap,2026-03-30,3,209,0.0,209,0,0,4672,133,5,6,5,4,1,4,0,0,0,0,0,0,0,0,4,0,,0,0,0,0,0,3,3.0,266.58
SP063,soap,2026-04-06,4,209,0.0,209,0,0,6438,167,9,17,4,2,0,4,0,0,0,0,0,0,0,0,4,0,,0,0,0,0,0,3,3.0,307.88
SP063,soap,2026-04-13,5,209,0.0,209,0,0,4457,104,6,6,2,1,0,2,1,0,0,1,0,0,0,0,1,0,,0,0,0,0,0,3,3.0,-75.11
SP063,soap,2026-04-20,6,209,0.0,209,0,0,2991,87,3,5,1,1,0,1,0,0,0,0,0,0,0,0,1,0,,0,0,0,0,0,3,3.0,76.97
SP063,soap,2026-04-27,7,209,0.0,209,0,0,3233,83,5,8,2,2,0,2,0,0,0,0,0,0,0,0,2,1,4.0,1,0,0,0,0,4,3.25,153.94
SP063,soap,2026-05-04,8,209,0.0,209,0,0,2639,73,6,9,0,0,0,0,0,0,0,0,0,0,0,0,0,0,,0,0,0,0,0,4,3.25,0.0
SP063,soap,2026-05-11,9,209,0.0,209,0,0,2607,69,3,2,1,0,0,1,0,0,0,0,0,0,0,0,1,0,,0,0,0,0,0,4,3.25,76.97
SP063,soap,2026-05-18,10,209,0.0,209,0,0,3419,89,9,9,2,0,0,2,0,0,0,0,0,0,0,0,2,0,,0,0,0,0,0,4,3.25,153.94
SP064,soap,2026-05-25,1,189,0.0,189,0,0,7895,383,17,37,17,10,0,17,1,0,0,0,0,0,1,0,16,4,3.25,1,3,0,0,0,4,3.25,835.82
SP064,soap,2026-06-01,2,189,0.0,189,0,0,11854,475,24,46,19,14,3,16,0,0,0,0,0,0,0,0,16,2,4.0,1,1,0,0,0,6,3.5,894.3
SP064,soap,2026-06-08,3,189,0.0,189,0,0,6633,303,17,40,15,9,4,11,1,0,0,0,1,0,0,0,10,2,4.5,2,0,0,0,0,8,3.75,346.7
SP064,soap,2026-06-15,4,189,0.0,189,0,0,8148,411,24,43,14,7,2,12,3,0,2,0,0,1,0,0,9,4,3.75,3,0,1,1,0,12,3.75,48.22
SP064,soap,2026-06-22,5,189,0.1,170,0,1,9676,488,22,47,19,9,2,17,0,0,0,0,0,0,0,0,17,1,4.0,1,0,0,0,0,13,3.77,678.2
SP064,soap,2026-06-29,6,189,0.0,189,0,0,7305,372,16,33,11,8,1,10,0,0,0,0,0,0,0,0,10,1,5.0,1,0,0,0,0,14,3.86,585.19
SP064,soap,2026-07-06,7,189,0.0,189,0,0,6772,364,22,35,16,13,1,15,2,0,0,0,1,1,0,0,13,1,4.0,1,0,0,0,0,15,3.87,472.78
SP064,soap,2026-07-13,8,189,0.0,189,0,0,6650,386,18,36,17,10,1,16,3,0,1,1,1,0,0,0,13,3,3.33,2,0,1,0,1,18,3.78,324.3
SP064,soap,2026-07-20,9,189,0.0,189,0,0,5877,310,21,37,17,13,4,13,0,0,0,0,0,0,0,0,13,3,3.33,2,0,1,1,0,21,3.71,679.74
SP064,soap,2026-07-27,10,189,0.0,189,0,0,10008,475,22,41,15,11,1,14,0,0,0,0,0,0,0,0,14,2,5.0,2,0,0,0,0,23,3.83,831.26
SP064,soap,2026-08-03,11,189,0.0,189,0,0,7259,382,20,37,17,13,1,16,1,0,0,1,0,0,0,0,15,2,5.0,2,0,0,0,0,25,3.92,744.3
SP064,soap,2026-08-10,12,189,0.0,189,0,0,7408,397,14,28,14,11,1,13,1,0,1,0,0,0,0,0,12,1,3.0,0,1,0,0,0,26,3.88,559.74
SP064,soap,2026-08-17,13,189,0.0,189,0,0,8900,481,28,55,24,14,2,22,2,0,1,0,1,0,0,0,20,4,4.0,3,1,0,0,0,30,3.9,873.41
SP064,soap,2026-08-24,14,189,0.0,189,1,0,9321,512,21,49,20,13,1,19,2,0,1,1,0,0,0,0,17,3,3.0,1,1,1,0,1,33,3.82,718.85
SP064,soap,2026-08-31,15,189,0.0,189,0,0,8723,430,27,50,14,8,2,12,1,0,0,0,1,0,0,0,11,2,3.0,1,0,1,0,1,35,3.77,468.22
SP064,soap,2026-09-07,16,189,0.0,189,0,0,9187,503,24,45,14,8,1,13,2,0,0,1,1,0,0,0,11,0,,0,0,0,0,0,35,3.77,349.74
SP064,soap,2026-09-14,17,189,0.0,189,0,0,11497,604,35,66,25,21,2,23,1,0,0,0,0,0,1,0,22,2,5.0,2,0,0,0,0,37,3.84,1144.93
SP064,soap,2026-09-21,18,189,0.0,189,0,1,12876,697,43,64,21,19,4,17,1,0,0,1,0,0,0,0,16,1,5.0,1,0,0,0,0,38,3.87,715.82
SP065,soap,2026-05-18,1,159,0.0,159,0,0,9106,388,16,33,12,10,1,11,3,0,2,1,0,0,0,0,8,0,,0,0,0,0,0,0,,-0.48
SP065,soap,2026-05-25,2,159,0.0,159,0,0,6459,286,12,20,8,4,1,7,1,0,0,0,1,0,0,0,6,2,2.5,0,1,1,1,0,2,2.5,149.74
SP065,soap,2026-06-01,3,159,0.0,159,0,0,5755,156,9,5,2,2,0,2,0,0,0,0,0,0,0,0,2,1,5.0,1,0,0,0,0,3,3.33,106.32
SP065,soap,2026-06-08,4,159,0.0,159,0,0,4847,181,5,14,8,2,2,6,2,0,2,0,0,0,0,0,4,1,3.0,0,1,0,0,0,4,3.25,-125.79
SP065,soap,2026-06-15,5,159,0.0,159,0,0,3801,143,2,8,2,1,1,1,1,0,0,0,0,0,1,0,0,1,2.0,0,0,1,0,1,5,3.0,-169.21
SP065,soap,2026-06-22,6,159,0.0,159,0,1,5501,190,9,7,4,2,2,2,0,0,0,0,0,0,0,0,2,1,4.0,1,0,0,0,0,6,3.17,24.44
SP065,soap,2026-06-29,7,159,0.0,159,0,0,2406,88,2,5,3,2,0,3,0,0,0,0,0,0,0,0,3,0,,0,0,0,0,0,6,3.17,159.48
SP065,soap,2026-07-06,8,159,0.0,159,0,0,4042,147,3,10,5,3,1,4,0,0,0,0,0,0,0,0,4,1,4.0,1,0,0,0,0,7,3.29,171.69
SP065,soap,2026-07-13,9,159,0.0,159,0,0,4686,165,6,11,3,2,1,2,1,0,0,0,0,0,1,0,1,0,,0,0,0,0,0,7,3.29,-116.05
SP065,soap,2026-07-20,10,159,0.0,159,0,0,4899,161,9,7,2,1,0,2,2,0,1,0,1,0,0,0,0,0,,0,0,0,0,0,7,3.29,-256.54
SP065,soap,2026-07-27,11,159,0.0,159,0,0,4264,167,7,13,4,4,2,2,1,0,0,0,0,0,1,0,1,0,,0,0,0,0,0,7,3.29,-156.99
SP065,soap,2026-08-03,12,159,0.0,159,0,0,4658,151,5,11,3,2,0,3,0,0,0,0,0,0,0,0,3,1,4.0,1,0,0,0,0,8,3.38,159.48
SP065,soap,2026-08-10,13,159,0.0,159,0,0,5126,202,8,17,6,4,0,6,0,0,0,0,0,0,0,0,6,0,,0,0,0,0,0,8,3.38,318.95
SP065,soap,2026-08-17,14,159,0.0,159,0,0,4901,198,7,14,7,5,0,7,1,0,1,0,0,0,0,0,6,1,5.0,1,0,0,0,0,9,3.56,190.68
SP065,soap,2026-08-24,15,159,0.0,159,1,0,7492,311,13,26,12,6,0,12,0,0,0,0,0,0,0,0,12,1,3.0,0,1,0,0,0,10,3.5,637.9
SP065,soap,2026-08-31,16,159,0.0,159,0,0,6294,277,11,20,9,8,2,7,2,0,2,0,0,0,0,0,5,1,4.0,1,0,0,0,0,11,3.55,-72.63
SP065,soap,2026-09-07,17,159,0.0,159,0,0,6456,287,12,24,9,4,1,8,1,0,0,0,1,0,0,0,7,0,,0,0,0,0,0,11,3.55,202.9
SP065,soap,2026-09-14,18,159,0.0,159,0,0,6926,273,15,22,10,10,1,9,1,0,1,0,0,0,0,0,8,1,4.0,1,0,0,0,0,12,3.58,256.06
SP065,soap,2026-09-21,19,159,0.0,159,0,1,8443,366,13,28,12,9,0,12,2,0,0,1,1,0,0,0,10,2,3.0,0,2,0,0,0,14,3.5,275.04
SP066,soap,2025-12-15,1,169,0.0,169,0,0,13048,470,23,38,11,9,1,10,0,0,0,0,0,0,0,0,10,3,4.33,3,0,0,0,0,3,4.33,442.0
SP066,soap,2025-12-22,2,169,0.0,169,0,0,11643,489,23,31,16,8,0,16,2,0,2,0,0,0,0,0,14,0,,0,0,0,0,0,3,4.33,373.29
SP066,soap,2025-12-29,3,169,0.0,169,0,0,7729,299,10,21,7,3,1,6,0,0,0,0,0,0,0,0,6,1,4.0,1,0,0,0,0,4,4.25,253.2
SP066,soap,2026-01-05,4,169,0.0,169,0,0,8260,323,13,16,7,5,1,6,0,0,0,0,0,0,0,0,6,0,,0,0,0,0,0,4,4.25,253.2
SP066,soap,2026-01-12,5,169,0.0,169,0,1,11114,456,20,35,13,9,1,12,3,0,1,0,2,0,0,0,9,2,3.5,1,1,0,0,0,6,4.0,-36.46
SP066,soap,2026-01-19,6,169,0.0,169,0,0,6507,256,8,16,5,4,0,5,1,0,1,0,0,0,0,0,4,2,3.5,1,1,0,0,0,8,3.88,45.05
SP066,soap,2026-01-26,7,169,0.0,169,0,0,4383,162,8,11,4,3,0,4,1,0,1,0,0,0,0,0,3,1,4.0,1,0,0,0,0,9,3.89,-2.15
SP066,soap,2026-02-02,8,169,0.0,169,0,0,7064,238,13,19,5,4,1,4,1,0,1,0,0,0,0,0,3,0,,0,0,0,0,0,9,3.89,-32.15
SP066,soap,2026-02-09,9,169,0.0,169,0,0,6509,246,16,15,3,1,1,2,0,0,0,0,0,0,0,0,2,1,4.0,1,0,0,0,0,10,3.9,64.4
SP066,soap,2026-02-16,10,169,0.0,169,0,0,7165,233,9,15,3,0,0,3,0,0,0,0,0,0,0,0,3,0,,0,0,0,0,0,10,3.9,141.6
SP066,soap,2026-02-23,11,169,0.0,169,0,0,5627,200,11,15,5,3,0,5,1,0,1,0,0,0,0,0,4,0,,0,0,0,0,0,10,3.9,45.05
SP066,soap,2026-03-02,12,169,0.0,169,1,1,10157,364,20,32,10,7,2,8,0,0,0,0,0,0,0,0,8,1,3.0,0,1,0,0,0,11,3.82,317.6
SP066,soap,2026-03-09,13,169,0.0,169,0,0,6116,214,11,17,1,1,0,1,0,0,0,0,0,0,0,0,1,0,,0,0,0,0,0,11,3.82,47.2
SP066,soap,2026-03-16,14,169,0.0,169,0,0,4431,153,6,9,4,3,0,4,0,0,0,0,0,0,0,0,4,1,3.0,0,1,0,0,0,12,3.75,188.8
SP066,soap,2026-03-23,15,169,0.0,169,0,0,4597,148,7,8,3,3,0,3,0,0,0,0,0,0,0,0,3,1,4.0,1,0,0,0,0,13,3.77,141.6
SP066,soap,2026-03-30,16,169,0.0,169,0,0,5080,200,11,14,3,2,0,3,1,0,0,0,0,0,1,0,2,0,,0,0,0,0,0,13,3.77,-49.35
SP066,soap,2026-04-06,17,169,0.0,169,0,0,6557,237,16,17,4,3,1,3,1,0,1,0,0,0,0,0,2,0,,0,0,0,0,0,13,3.77,-79.35
SP066,soap,2026-04-13,18,169,0.0,169,0,0,5904,184,8,15,5,3,1,4,1,0,0,0,0,1,0,0,3,1,3.0,0,1,0,0,0,14,3.71,-32.15
SP066,soap,2026-04-20,19,169,0.0,169,0,0,5002,185,12,10,1,1,0,1,0,0,0,0,0,0,0,0,1,0,,0,0,0,0,0,14,3.71,47.2
SP066,soap,2026-04-27,20,169,0.0,169,0,0,4865,168,4,16,4,3,0,4,1,0,0,1,0,0,0,0,3,1,3.0,0,1,0,0,0,15,3.67,-2.15
SP066,soap,2026-05-04,21,169,0.0,169,0,0,4488,168,5,9,4,1,1,3,0,0,0,0,0,0,0,0,3,0,,0,0,0,0,0,15,3.67,111.6
SP066,soap,2026-05-11,22,169,0.0,169,0,0,5608,182,9,12,3,0,0,3,1,0,0,0,1,0,0,0,2,1,4.0,1,0,0,0,0,16,3.69,-49.35
SP066,soap,2026-05-18,23,169,0.0,169,0,0,4005,139,8,9,3,3,0,3,0,0,0,0,0,0,0,0,3,0,,0,0,0,0,0,16,3.69,141.6
SP066,soap,2026-05-25,24,169,0.0,169,0,0,5183,191,4,10,3,2,0,3,0,0,0,0,0,0,0,0,3,1,5.0,1,0,0,0,0,17,3.76,141.6
SP066,soap,2026-06-01,25,169,0.0,169,0,0,6287,224,8,13,6,2,0,6,0,0,0,0,0,0,0,0,6,1,3.0,0,1,0,0,0,18,3.72,283.2
SP066,soap,2026-06-08,26,169,0.0,169,0,0,3989,151,2,10,2,2,0,2,0,0,0,0,0,0,0,0,2,0,,0,0,0,0,0,18,3.72,94.4
SP066,soap,2026-06-15,27,169,0.0,169,0,0,3760,127,6,10,2,2,1,1,0,0,0,0,0,0,0,0,1,0,,0,0,0,0,0,18,3.72,17.2
SP066,soap,2026-06-22,28,169,0.0,169,0,1,4896,156,10,8,4,4,3,1,0,0,0,0,0,0,0,0,1,0,,0,0,0,0,0,18,3.72,-42.8
SP066,soap,2026-06-29,29,169,0.0,169,0,0,4874,176,5,17,7,4,1,6,1,0,0,0,1,0,0,0,5,4,3.25,2,1,1,1,0,22,3.64,62.25
SP066,soap,2026-07-06,30,169,0.0,169,0,0,7069,247,14,17,3,1,0,3,2,0,2,0,0,0,0,0,1,0,,0,0,0,0,0,22,3.64,-240.31
SP066,soap,2026-07-13,31,169,0.0,169,0,0,5272,204,12,10,5,3,0,5,0,0,0,0,0,0,0,0,5,1,4.0,1,0,0,0,0,23,3.65,236.0
SP066,soap,2026-07-20,32,169,0.0,169,0,0,6943,224,8,15,7,4,0,7,1,0,1,0,0,0,0,0,6,1,5.0,1,0,0,0,0,24,3.71,139.45
SP066,soap,2026-07-27,33,169,0.0,169,0,0,5142,192,17,13,6,4,0,6,1,0,1,0,0,0,0,0,5,0,,0,0,0,0,0,24,3.71,92.25
SP066,soap,2026-08-03,34,169,0.0,169,0,0,4941,186,13,9,5,4,0,5,0,0,0,0,0,0,0,0,5,0,,0,0,0,0,0,24,3.71,236.0
SP066,soap,2026-08-10,35,169,0.0,169,0,0,5809,222,5,19,4,3,1,3,0,0,0,0,0,0,0,0,3,0,,0,0,0,0,0,24,3.71,111.6
SP066,soap,2026-08-17,36,169,0.0,169,0,0,5558,192,10,17,8,4,0,8,2,0,0,2,0,0,0,0,6,2,5.0,2,0,0,0,0,26,3.81,-4.31
SP066,soap,2026-08-24,37,169,0.0,169,1,0,10333,384,30,36,14,11,1,13,3,0,0,1,1,1,0,0,10,3,2.67,1,0,2,0,2,29,3.69,10.74
SP066,soap,2026-08-31,38,169,0.0,169,0,0,6289,249,13,19,7,4,2,5,1,0,0,0,1,0,0,0,4,1,3.0,0,1,0,0,0,30,3.67,-14.95
SP066,soap,2026-09-07,39,169,0.0,169,0,0,6218,243,9,21,9,5,0,9,3,0,1,1,1,0,0,0,6,0,,0,0,0,0,0,30,3.67,-148.06
SP066,soap,2026-09-14,40,169,0.0,169,0,0,8971,321,10,20,6,4,0,6,0,0,0,0,0,0,0,0,6,2,3.5,1,1,0,0,0,32,3.66,283.2
SP066,soap,2026-09-21,41,169,0.0,169,0,1,9107,336,17,22,9,8,3,6,0,0,0,0,0,0,0,0,6,0,,0,0,0,0,0,32,3.66,193.2
SP067,soap,2026-03-30,1,219,0.0,219,0,0,12360,187,9,6,1,0,0,1,0,0,0,0,0,0,0,0,1,0,,0,0,0,0,0,0,,123.88
SP067,soap,2026-04-06,2,219,0.0,219,0,0,4306,53,5,1,0,0,0,0,0,0,0,0,0,0,0,0,0,0,,0,0,0,0,0,0,,0.0
SP067,soap,2026-04-13,3,219,0.0,219,0,0,2616,51,6,2,1,1,0,1,0,0,0,0,0,0,0,0,1,0,,0,0,0,0,0,0,,123.88
SP067,soap,2026-04-20,4,219,0.0,219,0,0,3611,61,6,3,0,0,0,0,0,0,0,0,0,0,0,0,0,0,,0,0,0,0,0,0,,0.0
SP067,soap,2026-04-27,5,179,0.0,179,0,0,2565,55,2,1,1,1,1,0,0,0,0,0,0,0,0,0,0,0,,0,0,0,0,0,0,,-30.0
SP067,soap,2026-05-04,6,179,0.0,179,0,0,1992,40,1,2,1,0,0,1,0,0,0,0,0,0,0,0,1,0,,0,0,0,0,0,0,,85.78
SP068,soap,2026-02-23,1,189,0.0,189,0,0,7367,284,16,17,4,3,1,3,0,0,0,0,0,0,0,0,3,0,,0,0,0,0,0,0,,160.4
SP068,soap,2026-03-02,2,189,0.15,161,1,1,7010,322,15,31,16,11,3,13,1,0,0,0,1,0,0,0,12,0,,0,0,0,0,0,0,,205.05
SP068,soap,2026-03-09,3,189,0.0,189,0,0,4920,229,21,27,6,4,0,6,1,0,0,0,1,0,0,0,5,0,,0,0,0,0,0,0,,170.79
SP068,soap,2026-03-16,4,189,0.0,189,0,0,5030,205,15,15,5,5,0,5,1,0,1,0,0,0,0,0,4,0,,0,0,0,0,0,0,,107.33
SP068,soap,2026-03-23,5,189,0.0,189,0,0,3433,131,8,15,4,3,0,4,0,0,0,0,0,0,0,0,4,1,4.0,1,0,0,0,0,1,4.0,253.86
SP068,soap,2026-03-30,6,189,0.0,189,0,0,5859,271,16,25,12,6,0,12,1,0,0,0,1,0,0,0,11,0,,0,0,0,0,0,1,4.0,551.58
SP068,soap,2026-04-06,7,189,0.0,189,0,0,4797,193,12,19,4,3,0,4,0,0,0,0,0,0,0,0,4,0,,0,0,0,0,0,1,4.0,253.86
SP068,soap,2026-04-13,8,189,0.0,189,0,0,5106,224,11,17,13,6,1,12,2,0,2,0,0,0,0,0,10,1,4.0,1,0,0,0,0,2,4.0,311.58
SP068,soap,2026-04-20,9,189,0.0,189,0,0,6674,290,19,21,9,6,3,6,1,0,0,0,1,0,0,0,5,1,3.0,0,1,0,0,0,3,3.67,80.79
SP068,soap,2026-04-27,10,179,0.0,179,0,0,5220,200,16,16,4,1,0,4,0,0,0,0,0,0,0,0,4,0,,0,0,0,0,0,3,3.67,215.76
SP068,soap,2026-05-04,11,179,0.0,179,0,0,6486,271,18,22,7,4,0,7,2,0,0,1,1,0,0,0,5,0,,0,0,0,0,0,3,3.67,-23.36
SP068,soap,2026-05-11,12,179,0.0,179,0,0,4938,201,3,17,7,1,1,6,1,0,1,0,0,0,0,0,5,0,,0,0,0,0,0,3,3.67,93.17
SP068,soap,2026-05-18,13,179,0.0,179,0,0,4600,181,12,19,9,4,0,9,0,0,0,0,0,0,0,0,9,0,,0,0,0,0,0,3,3.67,485.47
SP068,soap,2026-05-25,14,179,0.0,179,0,0,5291,201,11,12,4,2,0,4,0,0,0,0,0,0,0,0,4,2,3.0,1,0,1,1,0,5,3.4,215.76
SP068,soap,2026-06-01,15,179,0.0,179,0,0,3424,123,6,9,4,4,2,2,0,0,0,0,0,0,0,0,2,0,,0,0,0,0,0,5,3.4,47.88
SP068,soap,2026-06-08,16,179,0.0,179,0,0,4024,139,7,10,4,2,1,3,0,0,0,0,0,0,0,0,3,0,,0,0,0,0,0,5,3.4,131.82
SP068,soap,2026-06-15,17,179,0.0,179,0,0,5094,196,13,17,7,3,1,6,0,0,0,0,0,0,0,0,6,2,4.5,2,0,0,0,0,7,3.71,293.65
SP068,soap,2026-06-22,18,179,0.2,143,0,1,6189,301,18,36,18,10,3,15,1,0,1,0,0,0,0,0,14,3,3.33,1,2,0,0,0,10,3.6,38.64
SP068,soap,2026-06-29,19,179,0.0,179,0,0,5248,200,12,16,9,6,2,7,0,0,0,0,0,0,0,0,7,0,,0,0,0,0,0,10,3.6,317.59
SP068,soap,2026-07-06,20,179,0.0,179,0,0,6140,277,9,33,15,7,2,13,1,0,0,0,0,1,0,0,12,2,3.5,1,1,0,0,0,12,3.58,440.76
SP068,soap,2026-07-13,21,179,0.0,179,0,0,8004,353,28,33,17,12,0,17,2,0,1,0,1,0,0,0,15,1,5.0,1,0,0,0,0,13,3.69,516.05
SP068,soap,2026-07-20,22,179,0.0,179,0,0,5748,249,15,31,16,9,1,15,0,0,0,0,0,0,0,0,15,3,4.33,3,0,0,0,0,16,3.81,779.12
SP068,soap,2026-07-27,23,179,0.0,179,0,0,9831,475,23,39,16,10,1,15,0,0,0,0,0,0,0,0,15,2,4.0,2,0,0,0,0,18,3.83,779.12
SP068,soap,2026-08-03,24,179,0.0,179,0,0,8141,369,19,36,15,9,1,14,0,0,0,0,0,0,0,0,14,2,5.0,2,0,0,0,0,20,3.95,725.18
SP068,soap,2026-08-10,25,179,0.0,179,0,0,10961,557,35,60,26,15,1,25,2,0,0,0,0,1,1,0,23,3,4.0,2,1,0,0,0,23,3.96,917.58
SP068,soap,2026-08-17,26,179,0.0,179,0,0,7023,353,17,35,14,9,2,12,2,0,0,1,0,0,1,0,10,0,,0,0,0,0,0,23,3.96,186.34
SP068,soap,2026-08-24,27,179,0.0,179,1,0,9266,442,20,47,19,13,1,18,1,0,0,0,1,0,0,0,17,4,3.75,2,2,0,0,0,27,3.93,740.47
SP068,soap,2026-08-31,28,179,0.0,179,0,0,8075,363,23,38,14,7,0,14,0,0,0,0,0,0,0,0,14,2,3.0,1,0,1,0,1,29,3.86,755.18
SP068,soap,2026-09-07,29,179,0.0,179,0,0,5426,271,9,25,12,7,0,12,0,0,0,0,0,0,0,0,12,2,4.0,2,0,0,0,0,31,3.87,647.29
SP068,soap,2026-09-14,30,179,0.0,179,0,0,8709,429,21,32,9,7,1,8,0,0,0,0,0,0,0,0,8,1,5.0,1,0,0,0,0,32,3.91,401.53
SP068,soap,2026-09-21,31,179,0.1,161,0,1,11560,629,24,63,24,16,1,23,2,0,1,1,0,0,0,0,21,2,3.0,1,0,1,1,0,34,3.85,449.7
SP069,soap,2025-11-03,1,149,0.0,149,0,0,9657,560,25,66,29,19,2,27,1,0,0,0,1,0,0,0,26,4,4.5,4,0,0,0,0,4,4.5,-401.08
SP069,soap,2025-11-10,2,149,0.0,149,0,0,21581,1509,91,170,72,36,4,68,4,0,1,0,3,0,0,0,64,10,3.8,6,3,1,0,1,14,4.0,-1233.68
SP069,soap,2025-11-17,3,149,0.0,149,0,0,15766,935,43,93,42,25,1,41,3,0,1,0,1,0,1,0,38,4,3.5,2,1,1,1,0,18,3.89,-802.6
SP069,soap,2025-11-24,4,179,0.0,179,0,0,13823,779,43,67,29,21,5,24,0,0,0,0,0,0,0,0,24,1,5.0,1,0,0,0,0,19,3.95,385.34
SP069,soap,2025-12-01,5,179,0.0,179,0,0,9985,516,33,47,22,14,4,18,1,0,0,1,0,0,0,0,17,4,3.75,3,1,0,0,0,23,3.91,81.03
SP069,soap,2025-12-08,6,179,0.0,179,0,0,10282,567,34,52,21,15,1,20,4,0,3,1,0,0,0,0,16,3,4.0,2,1,0,0,0,26,3.92,-385.79
SP069,soap,2025-12-15,7,179,0.0,179,0,0,9941,512,35,41,18,14,2,16,2,0,0,1,1,0,0,0,14,2,4.5,2,0,0,0,0,28,3.96,-104.06
SP069,soap,2025-12-22,8,179,0.0,179,0,0,9958,536,24,42,18,10,0,18,1,0,0,0,1,0,0,0,17,2,3.5,1,1,0,0,0,30,3.93,201.03
SP069,soap,2025-12-29,9,179,0.0,179,0,0,8663,479,20,51,15,5,0,15,0,0,0,0,0,0,0,0,15,4,4.75,4,0,0,0,0,34,4.03,334.59
SP069,soap,2026-01-05,10,179,0.0,179,0,0,8651,476,27,52,19,11,1,18,2,0,2,0,0,0,0,0,16,3,3.0,2,0,1,0,1,37,3.95,-29.45
SP069,soap,2026-01-12,11,179,0.15,152,0,1,10511,671,30,69,31,23,4,27,1,0,1,0,0,0,0,0,26,3,4.33,3,0,0,0,0,40,3.98,-386.79
SP069,soap,2026-01-19,12,179,0.0,179,0,0,12359,718,48,77,29,16,2,27,2,0,1,0,0,1,0,0,25,3,4.0,2,1,0,0,0,43,3.98,141.3
SP069,soap,2026-01-26,13,179,0.0,179,0,0,12864,738,39,73,25,16,3,22,2,0,0,1,1,0,0,0,20,2,5.0,2,0,0,0,0,45,4.02,-0.22
SP069,soap,2026-02-02,14,179,0.0,179,0,0,10255,589,42,54,26,18,4,22,0,0,0,0,0,0,0,0,22,5,4.6,5,0,0,0,0,50,4.08,370.73
SP069,soap,2026-02-09,15,179,0.0,179,0,0,9615,554,31,51,19,9,2,17,1,0,0,0,1,0,0,0,16,1,4.0,1,0,0,0,0,51,4.08,118.72
SP069,soap,2026-02-16,16,179,0.0,179,0,0,9306,556,35,65,26,19,1,25,2,0,0,0,2,0,0,0,23,3,4.0,2,1,0,0,0,54,4.07,126.69
SP069,soap,2026-02-23,17,179,0.0,179,0,0,13693,784,31,84,31,25,7,24,0,0,0,0,0,0,0,0,24,3,4.33,3,0,0,0,0,57,4.09,325.34
SP069,soap,2026-03-02,18,179,0.1,161,1,1,16174,957,62,124,56,34,7,49,2,0,0,1,1,0,0,0,47,7,3.71,5,0,2,0,2,64,4.05,-323.68
SP069,soap,2026-03-09,19,179,0.0,179,0,0,7689,466,24,44,16,9,0,16,3,0,1,1,0,0,1,0,13,1,4.0,1,0,0,0,0,65,4.05,-244.54
SP069,soap,2026-03-16,20,179,0.0,179,0,0,6916,385,14,35,12,6,3,9,1,0,0,0,0,1,0,0,8,3,4.67,3,0,0,0,0,68,4.07,-89.72
SP069,soap,2026-03-23,21,179,0.0,179,0,0,9857,593,30,56,23,12,5,18,1,0,1,0,0,0,0,0,17,4,4.0,4,0,0,0,0,72,4.07,51.03
SP069,soap,2026-03-30,22,179,0.0,179,0,0,7820,497,24,53,17,11,1,16,1,0,0,0,1,0,0,0,15,2,4.5,2,0,0,0,0,74,4.08,126.42
SP069,soap,2026-04-06,23,179,0.0,179,0,0,10183,614,25,73,31,19,6,25,2,0,0,0,1,1,0,0,23,3,4.67,3,0,0,0,0,77,4.1,-23.31
SP069,soap,2026-04-13,24,179,0.0,179,0,0,9994,582,28,46,17,12,2,15,1,0,0,0,1,0,0,0,14,2,4.5,2,0,0,0,0,79,4.11,74.11
SP069,soap,2026-04-20,25,179,0.0,179,0,0,9840,567,32,62,22,12,1,21,1,0,0,0,1,0,0,0,20,3,4.33,3,0,0,0,0,82,4.12,237.95
SP069,soap,2026-04-27,26,179,0.0,179,0,0,10243,581,36,42,14,9,0,14,0,0,0,0,0,0,0,0,14,2,4.0,1,1,0,0,0,84,4.12,312.28
SP069,soap,2026-05-04,27,179,0.0,179,0,0,10016,627,36,62,21,12,3,18,1,0,1,0,0,0,0,0,17,3,4.0,3,0,0,0,0,87,4.11,111.03
SP069,soap,2026-05-11,28,179,0.0,179,0,0,9981,624,25,68,35,21,6,29,0,0,0,0,0,0,0,0,29,4,3.75,2,2,0,0,0,91,4.1,466.87
SP069,soap,2026-05-18,29,179,0.0,179,0,0,8870,496,22,49,23,16,2,21,2,0,0,0,1,0,1,0,19,2,4.0,2,0,0,0,0,93,4.1,7.47
SP069,soap,2026-05-25,30,179,0.0,179,0,0,8824,537,39,62,27,16,4,23,5,0,3,0,1,0,1,0,18,2,3.5,1,0,1,0,1,95,4.08,-609.35
SP069,soap,2026-06-01,31,179,0.0,179,0,0,9934,590,25,66,20,16,2,18,1,0,0,0,1,0,0,0,17,3,4.0,3,0,0,0,0,98,4.08,141.03
SP069,soap,2026-06-08,32,179,0.0,179,0,0,8258,484,23,57,24,18,3,21,3,0,0,1,2,0,0,0,18,5,4.2,4,1,0,0,0,103,4.09,-223.01
SP069,soap,2026-06-15,33,179,0.0,179,0,0,9700,549,32,57,25,20,1,24,1,0,0,0,1,0,0,0,23,2,4.5,2,0,0,0,0,105,4.1,304.86
SP069,soap,2026-06-22,34,179,0.1,161,0,1,12635,805,46,91,37,25,2,35,2,0,1,0,1,0,0,0,33,6,3.83,4,1,1,1,0,111,4.08,-245.96
SP069,soap,2026-06-29,35,179,0.0,179,0,0,10020,591,29,61,18,10,1,17,2,0,0,1,1,0,0,0,15,3,3.33,2,0,1,0,1,114,4.06,-51.75
SP069,soap,2026-07-06,36,179,0.0,179,0,0,12065,701,34,75,25,16,4,21,0,0,0,0,0,0,0,0,21,2,4.5,2,0,0,0,0,116,4.07,348.42
SP069,soap,2026-07-13,37,179,0.0,179,0,0,8066,515,29,63,16,9,2,14,2,0,1,1,0,0,0,0,12,2,4.5,2,0,0,0,0,118,4.08,-148.67
SP069,soap,2026-07-20,38,179,0.0,179,0,0,14352,866,37,100,42,26,6,36,5,0,2,0,3,0,0,0,31,9,3.44,3,5,1,0,1,127,4.03,-379.37
SP069,soap,2026-07-27,39,179,0.0,179,0,0,11379,662,33,75,27,18,3,24,3,0,0,3,0,0,0,0,21,4,3.25,1,3,0,0,0,131,4.01,-156.09
SP069,soap,2026-08-03,40,179,0.0,179,0,0,10023,555,20,58,22,14,1,21,4,0,2,1,1,0,0,0,17,3,3.67,2,1,0,0,0,134,4.0,-363.48
SP069,soap,2026-08-10,41,179,0.0,179,0,0,9532,570,26,63,25,19,3,22,0,0,0,0,0,0,0,0,22,4,3.25,2,1,1,0,1,138,3.98,400.73
SP069,soap,2026-08-17,42,179,0.0,179,0,0,9795,564,33,66,28,21,4,24,4,0,1,2,0,0,1,0,20,2,4.0,2,0,0,0,0,140,3.98,-386.57
SP069,soap,2026-08-24,43,179,0.0,179,1,0,13689,772,36,73,35,24,2,33,3,0,1,1,1,0,0,0,30,7,3.0,2,3,2,1,1,147,3.93,74.66
SP069,soap,2026-08-31,44,179,0.0,179,0,0,10205,579,21,66,29,21,1,28,1,0,0,0,0,0,1,0,27,4,4.25,4,0,0,0,0,151,3.94,394.09
SP069,soap,2026-09-07,45,179,0.0,179,0,0,12441,691,44,70,30,20,5,25,0,0,0,0,0,0,0,0,25,3,4.0,2,1,0,0,0,154,3.94,407.65
SP069,soap,2026-09-14,46,179,0.0,179,0,0,10635,593,24,67,32,22,3,29,2,0,0,1,1,0,0,0,27,4,4.0,4,0,0,0,0,158,3.94,155.92
SP069,soap,2026-09-21,47,179,0.0,179,0,1,15625,939,51,94,43,29,7,36,2,0,0,1,1,0,0,0,34,6,3.83,4,2,0,0,0,164,3.94,192.06
SP070,soap,2026-01-12,1,179,0.2,143,0,1,13955,480,18,27,10,7,1,9,4,0,2,1,1,0,0,0,5,0,,0,0,0,0,0,0,,-341.3
SP070,soap,2026-01-19,2,179,0.0,179,0,0,4583,102,9,10,5,2,0,5,0,0,0,0,0,0,0,0,5,1,3.0,0,1,0,0,0,1,3.0,367.8
SP070,soap,2026-01-26,3,179,0.0,179,0,0,6565,119,1,6,3,3,0,3,0,0,0,0,0,0,0,0,3,0,,0,0,0,0,0,1,3.0,220.68
SP070,soap,2026-02-02,4,179,0.0,179,0,0,5231,101,4,6,2,1,1,1,0,0,0,0,0,0,0,0,1,0,,0,0,0,0,0,1,3.0,43.56
SP070,soap,2026-02-09,5,179,0.0,179,0,0,2819,61,3,5,2,1,1,1,0,0,0,0,0,0,0,0,1,0,,0,0,0,0,0,1,3.0,43.56
SP070,soap,2026-02-16,6,179,0.0,179,0,0,4508,84,3,4,0,0,0,0,0,0,0,0,0,0,0,0,0,0,,0,0,0,0,0,1,3.0,0.0
SP070,soap,2026-02-23,7,179,0.0,179,0,0,3159,64,2,3,1,1,0,1,0,0,0,0,0,0,0,0,1,0,,0,0,0,0,0,1,3.0,73.56
SP070,soap,2026-03-02,8,179,0.15,152,1,1,5012,117,6,7,2,2,0,2,0,0,0,0,0,0,0,0,2,0,,0,0,0,0,0,1,3.0,95.69
SP070,soap,2026-03-09,9,179,0.0,179,0,0,2958,63,3,6,1,1,0,1,1,0,1,0,0,0,0,0,0,0,,0,0,0,0,0,1,3.0,-126.92
SP070,soap,2026-03-16,10,179,0.0,179,0,0,3536,74,0,6,1,1,1,0,0,0,0,0,0,0,0,0,0,0,,0,0,0,0,0,1,3.0,-30.0
SP070,soap,2026-03-23,11,179,0.0,179,0,0,2820,55,1,2,0,0,0,0,0,0,0,0,0,0,0,0,0,0,,0,0,0,0,0,1,3.0,0.0
SP070,soap,2026-03-30,12,179,0.0,179,0,0,2564,54,3,4,2,1,0,2,1,0,1,0,0,0,0,0,1,0,,0,0,0,0,0,1,3.0,-53.36
SP070,soap,2026-04-06,13,179,0.0,179,0,0,3818,84,4,9,3,2,1,2,0,0,0,0,0,0,0,0,2,0,,0,0,0,0,0,1,3.0,117.12
SP070,soap,2026-04-13,14,179,0.0,179,0,0,3138,59,2,3,0,0,0,0,0,0,0,0,0,0,0,0,0,0,,0,0,0,0,0,1,3.0,0.0
SP070,soap,2026-04-20,15,179,0.0,179,0,0,3047,57,2,1,0,0,0,0,0,0,0,0,0,0,0,0,0,0,,0,0,0,0,0,1,3.0,0.0
SP071,soap,2026-07-13,1,169,0.0,169,0,0,9122,598,32,49,16,12,3,13,1,0,0,0,1,0,0,0,12,3,4.0,3,0,0,0,0,3,4.0,708.21
SP071,soap,2026-07-20,2,169,0.0,169,0,0,12402,835,29,78,36,20,3,33,3,0,0,1,1,1,0,0,30,4,3.75,3,1,0,0,0,7,3.86,1848.1
SP071,soap,2026-07-27,3,169,0.0,169,0,0,8257,516,28,36,15,9,1,14,2,0,1,0,1,0,0,0,12,2,3.0,0,2,0,0,0,9,3.67,653.35
SP071,soap,2026-08-03,4,169,0.0,169,0,0,9770,596,15,57,24,13,1,23,3,0,0,1,2,0,0,0,20,2,4.0,2,0,0,0,0,11,3.73,1147.2
SP071,soap,2026-08-10,5,169,0.0,169,0,0,7778,502,27,42,20,13,5,15,1,0,1,0,0,0,0,0,14,1,5.0,1,0,0,0,0,12,3.83,800.39
SP071,soap,2026-08-17,6,169,0.0,169,0,0,7478,479,20,36,18,15,0,18,0,0,0,0,0,0,0,0,18,3,4.0,3,0,0,0,0,15,3.87,1369.61
SP071,soap,2026-08-24,7,179,0.0,179,1,0,12316,795,38,74,40,22,3,37,6,0,3,0,2,1,0,0,31,5,3.6,3,1,1,0,1,20,3.8,1874.84
SP071,soap,2026-08-31,8,179,0.0,179,0,0,9287,549,34,50,19,10,2,17,3,0,0,2,1,0,0,0,14,2,5.0,2,0,0,0,0,22,3.91,794.0
SP071,soap,2026-09-07,9,179,0.0,179,0,0,16419,1140,56,98,32,21,4,28,2,0,1,0,1,0,0,0,26,10,3.9,7,3,0,0,0,32,3.91,1876.22
SP071,soap,2026-09-14,10,179,0.0,179,0,0,13300,924,50,69,32,21,3,29,1,0,1,0,0,0,0,0,28,4,4.25,4,0,0,0,0,36,3.94,2192.31
SP071,soap,2026-09-21,11,179,0.15,152,0,1,15198,1165,58,116,57,38,6,51,5,0,3,2,0,0,0,0,46,8,3.62,5,3,0,0,0,44,3.89,2001.04
SP072,soap,2026-07-06,1,179,0.0,179,0,0,7934,237,13,19,3,2,1,2,0,0,0,0,0,0,0,0,2,0,,0,0,0,0,0,0,,70.95
SP072,soap,2026-07-13,2,179,0.0,179,0,0,5513,130,8,9,1,1,0,1,1,0,0,1,0,0,0,0,0,0,,0,0,0,0,0,0,,-142.97
SP072,soap,2026-07-20,3,179,0.0,179,0,0,3856,123,12,7,2,2,0,2,1,0,0,1,0,0,0,0,1,0,,0,0,0,0,0,0,,-85.47
SP072,soap,2026-07-27,4,179,0.0,179,0,0,3323,94,7,8,2,0,0,2,0,0,0,0,0,0,0,0,2,0,,0,0,0,0,0,0,,115.0
SP072,soap,2026-08-03,5,179,0.0,179,0,0,2621,64,1,9,2,0,0,2,0,0,0,0,0,0,0,0,2,0,,0,0,0,0,0,0,,115.0
SP072,soap,2026-08-10,6,179,0.0,179,0,0,3828,99,7,7,2,1,1,1,0,0,0,0,0,0,0,0,1,0,,0,0,0,0,0,0,,13.45
SP072,soap,2026-08-17,7,179,0.0,179,0,0,3686,112,8,10,3,1,0,3,0,0,0,0,0,0,0,0,3,1,4.0,1,0,0,0,0,1,4.0,172.51
SP072,soap,2026-08-24,8,179,0.0,179,1,0,6057,188,7,20,8,3,0,8,0,0,0,0,0,0,0,0,8,0,,0,0,0,0,0,1,4.0,460.02
SP072,soap,2026-08-31,9,179,0.0,179,0,0,3466,98,5,8,4,1,0,4,2,0,0,1,1,0,0,0,2,0,,0,0,0,0,0,1,4.0,-170.94
SP072,soap,2026-09-07,10,179,0.0,179,0,0,5513,153,6,8,3,3,0,3,1,0,0,0,1,0,0,0,2,0,,0,0,0,0,0,1,4.0,-27.97
SP072,soap,2026-09-14,11,179,0.0,179,0,0,4588,136,12,10,3,0,0,3,0,0,0,0,0,0,0,0,3,1,5.0,1,0,0,0,0,2,4.5,172.51
SP072,soap,2026-09-21,12,179,0.0,179,0,1,7250,244,13,19,5,4,2,3,1,0,1,0,0,0,0,0,2,1,3.0,0,1,0,0,0,3,4.0,-116.08
SP073,soap,2025-09-01,1,159,0.0,159,0,0,12296,338,19,16,6,5,0,6,1,0,1,0,0,0,0,0,5,1,5.0,1,0,0,0,0,1,5.0,-53.45
SP073,soap,2025-09-08,2,159,0.0,159,0,0,9763,393,22,37,11,5,0,11,1,0,1,0,0,0,0,0,10,3,4.33,2,1,0,0,0,4,4.5,53.19
SP073,soap,2025-09-15,3,159,0.0,159,0,0,6507,245,10,28,8,6,1,7,0,0,0,0,0,0,0,0,7,0,,0,0,0,0,0,4,4.5,119.3
SP073,soap,2025-09-22,4,159,0.0,159,1,1,12919,433,27,43,19,11,1,18,1,0,1,0,0,0,0,0,17,0,,0,0,0,0,0,4,4.5,172.49
SP073,soap,2025-09-29,5,159,0.15,135,1,1,10074,414,21,46,21,11,0,21,2,0,0,1,1,0,0,0,19,5,3.4,3,1,1,0,1,9,3.89,-349.23
SP073,soap,2025-10-06,6,159,0.0,159,1,1,17367,499,15,43,13,8,1,12,1,0,1,0,0,0,0,0,11,2,3.5,1,1,0,0,0,11,3.82,44.52
SP073,soap,2025-10-13,7,159,0.0,159,1,0,12341,345,14,37,23,16,0,23,2,0,2,0,0,0,0,0,21,4,4.0,4,0,0,0,0,15,3.87,127.71
SP073,soap,2025-10-20,8,179,0.0,179,1,0,13923,356,30,27,8,7,1,7,0,0,0,0,0,0,0,0,7,1,3.0,0,1,0,0,0,16,3.81,252.64
SP073,soap,2025-10-27,9,179,0.0,179,0,0,9912,274,19,20,4,1,0,4,1,0,1,0,0,0,0,0,3,0,,0,0,0,0,0,16,3.81,-38.97
SP073,soap,2025-11-03,10,179,0.0,179,0,0,7283,185,6,24,10,8,1,9,0,0,0,0,0,0,0,0,9,0,,0,0,0,0,0,16,3.81,333.39
SP073,soap,2025-11-10,11,179,0.0,179,0,0,6975,184,4,17,8,6,1,7,1,0,1,0,0,0,0,0,6,1,5.0,1,0,0,0,0,17,3.88,52.16
SP073,soap,2025-11-17,12,179,0.0,179,0,0,6954,176,11,8,3,1,1,2,0,0,0,0,0,0,0,0,2,0,,0,0,0,0,0,17,3.88,50.75
SP073,soap,2025-11-24,13,179,0.0,179,0,0,8355,202,12,12,6,4,0,6,0,0,0,0,0,0,0,0,6,0,,0,0,0,0,0,17,3.88,242.26
SP073,soap,2025-12-01,14,179,0.0,179,0,0,6415,165,7,13,8,4,1,7,0,0,0,0,0,0,0,0,7,3,4.33,3,0,0,0,0,20,3.95,252.64
SP073,soap,2025-12-08,15,179,0.0,179,0,0,7510,222,9,19,7,4,0,7,1,0,0,0,0,0,1,0,6,0,,0,0,0,0,0,20,3.95,82.16
SP073,soap,2025-12-15,16,179,0.0,179,0,0,7200,210,8,15,3,0,0,3,0,0,0,0,0,0,0,0,3,0,,0,0,0,0,0,20,3.95,121.13
SP073,soap,2025-12-22,17,179,0.0,179,0,0,4210,113,3,9,4,3,1,3,0,0,0,0,0,0,0,0,3,0,,0,0,0,0,0,20,3.95,91.13
SP073,soap,2025-12-29,18,179,0.0,179,0,0,6045,170,7,9,1,0,0,1,0,0,0,0,0,0,0,0,1,0,,0,0,0,0,0,20,3.95,40.38
SP073,soap,2026-01-05,19,179,0.0,179,0,0,6024,175,4,8,3,3,0,3,0,0,0,0,0,0,0,0,3,0,,0,0,0,0,0,20,3.95,121.13
SP073,soap,2026-01-12,20,179,0.15,152,0,1,8670,278,14,33,14,10,3,11,1,0,0,1,0,0,0,0,10,0,,0,0,0,0,0,20,3.95,-103.48
SP073,soap,2026-01-19,21,179,0.0,179,0,0,6764,194,6,17,7,4,0,7,1,0,1,0,0,0,0,0,6,0,,0,0,0,0,0,20,3.95,82.16
SP073,soap,2026-01-26,22,179,0.0,179,0,0,7907,227,14,19,6,3,0,6,0,0,0,0,0,0,0,0,6,0,,0,0,0,0,0,20,3.95,242.26
SP073,soap,2026-02-02,23,179,0.0,179,0,0,5911,156,16,11,2,0,1,1,0,0,0,0,0,0,0,0,1,1,5.0,1,0,0,0,0,21,4.0,10.38
SP073,soap,2026-02-09,24,179,0.0,179,0,0,6903,179,7,12,6,5,0,6,0,0,0,0,0,0,0,0,6,0,,0,0,0,0,0,21,4.0,242.26
SP073,soap,2026-02-16,25,179,0.0,179,0,0,7334,191,12,24,4,3,1,3,1,0,1,0,0,0,0,0,2,1,4.0,1,0,0,0,0,22,4.0,-109.35
SP073,soap,2026-02-23,26,179,0.0,179,0,0,4634,132,5,10,4,3,0,4,0,0,0,0,0,0,0,0,4,2,5.0,2,0,0,0,0,24,4.08,161.51
SP073,soap,2026-03-02,27,179,0.0,179,1,1,11018,341,17,25,11,6,0,11,0,0,0,0,0,0,0,0,11,1,4.0,1,0,0,0,0,25,4.08,444.14
SP073,soap,2026-03-09,28,179,0.0,179,0,0,5452,164,9,10,7,4,0,7,1,0,1,0,0,0,0,0,6,1,5.0,1,0,0,0,0,26,4.12,82.16
SP073,soap,2026-03-16,29,179,0.0,179,0,0,7970,250,12,17,8,6,0,8,0,0,0,0,0,0,0,0,8,1,4.0,1,0,0,0,0,27,4.11,323.01
SP073,soap,2026-03-23,30,179,0.0,179,0,0,6591,179,13,22,8,4,1,7,0,0,0,0,0,0,0,0,7,0,,0,0,0,0,0,27,4.11,252.64
SP073,soap,2026-03-30,31,179,0.0,179,0,0,6549,166,7,14,4,2,1,3,0,0,0,0,0,0,0,0,3,0,,0,0,0,0,0,27,4.11,91.13
SP073,soap,2026-04-06,32,179,0.0,179,0,0,5855,192,5,14,4,2,0,4,0,0,0,0,0,0,0,0,4,0,,0,0,0,0,0,27,4.11,161.51
SP073,soap,2026-04-13,33,179,0.0,179,0,0,6134,180,11,16,7,4,0,7,1,0,0,0,1,0,0,0,6,1,4.0,1,0,0,0,0,28,4.11,82.16
SP073,soap,2026-04-20,34,179,0.0,179,0,0,7464,224,9,19,7,4,2,5,1,0,0,0,0,0,1,0,4,1,4.0,1,0,0,0,0,29,4.1,-58.59
SP073,soap,2026-04-27,35,179,0.0,179,0,0,7138,220,11,15,4,3,1,3,0,0,0,0,0,0,0,0,3,2,4.5,2,0,0,0,0,31,4.13,91.13
SP073,soap,2026-05-04,36,179,0.0,179,0,0,4930,145,8,15,9,7,4,5,0,0,0,0,0,0,0,0,5,2,4.0,2,0,0,0,0,33,4.12,81.88
SP073,soap,2026-05-11,37,179,0.0,179,0,0,6242,182,12,18,8,6,2,6,0,0,0,0,0,0,0,0,6,0,,0,0,0,0,0,33,4.12,182.26
SP073,soap,2026-05-18,38,179,0.0,179,0,0,7093,253,10,24,8,6,2,6,0,0,0,0,0,0,0,0,6,0,,0,0,0,0,0,33,4.12,182.26
SP073,soap,2026-05-25,39,179,0.0,179,0,0,7488,210,10,23,12,7,2,10,0,0,0,0,0,0,0,0,10,3,3.67,2,1,0,0,0,36,4.08,343.77
SP073,soap,2026-06-01,40,179,0.0,179,0,0,7263,220,14,22,8,6,0,8,0,0,0,0,0,0,0,0,8,1,4.0,1,0,0,0,0,37,4.08,323.01
SP073,soap,2026-06-08,41,179,0.0,179,0,0,8164,246,15,11,6,2,0,6,1,0,0,1,0,0,0,0,5,0,,0,0,0,0,0,37,4.08,41.78
SP073,soap,2026-06-15,42,179,0.0,179,0,0,7539,225,9,17,7,2,1,6,0,0,0,0,0,0,0,0,6,1,5.0,1,0,0,0,0,38,4.11,212.26
SP073,soap,2026-06-22,43,179,0.2,143,0,1,9409,326,15,30,16,10,3,13,2,0,1,1,0,0,0,0,11,1,4.0,1,0,0,0,0,39,4.1,-343.2
SP073,soap,2026-06-29,44,179,0.0,179,0,0,9971,315,17,31,10,6,0,10,1,0,0,0,1,0,0,0,9,2,4.0,1,1,0,0,0,41,4.1,203.29
SP073,soap,2026-07-06,45,179,0.0,179,0,0,7827,246,18,21,8,2,1,7,0,0,0,0,0,0,0,0,7,0,,0,0,0,0,0,41,4.1,252.64
SP073,soap,2026-07-13,46,179,0.0,179,0,0,7097,257,14,23,10,5,2,8,1,0,0,0,0,1,0,0,7,1,5.0,1,0,0,0,0,42,4.12,62.54
SP073,soap,2026-07-20,47,179,0.0,179,0,0,9014,276,13,18,9,6,1,8,1,0,0,1,0,0,0,0,7,0,,0,0,0,0,0,42,4.12,92.54
SP073,soap,2026-07-27,48,179,0.0,179,0,0,7367,232,8,19,7,3,0,7,2,0,1,0,1,0,0,0,5,1,3.0,0,1,0,0,0,43,4.09,-118.32
SP073,soap,2026-08-03,49,179,0.0,179,0,0,7344,212,7,20,6,3,0,6,1,0,0,1,0,0,0,0,5,1,4.0,1,0,0,0,0,44,4.09,41.78
SP073,soap,2026-08-10,50,179,0.0,179,0,0,6198,194,12,23,9,5,2,7,0,0,0,0,0,0,0,0,7,1,5.0,1,0,0,0,0,45,4.11,222.64
SP073,soap,2026-08-17,51,179,0.0,179,0,0,9260,285,15,15,5,4,2,3,0,0,0,0,0,0,0,0,3,1,4.0,1,0,0,0,0,46,4.11,61.13
SP073,soap,2026-08-24,52,179,0.0,179,1,0,8555,268,9,34,13,6,2,11,1,0,0,1,0,0,0,0,10,0,,0,0,0,0,0,46,4.11,183.67
SP073,soap,2026-08-31,53,179,0.0,179,0,0,7768,229,8,29,8,5,0,8,1,0,0,0,0,1,0,0,7,2,4.0,1,1,0,0,0,48,4.1,122.54
SP073,soap,2026-09-07,54,179,0.0,179,0,0,8993,285,9,26,7,6,0,7,0,0,0,0,0,0,0,0,7,1,3.0,0,1,0,0,0,49,4.08,282.64
SP073,soap,2026-09-14,55,179,0.0,179,0,0,6231,200,14,13,3,2,1,2,0,0,0,0,0,0,0,0,2,0,,0,0,0,0,0,49,4.08,50.75
SP073,soap,2026-09-21,56,179,0.0,179,0,1,9124,298,12,28,9,4,3,6,2,0,1,1,0,0,0,0,4,2,4.0,1,1,0,0,0,51,4.08,-248.69
SP074,soap,2026-01-19,1,159,0.0,159,0,0,10920,486,25,56,19,14,2,17,1,0,0,1,0,0,0,0,16,2,3.5,1,1,0,0,0,2,3.5,566.31
SP074,soap,2026-01-26,2,159,0.0,159,0,0,8899,332,15,35,18,11,3,15,3,0,1,1,1,0,0,0,12,1,4.0,1,0,0,0,0,3,3.67,63.0
SP074,soap,2026-02-02,3,159,0.0,159,0,0,6781,305,21,39,15,8,0,15,0,0,0,0,0,0,0,0,15,4,4.25,3,1,0,0,0,7,4.0,734.75
SP074,soap,2026-02-09,4,159,0.0,159,0,0,14212,687,34,80,31,24,4,27,0,0,0,0,0,0,0,0,27,6,4.67,6,0,0,0,0,13,4.31,1152.6
SP074,soap,2026-02-16,5,159,0.0,159,0,0,9322,550,27,64,23,18,4,19,1,0,0,1,0,0,0,0,18,3,4.0,3,0,0,0,0,16,4.25,579.31
SP074,soap,2026-02-23,6,179,0.0,179,0,0,7890,429,17,54,18,13,1,17,2,0,2,0,0,0,0,0,15,3,4.0,2,1,0,0,0,19,4.21,713.08
SP074,soap,2026-03-02,7,179,0.0,179,1,1,13237,673,30,77,27,18,5,22,1,0,0,0,1,0,0,0,21,5,4.2,4,1,0,0,0,24,4.21,1083.77
SP074,soap,2026-03-09,8,179,0.0,179,0,0,9808,509,29,56,15,10,1,14,0,0,0,0,0,0,0,0,14,5,3.6,3,2,0,0,0,29,4.1,909.94
SP074,soap,2026-03-16,9,179,0.0,179,0,0,10209,515,30,63,28,19,6,22,2,0,0,0,2,0,0,0,20,5,4.4,4,1,0,0,0,34,4.15,840.81
SP074,soap,2026-03-23,10,179,0.0,179,0,0,11746,624,28,77,29,22,6,23,2,0,2,0,0,0,0,0,21,3,4.67,3,0,0,0,0,37,4.19,908.84
SP074,soap,2026-03-30,11,179,0.0,179,0,0,11858,631,38,74,31,21,2,29,1,0,1,0,0,0,0,0,28,5,4.0,3,2,0,0,0,42,4.17,1687.44
SP074,soap,2026-04-06,12,179,0.0,179,0,0,9369,454,23,53,18,13,3,15,1,0,0,1,0,0,0,0,14,0,,0,0,0,0,0,42,4.17,692.53
SP074,soap,2026-04-13,13,179,0.0,179,0,0,6627,334,17,41,21,14,3,18,0,0,0,0,0,0,0,0,18,2,5.0,2,0,0,0,0,44,4.2,1097.1
SP074,soap,2026-04-20,14,179,0.0,179,0,0,12210,625,34,72,29,18,5,24,3,0,0,1,1,1,0,0,21,3,4.0,2,1,0,0,0,47,4.19,818.88
SP074,soap,2026-04-27,15,179,0.0,179,0,0,10844,574,27,77,24,14,2,22,1,0,0,0,1,0,0,0,21,5,4.2,3,2,0,0,0,52,4.19,1211.23
SP074,soap,2026-05-04,16,179,0.0,179,0,0,7602,431,21,45,17,8,2,15,0,0,0,0,0,0,0,0,15,1,4.0,1,0,0,0,0,53,4.19,935.49
SP074,soap,2026-05-11,17,179,0.0,179,0,0,8633,475,30,42,16,11,2,14,0,0,0,0,0,0,0,0,14,1,5.0,1,0,0,0,0,54,4.2,867.46
SP074,soap,2026-05-18,18,179,0.0,179,0,0,10654,558,40,67,22,15,3,19,0,0,0,0,0,0,0,0,19,2,5.0,2,0,0,0,0,56,4.23,1165.13
SP074,soap,2026-05-25,19,179,0.0,179,0,0,8664,451,18,63,27,20,2,25,0,0,0,0,0,0,0,0,25,5,4.6,5,0,0,0,0,61,4.26,1615.8
SP074,soap,2026-06-01,20,179,0.0,179,0,0,8120,400,27,26,10,6,1,9,0,0,0,0,0,0,0,0,9,3,3.67,2,1,0,0,0,64,4.23,569.79
SP074,soap,2026-06-08,21,179,0.0,179,0,0,12796,673,40,68,23,19,3,20,1,0,0,1,0,0,0,0,19,4,4.0,4,0,0,0,0,68,4.22,1032.68
SP074,soap,2026-06-15,22,179,0.0,179,0,0,10309,527,31,67,31,18,2,29,1,0,0,0,1,0,0,0,28,3,4.33,2,1,0,0,0,71,4.23,1687.44
SP074,soap,2026-06-22,23,179,0.1,161,0,1,12781,776,47,97,46,37,4,42,2,0,1,1,0,0,0,0,40,11,4.36,10,1,0,0,0,82,4.24,1600.68
SP074,soap,2026-06-29,24,179,0.0,179,0,0,13157,681,33,87,26,23,2,24,1,0,0,1,0,0,0,0,23,4,4.5,4,0,0,0,0,86,4.26,1347.29
SP074,soap,2026-07-06,25,179,0.0,179,0,0,10918,594,28,60,26,13,2,24,0,0,0,0,0,0,0,0,24,4,4.75,4,0,0,0,0,90,4.28,1547.76
SP074,soap,2026-07-13,26,179,0.0,179,0,0,10776,591,28,71,26,20,2,24,1,0,0,0,0,0,1,0,23,5,4.4,4,1,0,0,0,95,4.28,1347.29
SP074,soap,2026-07-20,27,179,0.0,179,0,0,8437,472,22,50,15,10,3,12,0,0,0,0,0,0,0,0,12,2,4.0,2,0,0,0,0,97,4.28,688.91
SP074,soap,2026-07-27,28,179,0.0,179,0,0,12183,655,36,74,32,24,3,29,1,0,0,0,1,0,0,0,28,1,5.0,1,0,0,0,0,98,4.29,1644.96
SP074,soap,2026-08-03,29,179,0.0,179,0,0,11794,689,44,83,27,19,3,24,1,0,0,1,0,0,0,0,23,3,4.67,3,0,0,0,0,101,4.3,1304.8
SP074,soap,2026-08-10,30,179,0.0,179,0,0,9730,493,30,59,19,13,2,17,3,0,1,1,1,0,0,0,14,0,,0,0,0,0,0,101,4.3,470.12
SP074,soap,2026-08-17,31,179,0.0,179,0,0,9641,525,32,61,24,16,2,22,0,0,0,0,0,0,0,0,22,3,4.33,3,0,0,0,0,104,4.3,1411.7
SP074,soap,2026-08-24,32,179,0.0,179,1,0,13737,725,43,99,53,34,4,49,4,0,0,1,3,0,0,0,45,5,4.0,5,0,0,0,0,109,4.28,2361.66
SP074,soap,2026-08-31,33,179,0.0,179,0,0,12059,633,34,72,25,19,3,22,2,0,0,0,1,1,0,0,20,0,,0,0,0,0,0,109,4.28,968.27
SP074,soap,2026-09-07,34,179,0.0,179,0,0,12450,630,34,73,28,19,1,27,2,0,0,1,1,0,0,0,25,4,4.0,3,0,1,0,1,113,4.27,1393.39
SP074,soap,2026-09-14,35,179,0.0,179,0,0,9393,487,23,55,22,18,2,20,1,0,0,0,1,0,0,0,19,1,4.0,1,0,0,0,0,114,4.27,1075.17
SP074,soap,2026-09-21,36,179,0.15,152,0,1,13772,812,38,100,47,36,5,42,3,0,0,3,0,0,0,0,39,2,4.0,2,0,0,0,0,116,4.27,1040.57
SP075,soap,2026-02-16,1,179,0.0,179,0,0,10653,304,18,13,2,2,1,1,0,0,0,0,0,0,0,0,1,0,,0,0,0,0,0,0,,39.33
SP075,soap,2026-02-23,2,179,0.0,179,0,0,5077,158,6,8,3,3,0,3,0,0,0,0,0,0,0,0,3,0,,0,0,0,0,0,0,,207.99
SP075,soap,2026-03-02,3,179,0.2,143,1,1,8976,281,16,27,7,5,0,7,0,0,0,0,0,0,0,0,7,0,,0,0,0,0,0,0,,245.31
SP075,soap,2026-03-09,4,179,0.0,179,0,0,4024,120,3,4,1,0,0,1,0,0,0,0,0,0,0,0,1,0,,0,0,0,0,0,0,,69.33
SP075,soap,2026-03-16,5,179,0.0,179,0,0,2265,60,1,4,1,1,0,1,0,0,0,0,0,0,0,0,1,0,,0,0,0,0,0,0,,69.33
SP075,soap,2026-03-23,6,179,0.0,179,0,0,2898,98,6,6,2,2,1,1,0,0,0,0,0,0,0,0,1,0,,0,0,0,0,0,0,,39.33
SP075,soap,2026-03-30,7,179,0.0,179,0,0,3402,98,4,4,1,0,0,1,0,0,0,0,0,0,0,0,1,0,,0,0,0,0,0,0,,69.33
SP075,soap,2026-04-06,8,179,0.0,179,0,0,2652,76,5,3,0,0,0,0,0,0,0,0,0,0,0,0,0,0,,0,0,0,0,0,0,,0.0
SP075,soap,2026-04-13,9,179,0.0,179,0,0,2615,81,6,4,1,1,0,1,0,0,0,0,0,0,0,0,1,0,,0,0,0,0,0,0,,69.33
SP075,soap,2026-04-20,10,179,0.0,179,0,0,2647,60,5,4,1,1,0,1,0,0,0,0,0,0,0,0,1,0,,0,0,0,0,0,0,,69.33
SP075,soap,2026-04-27,11,179,0.0,179,0,0,2624,81,5,1,0,0,0,0,0,0,0,0,0,0,0,0,0,0,,0,0,0,0,0,0,,0.0
SP076,soap,2025-12-08,1,149,0.0,149,0,0,9932,907,55,140,67,42,12,55,1,0,0,0,0,0,1,0,54,11,4.73,11,0,0,0,0,11,4.73,-1454.6
SP076,soap,2025-12-15,2,149,0.0,149,0,0,35786,4572,280,923,464,336,48,416,7,0,0,3,2,1,1,0,409,69,4.61,64,5,0,0,0,80,4.62,-9080.8
SP076,soap,2025-12-22,3,179,0.0,179,0,0,23854,2848,198,515,233,165,17,216,7,0,1,2,3,0,1,0,209,29,4.72,29,0,0,0,0,109,4.65,1015.89
SP076,soap,2025-12-29,4,179,0.0,179,0,0,23762,2911,196,486,219,162,26,193,5,0,2,0,2,1,0,0,188,25,4.56,24,1,0,0,0,134,4.63,698.05
SP076,soap,2026-01-05,5,179,0.0,179,0,0,15314,1831,134,312,145,109,12,133,7,0,1,2,4,0,0,0,126,18,4.56,18,0,0,0,0,152,4.62,20.9
SP076,soap,2026-01-12,6,179,0.0,179,0,1,18425,2156,131,384,184,133,25,159,4,0,1,0,2,1,0,0,155,27,4.52,26,1,0,0,0,179,4.61,446.23
SP077,soap,2026-06-15,1,189,0.0,189,0,0,7033,336,13,28,14,8,0,14,0,0,0,0,0,0,0,0,14,0,,0,0,0,0,0,0,,1083.47
SP077,soap,2026-06-22,2,189,0.1,170,0,1,14425,767,39,63,25,21,4,21,2,0,1,0,1,0,0,0,19,3,4.0,3,0,0,0,0,3,4.0,741.39
SP077,soap,2026-06-29,3,189,0.0,189,0,0,7244,385,12,32,11,7,1,10,1,0,1,0,0,0,0,0,9,0,,0,0,0,0,0,3,4.0,533.9
SP077,soap,2026-07-06,4,189,0.0,189,0,0,8737,460,15,50,22,19,5,17,0,0,0,0,0,0,0,0,17,2,3.5,1,1,0,0,0,5,3.8,1165.64
SP077,soap,2026-07-13,5,189,0.0,189,0,0,5906,316,17,31,13,10,1,12,1,0,1,0,0,0,0,0,11,4,3.5,2,1,1,0,1,9,3.67,688.68
SP077,soap,2026-07-20,6,189,0.0,189,0,0,8467,357,19,35,17,12,0,17,1,0,0,1,0,0,0,0,16,2,5.0,2,0,0,0,0,11,3.91,1105.64
SP077,soap,2026-07-27,7,189,0.0,189,0,0,5655,346,18,24,14,12,1,13,0,0,0,0,0,0,0,0,13,3,4.0,2,1,0,0,0,14,3.93,976.07
SP077,soap,2026-08-03,8,189,0.0,189,0,0,7638,420,18,48,13,9,1,12,4,0,1,1,2,0,0,0,8,0,,0,0,0,0,0,14,3.93,58.68
SP077,soap,2026-08-10,9,189,0.0,189,0,0,7516,403,19,33,17,14,0,17,2,0,1,0,1,0,0,0,15,5,4.0,4,1,0,0,0,19,3.95,895.64
SP077,soap,2026-08-17,10,189,0.0,189,0,0,6743,370,18,36,12,8,3,9,0,0,0,0,0,0,0,0,9,2,4.5,2,0,0,0,0,21,4.0,606.51
SP077,soap,2026-08-24,11,189,0.0,189,1,0,11720,686,34,64,32,25,6,26,1,0,1,0,0,0,0,0,25,3,3.67,2,1,0,0,0,24,3.96,1622.15
SP077,soap,2026-08-31,12,189,0.0,189,0,0,8289,501,26,39,19,16,2,17,3,0,1,1,0,0,1,0,14,1,4.0,1,0,0,0,0,25,3.96,625.64
SP077,soap,2026-09-07,13,189,0.0,189,0,0,11952,641,38,66,23,17,2,21,2,0,0,0,2,0,0,0,19,4,4.25,4,0,0,0,0,29,4.0,1145.2
SP077,soap,2026-09-14,14,189,0.0,189,0,0,11269,695,34,77,22,17,3,19,0,0,0,0,0,0,0,0,19,2,4.5,2,0,0,0,0,31,4.03,1380.42
SP077,soap,2026-09-21,15,189,0.0,189,0,1,7666,463,23,35,15,9,1,14,2,0,1,0,0,1,0,0,12,4,4.0,3,0,1,0,1,35,4.03,633.47
SP078,soap,2026-07-13,1,159,0.0,159,0,0,8630,393,18,28,12,3,0,12,1,0,0,1,0,0,0,0,11,2,3.0,1,0,1,0,1,2,3.0,-40.88
SP078,soap,2026-07-20,2,159,0.0,159,0,0,8402,290,13,22,4,3,0,4,1,0,0,0,0,0,1,0,3,0,,0,0,0,0,0,2,3.0,-134.58
SP078,soap,2026-07-27,3,159,0.0,159,0,0,4709,152,6,13,5,2,1,4,2,0,0,1,0,1,0,0,2,1,3.0,0,1,0,0,0,3,3.0,-346.01
SP078,soap,2026-08-03,4,159,0.0,159,0,0,5864,231,11,15,7,4,0,7,3,0,0,0,2,1,0,0,4,0,,0,0,0,0,0,3,3.0,-462.3
SP078,soap,2026-08-10,5,159,0.0,159,0,0,3903,129,2,17,4,4,0,4,0,0,0,0,0,0,0,0,4,0,,0,0,0,0,0,3,3.0,46.85
SP078,soap,2026-08-17,6,159,0.0,159,0,0,4522,152,6,12,3,2,0,3,2,0,0,0,2,0,0,0,1,0,,0,0,0,0,0,3,3.0,-327.72
SP078,soap,2026-08-24,7,159,0.0,159,1,0,4734,152,8,12,7,6,1,6,0,0,0,0,0,0,0,0,6,0,,0,0,0,0,0,3,3.0,40.27
SP078,soap,2026-08-31,8,159,0.0,159,0,0,4539,165,3,13,6,3,1,5,2,0,1,0,1,0,0,0,3,0,,0,0,0,0,0,3,3.0,-334.3
SP078,soap,2026-09-07,9,159,0.0,159,0,0,5985,203,9,18,8,4,0,8,1,0,0,1,0,0,0,0,7,1,3.0,0,1,0,0,0,4,3.0,-87.73
SP078,soap,2026-09-14,10,159,0.0,159,0,0,4699,184,11,17,7,5,1,6,0,0,0,0,0,0,0,0,6,0,,0,0,0,0,0,4,3.0,40.27
SP078,soap,2026-09-21,11,159,0.0,159,0,1,5905,238,10,17,2,1,0,2,1,0,1,0,0,0,0,0,1,0,,0,0,0,0,0,4,3.0,-158.0
SP079,soap,2025-12-29,1,149,0.0,149,0,0,12547,621,27,75,28,18,3,25,1,0,0,1,0,0,0,0,24,3,4.33,3,0,0,0,0,3,4.33,292.33
SP079,soap,2026-01-05,2,149,0.0,149,0,0,17635,987,45,118,51,34,5,46,4,0,0,2,2,0,0,0,42,10,3.9,7,3,0,0,0,13,4.0,182.18
SP079,soap,2026-01-12,3,149,0.15,127,0,1,16015,908,54,127,62,44,11,51,4,0,0,1,3,0,0,0,47,5,3.2,1,3,1,0,1,18,3.78,-871.73
SP079,soap,2026-01-19,4,189,0.0,189,0,0,16971,697,32,48,19,12,1,18,2,0,1,0,0,1,0,0,16,3,4.33,3,0,0,0,0,21,3.86,634.77
SP079,soap,2026-01-26,5,189,0.0,189,0,0,10751,488,24,45,12,6,0,12,0,0,0,0,0,0,0,0,12,1,5.0,1,0,0,0,0,22,3.91,723.18
SP079,soap,2026-02-02,6,189,0.0,189,0,0,7269,372,23,33,11,10,1,10,1,0,0,1,0,0,0,0,9,1,5.0,1,0,0,0,0,23,3.96,362.65
SP079,soap,2026-02-09,7,189,0.0,189,0,0,5248,217,10,19,6,6,0,6,0,0,0,0,0,0,0,0,6,2,3.5,1,1,0,0,0,25,3.92,361.59
SP079,soap,2026-02-16,8,189,0.0,189,0,0,8188,327,21,24,11,7,1,10,1,0,0,0,1,0,0,0,9,1,5.0,1,0,0,0,0,26,3.96,362.65
SP079,soap,2026-02-23,9,189,0.0,189,0,0,7662,299,14,38,14,11,1,13,0,0,0,0,0,0,0,0,13,3,4.33,2,1,0,0,0,29,4.0,753.44
SP079,soap,2026-03-02,10,189,0.15,161,1,1,12069,623,29,78,35,27,4,31,3,0,1,0,2,0,0,0,28,3,3.67,2,0,1,0,1,32,3.97,371.54
SP079,soap,2026-03-09,11,189,0.0,189,0,0,9668,443,26,36,13,8,3,10,1,0,0,0,1,0,0,0,9,1,4.0,1,0,0,0,0,33,3.97,302.65
SP079,soap,2026-03-16,12,189,0.0,189,0,0,10282,490,23,50,24,15,2,22,2,0,0,0,2,0,0,0,20,2,4.5,2,0,0,0,0,35,4.0,845.83
SP079,soap,2026-03-23,13,189,0.0,189,0,0,8032,408,30,38,13,7,2,11,1,0,0,0,0,0,1,0,10,1,5.0,1,0,0,0,0,36,4.03,392.91
SP079,soap,2026-03-30,14,189,0.0,189,0,0,8638,419,25,42,15,7,2,13,1,0,0,0,0,1,0,0,12,2,4.0,2,0,0,0,0,38,4.03,513.44
SP079,soap,2026-04-06,15,189,0.0,189,0,0,9521,489,25,41,9,5,0,9,2,0,1,0,0,0,1,0,7,3,3.33,1,1,1,0,1,41,3.98,122.38
SP079,soap,2026-04-13,16,189,0.0,189,0,0,7122,314,12,35,14,5,0,14,0,0,0,0,0,0,0,0,14,3,3.67,2,1,0,0,0,44,3.95,843.71
SP079,soap,2026-04-20,17,189,0.0,189,0,0,9921,437,25,40,12,7,2,10,0,0,0,0,0,0,0,0,10,2,4.0,2,0,0,0,0,46,3.96,542.65
SP079,soap,2026-04-27,18,189,0.0,189,0,0,6142,269,7,21,4,3,0,4,1,0,0,0,1,0,0,0,3,0,,0,0,0,0,0,46,3.96,31.06
SP079,soap,2026-05-04,19,189,0.0,189,0,0,4833,233,5,29,8,3,0,8,0,0,0,0,0,0,0,0,8,2,4.0,1,1,0,0,0,48,3.96,482.12
SP079,soap,2026-05-11,20,189,0.0,189,0,0,7649,353,10,33,6,5,0,6,0,0,0,0,0,0,0,0,6,1,4.0,1,0,0,0,0,49,3.96,361.59
SP079,soap,2026-05-18,21,189,0.0,189,0,0,5279,251,9,27,6,4,1,5,0,0,0,0,0,0,0,0,5,0,,0,0,0,0,0,49,3.96,271.32
SP079,soap,2026-05-25,22,189,0.0,189,0,0,6965,332,20,33,9,7,1,8,0,0,0,0,0,0,0,0,8,3,3.67,1,2,0,0,0,52,3.94,452.12
SP079,soap,2026-06-01,23,189,0.0,189,0,0,6223,271,13,26,14,8,2,12,1,0,0,0,0,0,1,0,11,1,4.0,1,0,0,0,0,53,3.94,453.18
SP079,soap,2026-06-08,24,189,0.0,189,0,0,7646,353,21,32,12,11,0,12,0,0,0,0,0,0,0,0,12,2,5.0,2,0,0,0,0,55,3.98,723.18
SP079,soap,2026-06-15,25,189,0.0,189,0,0,8586,391,18,41,15,9,2,13,0,0,0,0,0,0,0,0,13,1,4.0,1,0,0,0,0,56,3.98,723.44
SP079,soap,2026-06-22,26,189,0.0,189,0,1,9114,433,30,32,14,10,2,12,1,0,0,0,1,0,0,0,11,1,4.0,1,0,0,0,0,57,3.98,453.18
SP079,soap,2026-06-29,27,189,0.0,189,0,0,7272,350,21,48,14,10,2,12,0,0,0,0,0,0,0,0,12,1,4.0,1,0,0,0,0,58,3.98,663.18
SP079,soap,2026-07-06,28,189,0.0,189,0,0,8204,355,14,32,14,8,1,13,0,0,0,0,0,0,0,0,13,2,4.5,2,0,0,0,0,60,4.0,753.44
SP079,soap,2026-07-13,29,189,0.0,189,0,0,9328,460,25,43,17,13,2,15,0,0,0,0,0,0,0,0,15,3,4.0,3,0,0,0,0,63,4.0,843.97
SP079,soap,2026-07-20,30,189,0.0,189,0,0,7880,387,24,35,11,8,1,10,0,0,0,0,0,0,0,0,10,0,,0,0,0,0,0,63,4.0,572.65
SP079,soap,2026-07-27,31,189,0.0,189,0,0,7499,353,21,29,13,8,0,13,1,0,1,0,0,0,0,0,12,2,4.5,2,0,0,0,0,65,4.02,573.44
SP079,soap,2026-08-03,32,189,0.0,189,0,0,10245,511,27,51,20,12,0,20,2,0,1,0,0,0,1,0,18,9,4.22,7,2,0,0,0,74,4.04,785.3
SP079,soap,2026-08-10,33,189,0.0,189,0,0,8544,420,15,54,18,14,2,16,1,0,0,1,0,0,0,0,15,1,4.0,1,0,0,0,0,75,4.04,694.24
SP079,soap,2026-08-17,34,189,0.0,189,0,0,9685,412,15,50,11,7,0,11,2,0,0,1,1,0,0,0,9,1,3.0,0,1,0,0,0,76,4.03,242.91
SP079,soap,2026-08-24,35,189,0.0,189,1,0,11904,561,34,66,26,14,1,25,1,0,1,0,0,0,0,0,24,3,4.67,3,0,0,0,0,79,4.05,1266.62
SP079,soap,2026-08-31,36,189,0.0,189,0,0,11153,553,26,55,13,6,1,12,0,0,0,0,0,0,0,0,12,0,,0,0,0,0,0,79,4.05,693.18
SP079,soap,2026-09-07,37,189,0.0,189,0,0,8277,393,20,44,15,8,1,14,2,0,2,0,0,0,0,0,12,2,3.0,0,2,0,0,0,81,4.02,393.71
SP079,soap,2026-09-14,38,189,0.0,189,0,0,11955,592,24,66,24,14,2,22,0,0,0,0,0,0,0,0,22,5,4.0,3,2,0,0,0,86,4.02,1265.83
SP079,soap,2026-09-21,39,189,0.0,189,0,1,14426,720,34,78,34,22,3,31,1,0,1,0,0,0,0,0,30,3,4.67,3,0,0,0,0,89,4.04,1568.21
SP080,soap,2026-03-16,1,149,0.0,149,0,0,7444,245,12,18,6,4,1,5,0,0,0,0,0,0,0,0,5,1,4.0,1,0,0,0,0,1,4.0,146.59
SP080,soap,2026-03-23,2,149,0.0,149,0,0,8121,282,13,18,5,5,0,5,1,0,0,0,1,0,0,0,4,2,3.5,1,1,0,0,0,3,3.67,4.69
SP080,soap,2026-03-30,3,149,0.0,149,0,0,6917,209,8,22,8,6,0,8,1,0,0,0,0,1,0,0,7,0,,0,0,0,0,0,3,3.67,110.65
SP080,soap,2026-04-06,4,149,0.0,149,0,0,5843,174,7,15,7,7,0,7,0,0,0,0,0,0,0,0,7,0,,0,0,0,0,0,3,3.67,247.23
SP080,soap,2026-04-13,5,149,0.0,149,0,0,4909,173,9,9,4,3,1,3,0,0,0,0,0,0,0,0,3,0,,0,0,0,0,0,3,3.67,75.96
SP080,soap,2026-04-20,6,149,0.0,149,0,0,4681,148,9,14,7,6,0,7,0,0,0,0,0,0,0,0,7,0,,0,0,0,0,0,3,3.67,247.23
SP080,soap,2026-04-27,7,149,0.0,149,0,0,4312,135,5,9,5,2,0,5,1,0,0,0,1,0,0,0,4,1,2.0,0,0,1,0,1,4,3.25,4.69
SP080,soap,2026-05-04,8,149,0.0,149,0,0,4264,120,4,8,4,2,0,4,0,0,0,0,0,0,0,0,4,0,,0,0,0,0,0,4,3.25,141.27
SP080,soap,2026-05-11,9,149,0.0,149,0,0,3871,118,5,12,5,3,0,5,0,0,0,0,0,0,0,0,5,1,3.0,0,1,0,0,0,5,3.2,176.59
SP080,soap,2026-05-18,10,149,0.0,149,0,0,3467,98,3,6,1,0,0,1,0,0,0,0,0,0,0,0,1,0,,0,0,0,0,0,5,3.2,35.32
SP080,soap,2026-05-25,11,149,0.0,149,0,0,3344,88,4,6,2,1,0,2,1,0,1,0,0,0,0,0,1,0,,0,0,0,0,0,5,3.2,-101.27
SP080,soap,2026-06-01,12,149,0.0,149,0,0,3955,102,5,5,1,1,0,1,1,0,1,0,0,0,0,0,0,1,4.0,1,0,0,0,0,6,3.33,-136.59
SP080,soap,2026-06-08,13,149,0.0,149,0,0,2919,89,5,9,7,4,0,7,0,0,0,0,0,0,0,0,7,2,3.0,0,2,0,0,0,8,3.25,247.23
SP080,soap,2026-06-15,14,149,0.0,149,0,0,4161,113,3,8,4,3,0,4,1,0,0,1,0,0,0,0,3,1,3.0,0,1,0,0,0,9,3.22,-30.63
SP080,soap,2026-06-22,15,149,0.0,149,0,1,5074,149,5,14,6,6,1,5,0,0,0,0,0,0,0,0,5,1,4.0,1,0,0,0,0,10,3.3,146.59
SP080,soap,2026-06-29,16,149,0.0,149,0,0,4161,115,5,3,3,3,1,2,0,0,0,0,0,0,0,0,2,2,4.0,2,0,0,0,0,12,3.42,40.64
SP080,soap,2026-07-06,17,149,0.0,149,0,0,5886,174,8,15,6,6,1,5,1,0,1,0,0,0,0,0,4,2,2.0,0,1,1,1,0,14,3.21,-25.31
SP080,soap,2026-07-13,18,149,0.0,149,0,0,3749,113,4,13,2,0,0,2,2,0,1,0,0,1,0,0,0,0,,0,0,0,0,0,14,3.21,-273.17
SP080,soap,2026-07-20,19,149,0.0,149,0,0,3591,99,0,11,8,7,3,5,0,0,0,0,0,0,0,0,5,0,,0,0,0,0,0,14,3.21,86.59
SP080,soap,2026-07-27,20,149,0.0,149,0,0,4995,129,6,13,6,5,1,5,0,0,0,0,0,0,0,0,5,0,,0,0,0,0,0,14,3.21,146.59
SP080,soap,2026-08-03,21,149,0.0,149,0,0,5761,150,9,15,10,6,1,9,1,0,0,0,0,1,0,0,8,1,4.0,1,0,0,0,0,15,3.27,115.96
SP080,soap,2026-08-10,22,149,0.0,149,0,0,5311,150,5,9,4,2,2,2,0,0,0,0,0,0,0,0,2,0,,0,0,0,0,0,15,3.27,10.64
SP080,soap,2026-08-17,23,149,0.0,149,0,0,4736,134,9,8,5,3,1,4,2,0,0,0,2,0,0,0,2,1,3.0,0,1,0,0,0,16,3.25,-232.53
SP080,soap,2026-08-24,24,149,0.0,149,1,0,6751,213,13,17,7,6,1,6,0,0,0,0,0,0,0,0,6,1,4.0,1,0,0,0,0,17,3.29,181.91
SP080,soap,2026-08-31,25,149,0.0,149,0,0,4414,138,7,11,3,2,0,3,0,0,0,0,0,0,0,0,3,0,,0,0,0,0,0,17,3.29,105.96
SP080,soap,2026-09-07,26,149,0.0,149,0,0,4908,148,12,15,6,6,0,6,0,0,0,0,0,0,0,0,6,0,,0,0,0,0,0,17,3.29,211.91
SP080,soap,2026-09-14,27,149,0.0,149,0,0,5835,176,13,5,1,1,0,1,1,0,1,0,0,0,0,0,0,0,,0,0,0,0,0,17,3.29,-136.59
SP080,soap,2026-09-21,28,149,0.0,149,0,1,5681,169,8,10,7,4,0,7,0,0,0,0,0,0,0,0,7,0,,0,0,0,0,0,17,3.29,247.23
SP081,soap,2026-02-16,1,149,0.0,149,0,0,10099,919,84,149,76,46,9,67,2,0,0,0,1,0,1,0,65,15,4.53,15,0,0,0,0,15,4.53,-2041.26
SP081,soap,2026-02-23,2,189,0.0,189,0,0,25220,2503,173,356,142,95,24,118,4,0,1,1,0,2,0,0,114,11,4.64,10,1,0,0,0,26,4.58,421.22
SP081,soap,2026-03-02,3,189,0.0,189,1,1,35723,3837,247,592,251,166,25,226,4,0,1,0,3,0,0,0,222,34,4.5,32,1,1,0,1,60,4.53,2204.55
SP081,soap,2026-03-09,4,189,0.0,189,0,0,26000,2920,180,471,202,127,26,176,6,0,2,0,3,0,1,0,170,24,4.62,23,1,0,0,0,84,4.56,915.05
SP081,soap,2026-03-16,5,189,0.0,189,0,0,13683,1471,87,263,98,67,14,84,1,0,0,0,1,0,0,0,83,9,4.89,9,0,0,0,0,93,4.59,780.36
SP081,soap,2026-03-23,6,189,0.0,189,0,0,15324,1678,128,269,119,81,10,109,4,0,0,2,0,1,1,0,105,13,4.62,12,0,1,0,1,106,4.59,690.11
SP081,soap,2026-03-30,7,189,0.0,189,0,0,19249,2096,129,319,148,101,18,130,5,0,0,1,2,0,2,0,125,14,4.64,14,0,0,0,0,120,4.6,592.7
SP081,soap,2026-04-06,8,189,0.0,189,0,0,11935,1348,71,197,89,62,14,75,1,0,0,1,0,0,0,0,74,12,4.83,12,0,0,0,0,132,4.62,629.25
SP081,soap,2026-04-13,9,189,0.0,189,0,0,19492,2164,134,348,155,100,22,133,4,0,0,1,2,1,0,0,129,20,4.55,19,1,0,0,0,152,4.61,733.07
SP081,soap,2026-04-20,10,189,0.0,189,0,0,13919,1630,86,268,111,64,13,98,4,0,0,2,1,0,1,0,94,10,4.7,9,1,0,0,0,162,4.62,415.42
SP081,soap,2026-04-27,11,189,0.0,189,0,0,13618,1546,100,240,97,68,10,87,0,0,0,0,0,0,0,0,87,9,4.67,9,0,0,0,0,171,4.62,1160.73
SP081,soap,2026-05-04,12,189,0.0,189,0,0,10436,1213,73,198,77,46,9,68,2,0,0,2,0,0,0,0,66,9,4.22,8,1,0,0,0,180,4.6,451.72
SP081,soap,2026-05-11,13,189,0.0,189,0,0,12547,1427,99,243,100,63,11,89,6,0,2,0,4,0,0,0,83,13,4.38,12,1,0,0,0,193,4.59,-95.69
SP081,soap,2026-05-18,14,189,0.0,189,0,0,11007,1213,77,184,86,49,4,82,3,0,1,0,0,2,0,0,79,15,4.53,14,1,0,0,0,208,4.58,626.78
SP081,soap,2026-05-25,15,189,0.0,189,0,0,13814,1516,115,242,105,72,7,98,2,0,0,0,2,0,0,0,96,17,4.41,16,1,0,0,0,225,4.57,1015.42
SP081,soap,2026-06-01,16,189,0.0,189,0,0,13339,1458,86,230,110,71,8,102,3,0,0,1,1,1,0,0,99,17,4.53,15,2,0,0,0,242,4.57,842.58
SP081,soap,2026-06-08,17,189,0.0,189,0,0,13306,1433,99,237,102,63,15,87,5,0,0,1,3,1,0,0,82,13,4.54,11,2,0,0,0,255,4.56,-39.27
SP081,soap,2026-06-15,18,189,0.0,189,0,0,14287,1547,113,254,104,73,9,95,3,0,0,1,1,0,1,0,92,17,4.59,16,1,0,0,0,272,4.57,695.05
SP081,soap,2026-06-22,19,189,0.2,151,0,1,15483,1956,116,378,229,149,22,207,8,0,1,2,4,1,0,0,199,20,4.45,19,1,0,0,0,292,4.56,-6066.37
SP081,soap,2026-06-29,20,189,0.0,189,0,0,10663,1147,66,180,94,61,7,87,2,0,0,1,1,0,0,0,85,11,4.55,10,1,0,0,0,303,4.56,830.73
SP081,soap,2026-07-06,21,189,0.0,189,0,0,12801,1366,89,212,90,57,11,79,0,0,0,0,0,0,0,0,79,9,4.67,9,0,0,0,0,312,4.56,996.41
SP081,soap,2026-07-13,22,189,0.0,189,0,0,10590,1139,65,177,79,55,8,71,3,0,0,0,2,1,0,0,68,9,4.22,7,1,1,0,1,321,4.55,322.09
SP081,soap,2026-07-20,23,189,0.0,189,0,0,11471,1261,69,212,97,65,11,86,0,0,0,0,0,0,0,0,86,14,4.71,14,0,0,0,0,335,4.56,1113.94
SP081,soap,2026-07-27,24,189,0.0,189,0,0,14155,1574,72,272,112,72,11,101,1,0,0,1,0,0,0,0,100,15,4.53,14,1,0,0,0,350,4.56,1155.79
SP081,soap,2026-08-03,25,189,0.0,189,0,0,12819,1427,95,221,105,64,9,96,3,0,0,0,3,0,0,0,93,12,4.58,11,1,0,0,0,362,4.56,711.84
SP081,soap,2026-08-10,26,189,0.0,189,0,0,12951,1444,86,234,92,65,9,83,3,0,1,0,2,0,0,0,80,14,4.5,13,1,0,0,0,376,4.56,493.57
SP081,soap,2026-08-17,27,189,0.0,189,0,0,14212,1639,106,284,116,76,6,110,4,0,0,0,4,0,0,0,106,17,4.59,17,0,0,0,0,393,4.56,826.9
SP081,soap,2026-08-24,28,189,0.0,189,1,0,15797,1804,132,322,152,99,14,138,5,0,1,2,2,0,0,0,133,19,4.26,16,3,0,0,0,412,4.54,847.02
SP081,soap,2026-08-31,29,189,0.0,189,0,0,11013,1274,76,211,88,58,11,77,2,0,0,0,1,1,0,0,75,5,4.6,5,0,0,0,0,417,4.54,542.83
SP081,soap,2026-09-07,30,189,0.0,189,0,0,15767,1713,98,282,121,69,10,111,5,0,1,0,3,1,0,0,106,15,4.6,13,2,0,0,0,432,4.55,513.69
SP081,soap,2026-09-14,31,189,0.0,189,0,0,12634,1417,92,238,98,67,10,88,4,0,0,2,1,0,1,0,84,11,4.27,9,2,0,0,0,443,4.54,337.52
SP081,soap,2026-09-21,32,189,0.2,151,0,1,24285,3109,185,602,325,210,30,295,9,0,3,1,3,1,1,0,286,42,4.33,34,7,1,0,1,485,4.52,-8187.42
SP082,soap,2026-06-08,1,139,0.0,139,0,0,8674,385,10,16,8,6,0,8,0,0,0,0,0,0,0,0,8,1,3.0,0,1,0,0,0,1,3.0,363.45
SP082,soap,2026-06-15,2,139,0.0,139,0,0,6056,224,14,14,4,2,0,4,0,0,0,0,0,0,0,0,4,1,3.0,0,1,0,0,0,2,3.0,181.72
SP082,soap,2026-06-22,3,139,0.0,139,0,1,5743,184,4,14,6,3,0,6,0,0,0,0,0,0,0,0,6,1,3.0,0,1,0,0,0,3,3.0,272.59
SP082,soap,2026-06-29,4,139,0.0,139,0,0,3321,98,3,4,2,1,0,2,0,0,0,0,0,0,0,0,2,0,,0,0,0,0,0,3,3.0,90.86
SP082,soap,2026-07-06,5,139,0.0,139,0,0,3925,137,3,4,2,1,0,2,0,0,0,0,0,0,0,0,2,1,4.0,1,0,0,0,0,4,3.25,90.86
SP082,soap,2026-07-13,6,139,0.0,139,0,0,3759,152,5,6,4,3,2,2,0,0,0,0,0,0,0,0,2,1,3.0,0,1,0,0,0,5,3.2,30.86
SP082,soap,2026-07-20,7,139,0.0,139,0,0,4332,156,5,14,7,3,1,6,2,0,1,1,0,0,0,0,4,0,,0,0,0,0,0,5,3.2,-82.18
SP082,soap,2026-07-27,8,139,0.0,139,0,0,5305,167,5,14,5,3,1,4,1,0,0,0,1,0,0,0,3,2,2.5,1,0,1,0,1,7,3.0,-10.66
SP082,soap,2026-08-03,9,139,0.0,139,0,0,4406,151,3,9,3,1,0,3,0,0,0,0,0,0,0,0,3,3,3.0,0,3,0,0,0,10,3.0,136.29
SP082,soap,2026-08-10,10,139,0.0,139,0,0,3835,169,2,16,4,3,0,4,0,0,0,0,0,0,0,0,4,1,4.0,1,0,0,0,0,11,3.09,181.72
SP082,soap,2026-08-17,11,139,0.0,139,0,0,5068,195,7,14,2,0,0,2,1,0,1,0,0,0,0,0,1,0,,0,0,0,0,0,11,3.09,-71.52
SP082,soap,2026-08-24,12,139,0.0,139,1,0,4448,179,10,12,5,3,1,4,1,0,0,0,1,0,0,0,3,0,,0,0,0,0,0,11,3.09,-10.66
SP082,soap,2026-08-31,13,139,0.0,139,0,0,4539,179,9,12,5,1,0,5,1,0,1,0,0,0,0,0,4,1,2.0,0,0,1,0,1,12,3.0,64.77
SP082,soap,2026-09-07,14,139,0.0,139,0,0,4677,153,8,9,3,3,1,2,0,0,0,0,0,0,0,0,2,1,4.0,1,0,0,0,0,13,3.08,60.86
SP082,soap,2026-09-14,15,139,0.0,139,0,0,4341,176,5,14,5,3,1,4,3,0,1,1,1,0,0,0,1,2,3.5,1,1,0,0,0,15,3.13,-335.42
SP082,soap,2026-09-21,16,139,0.0,139,0,1,5872,245,10,16,8,7,1,7,1,0,1,0,0,0,0,0,6,0,,0,0,0,0,0,15,3.13,125.64
SP083,soap,2026-04-13,1,179,0.0,179,0,0,6857,173,10,11,3,2,0,3,1,0,1,0,0,0,0,0,2,0,,0,0,0,0,0,0,,-86.08
SP083,soap,2026-04-20,2,179,0.0,179,0,0,5347,135,4,8,4,2,1,3,0,0,0,0,0,0,0,0,3,0,,0,0,0,0,0,0,,84.4
SP083,soap,2026-04-27,3,179,0.0,179,0,0,4169,116,4,7,1,1,0,1,0,0,0,0,0,0,0,0,1,0,,0,0,0,0,0,0,,38.13
SP083,soap,2026-05-04,4,179,0.0,179,0,0,2592,59,2,4,0,0,0,0,0,0,0,0,0,0,0,0,0,0,,0,0,0,0,0,0,,0.0
SP083,soap,2026-05-11,5,179,0.0,179,0,0,2317,47,3,3,0,0,0,0,0,0,0,0,0,0,0,0,0,0,,0,0,0,0,0,0,,0.0
SP083,soap,2026-05-18,6,179,0.0,179,0,0,2348,47,1,1,0,0,0,0,0,0,0,0,0,0,0,0,0,0,,0,0,0,0,0,0,,0.0
SP083,soap,2026-05-25,7,179,0.0,179,0,0,2224,56,1,1,0,0,0,0,0,0,0,0,0,0,0,0,0,0,,0,0,0,0,0,0,,0.0
SP083,soap,2026-06-01,8,179,0.0,179,0,0,2308,65,3,1,0,0,0,0,0,0,0,0,0,0,0,0,0,0,,0,0,0,0,0,0,,0.0
SP083,soap,2026-06-08,9,179,0.0,179,0,0,1973,55,3,3,2,1,0,2,1,0,0,0,0,1,0,0,1,0,,0,0,0,0,0,0,,-124.21
SP083,soap,2026-06-15,10,179,0.0,179,0,0,2744,64,3,2,0,0,0,0,0,0,0,0,0,0,0,0,0,0,,0,0,0,0,0,0,,0.0
SP083,soap,2026-06-22,11,179,0.1,161,0,1,2655,62,1,5,1,1,0,1,1,0,1,0,0,0,0,0,0,0,,0,0,0,0,0,0,,-162.34
SP083,soap,2026-06-29,12,179,0.0,179,0,0,2922,75,5,4,0,0,0,0,0,0,0,0,0,0,0,0,0,0,,0,0,0,0,0,0,,0.0
SP084,soap,2025-11-17,1,189,0.0,189,0,0,11518,385,22,21,2,2,0,2,0,0,0,0,0,0,0,0,2,0,,0,0,0,0,0,0,,74.09
SP084,soap,2025-11-24,2,189,0.0,189,0,0,4981,179,12,8,1,1,0,1,0,0,0,0,0,0,0,0,1,0,,0,0,0,0,0,0,,37.05
SP084,soap,2025-12-01,3,189,0.0,189,0,0,3967,159,6,6,2,1,0,2,1,0,1,0,0,0,0,0,1,0,,0,0,0,0,0,0,,-135.91
SP084,soap,2025-12-08,4,189,0.0,189,0,0,5158,168,5,8,2,1,0,2,0,0,0,0,0,0,0,0,2,0,,0,0,0,0,0,0,,74.09
SP084,soap,2025-12-15,5,189,0.0,189,0,0,2934,114,5,2,1,1,1,0,0,0,0,0,0,0,0,0,0,0,,0,0,0,0,0,0,,-43.08
SP084,soap,2025-12-22,6,189,0.0,189,0,0,3167,89,9,11,2,1,0,2,1,0,0,1,0,0,0,0,1,0,,0,0,0,0,0,0,,-135.91
SP084,soap,2025-12-29,7,189,0.0,189,0,0,2721,89,6,5,1,0,0,1,0,0,0,0,0,0,0,0,1,0,,0,0,0,0,0,0,,37.05
SP084,soap,2026-01-05,8,189,0.0,189,0,0,2963,116,4,9,3,2,0,3,0,0,0,0,0,0,0,0,3,1,4.0,1,0,0,0,0,1,4.0,111.14
SP084,soap,2026-01-12,9,189,0.0,189,0,1,6337,233,15,12,8,5,0,8,1,0,0,0,1,0,0,0,7,1,3.0,0,1,0,0,0,2,3.5,86.36
SP084,soap,2026-01-19,10,189,0.0,189,0,0,7046,253,12,18,6,3,0,6,1,0,0,0,1,0,0,0,5,0,,0,0,0,0,0,2,3.5,12.27
SP084,soap,2026-01-26,11,189,0.0,189,0,0,5002,190,10,8,3,1,1,2,0,0,0,0,0,0,0,0,2,1,4.0,1,0,0,0,0,3,3.67,31.01
SP084,soap,2026-02-02,12,189,0.0,189,0,0,4529,158,11,9,5,3,2,3,0,0,0,0,0,0,0,0,3,0,,0,0,0,0,0,3,3.67,24.97
SP084,soap,2026-02-09,13,189,0.0,189,0,0,5280,192,10,10,6,6,0,6,3,0,1,2,0,0,0,0,3,1,4.0,1,0,0,0,0,4,3.75,-407.73
SP084,soap,2026-02-16,14,189,0.0,189,0,0,5035,191,11,14,2,1,0,2,0,0,0,0,0,0,0,0,2,0,,0,0,0,0,0,4,3.75,74.09
SP084,soap,2026-02-23,15,189,0.0,189,0,0,3863,142,10,9,1,1,0,1,0,0,0,0,0,0,0,0,1,0,,0,0,0,0,0,4,3.75,37.05
SP084,soap,2026-03-02,16,189,0.15,161,1,1,7259,309,16,22,8,7,2,6,0,0,0,0,0,0,0,0,6,2,3.5,1,1,0,0,0,6,3.67,-23.89
SP084,soap,2026-03-09,17,189,0.0,189,0,0,4530,175,9,12,7,5,1,6,3,0,1,1,1,0,0,0,3,1,1.0,0,0,1,0,1,7,3.29,-450.81
SP084,soap,2026-03-16,18,189,0.0,189,0,0,4701,158,5,5,0,0,0,0,0,0,0,0,0,0,0,0,0,0,,0,0,0,0,0,7,3.29,0.0
SP084,soap,2026-03-23,19,189,0.0,189,0,0,3411,90,4,7,3,3,0,3,0,0,0,0,0,0,0,0,3,1,3.0,0,1,0,0,0,8,3.25,111.14
SP084,soap,2026-03-30,20,179,0.0,179,0,0,5982,196,4,9,2,2,1,1,0,0,0,0,0,0,0,0,1,0,,0,0,0,0,0,8,3.25,-15.56
SP084,soap,2026-04-06,21,179,0.0,179,0,0,2500,77,2,3,1,1,0,1,0,0,0,0,0,0,0,0,1,0,,0,0,0,0,0,8,3.25,27.52
SP084,soap,2026-04-13,22,179,0.0,179,0,0,3344,118,9,12,5,3,0,5,1,0,0,1,0,0,0,0,4,1,5.0,1,0,0,0,0,9,3.44,-62.87
SP084,soap,2026-04-20,23,179,0.0,179,0,0,4968,165,13,12,6,5,0,6,0,0,0,0,0,0,0,0,6,1,5.0,1,0,0,0,0,10,3.6,165.13
SP084,soap,2026-04-27,24,179,0.0,179,0,0,6214,222,5,19,5,5,0,5,0,0,0,0,0,0,0,0,5,0,,0,0,0,0,0,10,3.6,137.61
SP084,soap,2026-05-04,25,179,0.0,179,0,0,3434,119,4,10,6,4,2,4,0,0,0,0,0,0,0,0,4,0,,0,0,0,0,0,10,3.6,23.92
SP084,soap,2026-05-11,26,179,0.0,179,0,0,4862,170,5,9,6,4,2,4,0,0,0,0,0,0,0,0,4,0,,0,0,0,0,0,10,3.6,23.92
SP084,soap,2026-05-18,27,179,0.0,179,0,0,4623,191,8,11,4,2,0,4,0,0,0,0,0,0,0,0,4,0,,0,0,0,0,0,10,3.6,110.09
SP084,soap,2026-05-25,28,179,0.0,179,0,0,6402,239,10,18,6,4,1,5,0,0,0,0,0,0,0,0,5,0,,0,0,0,0,0,10,3.6,94.52
SP084,soap,2026-06-01,29,179,0.0,179,0,0,5168,175,12,15,10,5,0,10,2,0,2,0,0,0,0,0,8,1,2.0,0,0,1,1,0,11,3.45,-125.74
SP084,soap,2026-06-08,30,179,0.0,179,0,0,7402,291,17,27,11,8,2,9,0,0,0,0,0,0,0,0,9,0,,0,0,0,0,0,11,3.45,161.53
SP084,soap,2026-06-15,31,179,0.0,179,0,0,5709,221,15,20,6,3,0,6,1,0,1,0,0,0,0,0,5,0,,0,0,0,0,0,11,3.45,-35.35
SP084,soap,2026-06-22,32,179,0.1,161,0,1,7045,294,18,20,11,9,4,7,0,0,0,0,0,0,0,0,7,1,3.0,0,1,0,0,0,12,3.42,-99.68
SP084,soap,2026-06-29,33,179,0.0,179,0,0,5029,210,11,14,3,3,0,3,1,0,0,1,0,0,0,0,2,0,,0,0,0,0,0,12,3.42,-117.91
SP084,soap,2026-07-06,34,179,0.0,179,0,0,5115,189,5,13,7,6,1,6,0,0,0,0,0,0,0,0,6,1,4.0,1,0,0,0,0,13,3.46,122.05
SP084,soap,2026-07-13,35,179,0.0,179,0,0,5189,172,14,14,5,3,0,5,0,0,0,0,0,0,0,0,5,2,3.0,0,2,0,0,0,15,3.4,137.61
SP084,soap,2026-07-20,36,179,0.0,179,0,0,4154,165,6,16,7,3,0,7,0,0,0,0,0,0,0,0,7,0,,0,0,0,0,0,15,3.4,192.65
SP084,soap,2026-07-27,37,179,0.0,179,0,0,4350,144,8,10,3,3,0,3,0,0,0,0,0,0,0,0,3,0,,0,0,0,0,0,15,3.4,82.56
SP084,soap,2026-08-03,38,179,0.0,179,0,0,4451,184,10,12,2,2,0,2,1,0,1,0,0,0,0,0,1,0,,0,0,0,0,0,15,3.4,-145.43
SP084,soap,2026-08-10,39,179,0.0,179,0,0,3771,125,4,11,2,2,0,2,0,0,0,0,0,0,0,0,2,0,,0,0,0,0,0,15,3.4,55.04
SP084,soap,2026-08-17,40,179,0.0,179,0,0,4362,151,5,5,2,2,1,1,0,0,0,0,0,0,0,0,1,0,,0,0,0,0,0,15,3.4,-15.56
SP084,soap,2026-08-24,41,179,0.0,179,1,0,5848,219,11,25,6,5,1,5,0,0,0,0,0,0,0,0,5,1,4.0,1,0,0,0,0,16,3.44,94.52
SP084,soap,2026-08-31,42,179,0.0,179,0,0,3677,155,11,8,4,2,2,2,1,0,1,0,0,0,0,0,1,0,,0,0,0,0,0,16,3.44,-231.6
SP084,soap,2026-09-07,43,179,0.0,179,0,0,6517,274,11,21,4,2,0,4,1,0,0,1,0,0,0,0,3,1,3.0,0,1,0,0,0,17,3.41,-90.39
SP084,soap,2026-09-14,44,179,0.0,179,0,0,5219,204,8,10,2,2,0,2,0,0,0,0,0,0,0,0,2,0,,0,0,0,0,0,17,3.41,55.04
SP084,soap,2026-09-21,45,179,0.0,179,0,1,6196,214,7,22,10,5,0,10,0,0,0,0,0,0,0,0,10,0,,0,0,0,0,0,17,3.41,275.21
SP085,soap,2025-09-08,1,169,0.0,169,0,0,9788,417,26,42,21,16,5,16,2,0,1,0,0,0,1,0,14,1,4.0,1,0,0,0,0,1,4.0,1.45
SP085,soap,2025-09-15,2,169,0.0,169,0,0,9689,414,21,34,13,11,2,11,1,0,0,0,1,0,0,0,10,2,3.0,0,2,0,0,0,3,3.33,134.34
SP085,soap,2025-09-22,3,169,0.15,144,1,1,12218,445,20,55,26,16,2,24,2,0,1,0,1,0,0,0,22,1,3.0,0,1,0,0,0,4,3.25,-94.49
SP085,soap,2025-09-29,4,169,0.15,144,1,1,11439,438,20,48,17,14,1,16,1,0,0,1,0,0,0,0,15,2,4.5,2,0,0,0,0,6,3.67,7.03
SP085,soap,2025-10-06,5,169,0.2,135,1,1,14997,681,24,79,38,29,7,31,2,0,1,0,1,0,0,0,29,2,4.0,2,0,0,0,0,8,3.75,-462.79
SP085,soap,2025-10-13,6,169,0.0,169,1,0,14274,542,29,52,21,16,3,18,1,0,1,0,0,0,0,0,17,5,4.0,4,1,0,0,0,13,3.85,353.05
SP085,soap,2025-10-20,7,169,0.0,169,1,0,14272,585,27,57,22,12,0,22,1,0,0,0,1,0,0,0,21,5,3.6,3,2,0,0,0,18,3.78,631.4
SP085,soap,2025-10-27,8,169,0.0,169,0,0,8458,341,24,30,16,12,2,14,0,0,0,0,0,0,0,0,14,3,4.67,3,0,0,0,0,21,3.9,437.43
SP085,soap,2025-11-03,9,169,0.0,169,0,0,8044,378,21,36,14,11,2,12,0,0,0,0,0,0,0,0,12,3,4.67,3,0,0,0,0,24,4.0,362.67
SP085,soap,2025-11-10,10,179,0.0,179,0,0,11043,479,37,46,20,15,1,19,1,0,1,0,0,0,0,0,18,3,4.0,3,0,0,0,0,27,4.0,647.74
SP085,soap,2025-11-17,11,179,0.0,179,0,0,10427,489,25,41,19,14,1,18,1,0,0,0,0,0,1,0,17,2,4.5,2,0,0,0,0,29,4.03,600.84
SP085,soap,2025-11-24,12,179,0.0,179,0,0,8789,377,19,48,18,13,0,18,3,0,0,1,2,0,0,0,15,5,4.0,4,1,0,0,0,34,4.03,242.83
SP085,soap,2025-12-01,13,179,0.0,179,0,0,10708,526,24,60,25,19,1,24,2,0,0,1,1,0,0,0,22,2,3.5,1,1,0,0,0,36,4.0,681.78
SP085,soap,2025-12-08,14,179,0.0,179,0,0,9136,426,25,45,13,9,1,12,1,0,1,0,0,0,0,0,11,2,3.0,0,2,0,0,0,38,3.95,319.42
SP085,soap,2025-12-15,15,179,0.0,179,0,0,12655,522,31,47,15,9,3,12,1,0,0,0,1,0,0,0,11,2,4.0,2,0,0,0,0,40,3.95,233.53
SP085,soap,2025-12-22,16,179,0.0,179,0,0,10417,508,28,55,20,13,2,18,1,0,0,0,1,0,0,0,17,3,3.67,2,1,0,0,0,43,3.93,557.9
SP085,soap,2025-12-29,17,179,0.0,179,0,0,10814,498,32,54,19,13,2,17,1,0,1,0,0,0,0,0,16,2,4.0,2,0,0,0,0,45,3.93,510.99
SP085,soap,2026-01-05,18,179,0.0,179,0,0,10833,501,17,44,13,10,4,9,0,0,0,0,0,0,0,0,9,0,,0,0,0,0,0,45,3.93,250.36
SP085,soap,2026-01-12,19,179,0.0,179,0,1,10132,431,29,41,23,18,5,18,3,0,1,2,0,0,0,0,15,1,4.0,1,0,0,0,0,46,3.93,28.12
SP085,soap,2026-01-19,20,179,0.0,179,0,0,8014,388,18,27,7,4,0,7,1,0,0,0,1,0,0,0,6,1,4.0,1,0,0,0,0,47,3.94,127.85
SP085,soap,2026-01-26,21,179,0.0,179,0,0,8803,393,20,47,16,11,2,14,2,0,1,0,0,1,0,0,12,1,4.0,1,0,0,0,0,48,3.94,169.81
SP085,soap,2026-02-02,22,179,0.0,179,0,0,9155,425,22,35,12,7,1,11,0,0,0,0,0,0,0,0,11,1,4.0,1,0,0,0,0,49,3.94,472.99
SP085,soap,2026-02-09,23,179,0.0,179,0,0,9295,390,26,30,6,3,1,5,1,0,0,1,0,0,0,0,4,0,,0,0,0,0,0,49,3.94,-8.9
SP085,soap,2026-02-16,24,179,0.0,179,0,0,7089,316,14,30,8,6,1,7,0,0,0,0,0,0,0,0,7,1,5.0,1,0,0,0,0,50,3.96,285.38
SP085,soap,2026-02-23,25,179,0.0,179,0,0,6019,299,19,23,12,11,2,10,0,0,0,0,0,0,0,0,10,0,,0,0,0,0,0,50,3.96,383.15
SP085,soap,2026-03-02,26,179,0.0,179,1,1,12320,542,23,42,16,13,2,14,2,0,1,0,0,0,1,0,12,2,4.5,2,0,0,0,0,52,3.98,169.81
SP085,soap,2026-03-09,27,179,0.0,179,0,0,7997,368,19,33,11,7,0,11,0,0,0,0,0,0,0,0,11,1,3.0,0,1,0,0,0,53,3.96,515.94
SP085,soap,2026-03-16,28,179,0.0,179,0,0,7189,327,18,32,12,9,3,9,0,0,0,0,0,0,0,0,9,0,,0,0,0,0,0,53,3.96,293.3
SP085,soap,2026-03-23,29,179,0.0,179,0,0,7871,374,17,46,11,6,1,10,0,0,0,0,0,0,0,0,10,1,4.0,1,0,0,0,0,54,3.96,426.09
SP085,soap,2026-03-30,30,179,0.0,179,0,0,8802,433,20,51,20,18,1,19,2,0,0,0,0,2,0,0,17,4,4.5,4,0,0,0,0,58,4.0,447.27
SP085,soap,2026-04-06,31,179,0.0,179,0,0,6763,299,7,34,11,8,0,11,1,0,1,0,0,0,0,0,10,2,3.5,1,1,0,0,0,60,3.98,315.46
SP085,soap,2026-04-13,32,179,0.0,179,0,0,6858,327,16,37,12,9,3,9,0,0,0,0,0,0,0,0,9,2,4.0,2,0,0,0,0,62,3.98,293.3
SP085,soap,2026-04-20,33,179,0.0,179,0,0,8449,422,23,43,20,15,1,19,1,0,0,1,0,0,0,0,18,8,4.0,6,1,1,0,1,70,3.99,647.74
SP085,soap,2026-04-27,34,179,0.0,179,0,0,6465,313,12,28,12,10,3,9,0,0,0,0,0,0,0,0,9,0,,0,0,0,0,0,70,3.99,293.3
SP085,soap,2026-05-04,35,179,0.0,179,0,0,9274,394,26,49,18,13,1,17,1,0,1,0,0,0,0,0,16,3,4.0,3,0,0,0,0,73,3.99,553.94
SP085,soap,2026-05-11,36,179,0.0,179,0,0,8555,386,20,29,9,8,3,6,0,0,0,0,0,0,0,0,6,1,3.0,0,1,0,0,0,74,3.97,152.59
SP085,soap,2026-05-18,37,179,0.0,179,0,0,6449,291,16,34,10,7,2,8,1,0,0,0,1,0,0,0,7,0,,0,0,0,0,0,74,3.97,88.86
SP085,soap,2026-05-25,38,179,0.0,179,0,0,8510,404,21,43,12,8,1,11,2,0,1,0,0,1,0,0,9,0,,0,0,0,0,0,74,3.97,72.04
SP085,soap,2026-06-01,39,179,0.0,179,0,0,7634,323,20,25,8,7,0,8,1,0,1,0,0,0,0,0,7,3,4.0,2,1,0,0,0,77,3.97,174.75
SP085,soap,2026-06-08,40,179,0.0,179,0,0,6244,279,27,30,12,7,2,10,0,0,0,0,0,0,0,0,10,2,4.0,2,0,0,0,0,79,3.97,383.15
SP085,soap,2026-06-15,41,179,0.0,179,0,0,7284,341,22,26,15,13,1,14,2,0,1,0,1,0,0,0,12,0,,0,0,0,0,0,79,3.97,212.75
SP085,soap,2026-06-22,42,179,0.1,161,0,1,10773,564,47,68,31,18,2,29,1,0,0,0,1,0,0,0,28,5,4.2,4,1,0,0,0,84,3.99,593.83
SP085,soap,2026-06-29,43,179,0.0,179,0,0,8033,355,24,31,15,10,0,15,2,0,0,1,1,0,0,0,13,1,2.0,0,0,1,1,0,85,3.96,302.6
SP085,soap,2026-07-06,44,179,0.0,179,0,0,7855,382,21,49,27,19,3,24,1,0,0,0,1,0,0,0,23,4,3.25,2,1,1,1,0,89,3.93,796.38
SP085,soap,2026-07-13,45,179,0.0,179,0,0,10067,455,16,41,18,14,4,14,2,0,1,0,1,0,0,0,12,1,4.0,1,0,0,0,0,90,3.93,83.92
SP085,soap,2026-07-20,46,179,0.0,179,0,0,8089,363,22,32,11,7,1,10,1,0,0,0,1,0,0,0,9,1,4.0,1,0,0,0,0,91,3.93,225.61
SP085,soap,2026-07-27,47,179,0.0,179,0,0,7703,365,17,32,14,10,0,14,2,0,0,1,0,0,1,0,12,4,3.75,3,1,0,0,0,95,3.93,255.69
SP085,soap,2026-08-03,48,179,0.0,179,0,0,8761,402,13,51,20,11,1,19,2,0,1,0,1,0,0,0,17,7,4.0,4,3,0,0,0,102,3.93,447.27
SP085,soap,2026-08-10,49,179,0.0,179,0,0,7985,361,16,43,22,18,2,20,1,0,0,1,0,0,0,0,19,2,4.5,2,0,0,0,0,104,3.94,651.7
SP085,soap,2026-08-17,50,189,0.0,189,0,0,12343,559,32,52,20,10,0,20,1,0,1,0,0,0,0,0,19,2,4.0,2,0,0,0,0,106,3.94,918.54
SP085,soap,2026-08-24,51,189,0.0,189,1,0,13183,545,21,67,29,22,3,26,1,0,0,1,0,0,0,0,25,3,3.33,2,0,1,1,0,109,3.93,1128.28
SP085,soap,2026-08-31,52,189,0.0,189,0,0,9456,409,19,44,19,10,0,19,3,0,1,1,0,1,0,0,16,2,4.0,1,1,0,0,0,111,3.93,442.12
SP085,soap,2026-09-07,53,189,0.0,189,0,0,8913,414,26,41,13,11,0,13,0,0,0,0,0,0,0,0,13,3,4.67,3,0,0,0,0,114,3.95,733.55
SP085,soap,2026-09-14,54,189,0.0,189,0,0,9409,400,21,33,10,9,3,7,0,0,0,0,0,0,0,0,7,1,5.0,1,0,0,0,0,115,3.96,266.16
SP085,soap,2026-09-21,55,189,0.1,170,0,1,9778,445,25,60,26,18,3,23,1,0,0,0,1,0,0,0,22,3,3.67,2,1,0,0,0,118,3.95,560.9
SP086,soap,2025-09-22,1,179,0.0,179,1,1,17650,426,20,25,5,5,0,5,2,0,1,1,0,0,0,0,3,0,,0,0,0,0,0,0,,-148.01
SP086,soap,2025-09-29,2,179,0.0,179,1,1,7909,162,8,4,1,1,0,1,1,0,0,1,0,0,0,0,0,0,,0,0,0,0,0,0,,-149.89
SP086,soap,2025-10-06,3,179,0.0,179,1,1,6928,165,7,13,4,3,2,2,0,0,0,0,0,0,0,0,2,1,2.0,0,0,1,0,1,1,2.0,41.18
SP086,soap,2025-10-13,4,179,0.0,179,1,0,7050,87,3,1,0,0,0,0,0,0,0,0,0,0,0,0,0,0,,0,0,0,0,0,1,2.0,0.0
SP086,soap,2025-10-20,5,179,0.0,179,1,0,3498,47,2,2,0,0,0,0,0,0,0,0,0,0,0,0,0,0,,0,0,0,0,0,1,2.0,0.0
SP086,soap,2025-10-27,6,179,0.0,179,0,0,3000,31,0,0,0,0,0,0,0,0,0,0,0,0,0,0,0,0,,0,0,0,0,0,1,2.0,0.0
SP086,soap,2025-11-03,7,179,0.0,179,0,0,3226,43,1,0,0,0,0,0,0,0,0,0,0,0,0,0,0,0,,0,0,0,0,0,1,2.0,0.0
SP087,soap,2025-11-10,1,169,0.0,169,0,0,10055,305,18,24,9,7,0,9,0,0,0,0,0,0,0,0,9,2,5.0,2,0,0,0,0,2,5.0,563.22
SP087,soap,2025-11-17,2,169,0.0,169,0,0,9456,473,31,46,14,9,3,11,1,0,0,1,0,0,0,0,10,0,,0,0,0,0,0,2,5.0,407.42
SP087,soap,2025-11-24,3,169,0.0,169,0,0,8653,404,31,52,20,12,3,17,0,0,0,0,0,0,0,0,17,3,4.33,3,0,0,0,0,5,4.6,973.85
SP087,soap,2025-12-01,4,169,0.0,169,0,0,13213,519,34,56,19,10,4,15,0,0,0,0,0,0,0,0,15,3,4.33,3,0,0,0,0,8,4.5,818.69
SP087,soap,2025-12-08,5,169,0.0,169,0,0,9925,391,24,45,12,8,3,9,0,0,0,0,0,0,0,0,9,1,4.0,1,0,0,0,0,9,4.44,473.22
SP087,soap,2025-12-15,6,169,0.0,169,0,0,10953,439,25,48,22,15,3,19,1,0,0,1,0,0,0,0,18,2,4.0,1,1,0,0,0,11,4.36,908.06
SP087,soap,2025-12-22,7,169,0.0,169,0,0,8397,344,22,34,15,11,1,14,1,0,0,0,1,0,0,0,13,0,,0,0,0,0,0,11,4.36,655.16
SP087,soap,2025-12-29,8,169,0.0,169,0,0,7535,290,15,35,17,9,2,15,0,0,0,0,0,0,0,0,15,0,,0,0,0,0,0,11,4.36,878.69
SP087,soap,2026-01-05,9,169,0.0,169,0,0,9109,353,16,49,14,10,2,12,0,0,0,0,0,0,0,0,12,2,4.5,2,0,0,0,0,13,4.38,690.95
SP087,soap,2026-01-12,10,179,0.2,143,0,1,12231,609,41,84,37,25,4,33,3,0,2,0,1,0,0,0,30,6,4.33,6,0,0,0,0,19,4.37,629.41
SP087,soap,2026-01-19,11,179,0.0,179,0,0,12422,452,26,65,20,9,2,18,0,0,0,0,0,0,0,0,18,1,3.0,0,1,0,0,0,20,4.3,1237.86
SP087,soap,2026-01-26,12,179,0.0,179,0,0,11065,423,27,45,24,19,6,18,0,0,0,0,0,0,0,0,18,2,4.0,2,0,0,0,0,22,4.27,1117.86
SP087,soap,2026-02-02,13,179,0.0,179,0,0,11173,434,20,51,15,10,1,14,0,0,0,0,0,0,0,0,14,2,4.5,2,0,0,0,0,24,4.29,979.45
SP087,soap,2026-02-09,14,179,0.0,179,0,0,7792,277,14,29,10,8,1,9,2,0,0,0,2,0,0,0,7,0,,0,0,0,0,0,24,4.29,217.98
SP087,soap,2026-02-16,15,179,0.0,179,0,0,6630,246,16,22,7,2,0,7,1,0,1,0,0,0,0,0,6,0,,0,0,0,0,0,24,4.29,304.25
SP087,soap,2026-02-23,16,179,0.0,179,0,0,11753,435,35,47,16,13,4,12,0,0,0,0,0,0,0,0,12,1,4.0,1,0,0,0,0,25,4.28,745.24
SP087,soap,2026-03-02,17,179,0.1,161,1,1,14061,581,30,82,40,28,6,34,1,0,0,0,1,0,0,0,33,7,4.43,6,1,0,0,0,32,4.31,1505.32
SP087,soap,2026-03-09,18,179,0.0,179,0,0,8830,337,23,46,24,13,1,23,1,0,0,1,0,0,0,0,22,3,3.67,2,0,1,0,1,35,4.26,1427.9
SP087,soap,2026-03-16,19,179,0.0,179,0,0,10598,403,25,52,14,12,2,12,0,0,0,0,0,0,0,0,12,0,,0,0,0,0,0,35,4.26,805.24
SP087,soap,2026-03-23,20,179,0.0,179,0,0,7760,311,16,44,19,12,4,15,2,0,0,1,1,0,0,0,13,3,4.67,3,0,0,0,0,38,4.29,560.6
SP087,soap,2026-03-30,21,179,0.0,179,0,0,9119,335,19,40,15,12,3,12,0,0,0,0,0,0,0,0,12,3,4.33,2,1,0,0,0,41,4.29,775.24
SP087,soap,2026-04-06,22,179,0.0,179,0,0,8782,328,12,35,12,9,1,11,0,0,0,0,0,0,0,0,11,1,5.0,1,0,0,0,0,42,4.31,763.14
SP087,soap,2026-04-13,23,179,0.0,179,0,0,8972,329,20,46,20,8,1,19,0,0,0,0,0,0,0,0,19,2,5.0,2,0,0,0,0,44,4.34,1339.96
SP087,soap,2026-04-20,24,179,0.0,179,0,0,9529,405,28,49,19,16,1,18,1,0,0,0,1,0,0,0,17,3,3.67,2,0,1,0,1,47,4.3,1067.38
SP087,soap,2026-04-27,25,179,0.0,179,0,0,9299,352,27,57,25,17,3,22,2,0,0,1,1,0,0,0,20,4,4.25,4,0,0,0,0,51,4.29,1095.32
SP087,soap,2026-05-04,26,179,0.0,179,0,0,9720,377,24,33,12,7,1,11,1,0,0,0,1,0,0,0,10,1,4.0,1,0,0,0,0,52,4.29,562.66
SP087,soap,2026-05-11,27,179,0.0,179,0,0,7667,268,23,40,11,9,0,11,1,0,0,1,0,0,0,0,10,4,4.25,4,0,0,0,0,56,4.29,592.66
SP087,soap,2026-05-18,28,179,0.0,179,0,0,11618,465,21,46,14,6,0,14,2,0,0,1,0,1,0,0,12,2,4.5,2,0,0,0,0,58,4.29,608.49
SP087,soap,2026-05-25,29,179,0.0,179,0,0,7630,289,13,42,15,10,1,14,0,0,0,0,0,0,0,0,14,1,5.0,1,0,0,0,0,59,4.31,979.45
SP087,soap,2026-06-01,30,179,0.0,179,0,0,8362,346,24,31,16,8,2,14,0,0,0,0,0,0,0,0,14,2,4.5,2,0,0,0,0,61,4.31,949.45
SP087,soap,2026-06-08,31,179,0.0,179,0,0,8049,313,20,37,13,9,2,11,1,0,1,0,0,0,0,0,10,1,5.0,1,0,0,0,0,62,4.32,532.66
SP087,soap,2026-06-15,32,179,0.0,179,0,0,8949,353,23,48,9,5,1,8,0,0,0,0,0,0,0,0,8,0,,0,0,0,0,0,62,4.32,546.83
SP087,soap,2026-06-22,33,179,0.1,161,0,1,11816,488,25,60,23,9,0,23,2,0,0,1,0,1,0,0,21,4,5.0,4,0,0,0,0,66,4.36,897.43
SP087,soap,2026-06-29,34,179,0.0,179,0,0,9442,399,9,44,17,12,2,15,0,0,0,0,0,0,0,0,15,2,4.5,2,0,0,0,0,68,4.37,1021.55
SP087,soap,2026-07-06,35,179,0.0,179,0,0,8404,350,24,34,19,12,2,17,1,0,0,1,0,0,0,0,16,1,4.0,1,0,0,0,0,69,4.36,965.28
SP087,soap,2026-07-13,36,179,0.0,179,0,0,13950,559,32,56,19,9,1,18,0,0,0,0,0,0,0,0,18,3,3.67,2,1,0,0,0,72,4.33,1267.86
SP087,soap,2026-07-20,37,179,0.0,179,0,0,9268,383,17,39,15,7,0,15,1,0,0,0,1,0,0,0,14,3,4.33,2,1,0,0,0,75,4.33,881.07
SP087,soap,2026-07-27,38,179,0.0,179,0,0,7969,320,15,23,9,5,0,9,0,0,0,0,0,0,0,0,9,2,4.0,2,0,0,0,0,77,4.32,648.93
SP087,soap,2026-08-03,39,179,0.0,179,0,0,14560,572,36,73,33,23,4,29,2,0,0,1,0,1,0,0,27,2,4.5,2,0,0,0,0,79,4.33,1570.05
SP087,soap,2026-08-10,40,179,0.0,179,0,0,10540,380,24,53,19,13,1,18,4,0,0,3,1,0,0,0,14,0,,0,0,0,0,0,79,4.33,465.96
SP087,soap,2026-08-17,41,179,0.0,179,0,0,10084,387,19,52,21,19,2,19,0,0,0,0,0,0,0,0,19,3,4.33,3,0,0,0,0,82,4.33,1309.96
SP087,soap,2026-08-24,42,179,0.0,179,1,0,14693,601,34,71,25,14,3,22,0,0,0,0,0,0,0,0,22,4,4.0,3,1,0,0,0,86,4.31,1496.27
SP087,soap,2026-08-31,43,179,0.0,179,0,0,10369,410,35,55,25,18,3,22,0,0,0,0,0,0,0,0,22,3,4.33,3,0,0,0,0,89,4.31,1496.27
SP087,soap,2026-09-07,44,179,0.0,179,0,0,11689,452,32,65,25,16,5,20,1,0,0,1,0,0,0,0,19,3,3.67,1,2,0,0,0,92,4.29,1091.59
SP087,soap,2026-09-14,45,179,0.0,179,0,0,11526,486,29,72,29,20,3,26,1,0,0,1,0,0,0,0,25,3,4.67,3,0,0,0,0,95,4.31,1584.21
SP087,soap,2026-09-21,46,179,0.2,143,0,1,15352,700,41,104,48,34,1,47,0,0,0,0,0,0,0,0,47,8,4.12,7,1,0,0,0,103,4.29,1747.43
SP088,soap,2026-05-11,1,219,0.0,219,0,0,8591,290,13,12,6,6,2,4,0,0,0,0,0,0,0,0,4,0,,0,0,0,0,0,0,,251.27
SP088,soap,2026-05-18,2,219,0.0,219,0,0,5263,178,11,7,1,0,0,1,0,0,0,0,0,0,0,0,1,1,3.0,0,1,0,0,0,1,3.0,77.82
SP088,soap,2026-05-25,3,219,0.0,219,0,0,4005,107,4,4,0,0,0,0,0,0,0,0,0,0,0,0,0,0,,0,0,0,0,0,1,3.0,0.0
SP088,soap,2026-06-01,4,219,0.0,219,0,0,3427,67,3,5,0,0,0,0,0,0,0,0,0,0,0,0,0,0,,0,0,0,0,0,1,3.0,0.0
SP088,soap,2026-06-08,5,179,0.0,179,0,0,3011,103,3,9,4,1,0,4,0,0,0,0,0,0,0,0,4,1,4.0,1,0,0,0,0,2,3.5,158.89
SP088,soap,2026-06-15,6,179,0.0,179,0,0,3540,140,9,12,3,3,0,3,0,0,0,0,0,0,0,0,3,0,,0,0,0,0,0,2,3.5,119.17
SP088,soap,2026-06-22,7,179,0.15,152,0,1,4675,205,8,13,3,2,0,3,0,0,0,0,0,0,0,0,3,0,,0,0,0,0,0,2,3.5,42.03
SP088,soap,2026-06-29,8,179,0.0,179,0,0,3915,156,4,5,1,1,0,1,0,0,0,0,0,0,0,0,1,0,,0,0,0,0,0,2,3.5,39.72
SP088,soap,2026-07-06,9,179,0.0,179,0,0,3344,144,8,5,1,1,1,0,0,0,0,0,0,0,0,0,0,0,,0,0,0,0,0,2,3.5,-30.0
SP088,soap,2026-07-13,10,179,0.0,179,0,0,3873,155,4,10,2,0,0,2,0,0,0,0,0,0,0,0,2,0,,0,0,0,0,0,2,3.5,79.45
SP088,soap,2026-07-20,11,179,0.0,179,0,0,3052,116,5,3,1,1,0,1,0,0,0,0,0,0,0,0,1,1,3.0,0,1,0,0,0,3,3.33,39.72
SP088,soap,2026-07-27,12,179,0.0,179,0,0,3491,134,5,5,3,3,1,2,0,0,0,0,0,0,0,0,2,0,,0,0,0,0,0,3,3.33,49.45
SP088,soap,2026-08-03,13,179,0.0,179,0,0,3564,133,4,8,3,2,0,3,1,0,1,0,0,0,0,0,2,1,2.0,0,0,1,1,0,4,3.0,-81.31
SP088,soap,2026-08-10,14,179,0.0,179,0,0,3069,82,5,5,3,1,0,3,0,0,0,0,0,0,0,0,3,1,3.0,0,1,0,0,0,5,3.0,119.17
SP088,soap,2026-08-17,15,179,0.0,179,0,0,4084,137,5,6,2,2,0,2,0,0,0,0,0,0,0,0,2,0,,0,0,0,0,0,5,3.0,79.45
SP088,soap,2026-08-24,16,179,0.0,179,1,0,5667,162,6,12,2,2,1,1,1,0,0,1,0,0,0,0,0,0,,0,0,0,0,0,5,3.0,-190.75
SP088,soap,2026-08-31,17,179,0.0,179,0,0,2940,86,5,4,1,1,0,1,0,0,0,0,0,0,0,0,1,0,,0,0,0,0,0,5,3.0,39.72
SP088,soap,2026-09-07,18,179,0.0,179,0,0,3553,100,4,5,1,1,0,1,0,0,0,0,0,0,0,0,1,0,,0,0,0,0,0,5,3.0,39.72
SP088,soap,2026-09-14,19,179,0.0,179,0,0,3098,102,2,4,2,1,1,1,0,0,0,0,0,0,0,0,1,0,,0,0,0,0,0,5,3.0,9.72
SP088,soap,2026-09-21,20,179,0.15,152,0,1,5280,187,9,6,4,3,0,4,0,0,0,0,0,0,0,0,4,0,,0,0,0,0,0,5,3.0,56.03
SP089,soap,2026-05-11,1,189,0.0,189,0,0,9159,308,13,21,4,1,1,3,1,0,0,0,1,0,0,0,2,1,4.0,1,0,0,0,0,1,4.0,12.73
SP089,soap,2026-05-18,2,189,0.0,189,0,0,6323,216,8,9,4,1,0,4,0,0,0,0,0,0,0,0,4,2,4.0,2,0,0,0,0,3,4.0,336.98
SP089,soap,2026-05-25,3,189,0.0,189,0,0,4831,183,12,16,6,3,0,6,0,0,0,0,0,0,0,0,6,0,,0,0,0,0,0,3,4.0,505.47
SP089,soap,2026-06-01,4,189,0.0,189,0,0,5913,234,8,16,6,6,1,5,0,0,0,0,0,0,0,0,5,1,5.0,1,0,0,0,0,4,4.25,391.22
SP089,soap,2026-06-08,5,189,0.0,189,0,0,6317,272,10,17,5,4,1,4,1,0,1,0,0,0,0,0,3,1,2.0,0,0,1,1,0,5,3.8,96.98
SP089,soap,2026-06-15,6,189,0.0,189,0,0,4972,175,10,8,1,0,0,1,0,0,0,0,0,0,0,0,1,0,,0,0,0,0,0,5,3.8,84.24
SP089,soap,2026-06-22,7,189,0.2,151,0,1,5744,240,11,13,5,1,0,5,0,0,0,0,0,0,0,0,5,0,,0,0,0,0,0,5,3.8,240.27
SP089,soap,2026-06-29,8,189,0.0,189,0,0,4140,129,7,6,2,1,0,2,0,0,0,0,0,0,0,0,2,1,3.0,0,1,0,0,0,6,3.67,168.49
SP089,soap,2026-07-06,9,189,0.0,189,0,0,5221,149,4,10,5,2,1,4,1,0,0,0,1,0,0,0,3,1,4.0,1,0,0,0,0,7,3.71,96.98
SP089,soap,2026-07-13,10,189,0.0,189,0,0,3848,138,7,5,1,0,0,1,1,0,0,0,0,0,1,0,0,0,,0,0,0,0,0,7,3.71,-125.76
SP089,soap,2026-07-20,11,189,0.0,189,0,0,3276,108,3,5,1,0,0,1,0,0,0,0,0,0,0,0,1,0,,0,0,0,0,0,7,3.71,84.24
SP089,soap,2026-07-27,12,189,0.0,189,0,0,3924,130,9,7,3,2,0,3,0,0,0,0,0,0,0,0,3,1,3.0,0,1,0,0,0,8,3.62,252.73
SP089,soap,2026-08-03,13,189,0.0,189,0,0,4401,143,4,8,3,1,0,3,0,0,0,0,0,0,0,0,3,0,,0,0,0,0,0,8,3.62,252.73
SP089,soap,2026-08-10,14,189,0.0,189,0,0,4091,137,5,8,2,1,0,2,0,0,0,0,0,0,0,0,2,0,,0,0,0,0,0,8,3.62,168.49
SP089,soap,2026-08-17,15,189,0.0,189,0,0,4542,151,5,9,2,0,0,2,0,0,0,0,0,0,0,0,2,1,3.0,0,1,0,0,0,9,3.56,168.49
SP089,soap,2026-08-24,16,189,0.0,189,1,0,4705,160,4,8,2,0,0,2,1,0,0,1,0,0,0,0,1,1,2.0,0,0,1,0,1,10,3.4,-41.51
SP089,soap,2026-08-31,17,189,0.0,189,0,0,3373,105,6,9,2,1,0,2,1,0,0,1,0,0,0,0,1,0,,0,0,0,0,0,10,3.4,-41.51
SP089,soap,2026-09-07,18,189,0.0,189,0,0,4130,151,7,10,5,4,0,5,1,0,0,0,1,0,0,0,4,1,3.0,0,1,0,0,0,11,3.36,211.22
SP089,soap,2026-09-14,19,189,0.0,189,0,0,4517,133,4,6,2,2,2,0,0,0,0,0,0,0,0,0,0,0,,0,0,0,0,0,11,3.36,-60.0
SP089,soap,2026-09-21,20,189,0.15,161,0,1,6264,207,8,12,3,2,1,2,0,0,0,0,0,0,0,0,2,0,,0,0,0,0,0,11,3.36,85.16
SP090,soap,2026-01-26,1,179,0.0,179,0,0,8814,233,13,12,3,1,0,3,0,0,0,0,0,0,0,0,3,0,,0,0,0,0,0,0,,144.65
SP090,soap,2026-02-02,2,179,0.0,179,0,0,5019,141,2,11,3,2,1,2,0,0,0,0,0,0,0,0,2,0,,0,0,0,0,0,0,,54.08
SP090,soap,2026-02-09,3,179,0.0,179,0,0,4404,117,5,4,1,1,0,1,0,0,0,0,0,0,0,0,1,0,,0,0,0,0,0,0,,48.22
SP090,soap,2026-02-16,4,179,0.0,179,0,0,4339,110,7,3,1,0,0,1,0,0,0,0,0,0,0,0,1,1,4.0,1,0,0,0,0,1,4.0,48.22
SP090,soap,2026-02-23,5,179,0.0,179,0,0,2977,85,3,4,3,3,0,3,0,0,0,0,0,0,0,0,3,1,4.0,1,0,0,0,0,2,4.0,144.65
SP090,soap,2026-03-02,6,179,0.0,179,1,1,6297,180,7,8,2,1,0,2,1,0,0,0,1,0,0,0,1,0,,0,0,0,0,0,2,4.0,-104.04
SP090,soap,2026-03-09,7,179,0.0,179,0,0,4077,103,3,7,2,0,0,2,0,0,0,0,0,0,0,0,2,0,,0,0,0,0,0,2,4.0,96.43
SP090,soap,2026-03-16,8,179,0.0,179,0,0,4651,131,6,8,3,1,0,3,1,0,0,0,0,0,1,0,2,1,3.0,0,1,0,0,0,3,3.67,-55.83
SP090,soap,2026-03-23,9,179,0.0,179,0,0,4223,100,5,7,3,2,0,3,1,0,0,1,0,0,0,0,2,1,2.0,0,0,1,1,0,4,3.25,-55.83
SP090,soap,2026-03-30,10,179,0.0,179,0,0,4156,82,3,4,2,1,0,2,0,0,0,0,0,0,0,0,2,0,,0,0,0,0,0,4,3.25,96.43
SP090,soap,2026-04-06,11,179,0.0,179,0,0,3211,66,3,2,1,0,0,1,0,0,0,0,0,0,0,0,1,0,,0,0,0,0,0,4,3.25,48.22
SP090,soap,2026-04-13,12,179,0.0,179,0,0,2656,57,5,6,4,4,1,3,0,0,0,0,0,0,0,0,3,1,4.0,1,0,0,0,0,5,3.4,102.3
SP090,soap,2026-04-20,13,179,0.0,179,0,0,4188,97,7,7,2,2,0,2,0,0,0,0,0,0,0,0,2,0,,0,0,0,0,0,5,3.4,96.43
SP090,soap,2026-04-27,14,179,0.0,179,0,0,4310,80,3,5,1,1,0,1,0,0,0,0,0,0,0,0,1,0,,0,0,0,0,0,5,3.4,48.22
SP090,soap,2026-05-04,15,179,0.0,179,0,0,3750,87,3,4,2,1,1,1,0,0,0,0,0,0,0,0,1,0,,0,0,0,0,0,5,3.4,5.87
SP090,soap,2026-05-11,16,179,0.0,179,0,0,3671,69,2,2,0,0,0,0,0,0,0,0,0,0,0,0,0,0,,0,0,0,0,0,5,3.4,0.0
SP091,soap,2025-12-08,1,149,0.0,149,0,0,8383,300,13,22,11,8,0,11,2,0,2,0,0,0,0,0,9,1,3.0,0,1,0,0,0,1,3.0,105.04
SP091,soap,2025-12-15,2,149,0.0,149,0,0,7398,213,8,15,6,3,1,5,0,0,0,0,0,0,0,0,5,1,4.0,1,0,0,0,0,2,3.5,174.02
SP091,soap,2025-12-22,3,149,0.0,149,0,0,6725,195,8,14,8,3,1,7,0,0,0,0,0,0,0,0,7,3,4.0,3,0,0,0,0,5,3.8,255.63
SP091,soap,2025-12-29,4,149,0.0,149,0,0,6563,248,8,10,4,2,1,3,0,0,0,0,0,0,0,0,3,0,,0,0,0,0,0,5,3.8,92.41
SP091,soap,2026-01-05,5,149,0.0,149,0,0,6312,207,9,13,6,3,0,6,1,0,1,0,0,0,0,0,5,0,,0,0,0,0,0,5,3.8,72.92
SP091,soap,2026-01-12,6,149,0.0,149,0,1,8174,320,13,19,9,4,0,9,0,0,0,0,0,0,0,0,9,0,,0,0,0,0,0,5,3.8,367.24
SP091,soap,2026-01-19,7,149,0.0,149,0,0,4889,187,8,21,11,5,1,10,1,0,0,0,1,0,0,0,9,1,4.0,1,0,0,0,0,6,3.83,206.14
SP091,soap,2026-01-26,8,149,0.0,149,0,0,6033,211,9,15,3,2,0,3,1,0,0,0,1,0,0,0,2,1,4.0,1,0,0,0,0,7,3.86,-49.49
SP091,soap,2026-02-02,9,149,0.0,149,0,0,6217,238,11,17,10,8,1,9,0,0,0,0,0,0,0,0,9,1,3.0,0,1,0,0,0,8,3.75,337.24
SP091,soap,2026-02-09,10,149,0.0,149,0,0,4423,130,2,13,2,1,0,2,1,0,1,0,0,0,0,0,1,0,,0,0,0,0,0,8,3.75,-90.3
SP091,soap,2026-02-16,11,149,0.0,149,0,0,6015,230,6,21,10,8,2,8,0,0,0,0,0,0,0,0,8,3,3.33,1,2,0,0,0,11,3.64,266.43
SP091,soap,2026-02-23,12,149,0.0,149,0,0,5394,174,6,16,8,4,0,8,2,0,1,0,0,0,1,0,6,1,2.0,0,0,1,0,1,12,3.5,-17.37
SP091,soap,2026-03-02,13,149,0.0,149,1,1,11335,406,11,31,16,10,1,15,2,0,0,1,0,1,0,0,13,4,4.25,4,0,0,0,0,16,3.69,238.26
SP091,soap,2026-03-09,14,149,0.0,149,0,0,6654,229,9,21,4,2,0,4,1,0,0,0,1,0,0,0,3,2,3.0,1,0,1,0,1,18,3.61,-8.69
SP091,soap,2026-03-16,15,149,0.0,149,0,0,6107,210,7,19,5,3,1,4,0,0,0,0,0,0,0,0,4,0,,0,0,0,0,0,18,3.61,133.22
SP091,soap,2026-03-23,16,149,0.0,149,0,0,7085,233,10,17,6,5,1,5,0,0,0,0,0,0,0,0,5,1,3.0,0,1,0,0,0,19,3.58,174.02
SP091,soap,2026-03-30,17,149,0.0,149,0,0,4425,160,6,10,5,4,1,4,0,0,0,0,0,0,0,0,4,1,4.0,1,0,0,0,0,20,3.6,133.22
SP091,soap,2026-04-06,18,149,0.0,149,0,0,4041,133,6,9,5,5,1,4,1,0,0,0,0,1,0,0,3,0,,0,0,0,0,0,20,3.6,-38.69
SP091,soap,2026-04-13,19,149,0.0,149,0,0,6425,212,10,14,6,5,0,6,2,0,0,1,1,0,0,0,4,2,2.5,0,1,1,0,1,22,3.5,-98.98
SP091,soap,2026-04-20,20,149,0.0,149,0,0,6646,237,7,20,8,6,0,8,1,0,0,0,0,0,1,0,7,3,4.0,2,1,0,0,0,25,3.56,154.53
SP091,soap,2026-04-27,21,149,0.0,149,0,0,5851,226,9,12,6,1,0,6,2,0,1,0,1,0,0,0,4,0,,0,0,0,0,0,25,3.56,-98.98
SP091,soap,2026-05-04,22,149,0.0,149,0,0,3126,115,8,12,4,3,1,3,0,0,0,0,0,0,0,0,3,0,,0,0,0,0,0,25,3.56,92.41
SP091,soap,2026-05-11,23,149,0.0,149,0,0,5548,195,17,10,5,2,0,5,0,0,0,0,0,0,0,0,5,1,3.0,0,1,0,0,0,26,3.54,204.02
SP091,soap,2026-05-18,24,149,0.0,149,0,0,4885,152,8,14,9,7,1,8,3,0,0,1,2,0,0,0,5,1,3.0,0,1,0,0,0,27,3.52,-219.28
SP091,soap,2026-05-25,25,149,0.0,149,0,0,4741,166,6,10,5,3,0,5,1,0,0,1,0,0,0,0,4,1,3.0,0,1,0,0,0,28,3.5,32.12
SP091,soap,2026-06-01,26,149,0.0,149,0,0,5067,160,4,11,6,4,1,5,0,0,0,0,0,0,0,0,5,0,,0,0,0,0,0,28,3.5,174.02
SP091,soap,2026-06-08,27,149,0.0,149,0,0,5863,177,6,12,5,4,0,5,2,0,1,0,1,0,0,0,3,0,,0,0,0,0,0,28,3.5,-139.79
SP091,soap,2026-06-15,28,149,0.0,149,0,0,5443,206,4,16,8,6,0,8,2,0,0,1,1,0,0,0,6,0,,0,0,0,0,0,28,3.5,-17.37
SP091,soap,2026-06-22,29,149,0.0,149,0,1,5688,211,12,9,6,2,0,6,0,0,0,0,0,0,0,0,6,1,4.0,1,0,0,0,0,29,3.52,244.83
SP091,soap,2026-06-29,30,149,0.0,149,0,0,4662,149,7,9,3,3,0,3,0,0,0,0,0,0,0,0,3,0,,0,0,0,0,0,29,3.52,122.41
SP091,soap,2026-07-06,31,149,0.0,149,0,0,5546,202,5,23,14,10,3,11,2,0,0,0,2,0,0,0,9,0,,0,0,0,0,0,29,3.52,15.04
SP091,soap,2026-07-13,32,149,0.0,149,0,0,8253,281,10,31,13,12,2,11,2,0,0,0,1,1,0,0,9,1,4.0,1,0,0,0,0,30,3.53,45.04
SP091,soap,2026-07-20,33,149,0.0,149,0,0,5909,196,8,21,8,5,1,7,0,0,0,0,0,0,0,0,7,1,3.0,0,1,0,0,0,31,3.52,255.63
SP091,soap,2026-07-27,34,149,0.0,149,0,0,5304,196,14,19,6,3,1,5,0,0,0,0,0,0,0,0,5,0,,0,0,0,0,0,31,3.52,174.02
SP091,soap,2026-08-03,35,149,0.0,149,0,0,6553,215,10,19,10,5,1,9,1,0,0,1,0,0,0,0,8,0,,0,0,0,0,0,31,3.52,165.33
SP091,soap,2026-08-10,36,149,0.0,149,0,0,6442,236,8,16,8,5,2,6,0,0,0,0,0,0,0,0,6,0,,0,0,0,0,0,31,3.52,184.83
SP091,soap,2026-08-17,37,149,0.0,149,0,0,4858,173,3,9,3,3,1,2,0,0,0,0,0,0,0,0,2,0,,0,0,0,0,0,31,3.52,51.61
SP091,soap,2026-08-24,38,149,0.0,149,1,0,6761,251,8,18,7,5,2,5,0,0,0,0,0,0,0,0,5,0,,0,0,0,0,0,31,3.52,144.02
SP091,soap,2026-08-31,39,149,0.0,149,0,0,5265,196,7,12,4,1,0,4,0,0,0,0,0,0,0,0,4,0,,0,0,0,0,0,31,3.52,163.22
SP091,soap,2026-09-07,40,149,0.0,149,0,0,5961,236,8,16,5,4,0,5,0,0,0,0,0,0,0,0,5,0,,0,0,0,0,0,31,3.52,204.02
SP091,soap,2026-09-14,41,149,0.0,149,0,0,7001,267,16,17,10,7,3,7,1,0,0,0,0,1,0,0,6,0,,0,0,0,0,0,31,3.52,23.73
SP091,soap,2026-09-21,42,149,0.0,149,0,1,8223,308,7,27,12,9,3,9,1,0,0,0,1,0,0,0,8,1,2.0,0,0,1,0,1,32,3.47,105.33
SP092,soap,2026-06-15,1,189,0.0,189,0,0,10903,483,31,35,16,13,3,13,1,0,0,1,0,0,0,0,12,2,3.5,1,1,0,0,0,2,3.5,419.83
SP092,soap,2026-06-22,2,189,0.15,161,0,1,10753,440,26,58,27,17,2,25,3,0,2,0,0,1,0,0,22,2,3.5,1,0,1,0,1,4,3.5,157.39
SP092,soap,2026-06-29,3,189,0.0,189,0,0,7055,275,13,31,15,10,1,14,0,0,0,0,0,0,0,0,14,1,4.0,1,0,0,0,0,5,3.6,774.66
SP092,soap,2026-07-06,4,189,0.0,189,0,0,7511,254,22,26,10,6,1,9,0,0,0,0,0,0,0,0,9,0,,0,0,0,0,0,5,3.6,482.56
SP092,soap,2026-07-13,5,189,0.0,189,0,0,5378,195,11,20,7,5,0,7,0,0,0,0,0,0,0,0,7,2,4.5,2,0,0,0,0,7,3.86,408.93
SP092,soap,2026-07-20,6,189,0.0,189,0,0,8571,367,17,45,22,14,1,21,2,0,1,0,0,1,0,0,19,1,3.0,0,1,0,0,0,8,3.75,763.58
SP092,soap,2026-07-27,7,189,0.0,189,0,0,6176,250,16,28,15,12,3,12,0,0,0,0,0,0,0,0,12,0,,0,0,0,0,0,8,3.75,571.42
SP092,soap,2026-08-03,8,189,0.0,189,0,0,9861,413,32,52,22,14,4,18,0,0,0,0,0,0,0,0,18,2,4.0,2,0,0,0,0,10,3.8,878.72
SP092,soap,2026-08-10,9,189,0.0,189,0,0,6954,287,17,35,9,6,0,9,1,0,1,0,0,0,0,0,8,0,,0,0,0,0,0,10,3.8,315.77
SP092,soap,2026-08-17,10,189,0.0,189,0,0,6255,248,18,32,16,10,2,14,0,0,0,0,0,0,0,0,14,3,4.33,2,1,0,0,0,13,3.92,731.45
SP092,soap,2026-08-24,11,189,0.0,189,1,0,8035,355,22,41,17,11,4,13,1,0,0,0,0,1,0,0,12,4,3.75,3,1,0,0,0,17,3.88,376.63
SP092,soap,2026-08-31,12,189,0.0,189,0,0,8214,350,17,36,17,11,4,13,0,0,0,0,0,0,0,0,13,0,,0,0,0,0,0,17,3.88,586.63
SP092,soap,2026-09-07,13,189,0.0,189,0,0,10800,507,32,65,25,19,4,21,1,0,1,0,0,0,0,0,20,5,4.6,4,1,0,0,0,22,4.05,843.98
SP092,soap,2026-09-14,14,189,0.0,189,0,0,9638,472,19,64,26,17,3,23,1,0,0,1,0,0,0,0,22,2,4.0,1,1,0,0,0,24,4.04,1004.02
SP092,soap,2026-09-21,15,189,0.0,189,0,1,12019,587,28,82,32,20,4,28,0,0,0,0,0,0,0,0,28,3,4.33,3,0,0,0,0,27,4.07,1462.91
SP093,soap,2026-05-25,1,159,0.0,159,0,0,8047,525,30,40,19,16,7,12,1,0,0,1,0,0,0,0,11,1,4.0,1,0,0,0,0,1,4.0,58.62
SP093,soap,2026-06-01,2,159,0.0,159,0,0,12147,823,31,73,29,18,5,24,0,0,0,0,0,0,0,0,24,2,3.5,1,1,0,0,0,3,3.67,750.1
SP093,soap,2026-06-08,3,159,0.0,159,0,0,8667,515,24,47,19,13,1,18,0,0,0,0,0,0,0,0,18,2,3.5,1,1,0,0,0,5,3.6,645.07
SP093,soap,2026-06-15,4,159,0.0,159,0,0,7059,392,18,38,19,14,1,18,3,0,2,0,0,1,0,0,15,3,3.33,1,1,1,0,1,8,3.5,100.79
SP093,soap,2026-06-22,5,159,0.0,159,0,1,11347,647,20,54,16,12,3,13,1,0,0,1,0,0,0,0,12,2,3.0,0,2,0,0,0,10,3.4,216.12
SP093,soap,2026-06-29,6,159,0.0,159,0,0,6131,349,15,39,16,15,1,15,0,0,0,0,0,0,0,0,15,3,3.33,2,0,1,0,1,13,3.38,532.56
SP093,soap,2026-07-06,7,159,0.0,159,0,0,7014,423,14,31,13,7,1,12,0,0,0,0,0,0,0,0,12,2,5.0,2,0,0,0,0,15,3.6,420.05
SP093,soap,2026-07-13,8,189,0.0,189,0,0,6081,337,19,31,11,6,1,10,3,0,1,0,2,0,0,0,7,1,1.0,0,0,1,0,1,16,3.44,0.76
SP093,soap,2026-07-20,9,189,0.0,189,0,0,8810,472,22,39,13,8,2,11,0,0,0,0,0,0,0,0,11,3,4.0,3,0,0,0,0,19,3.53,666.83
SP093,soap,2026-07-27,10,189,0.0,189,0,0,5338,286,10,23,9,6,0,9,2,0,1,0,1,0,0,0,7,2,4.0,1,1,0,0,0,21,3.57,174.68
SP093,soap,2026-08-03,11,189,0.0,189,0,0,5524,303,14,34,14,11,3,11,0,0,0,0,0,0,0,0,11,3,4.0,2,1,0,0,0,24,3.62,636.83
SP093,soap,2026-08-10,12,189,0.0,189,0,0,4127,257,10,10,1,1,0,1,0,0,0,0,0,0,0,0,1,0,,0,0,0,0,0,24,3.62,66.08
SP093,soap,2026-08-17,13,189,0.0,189,0,0,6228,345,12,28,11,8,2,9,2,0,0,1,0,0,1,0,7,1,4.0,1,0,0,0,0,25,3.64,114.68
SP093,soap,2026-08-24,14,189,0.0,189,1,0,6925,412,19,28,13,4,1,12,0,0,0,0,0,0,0,0,12,1,4.0,1,0,0,0,0,26,3.65,762.91
SP093,soap,2026-08-31,15,189,0.0,189,0,0,6584,349,15,29,12,5,1,11,0,0,0,0,0,0,0,0,11,3,4.33,3,0,0,0,0,29,3.72,696.83
SP093,soap,2026-09-07,16,189,0.0,189,0,0,7724,461,15,45,12,6,2,10,0,0,0,0,0,0,0,0,10,2,4.0,1,1,0,0,0,31,3.74,600.76
SP093,soap,2026-09-14,17,189,0.0,189,0,0,8910,558,32,46,19,13,2,17,1,0,1,0,0,0,0,0,16,5,3.8,2,3,0,0,0,36,3.75,853.28
SP093,soap,2026-09-21,18,189,0.0,189,0,1,9588,556,23,41,16,10,0,16,2,0,0,1,1,0,0,0,14,0,,0,0,0,0,0,36,3.75,637.21
SP094,soap,2026-03-30,1,199,0.0,199,0,0,8761,368,17,20,9,7,1,8,2,0,0,0,2,0,0,0,6,2,4.5,2,0,0,0,0,2,4.5,-225.96
SP094,soap,2026-04-06,2,199,0.0,199,0,0,11274,735,43,67,24,16,5,19,2,0,0,1,1,0,0,0,17,4,4.5,4,0,0,0,0,6,4.5,-42.75
SP094,soap,2026-04-13,3,199,0.0,199,0,0,8021,495,21,47,20,11,2,18,3,0,2,0,0,0,1,0,15,5,3.8,4,1,0,0,0,11,4.18,-168.68
SP094,soap,2026-04-20,4,199,0.0,199,0,0,12450,697,46,72,22,13,4,18,2,0,1,1,0,0,0,0,16,1,2.0,0,0,1,0,1,12,4.0,-32.79
SP094,soap,2026-04-27,5,199,0.0,199,0,0,6501,340,15,24,9,6,2,7,0,0,0,0,0,0,0,0,7,4,4.25,4,0,0,0,0,16,4.06,139.4
SP094,soap,2026-05-04,6,199,0.0,199,0,0,8322,479,25,43,20,13,1,19,2,0,1,0,1,0,0,0,17,1,3.0,0,1,0,0,0,17,4.0,124.53
SP094,soap,2026-05-11,7,199,0.0,199,0,0,6475,359,17,34,9,6,0,9,0,0,0,0,0,0,0,0,9,1,3.0,0,1,0,0,0,18,3.94,286.77
SP094,soap,2026-05-18,8,199,0.0,199,0,0,7737,383,23,40,14,9,1,13,1,0,0,0,0,1,0,0,12,3,3.0,1,1,1,0,1,21,3.81,152.87
SP094,soap,2026-05-25,9,199,0.0,199,0,0,5306,288,15,23,5,2,1,4,0,0,0,0,0,0,0,0,4,0,,0,0,0,0,0,21,3.81,85.63
SP094,soap,2026-06-01,10,199,0.0,199,0,0,7164,341,31,29,12,9,2,10,0,0,0,0,0,0,0,0,10,0,,0,0,0,0,0,21,3.81,234.99
SP094,soap,2026-06-08,11,199,0.0,199,0,0,6815,336,22,29,12,8,0,12,0,0,0,0,0,0,0,0,12,1,4.0,1,0,0,0,0,22,3.82,382.35
SP094,soap,2026-06-15,12,199,0.0,199,0,0,5711,282,19,29,10,5,1,9,1,0,0,1,0,0,0,0,8,2,4.0,1,1,0,0,0,24,3.83,25.42
SP094,soap,2026-06-22,13,199,0.2,159,0,1,10694,706,32,75,38,17,6,32,1,0,0,1,0,0,0,0,31,4,4.5,4,0,0,0,0,28,3.93,-631.78
SP094,soap,2026-06-29,14,199,0.0,199,0,0,7731,418,23,25,7,2,0,7,0,0,0,0,0,0,0,0,7,0,,0,0,0,0,0,28,3.93,223.04
SP094,soap,2026-07-06,15,199,0.0,199,0,0,8345,459,22,31,16,13,5,11,1,0,0,0,1,0,0,0,10,2,3.5,1,1,0,0,0,30,3.9,-78.13
SP094,soap,2026-07-13,16,199,0.0,199,0,0,8398,443,24,40,9,8,5,4,0,0,0,0,0,0,0,0,4,1,5.0,1,0,0,0,0,31,3.94,-81.64
SP094,soap,2026-07-20,17,199,0.0,199,0,0,6407,313,23,27,5,4,1,4,1,0,1,0,0,0,0,0,3,0,,0,0,0,0,0,31,3.94,-133.89
SP094,soap,2026-07-27,18,199,0.0,199,0,0,6379,343,16,27,7,3,1,6,2,0,2,0,0,0,0,0,4,0,,0,0,0,0,0,31,3.94,-289.69
SP094,soap,2026-08-03,19,199,0.0,199,0,0,7541,421,14,42,22,16,4,18,0,0,0,0,0,0,0,0,18,4,4.5,3,1,0,0,0,35,4.0,406.26
SP094,soap,2026-08-10,20,199,0.0,199,0,0,9963,522,27,46,16,9,1,15,3,0,1,1,1,0,0,0,12,1,4.0,1,0,0,0,0,36,4.0,-222.45
SP094,soap,2026-08-17,21,199,0.0,199,0,0,6946,388,17,31,12,5,3,9,1,0,1,0,0,0,0,0,8,1,3.0,0,1,0,0,0,37,3.97,-58.21
SP094,soap,2026-08-24,22,199,0.0,199,1,0,13545,759,44,61,27,17,3,24,3,0,2,0,1,0,0,0,21,5,3.4,2,3,0,0,0,42,3.9,-19.32
SP094,soap,2026-08-31,23,199,0.0,199,0,0,8348,437,23,48,16,15,2,14,1,0,1,0,0,0,0,0,13,2,3.5,1,1,0,0,0,44,3.89,142.92
SP094,soap,2026-09-07,24,199,0.0,199,0,0,11255,592,22,53,26,14,5,21,2,0,1,0,1,0,0,0,19,2,4.0,1,1,0,0,0,46,3.89,20.98
SP094,soap,2026-09-14,25,199,0.0,199,0,0,6753,365,27,39,16,11,1,15,2,0,0,2,0,0,0,0,13,4,4.25,4,0,0,0,0,50,3.92,-2.92
SP094,soap,2026-09-21,26,199,0.2,159,0,1,14480,987,34,100,51,26,7,44,5,0,0,0,4,0,1,0,39,7,3.86,4,3,0,0,0,57,3.91,-1474.1
SP095,soap,2026-02-02,1,159,0.0,159,0,0,8626,387,18,41,21,12,3,18,0,0,0,0,0,0,0,0,18,2,3.5,1,1,0,0,0,2,3.5,1020.95
SP095,soap,2026-02-09,2,159,0.0,159,0,0,14906,612,32,62,22,16,4,18,0,0,0,0,0,0,0,0,18,3,4.0,3,0,0,0,0,5,3.8,990.95
SP095,soap,2026-02-16,3,159,0.0,159,0,0,8216,408,16,45,20,12,1,19,1,0,0,1,0,0,0,0,18,4,3.75,3,1,0,0,0,9,3.78,961.24
SP095,soap,2026-02-23,4,159,0.0,159,0,0,11713,589,33,55,18,12,1,17,1,0,0,1,0,0,0,0,16,1,4.0,1,0,0,0,0,10,3.8,837.8
SP095,soap,2026-03-02,5,159,0.2,127,1,1,11708,681,29,71,38,27,2,36,4,0,2,0,2,0,0,0,32,5,3.8,3,2,0,0,0,15,3.8,460.94
SP095,soap,2026-03-09,6,179,0.0,179,0,0,9119,423,26,50,21,14,3,18,1,0,0,0,1,0,0,0,17,0,,0,0,0,0,0,15,3.8,1163.33
SP095,soap,2026-03-16,7,179,0.0,179,0,0,6671,343,11,39,12,9,0,12,0,0,0,0,0,0,0,0,12,1,4.0,1,0,0,0,0,16,3.81,969.2
SP095,soap,2026-03-23,8,179,0.0,179,0,0,8925,406,26,52,20,15,0,20,3,0,1,1,0,1,0,0,17,3,3.0,0,3,0,0,0,19,3.68,1013.91
SP095,soap,2026-03-30,9,179,0.0,179,0,0,8899,395,15,26,10,8,1,9,2,0,0,1,0,1,0,0,7,2,4.5,2,0,0,0,0,21,3.76,295.95
SP095,soap,2026-04-06,10,179,0.0,179,0,0,7388,334,18,25,8,4,0,8,0,0,0,0,0,0,0,0,8,0,,0,0,0,0,0,21,3.76,646.14
SP095,soap,2026-04-13,11,179,0.0,179,0,0,6500,327,18,22,6,5,1,5,0,0,0,0,0,0,0,0,5,1,4.0,1,0,0,0,0,22,3.77,373.83
SP095,soap,2026-04-20,12,179,0.0,179,0,0,5999,293,15,27,10,7,3,7,0,0,0,0,0,0,0,0,7,1,5.0,1,0,0,0,0,23,3.83,475.37
SP095,soap,2026-04-27,13,179,0.0,179,0,0,6771,329,20,24,13,9,0,13,0,0,0,0,0,0,0,0,13,3,5.0,3,0,0,0,0,26,3.96,1049.97
SP095,soap,2026-05-04,14,179,0.0,179,0,0,6040,283,13,40,16,10,0,16,0,0,0,0,0,0,0,0,16,0,,0,0,0,0,0,26,3.96,1292.27
SP095,soap,2026-05-11,15,179,0.0,179,0,0,7206,349,18,34,9,6,0,9,0,0,0,0,0,0,0,0,9,2,4.5,2,0,0,0,0,28,4.0,726.9
SP095,soap,2026-05-18,16,179,0.0,179,0,0,8947,482,26,40,13,10,0,13,1,0,0,0,0,1,0,0,12,0,,0,0,0,0,0,28,4.0,849.49
SP095,soap,2026-05-25,17,179,0.0,179,0,0,5711,287,12,32,11,10,1,10,0,0,0,0,0,0,0,0,10,1,3.0,0,1,0,0,0,29,3.97,777.67
SP095,soap,2026-06-01,18,179,0.0,179,0,0,6422,361,7,32,14,4,2,12,2,0,2,0,0,0,0,0,10,1,4.0,1,0,0,0,0,30,3.97,508.25
SP095,soap,2026-06-08,19,179,0.0,179,0,0,6440,298,15,29,8,5,0,8,0,0,0,0,0,0,0,0,8,1,4.0,1,0,0,0,0,31,3.97,646.14
SP095,soap,2026-06-15,20,179,0.0,179,0,0,5966,287,13,25,4,4,0,4,0,0,0,0,0,0,0,0,4,1,5.0,1,0,0,0,0,32,4.0,323.07
SP095,soap,2026-06-22,21,179,0.2,143,0,1,6443,424,12,45,24,17,1,23,1,0,1,0,0,0,0,0,22,0,,0,0,0,0,0,32,4.0,872.88
SP095,soap,2026-06-29,22,179,0.0,179,0,0,8547,428,20,35,11,9,2,9,1,0,0,1,0,0,0,0,8,1,3.0,0,1,0,0,0,33,3.97,466.43
SP095,soap,2026-07-06,23,179,0.0,179,0,0,8808,459,21,43,15,11,3,12,0,0,0,0,0,0,0,0,12,1,5.0,1,0,0,0,0,34,4.0,879.2
SP095,soap,2026-07-13,24,179,0.0,179,0,0,8732,442,22,40,16,13,2,14,2,0,0,0,0,1,1,0,12,0,,0,0,0,0,0,34,4.0,669.79
SP095,soap,2026-07-20,25,179,0.0,179,0,0,7479,411,19,37,14,10,1,13,1,0,1,0,0,0,0,0,12,0,,0,0,0,0,0,34,4.0,819.49
SP095,soap,2026-07-27,26,179,0.0,179,0,0,7623,408,17,38,13,12,0,13,1,0,0,0,1,0,0,0,12,3,4.0,3,0,0,0,0,37,4.0,849.49
SP095,soap,2026-08-03,27,179,0.0,179,0,0,8201,451,25,38,14,12,2,12,2,0,1,0,1,0,0,0,10,4,3.75,2,2,0,0,0,41,3.98,508.25
SP095,soap,2026-08-10,28,179,0.0,179,0,0,9951,493,28,40,13,10,2,11,0,0,0,0,0,0,0,0,11,2,4.0,1,1,0,0,0,43,3.98,828.44
SP095,soap,2026-08-17,29,179,0.0,179,0,0,8568,452,13,43,12,6,0,12,1,0,1,0,0,0,0,0,11,1,2.0,0,0,1,0,1,44,3.93,768.73
SP095,soap,2026-08-24,30,179,0.0,179,1,0,12414,616,24,66,24,19,2,22,4,0,0,3,1,0,0,0,18,8,3.5,4,1,3,0,3,52,3.87,914.97
SP095,soap,2026-08-31,31,179,0.0,179,0,0,7444,358,16,38,8,5,0,8,1,0,1,0,0,0,0,0,7,2,4.0,1,1,0,0,0,54,3.87,445.66
SP095,soap,2026-09-07,32,179,0.0,179,0,0,6935,345,18,37,14,10,4,10,2,0,1,1,0,0,0,0,8,0,,0,0,0,0,0,54,3.87,286.72
SP095,soap,2026-09-14,33,179,0.0,179,0,0,8074,402,20,31,12,7,1,11,1,0,0,1,0,0,0,0,10,0,,0,0,0,0,0,54,3.87,657.96
SP095,soap,2026-09-21,34,179,0.2,143,0,1,10820,663,30,65,35,22,3,32,3,0,1,2,0,0,0,0,29,4,3.75,2,2,0,0,0,58,3.86,898.83
SP096,soap,2025-10-13,1,219,0.0,219,1,0,16771,646,31,39,12,6,1,11,1,0,0,1,0,0,0,0,10,1,3.0,0,1,0,0,0,1,3.0,448.11
SP096,soap,2025-10-20,2,219,0.0,219,1,0,9674,261,15,14,3,3,0,3,0,0,0,0,0,0,0,0,3,1,4.0,1,0,0,0,0,2,3.5,195.46
SP096,soap,2025-10-27,3,219,0.0,219,0,0,6088,201,7,12,5,3,0,5,0,0,0,0,0,0,0,0,5,0,,0,0,0,0,0,2,3.5,325.77
SP096,soap,2025-11-03,4,219,0.0,219,0,0,5422,177,11,11,4,4,1,3,0,0,0,0,0,0,0,0,3,1,2.0,0,0,1,1,0,3,3.0,165.46
SP096,soap,2025-11-10,5,179,0.0,179,0,0,5836,197,9,13,4,2,0,4,1,0,1,0,0,0,0,0,3,2,4.0,2,0,0,0,0,5,3.4,-92.24
SP096,soap,2025-11-17,6,179,0.0,179,0,0,5027,198,9,15,6,5,1,5,1,0,1,0,0,0,0,0,4,1,5.0,1,0,0,0,0,6,3.67,-95.19
SP096,soap,2025-11-24,7,179,0.0,179,0,0,5205,223,11,14,4,3,0,4,1,0,0,0,0,0,1,0,3,1,4.0,1,0,0,0,0,7,3.71,-92.24
SP096,soap,2025-12-01,8,179,0.0,179,0,0,6159,262,9,21,6,3,2,4,1,0,0,0,1,0,0,0,3,1,1.0,0,0,1,1,0,8,3.38,-152.24
SP096,soap,2025-12-08,9,179,0.0,179,0,0,4993,212,14,15,6,5,1,5,0,0,0,0,0,0,0,0,5,1,4.0,1,0,0,0,0,9,3.44,105.29
SP096,soap,2025-12-15,10,179,0.0,179,0,0,5394,202,10,14,5,5,0,5,0,0,0,0,0,0,0,0,5,1,3.0,0,1,0,0,0,10,3.4,135.29
SP096,soap,2025-12-22,11,179,0.0,179,0,0,6314,248,6,18,4,3,0,4,0,0,0,0,0,0,0,0,4,0,,0,0,0,0,0,10,3.4,108.23
SP096,soap,2025-12-29,12,179,0.0,179,0,0,4882,192,8,14,6,5,1,5,2,0,0,2,0,0,0,0,3,1,4.0,1,0,0,0,0,11,3.45,-295.66
SP096,soap,2026-01-05,13,179,0.0,179,0,0,5475,240,13,18,6,3,0,6,1,0,1,0,0,0,0,0,5,2,3.5,1,1,0,0,0,13,3.46,-38.13
SP096,soap,2026-01-12,14,179,0.0,179,0,1,8183,351,20,29,11,6,2,9,1,0,0,1,0,0,0,0,8,1,4.0,1,0,0,0,0,14,3.5,-16.95
SP096,soap,2026-01-19,15,179,0.0,179,0,0,7232,266,12,14,7,4,2,5,1,0,0,1,0,0,0,0,4,1,4.0,1,0,0,0,0,15,3.53,-125.19
SP096,soap,2026-01-26,16,179,0.0,179,0,0,5243,230,11,21,6,5,1,5,1,0,0,1,0,0,0,0,4,1,4.0,1,0,0,0,0,16,3.56,-95.19
SP096,soap,2026-02-02,17,179,0.0,179,0,0,5532,229,16,10,3,1,0,3,0,0,0,0,0,0,0,0,3,0,,0,0,0,0,0,16,3.56,81.17
SP096,soap,2026-02-09,18,179,0.0,179,0,0,6398,283,13,17,4,0,0,4,0,0,0,0,0,0,0,0,4,0,,0,0,0,0,0,16,3.56,108.23
SP096,soap,2026-02-16,19,179,0.0,179,0,0,4584,217,6,16,7,4,0,7,1,0,0,1,0,0,0,0,6,1,2.0,0,0,1,0,1,17,3.47,-11.07
SP096,soap,2026-02-23,20,179,0.0,179,0,0,4626,191,10,12,5,5,1,4,1,0,0,0,0,0,1,0,3,0,,0,0,0,0,0,17,3.47,-122.24
SP096,soap,2026-03-02,21,179,0.15,152,1,1,9041,471,24,41,16,10,2,14,1,0,0,0,1,0,0,0,13,1,4.0,1,0,0,0,0,18,3.5,-215.95
SP096,soap,2026-03-09,22,179,0.0,179,0,0,6810,295,16,20,8,7,0,8,0,0,0,0,0,0,0,0,8,3,3.67,1,2,0,0,0,21,3.52,216.46
SP096,soap,2026-03-16,23,179,0.0,179,0,0,6301,280,11,13,3,2,0,3,0,0,0,0,0,0,0,0,3,0,,0,0,0,0,0,21,3.52,81.17
SP096,soap,2026-03-23,24,179,0.0,179,0,0,5838,278,19,21,9,5,2,7,1,0,1,0,0,0,0,0,6,2,2.5,0,1,1,0,1,23,3.43,-71.07
SP096,soap,2026-03-30,25,179,0.0,179,0,0,6051,257,11,23,8,2,0,8,0,0,0,0,0,0,0,0,8,0,,0,0,0,0,0,23,3.43,216.46
SP096,soap,2026-04-06,26,179,0.0,179,0,0,5234,198,11,15,8,5,0,8,0,0,0,0,0,0,0,0,8,0,,0,0,0,0,0,23,3.43,216.46
SP096,soap,2026-04-13,27,179,0.0,179,0,0,4973,194,11,14,8,8,2,6,0,0,0,0,0,0,0,0,6,2,4.0,2,0,0,0,0,25,3.48,102.35
SP096,soap,2026-04-20,28,179,0.0,179,0,0,5912,262,9,20,8,4,0,8,1,0,0,1,0,0,0,0,7,2,3.5,1,0,1,1,0,27,3.48,15.99
SP096,soap,2026-04-27,29,179,0.0,179,0,0,5489,263,15,23,7,6,0,7,2,0,1,1,0,0,0,0,5,0,,0,0,0,0,0,27,3.48,-211.55
SP096,soap,2026-05-04,30,179,0.0,179,0,0,5519,250,10,14,5,3,0,5,1,0,0,0,1,0,0,0,4,1,4.0,1,0,0,0,0,28,3.5,-65.19
SP096,soap,2026-05-11,31,179,0.0,179,0,0,6243,269,12,22,9,5,1,8,0,0,0,0,0,0,0,0,8,0,,0,0,0,0,0,28,3.5,186.46
SP096,soap,2026-05-18,32,179,0.0,179,0,0,5669,260,12,17,6,6,0,6,0,0,0,0,0,0,0,0,6,0,,0,0,0,0,0,28,3.5,162.35
SP096,soap,2026-05-25,33,179,0.0,179,0,0,5051,227,13,17,9,4,0,9,0,0,0,0,0,0,0,0,9,2,4.0,2,0,0,0,0,30,3.53,243.52
SP096,soap,2026-06-01,34,179,0.0,179,0,0,5497,279,9,16,8,6,0,8,0,0,0,0,0,0,0,0,8,0,,0,0,0,0,0,30,3.53,216.46
SP096,soap,2026-06-08,35,179,0.0,179,0,0,5265,219,7,23,14,4,0,14,1,0,1,0,0,0,0,0,13,1,5.0,1,0,0,0,0,31,3.58,178.34
SP096,soap,2026-06-15,36,179,0.0,179,0,0,6120,261,14,22,7,3,0,7,0,0,0,0,0,0,0,0,7,1,5.0,1,0,0,0,0,32,3.62,189.41
SP096,soap,2026-06-22,37,179,0.1,161,0,1,9001,482,19,43,19,9,1,18,2,0,1,0,1,0,0,0,16,2,4.0,2,0,0,0,0,34,3.65,-218.19
SP096,soap,2026-06-29,38,179,0.0,179,0,0,6984,337,17,23,7,6,0,7,2,0,1,1,0,0,0,0,5,0,,0,0,0,0,0,34,3.65,-211.55
SP096,soap,2026-07-06,39,179,0.0,179,0,0,6855,332,8,28,7,4,1,6,1,0,0,0,0,0,1,0,5,1,3.0,0,1,0,0,0,35,3.63,-68.13
SP096,soap,2026-07-13,40,179,0.0,179,0,0,6719,341,12,30,11,5,1,10,1,0,1,0,0,0,0,0,9,0,,0,0,0,0,0,35,3.63,40.1
SP096,soap,2026-07-20,41,179,0.0,179,0,0,7171,371,19,31,8,5,0,8,0,0,0,0,0,0,0,0,8,3,4.0,2,1,0,0,0,38,3.66,216.46
SP096,soap,2026-07-27,42,179,0.0,179,0,0,7117,312,14,20,6,2,0,6,0,0,0,0,0,0,0,0,6,0,,0,0,0,0,0,38,3.66,162.35
SP096,soap,2026-08-03,43,179,0.0,179,0,0,4872,216,6,19,6,1,0,6,1,0,0,1,0,0,0,0,5,0,,0,0,0,0,0,38,3.66,-38.13
SP096,soap,2026-08-10,44,179,0.0,179,0,0,6378,309,14,28,11,6,2,9,1,0,0,1,0,0,0,0,8,0,,0,0,0,0,0,38,3.66,-16.95
SP096,soap,2026-08-17,45,179,0.0,179,0,0,5653,277,6,20,7,4,1,6,0,0,0,0,0,0,0,0,6,0,,0,0,0,0,0,38,3.66,132.35
SP096,soap,2026-08-24,46,179,0.0,179,1,0,8228,418,18,36,13,7,0,13,0,0,0,0,0,0,0,0,13,6,3.83,5,1,0,0,0,44,3.68,351.75
SP096,soap,2026-08-31,47,179,0.0,179,0,0,5491,268,13,22,7,4,0,7,1,0,0,1,0,0,0,0,6,0,,0,0,0,0,0,44,3.68,-11.07
SP096,soap,2026-09-07,48,179,0.0,179,0,0,7848,382,14,36,15,12,0,15,0,0,0,0,0,0,0,0,15,1,3.0,0,1,0,0,0,45,3.67,405.87
SP096,soap,2026-09-14,49,179,0.0,179,0,0,9059,457,19,35,10,5,0,10,1,0,1,0,0,0,0,0,9,1,4.0,1,0,0,0,0,46,3.67,70.1
SP096,soap,2026-09-21,50,179,0.2,143,0,1,11931,726,37,70,33,13,1,32,4,0,0,3,1,0,0,0,28,6,3.5,3,3,0,0,0,52,3.65,-926.05
SP097,soap,2026-01-05,1,159,0.0,159,0,0,10608,334,15,26,9,7,2,7,1,0,1,0,0,0,0,0,6,1,3.0,0,1,0,0,0,1,3.0,-53.53
SP097,soap,2026-01-12,2,159,0.0,159,0,1,12470,322,9,21,6,4,0,6,1,0,0,0,0,1,0,0,5,1,5.0,1,0,0,0,0,2,4.0,-20.37
SP097,soap,2026-01-19,3,159,0.0,159,0,0,5636,185,5,9,3,3,0,3,0,0,0,0,0,0,0,0,3,1,4.0,1,0,0,0,0,3,4.0,80.53
SP097,soap,2026-01-26,4,159,0.0,159,0,0,5864,198,5,13,6,4,0,6,3,0,0,1,0,0,2,0,3,1,2.0,0,0,1,0,1,4,3.5,-383.23
SP097,soap,2026-02-02,5,159,0.0,159,0,0,5607,137,10,8,3,3,0,3,0,0,0,0,0,0,0,0,3,1,4.0,1,0,0,0,0,5,3.6,80.53
SP097,soap,2026-02-09,6,159,0.0,159,0,0,3655,126,2,4,2,0,0,2,2,0,1,1,0,0,0,0,0,0,,0,0,0,0,0,5,3.6,-309.17
SP097,soap,2026-02-16,7,159,0.0,159,0,0,5077,155,5,8,3,3,0,3,0,0,0,0,0,0,0,0,3,1,3.0,0,1,0,0,0,6,3.5,80.53
SP097,soap,2026-02-23,8,159,0.0,159,0,0,3646,97,2,3,1,1,0,1,0,0,0,0,0,0,0,0,1,0,,0,0,0,0,0,6,3.5,26.84
SP097,soap,2026-03-02,9,159,0.1,143,1,1,7046,244,12,14,4,3,0,4,1,0,1,0,0,0,0,0,3,0,,0,0,0,0,0,6,3.5,-119.77
SP097,soap,2026-03-09,10,159,0.0,159,0,0,4438,104,1,7,4,3,0,4,0,0,0,0,0,0,0,0,4,1,3.0,0,1,0,0,0,7,3.43,107.37
SP097,soap,2026-03-16,11,159,0.0,159,0,0,3678,111,2,4,0,0,0,0,0,0,0,0,0,0,0,0,0,0,,0,0,0,0,0,7,3.43,0.0
SP097,soap,2026-03-23,12,159,0.0,159,0,0,4498,104,3,3,2,1,0,2,1,0,0,0,1,0,0,0,1,1,1.0,0,0,1,0,1,8,3.12,-127.74
SP097,soap,2026-03-30,13,159,0.0,159,0,0,3755,105,4,8,3,3,0,3,0,0,0,0,0,0,0,0,3,0,,0,0,0,0,0,8,3.12,80.53
SP097,soap,2026-04-06,14,159,0.0,159,0,0,4435,99,1,8,4,3,1,3,0,0,0,0,0,0,0,0,3,0,,0,0,0,0,0,8,3.12,50.53
SP097,soap,2026-04-13,15,159,0.0,159,0,0,3756,87,3,6,1,1,0,1,0,0,0,0,0,0,0,0,1,0,,0,0,0,0,0,8,3.12,26.84
SP097,soap,2026-04-20,16,159,0.0,159,0,0,3292,79,2,5,0,0,0,0,0,0,0,0,0,0,0,0,0,0,,0,0,0,0,0,8,3.12,0.0
SP097,soap,2026-04-27,17,159,0.0,159,0,0,2945,82,1,4,1,0,0,1,0,0,0,0,0,0,0,0,1,0,,0,0,0,0,0,8,3.12,26.84
SP097,soap,2026-05-04,18,159,0.0,159,0,0,2974,73,2,4,1,1,0,1,0,0,0,0,0,0,0,0,1,0,,0,0,0,0,0,8,3.12,26.84
SP097,soap,2026-05-11,19,159,0.0,159,0,0,3050,80,3,4,0,0,0,0,0,0,0,0,0,0,0,0,0,0,,0,0,0,0,0,8,3.12,0.0
SP097,soap,2026-05-18,20,159,0.0,159,0,0,1949,59,1,2,2,2,0,2,0,0,0,0,0,0,0,0,2,0,,0,0,0,0,0,8,3.12,53.69
SP097,soap,2026-05-25,21,159,0.0,159,0,0,3356,95,5,5,1,0,0,1,0,0,0,0,0,0,0,0,1,0,,0,0,0,0,0,8,3.12,26.84
SP097,soap,2026-06-01,22,159,0.0,159,0,0,2920,75,2,1,0,0,0,0,0,0,0,0,0,0,0,0,0,0,,0,0,0,0,0,8,3.12,0.0
SP097,soap,2026-06-08,23,159,0.0,159,0,0,2543,75,2,2,0,0,0,0,0,0,0,0,0,0,0,0,0,0,,0,0,0,0,0,8,3.12,0.0
SP097,soap,2026-06-15,24,159,0.0,159,0,0,2451,67,3,3,1,1,1,0,0,0,0,0,0,0,0,0,0,0,,0,0,0,0,0,8,3.12,-30.0
SP097,soap,2026-06-22,25,159,0.15,135,0,1,2711,79,4,7,5,5,1,4,0,0,0,0,0,0,0,0,4,1,3.0,0,1,0,0,0,9,3.11,-14.06
SP097,soap,2026-06-29,26,159,0.0,159,0,0,3866,94,5,8,3,3,1,2,0,0,0,0,0,0,0,0,2,0,,0,0,0,0,0,9,3.11,23.69
SP097,soap,2026-07-06,27,159,0.0,159,0,0,3883,107,7,8,3,1,0,3,0,0,0,0,0,0,0,0,3,1,3.0,0,1,0,0,0,10,3.1,80.53
SP097,soap,2026-07-13,28,159,0.0,159,0,0,4330,122,5,9,1,1,0,1,0,0,0,0,0,0,0,0,1,0,,0,0,0,0,0,10,3.1,26.84
SP097,soap,2026-07-20,29,159,0.0,159,0,0,3407,82,2,3,2,1,0,2,0,0,0,0,0,0,0,0,2,0,,0,0,0,0,0,10,3.1,53.69
SP097,soap,2026-07-27,30,159,0.0,159,0,0,2780,71,3,2,1,0,0,1,0,0,0,0,0,0,0,0,1,0,,0,0,0,0,0,10,3.1,26.84
SP097,soap,2026-08-03,31,159,0.0,159,0,0,3714,95,3,9,4,3,0,4,1,0,0,0,0,0,1,0,3,1,1.0,0,0,1,1,0,11,2.91,-74.06
SP097,soap,2026-08-10,32,159,0.0,159,0,0,3514,87,2,8,4,4,1,3,1,0,0,1,0,0,0,0,2,0,,0,0,0,0,0,11,2.91,-130.9
SP097,soap,2026-08-17,33,159,0.0,159,0,0,3193,63,4,5,3,3,0,3,1,0,1,0,0,0,0,0,2,1,4.0,1,0,0,0,0,12,3.0,-100.9
SP097,soap,2026-08-24,34,159,0.0,159,1,0,4304,110,3,9,3,3,1,2,0,0,0,0,0,0,0,0,2,0,,0,0,0,0,0,12,3.0,23.69
SP097,soap,2026-08-31,35,159,0.0,159,0,0,3252,95,7,6,1,1,0,1,0,0,0,0,0,0,0,0,1,0,,0,0,0,0,0,12,3.0,26.84
SP097,soap,2026-09-07,36,159,0.0,159,0,0,3529,76,4,3,1,1,0,1,0,0,0,0,0,0,0,0,1,0,,0,0,0,0,0,12,3.0,26.84
SP097,soap,2026-09-14,37,159,0.0,159,0,0,3267,84,4,4,1,1,0,1,0,0,0,0,0,0,0,0,1,0,,0,0,0,0,0,12,3.0,26.84
SP097,soap,2026-09-21,38,159,0.1,143,0,1,4221,116,6,7,2,2,1,1,0,0,0,0,0,0,0,0,1,1,4.0,1,0,0,0,0,13,3.08,-18.4
SP098,soap,2026-01-05,1,209,0.0,209,0,0,11126,380,24,35,8,7,0,8,1,0,1,0,0,0,0,0,7,0,,0,0,0,0,0,0,,102.03
SP098,soap,2026-01-12,2,209,0.2,167,0,1,9012,429,33,51,25,19,3,22,0,0,0,0,0,0,0,0,22,3,4.33,3,0,0,0,0,3,4.33,-59.55
SP098,soap,2026-01-19,3,209,0.0,209,0,0,9625,426,29,35,13,11,0,13,2,0,0,1,0,0,1,0,11,0,,0,0,0,0,0,3,4.33,79.9
SP098,soap,2026-01-26,4,209,0.0,209,0,0,9073,395,26,49,17,14,1,16,0,0,0,0,0,0,0,0,16,2,4.0,2,0,0,0,0,5,4.2,632.15
SP098,soap,2026-02-02,5,209,0.0,209,0,0,8578,333,26,31,9,6,1,8,0,0,0,0,0,0,0,0,8,1,5.0,1,0,0,0,0,6,4.33,301.07
SP098,soap,2026-02-09,6,209,0.0,209,0,0,7607,334,18,36,7,4,0,7,0,0,0,0,0,0,0,0,7,0,,0,0,0,0,0,6,4.33,289.69
SP098,soap,2026-02-16,7,209,0.0,209,0,0,6504,304,17,31,10,7,0,10,2,0,0,1,1,0,0,0,8,1,5.0,1,0,0,0,0,7,4.43,-44.25
SP098,soap,2026-02-23,8,209,0.0,209,0,0,7861,330,21,28,8,6,1,7,0,0,0,0,0,0,0,0,7,0,,0,0,0,0,0,7,4.43,259.69
SP098,soap,2026-03-02,9,209,0.0,209,1,1,10172,452,26,48,23,17,4,19,0,0,0,0,0,0,0,0,19,5,4.2,5,0,0,0,0,12,4.33,666.3
SP098,soap,2026-03-09,10,209,0.0,209,0,0,9005,400,26,49,16,13,3,13,0,0,0,0,0,0,0,0,13,0,,0,0,0,0,0,12,4.33,447.99
SP098,soap,2026-03-16,11,209,0.0,209,0,0,7316,361,23,30,11,8,0,11,1,0,0,0,0,1,0,0,10,1,5.0,1,0,0,0,0,13,4.38,226.18
SP098,soap,2026-03-23,12,209,0.0,209,0,0,7870,340,20,35,9,7,1,8,0,0,0,0,0,0,0,0,8,0,,0,0,0,0,0,13,4.38,301.07
SP098,soap,2026-03-30,13,209,0.0,209,0,0,6750,324,21,45,21,18,6,15,0,0,0,0,0,0,0,0,15,3,3.67,2,1,0,0,0,16,4.25,440.76
SP098,soap,2026-04-06,14,209,0.0,209,0,0,7677,364,17,46,20,17,3,17,0,0,0,0,0,0,0,0,17,3,4.67,3,0,0,0,0,19,4.32,613.53
SP098,soap,2026-04-13,15,209,0.0,209,0,0,6652,307,25,36,8,5,1,7,0,0,0,0,0,0,0,0,7,3,4.33,3,0,0,0,0,22,4.32,259.69
SP098,soap,2026-04-20,16,209,0.0,209,0,0,8128,375,29,39,12,11,4,8,0,0,0,0,0,0,0,0,8,0,,0,0,0,0,0,22,4.32,211.07
SP098,soap,2026-04-27,17,209,0.0,209,0,0,9177,434,19,44,16,14,2,14,2,0,2,0,0,0,0,0,12,0,,0,0,0,0,0,22,4.32,61.28
SP098,soap,2026-05-04,18,209,0.0,209,0,0,6966,347,19,40,16,14,1,15,1,0,0,0,1,0,0,0,14,2,5.0,2,0,0,0,0,24,4.38,361.71
SP098,soap,2026-05-11,19,209,0.0,209,0,0,8171,402,32,39,17,14,1,16,1,0,0,0,1,0,0,0,15,1,5.0,1,0,0,0,0,25,4.4,403.1
SP098,soap,2026-05-18,20,209,0.0,209,0,0,7790,408,23,39,11,10,0,11,1,0,1,0,0,0,0,0,10,0,,0,0,0,0,0,25,4.4,226.18
SP098,soap,2026-05-25,21,209,0.0,209,0,0,9258,419,23,37,10,9,1,9,0,0,0,0,0,0,0,0,9,2,5.0,2,0,0,0,0,27,4.44,342.46
SP098,soap,2026-06-01,22,209,0.0,209,0,0,8789,464,30,58,20,17,3,17,2,0,1,0,1,0,0,0,15,3,4.0,2,1,0,0,0,30,4.4,155.43
SP098,soap,2026-06-08,23,209,0.0,209,0,0,8173,392,25,42,13,9,1,12,0,0,0,0,0,0,0,0,12,2,4.0,1,1,0,0,0,32,4.38,466.61
SP098,soap,2026-06-15,24,209,0.0,209,0,0,7534,357,31,36,9,5,0,9,1,0,1,0,0,0,0,0,8,1,3.0,0,1,0,0,0,33,4.33,143.41
SP098,soap,2026-06-22,25,209,0.1,188,0,1,9659,526,33,79,31,29,5,26,2,0,0,1,1,0,0,0,24,6,3.83,3,3,0,0,0,39,4.26,-12.11
SP098,soap,2026-06-29,26,209,0.0,209,0,0,11702,553,32,55,21,19,1,20,0,0,0,0,0,0,0,0,20,1,5.0,1,0,0,0,0,40,4.28,797.68
SP098,soap,2026-07-06,27,209,0.0,209,0,0,9364,449,21,56,21,17,4,17,1,0,0,0,1,0,0,0,16,4,4.25,4,0,0,0,0,44,4.27,354.48
SP098,soap,2026-07-13,28,209,0.0,209,0,0,10678,537,34,63,23,20,7,16,1,0,1,0,0,0,0,0,15,1,5.0,1,0,0,0,0,45,4.29,223.1
SP098,soap,2026-07-20,29,209,0.0,209,0,0,9088,418,19,45,18,12,0,18,1,0,0,0,1,0,0,0,17,5,4.4,5,0,0,0,0,50,4.3,515.87
SP098,soap,2026-07-27,30,209,0.0,209,0,0,10792,521,30,72,18,17,3,15,1,0,0,0,0,0,1,0,14,0,,0,0,0,0,0,50,4.3,301.71
SP098,soap,2026-08-03,31,209,0.0,209,0,0,10707,558,39,68,34,28,2,32,1,0,1,0,0,0,0,0,31,3,4.0,3,0,0,0,0,53,4.28,1035.24
SP098,soap,2026-08-10,32,209,0.0,209,0,0,12046,582,40,55,21,17,6,15,0,0,0,0,0,0,0,0,15,5,3.8,3,2,0,0,0,58,4.24,440.76
SP098,soap,2026-08-17,33,209,0.0,209,0,0,10297,491,27,54,16,14,1,15,0,0,0,0,0,0,0,0,15,2,5.0,2,0,0,0,0,60,4.27,590.76
SP098,soap,2026-08-24,34,209,0.0,209,1,0,14368,726,52,68,27,22,4,23,2,0,0,0,1,1,0,0,21,1,5.0,1,0,0,0,0,61,4.28,373.74
SP098,soap,2026-08-31,35,209,0.0,209,0,0,8857,441,19,49,16,16,2,14,2,0,1,0,0,1,0,0,12,1,5.0,1,0,0,0,0,62,4.29,61.28
SP098,soap,2026-09-07,36,209,0.0,209,0,0,14710,733,49,81,34,27,2,32,0,0,0,0,0,0,0,0,32,4,4.75,4,0,0,0,0,66,4.32,1264.29
SP098,soap,2026-09-14,37,209,0.0,209,0,0,8523,448,23,51,20,18,2,18,1,0,0,0,1,0,0,0,17,4,4.25,3,1,0,0,0,70,4.31,455.87
SP098,soap,2026-09-21,38,209,0.15,178,0,1,15623,925,65,127,46,41,5,41,4,0,0,1,3,0,0,0,37,9,3.78,6,1,2,0,2,79,4.25,-461.82
SP099,soap,2025-12-15,1,159,0.0,159,0,0,8822,192,4,11,8,5,2,6,0,0,0,0,0,0,0,0,6,1,3.0,0,1,0,0,0,1,3.0,256.21
SP099,soap,2025-12-22,2,159,0.0,159,0,0,8091,150,5,6,1,1,0,1,0,0,0,0,0,0,0,0,1,1,2.0,0,0,1,1,0,2,2.5,52.7
SP099,soap,2025-12-29,3,159,0.0,159,0,0,6696,111,6,8,2,2,0,2,0,0,0,0,0,0,0,0,2,0,,0,0,0,0,0,2,2.5,105.4
SP099,soap,2026-01-05,4,159,0.0,159,0,0,4412,63,4,1,1,1,0,1,1,0,0,1,0,0,0,0,0,0,,0,0,0,0,0,2,2.5,-128.73
SP099,soap,2026-01-12,5,159,0.0,159,0,1,5194,86,2,2,0,0,0,0,0,0,0,0,0,0,0,0,0,0,,0,0,0,0,0,2,2.5,0.0
SP099,soap,2026-01-19,6,159,0.0,159,0,0,2482,43,2,2,0,0,0,0,0,0,0,0,0,0,0,0,0,0,,0,0,0,0,0,2,2.5,0.0
SP100,soap,2026-06-01,1,159,0.0,159,0,0,8266,302,11,23,4,2,1,3,1,0,1,0,0,0,0,0,2,0,,0,0,0,0,0,0,,-111.47
SP100,soap,2026-06-08,2,159,0.0,159,0,0,6516,212,11,16,7,5,1,6,0,0,0,0,0,0,0,0,6,0,,0,0,0,0,0,0,,169.92
SP100,soap,2026-06-15,3,159,0.0,159,0,0,5193,190,5,13,3,3,1,2,0,0,0,0,0,0,0,0,2,0,,0,0,0,0,0,0,,36.64
SP100,soap,2026-06-22,4,159,0.2,127,0,1,4081,155,3,13,6,6,0,6,1,0,1,0,0,0,0,0,5,4,3.0,2,0,2,0,2,4,3.0,-133.89
SP100,soap,2026-06-29,5,159,0.0,159,0,0,2968,96,4,6,4,4,0,4,0,0,0,0,0,0,0,0,4,0,,0,0,0,0,0,4,3.0,133.28
SP100,soap,2026-07-06,6,159,0.0,159,0,0,5125,115,2,9,4,3,1,3,0,0,0,0,0,0,0,0,3,0,,0,0,0,0,0,4,3.0,69.96
SP100,soap,2026-07-13,7,159,0.0,159,0,0,2823,71,4,3,3,1,0,3,1,0,1,0,0,0,0,0,2,0,,0,0,0,0,0,4,3.0,-81.47
SP100,soap,2026-07-20,8,159,0.0,159,0,0,4305,101,2,8,3,2,0,3,1,0,0,1,0,0,0,0,2,0,,0,0,0,0,0,4,3.0,-81.47
SP100,soap,2026-07-27,9,159,0.0,159,0,0,3926,109,5,9,5,4,0,5,1,0,1,0,0,0,0,0,4,0,,0,0,0,0,0,4,3.0,-14.83
SP100,soap,2026-08-03,10,159,0.0,159,0,0,4851,132,5,8,4,3,0,4,1,0,0,0,1,0,0,0,3,0,,0,0,0,0,0,4,3.0,-48.15
SP100,soap,2026-08-10,11,159,0.0,159,0,0,4271,106,2,7,3,1,0,3,0,0,0,0,0,0,0,0,3,1,4.0,1,0,0,0,0,5,3.2,99.96
SP100,soap,2026-08-17,12,159,0.0,159,0,0,4028,92,2,4,1,1,0,1,0,0,0,0,0,0,0,0,1,0,,0,0,0,0,0,5,3.2,33.32
SP100,soap,2026-08-24,13,159,0.0,159,1,0,3182,96,1,8,1,1,0,1,0,0,0,0,0,0,0,0,1,0,,0,0,0,0,0,5,3.2,33.32
SP100,soap,2026-08-31,14,159,0.0,159,0,0,3159,99,5,9,3,1,0,3,1,0,0,0,1,0,0,0,2,0,,0,0,0,0,0,5,3.2,-81.47
SP100,soap,2026-09-07,15,159,0.0,159,0,0,3993,108,6,4,1,1,0,1,1,0,0,1,0,0,0,0,0,0,,0,0,0,0,0,5,3.2,-148.11
SP100,soap,2026-09-14,16,159,0.0,159,0,0,3723,93,1,5,2,1,1,1,0,0,0,0,0,0,0,0,1,1,4.0,1,0,0,0,0,6,3.33,3.32
SP100,soap,2026-09-21,17,159,0.1,143,0,1,5526,195,5,16,9,5,2,7,1,0,1,0,0,0,0,0,6,2,4.0,1,1,0,0,0,8,3.5,-99.61
SP101,soap,2026-02-02,1,209,0.0,209,0,0,8034,132,7,4,0,0,0,0,0,0,0,0,0,0,0,0,0,0,,0,0,0,0,0,0,,0.0
SP101,soap,2026-02-09,2,209,0.0,209,0,0,4436,82,1,4,3,1,0,3,0,0,0,0,0,0,0,0,3,0,,0,0,0,0,0,0,,259.99
SP101,soap,2026-02-16,3,209,0.0,209,0,0,3644,52,1,1,0,0,0,0,0,0,0,0,0,0,0,0,0,0,,0,0,0,0,0,0,,0.0
SP101,soap,2026-02-23,4,209,0.0,209,0,0,4857,63,2,2,1,0,0,1,0,0,0,0,0,0,0,0,1,0,,0,0,0,0,0,0,,86.66
SP101,soap,2026-03-02,5,179,0.15,152,1,1,3524,81,1,5,1,1,0,1,0,0,0,0,0,0,0,0,1,0,,0,0,0,0,0,0,,32.38
SP101,soap,2026-03-09,6,179,0.0,179,0,0,2709,63,4,1,0,0,0,0,0,0,0,0,0,0,0,0,0,0,,0,0,0,0,0,0,,0.0
SP101,soap,2026-03-16,7,179,0.0,179,0,0,2703,59,1,1,0,0,0,0,0,0,0,0,0,0,0,0,0,0,,0,0,0,0,0,0,,0.0
SP102,soap,2025-10-20,1,179,0.0,179,1,0,12305,300,9,22,4,1,0,4,0,0,0,0,0,0,0,0,4,1,4.0,1,0,0,0,0,1,4.0,192.17
SP102,soap,2025-10-27,2,179,0.0,179,0,0,7201,216,6,13,3,2,0,3,0,0,0,0,0,0,0,0,3,0,,0,0,0,0,0,1,4.0,144.13
SP102,soap,2025-11-03,3,179,0.0,179,0,0,5777,137,11,7,2,1,0,2,0,0,0,0,0,0,0,0,2,0,,0,0,0,0,0,1,4.0,96.09
SP102,soap,2025-11-10,4,179,0.0,179,0,0,5779,120,5,13,6,5,0,6,0,0,0,0,0,0,0,0,6,0,,0,0,0,0,0,1,4.0,288.26
SP102,soap,2025-11-17,5,179,0.0,179,0,0,3923,114,2,16,2,2,0,2,0,0,0,0,0,0,0,0,2,1,4.0,1,0,0,0,0,2,4.0,96.09
SP102,soap,2025-11-24,6,179,0.0,179,0,0,4380,98,5,6,1,1,1,0,0,0,0,0,0,0,0,0,0,0,,0,0,0,0,0,2,4.0,-30.0
SP102,soap,2025-12-01,7,179,0.0,179,0,0,5149,145,8,6,4,0,0,4,0,0,0,0,0,0,0,0,4,0,,0,0,0,0,0,2,4.0,192.17
SP102,soap,2025-12-08,8,179,0.0,179,0,0,4618,137,7,11,4,3,1,3,0,0,0,0,0,0,0,0,3,0,,0,0,0,0,0,2,4.0,114.13
SP102,soap,2025-12-15,9,179,0.0,179,0,0,3678,94,2,9,1,1,0,1,0,0,0,0,0,0,0,0,1,0,,0,0,0,0,0,2,4.0,48.04
SP102,soap,2025-12-22,10,179,0.0,179,0,0,4383,123,3,8,0,0,0,0,0,0,0,0,0,0,0,0,0,0,,0,0,0,0,0,2,4.0,0.0
SP102,soap,2025-12-29,11,179,0.0,179,0,0,3758,127,3,12,5,5,2,3,1,0,0,0,1,0,0,0,2,1,3.0,0,1,0,0,0,3,3.67,-116.35
SP102,soap,2026-01-05,12,179,0.0,179,0,0,5141,112,6,4,3,2,0,3,0,0,0,0,0,0,0,0,3,0,,0,0,0,0,0,3,3.67,144.13
SP102,soap,2026-01-12,13,179,0.2,143,0,1,6529,183,6,12,6,3,0,6,0,0,0,0,0,0,0,0,6,1,3.0,0,1,0,0,0,4,3.5,82.54
SP102,soap,2026-01-19,14,179,0.0,179,0,0,3933,89,5,5,1,1,0,1,0,0,0,0,0,0,0,0,1,1,4.0,1,0,0,0,0,5,3.6,48.04
SP102,soap,2026-01-26,15,179,0.0,179,0,0,4483,111,9,9,3,2,0,3,0,0,0,0,0,0,0,0,3,1,3.0,0,1,0,0,0,6,3.5,144.13
SP102,soap,2026-02-02,16,179,0.0,179,0,0,4831,106,5,5,1,1,0,1,0,0,0,0,0,0,0,0,1,1,4.0,1,0,0,0,0,7,3.57,48.04
SP102,soap,2026-02-09,17,179,0.0,179,0,0,3335,69,1,4,1,0,0,1,0,0,0,0,0,0,0,0,1,1,3.0,0,1,0,0,0,8,3.5,48.04
SP102,soap,2026-02-16,18,179,0.0,179,0,0,3397,81,7,3,0,0,0,0,0,0,0,0,0,0,0,0,0,0,,0,0,0,0,0,8,3.5,0.0
SP103,soap,2025-12-15,1,179,0.0,179,0,0,8486,330,13,24,14,10,1,13,0,0,0,0,0,0,0,0,13,1,5.0,1,0,0,0,0,1,5.0,314.54
SP103,soap,2025-12-22,2,179,0.0,179,0,0,13018,739,31,74,30,20,1,29,1,0,0,1,0,0,0,0,28,5,4.4,5,0,0,0,0,6,4.5,538.11
SP103,soap,2025-12-29,3,179,0.0,179,0,0,13492,683,37,67,25,16,5,20,0,0,0,0,0,0,0,0,20,3,4.0,3,0,0,0,0,9,4.33,380.06
SP103,soap,2026-01-05,4,179,0.0,179,0,0,12301,594,36,70,22,13,0,22,1,0,1,0,0,0,0,0,21,2,3.5,1,1,0,0,0,11,4.18,382.59
SP103,soap,2026-01-12,5,179,0.0,179,0,1,13147,628,42,63,25,18,3,22,0,0,0,0,0,0,0,0,22,3,4.33,3,0,0,0,0,14,4.21,493.07
SP103,soap,2026-01-19,6,179,0.0,179,0,0,10368,516,23,39,20,12,1,19,0,0,0,0,0,0,0,0,19,2,4.0,2,0,0,0,0,16,4.19,473.56
SP103,soap,2026-01-26,7,179,0.0,179,0,0,9392,424,24,41,16,10,1,15,2,0,1,0,1,0,0,0,13,4,3.75,3,1,0,0,0,20,4.1,-33.41
SP103,soap,2026-02-02,8,179,0.0,179,0,0,8470,429,25,44,18,9,2,16,1,0,1,0,0,0,0,0,15,5,4.4,4,1,0,0,0,25,4.16,163.57
SP103,soap,2026-02-09,9,179,0.0,179,0,0,8153,407,19,29,13,10,1,12,0,0,0,0,0,0,0,0,12,0,,0,0,0,0,0,25,4.16,288.04
SP103,soap,2026-02-16,10,179,0.0,179,0,0,11142,546,30,53,21,9,2,19,1,0,0,0,1,0,0,0,18,4,3.5,3,0,1,1,0,29,4.07,243.08
SP103,soap,2026-02-23,11,179,0.0,179,0,0,11625,568,31,67,27,15,2,25,3,0,1,1,0,1,0,0,22,1,5.0,1,0,0,0,0,30,4.1,1.15
SP103,soap,2026-03-02,12,179,0.15,152,1,1,13913,756,42,88,43,30,2,41,2,0,1,0,0,0,1,0,39,8,4.25,7,1,0,0,0,38,4.13,-377.19
SP103,soap,2026-03-09,13,179,0.0,179,0,0,11518,560,34,57,23,11,0,23,2,0,1,0,1,0,0,0,21,4,4.0,3,1,0,0,0,42,4.12,208.62
SP103,soap,2026-03-16,14,179,0.0,179,0,0,9450,449,33,51,25,16,3,22,3,0,1,1,0,0,1,0,19,4,3.5,2,2,0,0,0,46,4.07,-108.36
SP103,soap,2026-03-23,15,179,0.0,179,0,0,9009,429,17,49,15,5,2,13,0,0,0,0,0,0,0,0,13,3,4.33,2,1,0,0,0,49,4.08,284.54
SP103,soap,2026-03-30,16,179,0.0,179,0,0,10237,507,26,37,17,9,2,15,0,0,0,0,0,0,0,0,15,1,5.0,1,0,0,0,0,50,4.1,337.55
SP103,soap,2026-04-06,17,179,0.0,179,0,0,9249,482,26,47,16,8,2,14,0,0,0,0,0,0,0,0,14,6,3.67,4,2,0,0,0,56,4.05,311.04
SP103,soap,2026-04-13,18,179,0.0,179,0,0,10656,538,24,62,20,12,2,18,2,0,1,0,1,0,0,0,16,5,2.8,1,2,2,0,2,61,3.95,16.1
SP103,soap,2026-04-20,19,179,0.0,179,0,0,7763,356,19,39,13,7,2,11,0,0,0,0,0,0,0,0,11,2,3.0,0,2,0,0,0,63,3.92,231.53
SP103,soap,2026-04-27,20,179,0.0,179,0,0,6827,314,14,20,5,2,0,5,1,0,1,0,0,0,0,0,4,1,2.0,0,0,1,1,0,64,3.89,-67.96
SP103,soap,2026-05-04,21,179,0.0,179,0,0,4972,209,5,24,7,4,1,6,0,0,0,0,0,0,0,0,6,0,,0,0,0,0,0,64,3.89,129.02
SP103,soap,2026-05-11,22,179,0.0,179,0,0,6220,281,18,33,14,9,1,13,1,0,0,0,1,0,0,0,12,2,5.0,2,0,0,0,0,66,3.92,114.06
SP103,soap,2026-05-18,23,179,0.0,179,0,0,6552,339,13,38,11,6,0,11,1,0,0,0,1,0,0,0,10,1,3.0,0,1,0,0,0,67,3.91,91.06
SP103,soap,2026-05-25,24,179,0.0,179,0,0,9327,432,27,47,19,13,3,16,1,0,0,0,1,0,0,0,15,2,4.0,1,1,0,0,0,69,3.91,133.57
SP103,soap,2026-06-01,25,179,0.0,179,0,0,8200,348,7,35,11,5,1,10,0,0,0,0,0,0,0,0,10,4,3.75,3,0,1,1,0,73,3.9,235.03
SP103,soap,2026-06-08,26,179,0.0,179,0,0,6796,318,15,28,8,5,3,5,1,0,0,1,0,0,0,0,4,1,3.0,0,1,0,0,0,74,3.89,-157.96
SP103,soap,2026-06-15,27,179,0.0,179,0,0,6893,310,14,28,12,6,1,11,1,0,1,0,0,0,0,0,10,1,4.0,1,0,0,0,0,75,3.89,61.06
SP103,soap,2026-06-22,28,179,0.0,179,0,1,12051,583,32,54,18,12,2,16,1,0,1,0,0,0,0,0,15,2,3.5,1,0,1,0,1,77,3.88,163.57
SP103,soap,2026-06-29,29,179,0.0,179,0,0,6729,315,14,29,9,5,1,8,3,0,0,2,1,0,0,0,5,1,4.0,1,0,0,0,0,78,3.88,-419.4
SP103,soap,2026-07-06,30,179,0.0,179,0,0,7335,351,17,32,15,9,1,14,1,0,0,1,0,0,0,0,13,0,,0,0,0,0,0,78,3.88,140.57
SP103,soap,2026-07-13,31,179,0.0,179,0,0,8503,424,21,52,18,10,1,17,1,0,0,1,0,0,0,0,16,7,4.43,7,0,0,0,0,85,3.93,220.08
SP103,soap,2026-07-20,32,179,0.0,179,0,0,5238,267,19,26,11,6,0,11,2,0,1,0,0,0,1,0,9,3,3.67,2,0,1,0,1,88,3.92,-109.42
SP103,soap,2026-07-27,33,179,0.0,179,0,0,10791,502,25,53,17,6,0,17,1,0,0,1,0,0,0,0,16,0,,0,0,0,0,0,88,3.92,250.08
SP103,soap,2026-08-03,34,179,0.0,179,0,0,8757,376,19,36,13,8,2,11,0,0,0,0,0,0,0,0,11,1,4.0,1,0,0,0,0,89,3.92,231.53
SP103,soap,2026-08-10,35,179,0.0,179,0,0,9429,439,18,44,21,15,1,20,0,0,0,0,0,0,0,0,20,7,3.86,5,2,0,0,0,96,3.92,500.06
SP103,soap,2026-08-17,36,179,0.0,179,0,0,9786,457,20,50,22,16,4,18,1,0,0,0,0,0,1,0,17,1,3.0,0,1,0,0,0,97,3.91,156.58
SP103,soap,2026-08-24,37,179,0.0,179,1,0,11565,527,14,58,17,14,3,14,0,0,0,0,0,0,0,0,14,4,4.0,3,1,0,0,0,101,3.91,281.04
SP103,soap,2026-08-31,38,179,0.0,179,0,0,8787,384,22,37,10,5,2,8,0,0,0,0,0,0,0,0,8,0,,0,0,0,0,0,101,3.91,152.02
SP103,soap,2026-09-07,39,179,0.0,179,0,0,9273,442,22,39,16,12,0,16,0,0,0,0,0,0,0,0,16,2,3.5,1,1,0,0,0,103,3.9,424.05
SP103,soap,2026-09-14,40,189,0.0,189,0,0,10979,508,29,50,18,11,1,17,2,0,1,1,0,0,0,0,15,1,5.0,1,0,0,0,0,104,3.91,162.46
SP103,soap,2026-09-21,41,189,0.0,189,0,1,10509,494,32,51,20,14,0,20,0,0,0,0,0,0,0,0,20,1,5.0,1,0,0,0,0,105,3.92,720.54
SP104,soap,2026-06-15,1,219,0.0,219,0,0,7746,226,8,9,2,2,0,2,0,0,0,0,0,0,0,0,2,0,,0,0,0,0,0,0,,129.03
SP104,soap,2026-06-22,2,219,0.0,219,0,1,5845,148,4,7,3,3,0,3,0,0,0,0,0,0,0,0,3,1,3.0,0,1,0,0,0,1,3.0,193.55
SP104,soap,2026-06-29,3,219,0.0,219,0,0,2973,62,3,2,0,0,0,0,0,0,0,0,0,0,0,0,0,0,,0,0,0,0,0,1,3.0,0.0
SP104,soap,2026-07-06,4,219,0.0,219,0,0,3342,70,6,3,0,0,0,0,0,0,0,0,0,0,0,0,0,0,,0,0,0,0,0,1,3.0,0.0
SP104,soap,2026-07-13,5,219,0.0,219,0,0,2498,55,1,4,2,2,0,2,0,0,0,0,0,0,0,0,2,1,3.0,0,1,0,0,0,2,3.0,129.03
SP104,soap,2026-07-20,6,219,0.0,219,0,0,3138,64,2,2,1,1,0,1,0,0,0,0,0,0,0,0,1,0,,0,0,0,0,0,2,3.0,64.52
SP105,soap,2026-05-25,1,179,0.0,179,0,0,6059,221,6,16,6,5,0,6,0,0,0,0,0,0,0,0,6,0,,0,0,0,0,0,0,,541.5
SP105,soap,2026-06-01,2,179,0.0,179,0,0,8769,327,11,16,7,3,0,7,0,0,0,0,0,0,0,0,7,1,4.0,1,0,0,0,0,1,4.0,631.75
SP105,soap,2026-06-08,3,179,0.0,179,0,0,4230,153,3,10,2,2,0,2,0,0,0,0,0,0,0,0,2,0,,0,0,0,0,0,1,4.0,180.5
SP105,soap,2026-06-15,4,179,0.0,179,0,0,4503,167,4,8,5,1,0,5,1,0,0,0,1,0,0,0,4,1,3.0,0,1,0,0,0,2,3.5,250.78
SP105,soap,2026-06-22,5,179,0.2,143,0,1,5624,214,7,17,8,3,0,8,1,0,1,0,0,0,0,0,7,1,4.0,1,0,0,0,0,3,3.67,281.53
SP105,soap,2026-06-29,6,179,0.0,179,0,0,3459,118,4,2,1,0,0,1,0,0,0,0,0,0,0,0,1,0,,0,0,0,0,0,3,3.67,90.25
SP105,soap,2026-07-06,7,179,0.0,179,0,0,4881,162,8,5,3,2,0,3,0,0,0,0,0,0,0,0,3,1,4.0,1,0,0,0,0,4,3.75,270.75
SP105,soap,2026-07-13,8,179,0.0,179,0,0,5331,172,6,13,6,4,2,4,1,0,0,1,0,0,0,0,3,1,4.0,1,0,0,0,0,5,3.8,100.53
SP105,soap,2026-07-20,9,179,0.0,179,0,0,4607,184,8,13,9,7,0,9,0,0,0,0,0,0,0,0,9,0,,0,0,0,0,0,5,3.8,812.25
SP105,soap,2026-07-27,10,179,0.0,179,0,0,4859,173,8,13,6,4,0,6,0,0,0,0,0,0,0,0,6,1,4.0,1,0,0,0,0,6,3.83,541.5
SP105,soap,2026-08-03,11,179,0.0,179,0,0,5516,186,12,14,6,3,1,5,1,0,0,1,0,0,0,0,4,2,2.5,1,0,1,0,1,8,3.5,220.78
SP105,soap,2026-08-10,12,179,0.0,179,0,0,5665,180,3,12,4,4,0,4,0,0,0,0,0,0,0,0,4,0,,0,0,0,0,0,8,3.5,361.0
SP105,soap,2026-08-17,13,179,0.0,179,0,0,5219,171,8,10,4,4,1,3,1,0,1,0,0,0,0,0,2,2,1.5,0,0,2,1,1,10,3.1,40.28
SP105,soap,2026-08-24,14,179,0.0,179,1,0,5187,136,2,12,2,1,0,2,0,0,0,0,0,0,0,0,2,0,,0,0,0,0,0,10,3.1,180.5
SP105,soap,2026-08-31,15,179,0.0,179,0,0,3792,105,2,5,3,3,0,3,0,0,0,0,0,0,0,0,3,0,,0,0,0,0,0,10,3.1,270.75
SP105,soap,2026-09-07,16,179,0.0,179,0,0,4133,119,4,4,0,0,0,0,0,0,0,0,0,0,0,0,0,0,,0,0,0,0,0,10,3.1,0.0
SP105,soap,2026-09-14,17,179,0.0,179,0,0,3495,108,9,11,5,4,0,5,0,0,0,0,0,0,0,0,5,1,3.0,0,1,0,0,0,11,3.09,451.25
SP105,soap,2026-09-21,18,179,0.0,179,0,1,5221,135,9,6,2,1,1,1,1,0,1,0,0,0,0,0,0,0,,0,0,0,0,0,11,3.09,-140.23
SP106,soap,2026-05-11,1,189,0.0,189,0,0,8147,534,31,43,16,12,2,14,1,0,0,1,0,0,0,0,13,2,5.0,2,0,0,0,0,2,5.0,1100.43
SP106,soap,2026-05-18,2,189,0.0,189,0,0,10174,943,50,86,33,30,3,30,4,0,2,1,1,0,0,0,26,3,3.33,1,2,0,0,0,5,4.0,2006.64
SP106,soap,2026-05-25,3,189,0.0,189,0,0,9647,638,37,78,32,24,6,26,2,0,0,0,0,2,0,0,24,5,4.6,4,1,0,0,0,10,4.3,1945.09
SP106,soap,2026-06-01,4,189,0.0,189,0,0,9081,668,25,58,23,18,1,22,1,0,0,0,1,0,0,0,21,0,,0,0,0,0,0,10,4.3,1913.54
SP106,soap,2026-06-08,5,189,0.0,189,0,0,8943,639,34,52,14,12,2,12,0,0,0,0,0,0,0,0,12,4,4.25,3,1,0,0,0,14,4.29,1114.66
SP106,soap,2026-06-15,6,189,0.0,189,0,0,6876,489,21,47,17,12,2,15,1,0,0,1,0,0,0,0,14,3,3.33,1,1,1,0,1,17,4.12,1198.32
SP106,soap,2026-06-22,7,189,0.0,189,0,1,10871,774,34,69,27,22,6,21,1,0,0,1,0,0,0,0,20,3,4.0,2,1,0,0,0,20,4.1,1665.65
SP106,soap,2026-06-29,8,189,0.0,189,0,0,9058,667,29,59,22,17,1,21,1,0,1,0,0,0,0,0,20,3,3.67,2,0,1,0,1,23,4.04,1815.65
SP106,soap,2026-07-06,9,189,0.0,189,0,0,11166,810,45,68,29,24,3,26,4,0,2,0,1,1,0,0,22,2,4.5,2,0,0,0,0,25,4.08,1615.09
SP106,soap,2026-07-13,10,189,0.0,189,0,0,7555,525,20,39,16,13,1,15,0,0,0,0,0,0,0,0,15,2,4.0,2,0,0,0,0,27,4.07,1438.32
SP106,soap,2026-07-20,11,189,0.0,189,0,0,9781,702,34,78,28,21,4,24,0,0,0,0,0,0,0,0,24,5,4.0,3,2,0,0,0,32,4.06,2229.31
SP106,soap,2026-07-27,12,189,0.0,189,0,0,10894,810,38,71,28,23,0,28,5,0,0,3,2,0,0,0,23,6,3.33,4,0,2,0,2,38,3.95,1690.87
SP106,soap,2026-08-03,13,189,0.0,189,0,0,8350,567,18,54,20,17,1,19,3,0,1,2,0,0,0,0,16,2,3.5,1,1,0,0,0,40,3.92,1199.87
SP106,soap,2026-08-10,14,189,0.0,189,0,0,12432,891,35,91,37,33,2,35,3,0,0,2,0,0,1,0,32,5,3.6,2,3,0,0,0,45,3.89,2736.08
SP106,soap,2026-08-17,15,189,0.0,189,0,0,10168,724,42,54,19,17,3,16,2,0,0,2,0,0,0,0,14,1,4.0,1,0,0,0,0,46,3.89,1056.21
SP106,soap,2026-08-24,16,189,0.0,189,1,0,13129,893,39,69,29,21,4,25,2,0,0,0,1,0,1,0,23,0,,0,0,0,0,0,46,3.89,1907.2
SP106,soap,2026-08-31,17,189,0.0,189,0,0,9925,690,28,69,17,13,1,16,3,0,1,1,0,0,1,0,13,4,3.5,2,2,0,0,0,50,3.86,906.21
SP106,soap,2026-09-07,18,189,0.0,189,0,0,9470,639,32,55,19,15,2,17,1,0,0,1,0,0,0,0,16,0,,0,0,0,0,0,50,3.86,1394.1
SP106,soap,2026-09-14,19,189,0.0,189,0,0,10761,723,35,57,22,20,3,19,1,0,0,0,0,1,0,0,18,1,3.0,0,1,0,0,0,51,3.84,1559.87
SP106,soap,2026-09-21,20,189,0.2,151,0,1,10089,765,37,73,31,27,4,27,1,0,0,0,1,0,0,0,26,4,4.25,4,0,0,0,0,55,3.87,1372.03
SP107,soap,2025-11-03,1,219,0.0,219,0,0,8699,238,7,17,5,3,0,5,1,0,0,0,1,0,0,0,4,0,,0,0,0,0,0,0,,373.79
SP107,soap,2025-11-10,2,219,0.0,219,0,0,8485,252,10,14,2,2,0,2,0,0,0,0,0,0,0,0,2,0,,0,0,0,0,0,0,,244.94
SP107,soap,2025-11-17,3,219,0.0,219,0,0,4342,130,4,4,2,2,1,1,1,0,0,1,0,0,0,0,0,0,,0,0,0,0,0,0,,-146.1
SP107,soap,2025-11-24,4,219,0.0,219,0,0,6295,176,9,6,3,2,0,3,1,0,0,0,1,0,0,0,2,0,,0,0,0,0,0,0,,128.85
SP107,soap,2025-12-01,5,179,0.0,179,0,0,3545,139,5,11,6,3,1,5,0,0,0,0,0,0,0,0,5,1,5.0,1,0,0,0,0,1,5.0,391.89
SP107,soap,2025-12-08,6,179,0.0,179,0,0,5130,282,14,24,11,7,2,9,0,0,0,0,0,0,0,0,9,3,3.67,2,1,0,0,0,4,4.0,699.39
SP107,soap,2025-12-15,7,179,0.0,179,0,0,6987,265,18,19,9,5,1,8,2,0,1,1,0,0,0,0,6,1,2.0,0,0,1,0,1,5,3.6,244.06
SP107,soap,2025-12-22,8,179,0.0,179,0,0,6504,234,18,14,6,2,1,5,1,0,0,0,0,0,1,0,4,1,4.0,1,0,0,0,0,6,3.67,191.41
SP107,soap,2025-12-29,9,179,0.0,179,0,0,6116,217,8,16,6,4,0,6,2,0,0,0,1,0,1,0,4,2,3.5,1,0,1,0,1,8,3.62,105.31
SP107,soap,2026-01-05,10,179,0.0,179,0,0,5359,186,8,14,7,5,1,6,2,0,1,1,0,0,0,0,4,4,3.75,3,0,1,0,1,12,3.67,75.31
SP107,soap,2026-01-12,11,179,0.15,152,0,1,8850,367,12,32,13,10,2,11,4,0,0,0,3,0,1,0,7,2,3.0,0,2,0,0,0,14,3.57,-113.76
SP107,soap,2026-01-19,12,179,0.0,179,0,0,7362,265,10,24,8,5,1,7,1,0,0,0,1,0,0,0,6,2,1.5,0,0,2,2,0,16,3.31,360.16
SP107,soap,2026-01-26,13,179,0.0,179,0,0,5936,210,11,16,10,7,0,10,2,0,0,2,0,0,0,0,8,1,5.0,1,0,0,0,0,17,3.41,442.82
SP107,soap,2026-02-02,14,179,0.0,179,0,0,5747,171,9,7,2,1,0,2,0,0,0,0,0,0,0,0,2,0,,0,0,0,0,0,17,3.41,168.75
SP107,soap,2026-02-09,15,179,0.0,179,0,0,4557,152,5,10,3,2,1,2,1,0,1,0,0,0,0,0,1,0,,0,0,0,0,0,17,3.41,-61.72
SP107,soap,2026-02-16,16,179,0.0,179,0,0,5347,157,12,7,3,3,1,2,0,0,0,0,0,0,0,0,2,0,,0,0,0,0,0,17,3.41,138.75
SP107,soap,2026-02-23,17,179,0.0,179,0,0,4060,137,5,10,4,3,2,2,0,0,0,0,0,0,0,0,2,0,,0,0,0,0,0,17,3.41,108.75
SP107,soap,2026-03-02,18,179,0.0,179,1,1,7014,244,11,14,5,3,0,5,0,0,0,0,0,0,0,0,5,0,,0,0,0,0,0,17,3.41,421.89
SP107,soap,2026-03-09,19,179,0.0,179,0,0,4296,141,8,11,4,3,0,4,0,0,0,0,0,0,0,0,4,0,,0,0,0,0,0,17,3.41,337.51
SP107,soap,2026-03-16,20,179,0.0,179,0,0,4728,147,4,12,5,5,1,4,0,0,0,0,0,0,0,0,4,0,,0,0,0,0,0,17,3.41,307.51
SP107,soap,2026-03-23,21,179,0.0,179,0,0,6134,188,9,19,6,5,0,6,1,0,1,0,0,0,0,0,5,1,5.0,1,0,0,0,0,18,3.5,305.79
SP107,soap,2026-03-30,22,179,0.0,179,0,0,4768,150,7,15,6,6,2,4,0,0,0,0,0,0,0,0,4,0,,0,0,0,0,0,18,3.5,277.51
SP107,soap,2026-04-06,23,179,0.0,179,0,0,6049,217,8,18,4,1,0,4,0,0,0,0,0,0,0,0,4,0,,0,0,0,0,0,18,3.5,337.51
SP107,soap,2026-04-13,24,179,0.0,179,0,0,5044,195,12,14,8,5,1,7,0,0,0,0,0,0,0,0,7,1,2.0,0,0,1,0,1,19,3.42,560.64
SP107,soap,2026-04-20,25,179,0.0,179,0,0,4960,181,10,15,2,2,0,2,0,0,0,0,0,0,0,0,2,1,3.0,0,1,0,0,0,20,3.4,168.75
SP107,soap,2026-04-27,26,179,0.0,179,0,0,5113,166,5,14,5,1,0,5,0,0,0,0,0,0,0,0,5,0,,0,0,0,0,0,20,3.4,421.89
SP107,soap,2026-05-04,27,179,0.0,179,0,0,4741,163,4,15,8,6,2,6,1,0,1,0,0,0,0,0,5,1,4.0,1,0,0,0,0,21,3.43,245.79
SP107,soap,2026-05-11,28,179,0.0,179,0,0,5009,160,11,9,0,0,0,0,0,0,0,0,0,0,0,0,0,0,,0,0,0,0,0,21,3.43,0.0
SP107,soap,2026-05-18,29,179,0.0,179,0,0,4166,142,8,17,8,5,2,6,0,0,0,0,0,0,0,0,6,1,3.0,0,1,0,0,0,22,3.41,446.26
SP107,soap,2026-05-25,30,179,0.0,179,0,0,4442,168,6,14,5,4,1,4,0,0,0,0,0,0,0,0,4,0,,0,0,0,0,0,22,3.41,307.51
SP107,soap,2026-06-01,31,179,0.0,179,0,0,4234,149,5,5,1,1,0,1,0,0,0,0,0,0,0,0,1,0,,0,0,0,0,0,22,3.41,84.38
SP107,soap,2026-06-08,32,179,0.0,179,0,0,3898,135,9,10,4,2,0,4,0,0,0,0,0,0,0,0,4,0,,0,0,0,0,0,22,3.41,337.51
SP107,soap,2026-06-15,33,179,0.0,179,0,0,4313,157,7,10,4,2,0,4,0,0,0,0,0,0,0,0,4,1,3.0,0,1,0,0,0,23,3.39,337.51
SP107,soap,2026-06-22,34,179,0.0,179,0,1,6074,222,7,12,5,2,0,5,2,0,1,0,1,0,0,0,3,0,,0,0,0,0,0,23,3.39,20.93
SP107,soap,2026-06-29,35,179,0.0,179,0,0,3470,125,10,6,3,1,1,2,0,0,0,0,0,0,0,0,2,0,,0,0,0,0,0,23,3.39,138.75
SP107,soap,2026-07-06,36,179,0.0,179,0,0,3840,161,10,12,4,4,1,3,0,0,0,0,0,0,0,0,3,1,5.0,1,0,0,0,0,24,3.46,223.13
SP107,soap,2026-07-13,37,179,0.0,179,0,0,4546,158,5,14,2,2,1,1,0,0,0,0,0,0,0,0,1,0,,0,0,0,0,0,24,3.46,54.38
SP107,soap,2026-07-20,38,179,0.0,179,0,0,4473,167,4,13,6,5,0,6,0,0,0,0,0,0,0,0,6,1,3.0,0,1,0,0,0,25,3.44,506.26
SP107,soap,2026-07-27,39,179,0.0,179,0,0,4335,165,7,16,9,8,0,9,0,0,0,0,0,0,0,0,9,1,4.0,1,0,0,0,0,26,3.46,759.39
SP107,soap,2026-08-03,40,179,0.0,179,0,0,6917,252,15,20,9,6,1,8,0,0,0,0,0,0,0,0,8,2,5.0,2,0,0,0,0,28,3.57,645.02
SP107,soap,2026-08-10,41,179,0.0,179,0,0,7167,273,9,17,2,1,0,2,0,0,0,0,0,0,0,0,2,0,,0,0,0,0,0,28,3.57,168.75
SP107,soap,2026-08-17,42,179,0.0,179,0,0,6846,273,11,28,11,8,0,11,0,0,0,0,0,0,0,0,11,4,3.25,1,2,1,1,0,32,3.53,928.15
SP107,soap,2026-08-24,43,179,0.0,179,1,0,7765,319,16,23,9,6,0,9,1,0,0,1,0,0,0,0,8,0,,0,0,0,0,0,32,3.53,558.92
SP107,soap,2026-08-31,44,179,0.0,179,0,0,5869,226,20,16,6,3,1,5,0,0,0,0,0,0,0,0,5,0,,0,0,0,0,0,32,3.53,391.89
SP107,soap,2026-09-07,45,179,0.0,179,0,0,6206,242,9,26,5,5,0,5,1,0,1,0,0,0,0,0,4,1,5.0,1,0,0,0,0,33,3.58,221.41
SP107,soap,2026-09-14,46,179,0.0,179,0,0,6577,250,12,17,7,5,0,7,0,0,0,0,0,0,0,0,7,0,,0,0,0,0,0,33,3.58,590.64
SP107,soap,2026-09-21,47,179,0.1,161,0,1,10316,442,27,40,12,9,1,11,0,0,0,0,0,0,0,0,11,1,4.0,1,0,0,0,0,34,3.59,709.58
SP108,soap,2026-01-12,1,139,0.0,139,0,1,11870,320,20,35,16,13,1,15,1,0,1,0,0,0,0,0,14,3,2.67,0,2,1,0,1,3,2.67,278.02
SP108,soap,2026-01-19,2,139,0.0,139,0,0,8612,148,5,9,4,3,0,4,0,0,0,0,0,0,0,0,4,0,,0,0,0,0,0,3,2.67,125.44
SP108,soap,2026-01-26,3,139,0.0,139,0,0,6291,143,8,15,6,3,0,6,0,0,0,0,0,0,0,0,6,1,4.0,1,0,0,0,0,4,3.0,188.16
SP108,soap,2026-02-02,4,139,0.0,139,0,0,4291,81,3,5,3,0,0,3,0,0,0,0,0,0,0,0,3,0,,0,0,0,0,0,4,3.0,94.08
SP108,soap,2026-02-09,5,139,0.0,139,0,0,4093,103,4,9,3,3,0,3,1,0,0,0,0,1,0,0,2,1,4.0,1,0,0,0,0,5,3.2,-68.3
SP108,soap,2026-02-16,6,139,0.0,139,0,0,4770,118,3,15,6,6,2,4,0,0,0,0,0,0,0,0,4,0,,0,0,0,0,0,5,3.2,65.44
SP108,soap,2026-02-23,7,139,0.0,139,0,0,5183,124,4,10,4,2,1,3,1,0,1,0,0,0,0,0,2,0,,0,0,0,0,0,5,3.2,-98.3
SP108,soap,2026-03-02,8,139,0.0,139,1,1,6139,131,5,8,5,3,0,5,1,0,1,0,0,0,0,0,4,1,2.0,0,0,1,0,1,6,3.0,-5.58
SP108,soap,2026-03-09,9,139,0.0,139,0,0,2777,46,3,6,3,3,0,3,1,0,0,1,0,0,0,0,2,2,4.5,2,0,0,0,0,8,3.38,-68.3
SP108,soap,2026-03-16,10,139,0.0,139,0,0,3688,89,2,10,3,1,1,2,0,0,0,0,0,0,0,0,2,1,2.0,0,0,1,0,1,9,3.22,32.72
SP108,soap,2026-03-23,11,139,0.0,139,0,0,3685,95,6,7,2,0,0,2,0,0,0,0,0,0,0,0,2,0,,0,0,0,0,0,9,3.22,62.72
SP108,soap,2026-03-30,12,139,0.0,139,0,0,4196,87,5,7,3,1,0,3,1,0,0,1,0,0,0,0,2,0,,0,0,0,0,0,9,3.22,-68.3
SP108,soap,2026-04-06,13,139,0.0,139,0,0,4251,90,2,12,8,4,1,7,0,0,0,0,0,0,0,0,7,2,4.0,1,1,0,0,0,11,3.36,189.52
SP108,soap,2026-04-13,14,139,0.0,139,0,0,3892,107,1,9,3,1,1,2,0,0,0,0,0,0,0,0,2,0,,0,0,0,0,0,11,3.36,32.72
SP108,soap,2026-04-20,15,139,0.0,139,0,0,3901,82,1,7,2,1,0,2,0,0,0,0,0,0,0,0,2,0,,0,0,0,0,0,11,3.36,62.72
SP108,soap,2026-04-27,16,139,0.0,139,0,0,6027,134,5,10,5,0,0,5,0,0,0,0,0,0,0,0,5,0,,0,0,0,0,0,11,3.36,156.8
SP108,soap,2026-05-04,17,139,0.0,139,0,0,3984,90,2,9,4,1,0,4,0,0,0,0,0,0,0,0,4,1,3.0,0,1,0,0,0,12,3.33,125.44
SP108,soap,2026-05-11,18,139,0.0,139,0,0,3389,84,2,5,3,2,1,2,0,0,0,0,0,0,0,0,2,0,,0,0,0,0,0,12,3.33,32.72
SP108,soap,2026-05-18,19,139,0.0,139,0,0,2787,66,2,5,0,0,0,0,0,0,0,0,0,0,0,0,0,0,,0,0,0,0,0,12,3.33,0.0
SP108,soap,2026-05-25,20,139,0.0,139,0,0,3410,82,4,5,2,1,0,2,0,0,0,0,0,0,0,0,2,1,4.0,1,0,0,0,0,13,3.38,62.72
SP108,soap,2026-06-01,21,139,0.0,139,0,0,3435,100,3,10,7,5,1,6,0,0,0,0,0,0,0,0,6,1,4.0,1,0,0,0,0,14,3.43,158.16
SP108,soap,2026-06-08,22,139,0.0,139,0,0,5238,137,5,11,6,2,1,5,1,0,0,1,0,0,0,0,4,1,5.0,1,0,0,0,0,15,3.53,-35.58
SP108,soap,2026-06-15,23,139,0.0,139,0,0,6167,171,7,15,6,3,0,6,0,0,0,0,0,0,0,0,6,3,3.67,2,1,0,0,0,18,3.56,188.16
SP108,soap,2026-06-22,24,139,0.0,139,0,1,6416,180,12,17,9,5,1,8,0,0,0,0,0,0,0,0,8,1,3.0,0,1,0,0,0,19,3.53,220.88
SP108,soap,2026-06-29,25,139,0.0,139,0,0,5351,166,6,9,3,1,0,3,0,0,0,0,0,0,0,0,3,2,3.5,1,0,1,0,1,21,3.52,94.08
SP108,soap,2026-07-06,26,139,0.0,139,0,0,5962,152,4,10,5,1,0,5,0,0,0,0,0,0,0,0,5,0,,0,0,0,0,0,21,3.52,156.8
SP108,soap,2026-07-13,27,139,0.0,139,0,0,5500,169,10,21,6,2,0,6,0,0,0,0,0,0,0,0,6,0,,0,0,0,0,0,21,3.52,188.16
SP108,soap,2026-07-20,28,139,0.0,139,0,0,5077,138,5,12,4,1,0,4,0,0,0,0,0,0,0,0,4,0,,0,0,0,0,0,21,3.52,125.44
SP108,soap,2026-07-27,29,139,0.0,139,0,0,3923,121,9,17,9,7,2,7,0,0,0,0,0,0,0,0,7,1,3.0,0,1,0,0,0,22,3.5,159.52
SP108,soap,2026-08-03,30,139,0.0,139,0,0,8121,227,11,22,11,7,0,11,1,0,1,0,0,0,0,0,10,2,4.0,1,1,0,0,0,24,3.54,182.58
SP108,soap,2026-08-10,31,139,0.0,139,0,0,7052,184,6,21,7,4,0,7,0,0,0,0,0,0,0,0,7,0,,0,0,0,0,0,24,3.54,219.52
SP108,soap,2026-08-17,32,139,0.0,139,0,0,5898,160,9,17,8,6,1,7,0,0,0,0,0,0,0,0,7,0,,0,0,0,0,0,24,3.54,189.52
SP108,soap,2026-08-24,33,139,0.0,139,1,0,7648,195,7,21,7,3,0,7,1,0,0,0,0,1,0,0,6,1,3.0,0,1,0,0,0,25,3.52,57.14
SP108,soap,2026-08-31,34,139,0.0,139,0,0,5811,161,5,20,11,3,2,9,1,0,0,1,0,0,0,0,8,2,4.0,1,1,0,0,0,27,3.56,59.86
SP108,soap,2026-09-07,35,139,0.0,139,0,0,7144,217,7,18,6,5,3,3,0,0,0,0,0,0,0,0,3,0,,0,0,0,0,0,27,3.56,4.08
SP108,soap,2026-09-14,36,139,0.0,139,0,0,4259,94,1,6,1,0,0,1,0,0,0,0,0,0,0,0,1,0,,0,0,0,0,0,27,3.56,31.36
SP108,soap,2026-09-21,37,139,0.0,139,0,1,7527,210,9,21,9,2,0,9,0,0,0,0,0,0,0,0,9,1,5.0,1,0,0,0,0,28,3.61,282.24
SP109,soap,2026-07-13,1,159,0.0,159,0,0,9384,316,10,22,9,7,3,6,2,0,1,0,1,0,0,0,4,1,4.0,1,0,0,0,0,1,4.0,-46.94
SP109,soap,2026-07-20,2,159,0.0,159,0,0,9828,347,16,27,11,7,0,11,1,0,1,0,0,0,0,0,10,1,3.0,0,1,0,0,0,2,3.5,562.75
SP109,soap,2026-07-27,3,159,0.0,159,0,0,5440,155,10,10,4,2,0,4,1,0,1,0,0,0,0,0,3,0,,0,0,0,0,0,2,3.5,89.18
SP109,soap,2026-08-03,4,159,0.0,159,0,0,6119,182,6,24,12,11,0,12,0,0,0,0,0,0,0,0,12,2,4.0,2,0,0,0,0,4,3.75,811.83
SP109,soap,2026-08-10,5,159,0.0,159,0,0,5208,180,6,16,5,3,0,5,0,0,0,0,0,0,0,0,5,1,4.0,1,0,0,0,0,5,3.8,338.26
SP109,soap,2026-08-17,6,159,0.0,159,0,0,6467,229,9,15,11,9,4,7,0,0,0,0,0,0,0,0,7,0,,0,0,0,0,0,5,3.8,353.57
SP109,soap,2026-08-24,7,159,0.0,159,1,0,5244,181,9,12,8,6,2,6,0,0,0,0,0,0,0,0,6,0,,0,0,0,0,0,5,3.8,345.92
SP109,soap,2026-08-31,8,199,0.0,199,0,0,5512,149,3,10,3,2,0,3,2,0,1,1,0,0,0,0,1,0,,0,0,0,0,0,5,3.8,-121.8
SP109,soap,2026-09-07,9,199,0.0,199,0,0,5268,144,6,8,3,1,1,2,0,0,0,0,0,0,0,0,2,0,,0,0,0,0,0,5,3.8,181.5
SP109,soap,2026-09-14,10,199,0.0,199,0,0,5781,170,9,12,4,1,0,4,0,0,0,0,0,0,0,0,4,2,3.0,1,0,1,1,0,7,3.57,422.99
SP109,soap,2026-09-21,11,199,0.2,159,0,1,5785,175,2,11,5,4,0,5,0,0,0,0,0,0,0,0,5,1,5.0,1,0,0,0,0,8,3.75,338.26
SP110,soap,2026-05-04,1,159,0.0,159,0,0,8561,959,64,147,77,52,11,66,1,0,0,0,0,1,0,0,65,11,4.82,11,0,0,0,0,11,4.82,2508.58
SP110,soap,2026-05-11,2,159,0.0,159,0,0,26255,4252,246,802,412,274,43,369,13,0,3,0,6,0,4,0,356,54,4.56,52,2,0,0,0,65,4.6,13236.0
SP110,soap,2026-05-18,3,159,0.0,159,0,0,13474,2197,139,440,221,139,29,192,7,0,0,0,6,1,0,0,185,29,4.38,26,3,0,0,0,94,4.53,6645.47
SP110,soap,2026-05-25,4,159,0.0,159,0,0,20400,3213,210,612,315,214,26,289,8,0,1,0,4,2,1,0,281,46,4.24,36,6,4,0,4,140,4.44,10992.53
SP110,soap,2026-06-01,5,159,0.0,159,0,0,16186,2430,137,471,234,153,24,210,7,0,1,2,1,1,2,0,203,37,4.3,31,5,1,0,1,177,4.41,7619.11
SP110,soap,2026-06-08,6,159,0.0,159,0,0,13183,1962,116,384,196,133,25,171,1,0,1,0,0,0,0,0,170,22,4.64,22,0,0,0,0,199,4.43,6893.13
SP110,soap,2026-06-15,7,159,0.0,159,0,0,16417,2440,150,474,228,147,21,207,5,0,0,3,1,1,0,0,202,34,4.68,32,2,0,0,0,233,4.47,7934.69
SP110,soap,2026-06-22,8,159,0.0,159,0,1,17449,2576,158,532,254,175,28,226,6,0,2,0,2,1,1,0,220,34,4.65,34,0,0,0,0,267,4.49,8412.66
SP110,soap,2026-06-29,9,159,0.0,159,0,0,13086,2009,116,387,191,130,22,169,5,0,1,2,1,1,0,0,164,17,4.76,17,0,0,0,0,284,4.51,6165.9
SP110,soap,2026-07-06,10,159,0.0,159,0,0,11470,1786,92,324,161,109,19,142,2,0,0,0,2,0,0,0,140,16,4.69,16,0,0,0,0,300,4.52,5564.73
SP110,soap,2026-07-13,11,159,0.0,159,0,0,14915,2335,141,474,244,159,28,216,4,0,1,1,1,0,1,0,212,28,4.5,26,2,0,0,0,328,4.52,8317.94
SP110,soap,2026-07-20,12,159,0.0,159,0,0,11431,1827,95,347,172,110,19,153,5,0,1,3,1,0,0,0,148,22,4.59,21,1,0,0,0,350,4.52,5523.78
SP110,soap,2026-07-27,13,159,0.0,159,0,0,16185,2557,149,525,272,177,16,256,3,0,1,0,0,1,1,0,253,36,4.31,32,4,0,0,0,386,4.5,10689.67
SP110,soap,2026-08-03,14,159,0.0,159,0,0,10248,1564,106,298,143,85,15,128,3,0,1,0,1,0,1,0,125,15,4.13,11,4,0,0,0,401,4.49,4862.69
SP110,soap,2026-08-10,15,159,0.0,159,0,0,13978,2131,122,417,208,134,29,179,9,0,2,2,4,0,1,0,170,22,4.45,22,0,0,0,0,423,4.48,5687.76
SP110,soap,2026-08-17,16,159,0.0,159,0,0,16166,2508,135,466,255,165,23,232,11,0,3,2,6,0,0,0,221,35,4.46,32,2,1,0,1,458,4.48,7930.06
SP110,soap,2026-08-24,17,159,0.0,159,1,0,15973,2438,132,467,238,162,28,210,9,0,1,1,2,1,4,0,201,29,4.69,27,2,0,0,0,487,4.49,7136.25
SP110,soap,2026-08-31,18,159,0.0,159,0,0,16460,2536,155,526,238,152,28,210,11,0,2,2,6,0,1,0,199,24,4.54,23,1,0,0,0,511,4.5,6773.39
SP110,soap,2026-09-07,19,159,0.0,159,0,0,14712,2370,141,433,228,151,20,208,10,0,1,1,6,1,1,0,198,37,4.59,35,2,0,0,0,548,4.5,7103.3
SP110,soap,2026-09-14,20,159,0.0,159,0,0,14521,2302,154,456,238,156,27,211,5,0,0,1,3,0,1,0,206,28,4.43,25,2,1,0,1,576,4.5,7937.72
SP110,soap,2026-09-21,21,159,0.0,159,0,1,18456,2815,180,579,306,197,33,273,5,0,0,1,1,1,2,0,268,36,4.56,35,0,1,0,1,612,4.5,10594.69
SP111,soap,2025-11-03,1,179,0.0,179,0,0,8462,585,29,48,15,8,2,13,1,0,1,0,0,0,0,0,12,3,3.67,2,1,0,0,0,3,3.67,484.28
SP111,soap,2025-11-10,2,179,0.0,179,0,0,12562,903,31,72,29,22,1,28,2,0,0,0,1,1,0,0,26,5,3.8,3,2,0,0,0,8,3.75,1173.15
SP111,soap,2025-11-17,3,179,0.0,179,0,0,11062,789,31,72,28,20,3,25,2,0,1,0,0,1,0,0,23,7,3.71,4,3,0,0,0,15,3.73,941.28
SP111,soap,2025-11-24,4,179,0.0,179,0,0,14558,1058,52,81,31,24,1,30,6,0,1,2,2,1,0,0,24,5,2.0,0,1,4,0,4,20,3.3,485.82
SP111,soap,2025-12-01,5,179,0.0,179,0,0,8484,543,21,46,22,17,2,20,3,0,1,1,1,0,0,0,17,2,3.5,1,1,0,0,0,22,3.32,484.36
SP111,soap,2025-12-08,6,179,0.0,179,0,0,8791,584,42,53,20,13,1,19,0,0,0,0,0,0,0,0,19,3,3.33,1,2,0,0,0,25,3.32,1058.5
SP111,soap,2025-12-15,7,179,0.0,179,0,0,9519,590,27,40,14,9,3,11,2,0,0,0,2,0,0,0,9,2,4.0,1,1,0,0,0,27,3.37,139.23
SP111,soap,2025-12-22,8,179,0.0,179,0,0,7049,452,22,35,11,6,0,11,1,0,0,0,1,0,0,0,10,0,,0,0,0,0,0,27,3.37,429.71
SP111,soap,2025-12-29,9,179,0.0,179,0,0,7805,528,25,40,16,8,3,13,2,0,0,1,1,0,0,0,11,1,3.0,0,1,0,0,0,28,3.36,253.81
SP111,soap,2026-01-05,10,179,0.0,179,0,0,9226,672,27,64,25,11,3,22,1,0,0,0,0,1,0,0,21,1,3.0,0,1,0,0,0,29,3.34,969.89
SP111,soap,2026-01-12,11,179,0.2,143,0,1,9423,789,46,83,44,30,8,36,3,0,1,2,0,0,0,0,33,3,4.33,2,1,0,0,0,32,3.44,89.56
SP111,soap,2026-01-19,12,179,0.0,179,0,0,8683,635,27,51,26,15,1,25,3,0,1,2,0,0,0,0,22,5,4.2,4,1,0,0,0,37,3.54,800.8
SP111,soap,2026-01-26,13,179,0.0,179,0,0,11306,833,32,72,22,15,3,19,0,0,0,0,0,0,0,0,19,1,3.0,0,1,0,0,0,38,3.53,998.5
SP111,soap,2026-02-02,14,179,0.0,179,0,0,7172,517,22,39,12,8,0,12,1,0,1,0,0,0,0,0,11,2,4.0,1,1,0,0,0,40,3.55,487.0
SP111,soap,2026-02-09,15,179,0.0,179,0,0,8076,562,17,53,18,9,0,18,2,0,1,0,0,0,1,0,16,2,5.0,2,0,0,0,0,42,3.62,630.25
SP111,soap,2026-02-16,16,179,0.0,179,0,0,8169,616,26,37,7,5,0,7,1,0,0,0,1,0,0,0,6,0,,0,0,0,0,0,42,3.62,200.55
SP111,soap,2026-02-23,17,179,0.0,179,0,0,9050,674,31,46,18,8,3,15,2,0,2,0,0,0,0,0,13,1,4.0,1,0,0,0,0,43,3.63,368.39
SP111,soap,2026-03-02,18,179,0.2,143,1,1,11238,940,40,111,55,31,5,50,1,0,1,0,0,0,0,0,49,12,3.92,7,5,0,0,0,55,3.69,833.99
SP111,soap,2026-03-09,19,179,0.0,179,0,0,15512,1218,51,105,43,30,4,39,3,0,0,1,1,1,0,0,36,5,4.0,3,2,0,0,0,60,3.72,1512.85
SP111,soap,2026-03-16,20,179,0.0,179,0,0,13669,1000,46,83,31,19,1,30,2,0,2,0,0,0,0,0,28,10,3.7,7,2,1,0,1,70,3.71,1287.73
SP111,soap,2026-03-23,21,179,0.0,179,0,0,7867,612,32,54,20,17,3,17,1,0,1,0,0,0,0,0,16,0,,0,0,0,0,0,70,3.71,683.44
SP111,soap,2026-03-30,22,179,0.0,179,0,0,9223,737,40,67,19,14,2,17,1,0,0,0,0,1,0,0,16,4,3.25,2,1,1,0,1,74,3.69,713.44
SP111,soap,2026-04-06,23,179,0.0,179,0,0,7706,620,24,57,30,21,3,27,0,0,0,0,0,0,0,0,27,2,3.5,1,1,0,0,0,76,3.68,1456.81
SP111,soap,2026-04-13,24,179,0.0,179,0,0,9275,734,33,72,29,19,1,28,5,0,4,0,1,0,0,0,23,7,3.29,4,2,1,0,1,83,3.65,571.72
SP111,soap,2026-04-20,25,179,0.0,179,0,0,8801,663,29,44,13,5,1,12,1,0,1,0,0,0,0,0,11,2,4.0,2,0,0,0,0,85,3.66,457.0
SP111,soap,2026-04-27,26,179,0.0,179,0,0,7510,617,36,45,11,4,1,10,0,0,0,0,0,0,0,0,10,1,5.0,1,0,0,0,0,86,3.67,542.89
SP111,soap,2026-05-04,27,179,0.0,179,0,0,7601,563,19,56,19,15,1,18,1,0,0,0,1,0,0,0,17,0,,0,0,0,0,0,86,3.67,800.73
SP111,soap,2026-05-11,28,179,0.0,179,0,0,6635,480,30,41,9,7,2,7,0,0,0,0,0,0,0,0,7,1,4.0,1,0,0,0,0,87,3.68,341.03
SP111,soap,2026-05-18,29,179,0.0,179,0,0,8505,627,30,56,19,10,3,16,2,0,1,0,1,0,0,0,14,4,3.75,2,2,0,0,0,91,3.68,425.68
SP111,soap,2026-05-25,30,179,0.0,179,0,0,7417,573,34,52,25,17,2,23,3,0,1,1,0,0,1,0,20,4,4.0,3,1,0,0,0,95,3.69,656.23
SP111,soap,2026-06-01,31,179,0.0,179,0,0,7639,573,25,50,22,15,5,17,1,0,0,1,0,0,0,0,16,3,4.33,3,0,0,0,0,98,3.71,623.44
SP111,soap,2026-06-08,32,179,0.0,179,0,0,8441,719,28,66,26,18,4,22,6,0,1,0,1,4,0,0,16,7,2.57,1,3,3,1,2,105,3.64,-62.49
SP111,soap,2026-06-15,33,179,0.0,179,0,0,10798,754,36,63,31,21,8,23,5,0,3,1,1,0,0,0,18,4,3.0,2,1,1,0,1,109,3.61,75.27
SP111,soap,2026-06-22,34,179,0.0,179,0,1,10623,827,29,64,26,14,4,22,3,0,0,3,0,0,0,0,19,0,,0,0,0,0,0,109,3.61,538.94
SP111,soap,2026-06-29,35,179,0.0,179,0,0,9581,760,46,65,23,19,3,20,5,0,2,3,0,0,0,0,15,1,5.0,1,0,0,0,0,110,3.63,53.41
SP111,soap,2026-07-06,36,179,0.0,179,0,0,8634,665,25,60,23,10,2,21,2,0,0,0,0,0,2,0,19,4,3.5,3,0,1,0,1,114,3.62,742.12
SP111,soap,2026-07-13,37,179,0.0,179,0,0,7768,610,27,51,20,10,1,19,3,0,0,1,2,0,0,0,16,5,3.6,3,1,1,0,1,119,3.62,457.07
SP111,soap,2026-07-20,38,179,0.0,179,0,0,10957,861,46,84,36,26,6,30,1,0,0,1,0,0,0,0,29,2,3.0,1,0,1,0,1,121,3.61,1338.2
SP111,soap,2026-07-27,39,179,0.0,179,0,0,10015,759,37,82,28,17,2,26,2,0,0,1,1,0,0,0,24,6,3.5,3,2,1,1,0,127,3.61,1028.57
SP111,soap,2026-08-03,40,179,0.0,179,0,0,10745,777,57,54,19,11,2,17,2,0,0,1,1,0,0,0,15,4,3.5,2,1,1,1,0,131,3.6,512.97
SP111,soap,2026-08-10,41,179,0.0,179,0,0,9106,676,30,55,22,17,3,19,1,0,0,1,0,0,0,0,18,3,2.67,0,2,1,0,1,134,3.58,798.02
SP111,soap,2026-08-17,42,179,0.0,179,0,0,8773,647,28,56,22,13,3,19,2,0,0,1,1,0,0,0,17,2,3.0,0,2,0,0,0,136,3.57,597.54
SP111,soap,2026-08-24,43,179,0.0,179,1,0,11915,836,36,63,23,13,4,19,1,0,0,1,0,0,0,0,18,1,5.0,1,0,0,0,0,137,3.58,768.02
SP111,soap,2026-08-31,44,179,0.0,179,0,0,8524,616,23,51,14,7,1,13,1,0,1,0,0,0,0,0,12,3,4.67,3,0,0,0,0,140,3.61,514.28
SP111,soap,2026-09-07,45,179,0.0,179,0,0,10038,727,26,62,31,17,5,26,3,0,1,1,1,0,0,0,23,3,2.67,0,2,1,0,1,143,3.59,738.09
SP111,soap,2026-09-14,46,179,0.0,179,0,0,8785,658,38,78,22,14,1,21,0,0,0,0,0,0,0,0,21,2,4.5,2,0,0,0,0,145,3.6,1173.08
SP111,soap,2026-09-21,47,179,0.0,179,0,1,11901,911,46,87,32,20,2,30,4,0,1,1,0,2,0,0,26,5,4.4,4,0,1,0,1,150,3.63,856.77
SP112,soap,2025-10-20,1,199,0.0,199,1,0,13493,220,13,12,3,3,1,2,0,0,0,0,0,0,0,0,2,0,,0,0,0,0,0,0,,158.22
SP112,soap,2025-10-27,2,199,0.0,199,0,0,6225,91,5,2,0,0,0,0,0,0,0,0,0,0,0,0,0,0,,0,0,0,0,0,0,,0.0
SP112,soap,2025-11-03,3,199,0.0,199,0,0,4465,73,1,3,0,0,0,0,0,0,0,0,0,0,0,0,0,0,,0,0,0,0,0,0,,0.0
SP112,soap,2025-11-10,4,199,0.0,199,0,0,3229,42,3,3,1,1,0,1,0,0,0,0,0,0,0,0,1,0,,0,0,0,0,0,0,,94.11
SP112,soap,2025-11-17,5,169,0.0,169,0,0,3634,74,3,6,3,1,0,3,0,0,0,0,0,0,0,0,3,0,,0,0,0,0,0,0,,196.61
SP112,soap,2025-11-24,6,169,0.0,169,0,0,4770,91,6,4,0,0,0,0,0,0,0,0,0,0,0,0,0,0,,0,0,0,0,0,0,,0.0
SP113,soap,2025-12-08,1,149,0.0,149,0,0,7704,481,20,53,23,11,2,21,1,0,1,0,0,0,0,0,20,3,3.33,2,0,1,0,1,3,3.33,657.07
SP113,soap,2025-12-15,2,149,0.0,149,0,0,17521,967,52,121,43,32,2,41,5,0,2,0,3,0,0,0,36,5,3.8,4,1,0,0,0,8,3.62,816.1
SP113,soap,2025-12-22,3,149,0.0,149,0,0,17302,1099,62,123,66,48,9,57,5,0,0,1,3,1,0,0,52,9,3.89,7,1,1,0,1,17,3.76,1283.41
SP113,soap,2025-12-29,4,149,0.0,149,0,0,11022,745,31,100,38,26,2,36,1,0,1,0,0,0,0,0,35,3,4.0,2,1,0,0,0,20,3.8,1292.06
SP113,soap,2026-01-05,5,149,0.0,149,0,0,12194,815,30,92,44,28,3,41,10,0,1,2,7,0,0,0,31,6,4.0,5,1,0,0,0,26,3.85,-73.43
SP113,soap,2026-01-12,6,149,0.0,149,0,1,13256,929,33,109,53,32,3,50,1,0,1,0,0,0,0,0,49,10,4.0,8,1,1,0,1,36,3.89,1854.71
SP113,soap,2026-01-19,7,149,0.0,149,0,0,13342,936,39,112,44,29,6,38,2,0,0,1,1,0,0,0,36,4,3.5,1,3,0,0,0,40,3.85,1084.82
SP113,soap,2026-01-26,8,149,0.0,149,0,0,13033,894,38,98,38,25,5,33,1,0,0,0,1,0,0,0,32,5,3.8,3,2,0,0,0,45,3.84,1075.06
SP113,soap,2026-02-02,9,149,0.0,149,0,0,11331,820,45,103,43,29,2,41,2,0,0,0,1,1,0,0,39,6,3.83,5,1,0,0,0,51,3.84,1331.81
SP113,soap,2026-02-09,10,149,0.0,149,0,0,8640,570,22,65,33,22,2,31,4,0,1,0,2,1,0,0,27,10,3.8,6,4,0,0,0,61,3.84,564.68
SP113,soap,2026-02-16,11,149,0.0,149,0,0,13258,955,39,125,52,33,6,46,3,0,2,1,0,0,0,0,43,11,3.45,5,4,2,0,2,72,3.78,1251.57
SP113,soap,2026-02-23,12,149,0.0,149,0,0,11575,859,36,104,44,29,5,39,4,0,1,2,0,1,0,0,35,5,4.6,5,0,0,0,0,77,3.83,813.34
SP113,soap,2026-03-02,13,149,0.0,149,1,1,21746,1595,78,172,73,48,3,70,6,0,0,4,1,0,1,0,64,12,3.58,5,6,1,0,1,89,3.8,1841.83
SP113,soap,2026-03-09,14,149,0.0,149,0,0,11197,773,38,79,31,21,4,27,3,0,0,1,1,1,0,0,24,3,4.33,2,1,0,0,0,92,3.82,507.26
SP113,soap,2026-03-16,15,149,0.0,149,0,0,8239,593,27,71,33,22,3,30,3,0,1,1,1,0,0,0,27,2,4.5,2,0,0,0,0,94,3.83,664.25
SP113,soap,2026-03-23,16,149,0.0,149,0,0,11069,820,26,107,52,37,8,44,4,0,0,0,2,1,1,0,40,5,4.0,4,1,0,0,0,99,3.84,935.0
SP113,soap,2026-03-30,17,149,0.0,149,0,0,14347,1025,52,116,46,31,3,43,1,0,0,0,0,1,0,0,42,6,4.0,4,2,0,0,0,105,3.85,1558.38
SP113,soap,2026-04-06,18,149,0.0,149,0,0,12481,854,27,97,48,29,3,45,5,0,1,2,2,0,0,0,40,5,3.8,3,1,1,0,1,110,3.85,955.43
SP113,soap,2026-04-13,19,149,0.0,149,0,0,10830,785,34,86,40,26,0,40,2,0,2,0,0,0,0,0,38,3,4.33,3,0,0,0,0,113,3.86,1349.48
SP113,soap,2026-04-20,20,149,0.0,149,0,0,13994,1004,46,102,55,41,14,41,2,0,1,0,1,0,0,0,39,6,4.17,5,1,0,0,0,119,3.87,971.81
SP113,soap,2026-04-27,21,149,0.0,149,0,0,12776,900,39,93,37,24,1,36,2,0,0,0,2,0,0,0,34,8,3.5,2,6,0,0,0,127,3.85,1150.15
SP113,soap,2026-05-04,22,149,0.0,149,0,0,8534,645,28,64,26,15,3,23,2,0,2,0,0,0,0,0,21,3,3.67,2,1,0,0,0,130,3.85,539.83
SP113,soap,2026-05-11,23,149,0.0,149,0,0,8564,597,28,71,34,18,4,30,3,0,2,0,1,0,0,0,27,8,4.12,7,1,0,0,0,138,3.86,634.25
SP113,soap,2026-05-18,24,149,0.0,149,0,0,13763,1033,48,131,56,36,7,49,4,0,3,0,0,1,0,0,45,6,3.0,3,1,2,0,2,144,3.83,1176.66
SP113,soap,2026-05-25,25,149,0.0,149,0,0,13423,960,40,103,50,31,3,47,3,0,2,0,1,0,0,0,44,4,3.75,3,1,0,0,0,148,3.82,1383.9
SP113,soap,2026-06-01,26,149,0.0,149,0,0,9867,709,33,77,29,19,0,29,0,0,0,0,0,0,0,0,29,4,4.25,3,1,0,0,0,152,3.84,1227.63
SP113,soap,2026-06-08,27,149,0.0,149,0,0,8463,617,36,68,28,22,5,23,1,0,1,0,0,0,0,0,22,1,5.0,1,0,0,0,0,153,3.84,651.74
SP113,soap,2026-06-15,28,149,0.0,149,0,0,10157,670,25,81,38,22,3,35,2,0,0,1,1,0,0,0,33,10,3.8,6,4,0,0,0,163,3.84,1047.82
SP113,soap,2026-06-22,29,149,0.0,149,0,1,11856,823,33,89,39,33,6,33,0,0,0,0,0,0,0,0,33,3,4.0,2,1,0,0,0,166,3.84,1216.96
SP113,soap,2026-06-29,30,149,0.0,149,0,0,9136,635,28,84,47,27,7,40,5,0,2,1,2,0,0,0,35,5,4.2,4,1,0,0,0,171,3.85,623.77
SP113,soap,2026-07-06,31,149,0.0,149,0,0,11754,886,45,71,25,16,3,22,3,0,1,1,0,0,1,0,19,4,4.0,3,1,0,0,0,175,3.86,325.59
SP113,soap,2026-07-13,32,149,0.0,149,0,0,12856,923,31,121,54,30,6,48,5,0,1,1,2,1,0,0,43,6,4.5,6,0,0,0,0,181,3.88,992.42
SP113,soap,2026-07-20,33,149,0.0,149,0,0,9161,697,30,71,33,22,4,29,0,0,0,0,0,0,0,0,29,1,4.0,1,0,0,0,0,182,3.88,1107.63
SP113,soap,2026-07-27,34,149,0.0,149,0,0,10581,813,34,115,60,40,8,52,2,0,0,0,1,0,1,0,50,7,3.57,3,3,1,0,1,189,3.87,1617.47
SP113,soap,2026-08-03,35,149,0.0,149,0,0,15428,1114,46,123,57,39,4,53,3,0,0,2,1,0,0,0,50,4,4.0,3,1,0,0,0,193,3.87,1607.89
SP113,soap,2026-08-10,36,149,0.0,149,0,0,14593,1052,44,134,71,49,8,63,7,0,2,0,3,2,0,0,56,11,3.91,9,1,1,0,1,204,3.87,1223.6
SP113,soap,2026-08-17,37,149,0.0,149,0,0,16623,1189,43,126,59,36,2,57,6,0,2,2,1,1,0,0,51,6,3.67,5,0,1,0,1,210,3.87,1321.51
SP113,soap,2026-08-24,38,149,0.0,149,1,0,20746,1584,71,185,94,57,14,80,6,0,2,1,2,1,0,0,74,14,4.21,12,1,1,0,1,224,3.89,1935.15
SP113,soap,2026-08-31,39,149,0.0,149,0,0,14607,1050,38,116,54,37,8,46,2,0,0,1,0,1,0,0,44,7,3.57,4,3,0,0,0,231,3.88,1363.47
SP113,soap,2026-09-07,40,149,0.0,149,0,0,16317,1185,50,154,78,57,9,69,5,0,0,2,2,1,0,0,64,10,3.9,8,2,0,0,0,241,3.88,1791.4
SP113,soap,2026-09-14,41,149,0.0,149,0,0,12697,940,39,109,57,37,8,49,3,0,1,0,2,0,0,0,46,13,3.69,7,5,1,0,1,254,3.87,1318.57
SP113,soap,2026-09-21,42,149,0.0,149,0,1,18197,1374,53,161,67,49,10,57,5,0,1,0,3,0,1,0,52,4,4.25,4,0,0,0,0,258,3.88,1253.41
SP114,soap,2025-10-20,1,169,0.0,169,1,0,12938,587,31,60,25,18,3,22,0,0,0,0,0,0,0,0,22,3,4.67,3,0,0,0,0,3,4.67,230.14
SP114,soap,2025-10-27,2,169,0.0,169,0,0,17286,1075,57,121,35,20,1,34,1,0,0,1,0,0,0,0,33,7,4.29,6,0,1,0,1,10,4.4,273.81
SP114,soap,2025-11-03,3,169,0.0,169,0,0,12757,717,41,68,22,17,2,20,1,0,0,0,0,1,0,0,19,3,5.0,3,0,0,0,0,13,4.54,40.08
SP114,soap,2025-11-10,4,169,0.0,169,0,0,12496,690,34,72,31,18,5,26,0,0,0,0,0,0,0,0,26,6,4.17,5,1,0,0,0,19,4.42,228.34
SP114,soap,2025-11-17,5,169,0.0,169,0,0,10217,576,27,77,27,21,2,25,1,0,1,0,0,0,0,0,24,6,3.83,4,2,0,0,0,25,4.28,112.84
SP114,soap,2025-11-24,6,169,0.0,169,0,0,10820,616,33,68,31,20,2,29,1,0,0,0,1,0,0,0,28,4,3.75,3,1,0,0,0,29,4.21,171.05
SP114,soap,2025-12-01,7,169,0.0,169,0,0,12629,696,50,87,37,27,6,31,4,0,1,2,1,0,0,0,27,1,5.0,1,0,0,0,0,30,4.23,-492.71
SP114,soap,2025-12-08,8,169,0.0,169,0,0,9721,585,31,62,32,19,1,31,2,0,0,0,1,0,1,0,29,4,4.0,4,0,0,0,0,34,4.21,39.2
SP114,soap,2025-12-15,9,169,0.0,169,0,0,12393,720,27,90,36,19,5,31,6,0,0,1,5,0,0,0,25,7,3.57,5,0,2,0,2,41,4.1,-844.61
SP114,soap,2025-12-22,10,169,0.0,169,0,0,8633,482,22,54,21,16,1,20,2,0,1,1,0,0,0,0,18,2,3.5,1,1,0,0,0,43,4.07,-120.87
SP114,soap,2025-12-29,11,169,0.0,169,0,0,11896,652,34,80,35,17,5,30,0,0,0,0,0,0,0,0,30,4,4.0,3,1,0,0,0,47,4.06,286.55
SP114,soap,2026-01-05,12,169,0.0,169,0,0,12518,648,35,85,27,18,6,21,1,0,0,0,0,0,1,0,20,3,4.0,2,1,0,0,0,50,4.06,-65.37
SP114,soap,2026-01-12,13,169,0.0,169,0,1,17713,885,46,92,42,20,3,39,3,0,0,1,1,0,1,0,36,7,4.29,5,2,0,0,0,57,4.09,-95.34
SP114,soap,2026-01-19,14,169,0.0,169,0,0,9130,492,26,53,20,15,1,19,2,0,0,1,0,0,1,0,17,1,4.0,1,0,0,0,0,58,4.09,-135.42
SP114,soap,2026-01-26,15,169,0.0,169,0,0,9994,548,25,68,27,15,1,26,2,0,1,0,0,1,0,0,24,1,5.0,1,0,0,0,0,59,4.1,-33.56
SP114,soap,2026-02-02,16,169,0.0,169,0,0,8452,397,20,48,16,10,2,14,1,0,0,1,0,0,0,0,13,3,4.0,2,1,0,0,0,62,4.1,-47.23
SP114,soap,2026-02-09,17,169,0.0,169,0,0,8557,424,21,35,11,11,2,9,1,0,0,0,1,0,0,0,8,0,,0,0,0,0,0,62,4.1,-119.99
SP114,soap,2026-02-16,18,169,0.0,169,0,0,8622,480,22,72,30,19,3,27,1,0,0,1,0,0,0,0,26,5,4.6,5,0,0,0,0,67,4.13,111.94
SP114,soap,2026-02-23,19,169,0.0,169,0,0,13212,714,43,95,36,17,3,33,2,0,0,2,0,0,0,0,31,5,3.8,3,2,0,0,0,72,4.11,8.3
SP114,soap,2026-03-02,20,179,0.1,161,1,1,14248,816,31,92,39,16,2,37,2,0,0,1,0,1,0,0,35,3,4.33,3,0,0,0,0,75,4.12,-170.16
SP114,soap,2026-03-09,21,179,0.0,179,0,0,8170,427,28,39,12,6,0,12,0,0,0,0,0,0,0,0,12,4,4.5,4,0,0,0,0,79,4.14,288.91
SP114,soap,2026-03-16,22,179,0.0,179,0,0,9280,484,31,38,11,6,1,10,1,0,0,0,1,0,0,0,9,2,4.5,2,0,0,0,0,81,4.15,10.28
SP114,soap,2026-03-23,23,179,0.0,179,0,0,9903,503,26,67,27,18,1,26,0,0,0,0,0,0,0,0,26,5,4.0,4,1,0,0,0,86,4.14,595.96
SP114,soap,2026-03-30,24,179,0.0,179,0,0,11040,619,39,66,26,16,4,22,1,0,0,0,1,0,0,0,21,2,4.0,2,0,0,0,0,88,4.14,209.18
SP114,soap,2026-04-06,25,179,0.0,179,0,0,10772,555,28,62,23,14,3,20,1,0,0,0,0,0,1,0,19,3,4.0,2,1,0,0,0,91,4.13,191.03
SP114,soap,2026-04-13,26,179,0.0,179,0,0,9655,487,24,61,26,15,0,26,1,0,0,0,1,0,0,0,25,3,4.0,2,1,0,0,0,94,4.13,425.49
SP114,soap,2026-04-20,27,179,0.0,179,0,0,8593,451,19,64,23,17,3,20,1,0,0,0,1,0,0,0,19,3,4.33,3,0,0,0,0,97,4.13,191.03
SP114,soap,2026-04-27,28,179,0.0,179,0,0,8958,461,20,55,17,7,3,14,0,0,0,0,0,0,0,0,14,2,4.5,2,0,0,0,0,99,4.14,247.06
SP114,soap,2026-05-04,29,179,0.0,179,0,0,9871,518,29,55,24,13,1,23,1,0,0,0,1,0,0,0,22,3,4.0,2,1,0,0,0,102,4.14,323.26
SP114,soap,2026-05-11,30,179,0.0,179,0,0,10173,537,28,58,18,10,1,17,2,0,1,0,0,1,0,0,15,1,4.0,1,0,0,0,0,103,4.14,-21.67
SP114,soap,2026-05-18,31,179,0.0,179,0,0,10486,563,30,58,27,17,8,19,1,0,0,1,0,0,0,0,18,3,4.33,3,0,0,0,0,106,4.14,16.96
SP114,soap,2026-05-25,32,179,0.0,179,0,0,9375,484,21,63,23,14,3,20,1,0,0,0,1,0,0,0,19,2,5.0,2,0,0,0,0,108,4.16,191.03
SP114,soap,2026-06-01,33,179,0.0,179,0,0,8089,455,25,55,22,13,2,20,1,0,1,0,0,0,0,0,19,1,3.0,0,1,0,0,0,109,4.15,221.03
SP114,soap,2026-06-08,34,179,0.0,179,0,0,9518,519,31,63,28,14,2,26,2,0,0,0,0,1,1,0,24,3,4.33,2,1,0,0,0,112,4.15,165.01
SP114,soap,2026-06-15,35,179,0.0,179,0,0,8601,474,23,38,18,9,1,17,1,0,0,1,0,0,0,0,16,3,3.33,1,1,1,0,1,115,4.13,178.81
SP114,soap,2026-06-22,36,179,0.2,143,0,1,13054,801,33,121,59,39,5,54,4,0,0,1,3,0,0,0,50,9,4.22,7,2,0,0,0,124,4.14,-1366.11
SP114,soap,2026-06-29,37,179,0.0,179,0,0,11035,553,30,68,24,14,4,20,1,0,0,0,1,0,0,0,19,0,,0,0,0,0,0,124,4.14,161.03
SP114,soap,2026-07-06,38,179,0.0,179,0,0,12570,686,42,74,34,25,3,31,3,0,1,2,0,0,0,0,28,2,3.5,1,1,0,0,0,126,4.13,54.91
SP114,soap,2026-07-13,39,179,0.0,179,0,0,10217,558,25,68,29,17,0,29,6,0,2,3,1,0,0,0,23,3,2.67,1,1,1,0,1,129,4.09,-504.67
SP114,soap,2026-07-20,40,179,0.0,179,0,0,10069,494,23,60,20,12,2,18,0,0,0,0,0,0,0,0,18,2,4.5,2,0,0,0,0,131,4.1,373.36
SP114,soap,2026-07-27,41,179,0.0,179,0,0,12012,604,27,81,31,18,1,30,1,0,0,1,0,0,0,0,29,9,4.11,8,1,0,0,0,140,4.1,491.79
SP114,soap,2026-08-03,42,179,0.0,179,0,0,11157,605,26,74,27,14,2,25,0,0,0,0,0,0,0,0,25,5,3.8,4,1,0,0,0,145,4.09,541.89
SP114,soap,2026-08-10,43,179,0.0,179,0,0,8991,461,23,66,28,17,0,28,2,0,1,1,0,0,0,0,26,4,4.0,3,1,0,0,0,149,4.09,273.16
SP114,soap,2026-08-17,44,179,0.0,179,0,0,8367,432,28,43,15,10,1,14,1,0,1,0,0,0,0,0,13,3,4.0,2,1,0,0,0,152,4.09,106.58
SP114,soap,2026-08-24,45,179,0.0,179,1,0,11061,560,26,71,35,25,2,33,1,0,0,1,0,0,0,0,32,6,4.0,4,2,0,0,0,158,4.08,534.02
SP114,soap,2026-08-31,46,179,0.0,179,0,0,11423,583,25,68,26,20,3,23,2,0,2,0,0,0,0,0,21,4,4.25,4,0,0,0,0,162,4.09,62.78
SP114,soap,2026-09-07,47,179,0.0,179,0,0,10435,588,39,85,35,25,4,31,3,0,0,0,3,0,0,0,28,7,3.71,4,2,1,1,0,169,4.07,24.91
SP114,soap,2026-09-14,48,179,0.0,179,0,0,11657,629,26,78,41,31,5,36,1,0,0,0,1,0,0,0,35,5,4.6,5,0,0,0,0,174,4.09,516.24
SP114,soap,2026-09-21,49,179,0.0,179,0,1,15372,804,37,84,33,20,0,33,2,0,0,1,0,0,1,0,31,3,3.67,2,1,0,0,0,177,4.08,393.54
SP115,soap,2025-10-27,1,219,0.0,219,0,0,9143,208,14,13,6,3,0,6,3,0,1,0,0,0,2,0,3,1,3.0,0,1,0,0,0,1,3.0,-319.18
SP115,soap,2025-11-03,2,219,0.0,219,0,0,7593,127,5,7,3,1,0,3,1,0,0,0,1,0,0,0,2,0,,0,0,0,0,0,1,3.0,-40.3
SP115,soap,2025-11-10,3,219,0.0,219,0,0,4112,60,5,4,0,0,0,0,0,0,0,0,0,0,0,0,0,0,,0,0,0,0,0,1,3.0,0.0
SP115,soap,2025-11-17,4,219,0.0,219,0,0,4234,69,5,3,0,0,0,0,0,0,0,0,0,0,0,0,0,0,,0,0,0,0,0,1,3.0,0.0
SP115,soap,2025-11-24,5,219,0.0,219,0,0,3264,49,0,3,1,1,0,1,0,0,0,0,0,0,0,0,1,0,,0,0,0,0,0,1,3.0,66.09
SP115,soap,2025-12-01,6,219,0.0,219,0,0,3640,61,4,0,0,0,0,0,0,0,0,0,0,0,0,0,0,0,,0,0,0,0,0,1,3.0,0.0
SP115,soap,2025-12-08,7,219,0.0,219,0,0,2818,49,3,1,1,1,0,1,0,0,0,0,0,0,0,0,1,0,,0,0,0,0,0,1,3.0,66.09
SP116,soap,2026-03-23,1,169,0.0,169,0,0,11348,355,18,30,10,4,1,9,2,0,1,0,1,0,0,0,7,2,3.0,1,0,1,0,1,2,3.0,80.44
SP116,soap,2026-03-30,2,169,0.0,169,0,0,6624,144,7,9,3,2,1,2,1,0,0,0,0,1,0,0,1,1,2.0,0,0,1,1,0,3,2.67,-121.75
SP116,soap,2026-04-06,3,169,0.0,169,0,0,4995,104,9,2,2,0,0,2,0,0,0,0,0,0,0,0,2,1,3.0,0,1,0,0,0,4,2.75,112.33
SP116,soap,2026-04-13,4,169,0.0,169,0,0,3568,69,4,7,3,2,0,3,0,0,0,0,0,0,0,0,3,1,5.0,1,0,0,0,0,5,3.2,168.49
SP116,soap,2026-04-20,5,169,0.0,169,0,0,4427,97,5,8,2,2,0,2,1,0,0,0,1,0,0,0,1,0,,0,0,0,0,0,5,3.2,-78.63
SP116,soap,2026-04-27,6,169,0.0,169,0,0,3521,98,7,6,1,0,0,1,0,0,0,0,0,0,0,0,1,0,,0,0,0,0,0,5,3.2,56.16
SP116,soap,2026-05-04,7,169,0.0,169,0,0,2671,87,8,6,0,0,0,0,0,0,0,0,0,0,0,0,0,0,,0,0,0,0,0,5,3.2,0.0
SP116,soap,2026-05-11,8,169,0.0,169,0,0,3020,87,2,6,3,1,1,2,0,0,0,0,0,0,0,0,2,0,,0,0,0,0,0,5,3.2,69.2
SP116,soap,2026-05-18,9,169,0.0,169,0,0,3434,87,4,4,3,3,0,3,1,0,0,0,1,0,0,0,2,2,3.5,1,1,0,0,0,7,3.29,-22.46
SP116,soap,2026-05-25,10,169,0.0,169,0,0,4437,108,7,13,5,2,1,4,0,0,0,0,0,0,0,0,4,0,,0,0,0,0,0,7,3.29,181.53
SP116,soap,2026-06-01,11,169,0.0,169,0,0,3653,102,5,4,1,1,0,1,0,0,0,0,0,0,0,0,1,0,,0,0,0,0,0,7,3.29,56.16
SP116,soap,2026-06-08,12,169,0.0,169,0,0,3377,86,3,5,3,1,0,3,0,0,0,0,0,0,0,0,3,0,,0,0,0,0,0,7,3.29,168.49
SP116,soap,2026-06-15,13,169,0.0,169,0,0,4172,123,6,10,4,2,0,4,0,0,0,0,0,0,0,0,4,1,3.0,0,1,0,0,0,8,3.25,224.65
SP116,soap,2026-06-22,14,169,0.0,169,0,1,4306,119,6,10,7,5,1,6,0,0,0,0,0,0,0,0,6,2,4.0,2,0,0,0,0,10,3.4,293.85
SP116,soap,2026-06-29,15,169,0.0,169,0,0,4346,111,5,9,2,1,1,1,0,0,0,0,0,0,0,0,1,0,,0,0,0,0,0,10,3.4,13.04
SP116,soap,2026-07-06,16,169,0.0,169,0,0,5266,145,5,16,9,2,1,8,0,0,0,0,0,0,0,0,8,1,5.0,1,0,0,0,0,11,3.55,406.18
SP116,soap,2026-07-13,17,169,0.0,169,0,0,4214,119,9,9,2,1,0,2,0,0,0,0,0,0,0,0,2,0,,0,0,0,0,0,11,3.55,112.33
SP116,soap,2026-07-20,18,169,0.0,169,0,0,4969,131,3,8,5,2,0,5,2,0,1,0,1,0,0,0,3,1,2.0,0,0,1,0,1,12,3.42,-101.09
SP116,soap,2026-07-27,19,169,0.0,169,0,0,4505,119,3,13,6,4,0,6,0,0,0,0,0,0,0,0,6,1,5.0,1,0,0,0,0,13,3.54,336.98
SP116,soap,2026-08-03,20,169,0.0,169,0,0,4593,147,7,4,2,1,0,2,1,0,0,1,0,0,0,0,1,0,,0,0,0,0,0,13,3.54,-78.63
SP116,soap,2026-08-10,21,169,0.0,169,0,0,3755,113,8,12,3,2,0,3,0,0,0,0,0,0,0,0,3,0,,0,0,0,0,0,13,3.54,168.49
SP116,soap,2026-08-17,22,169,0.0,169,0,0,4922,143,8,11,8,2,0,8,0,0,0,0,0,0,0,0,8,0,,0,0,0,0,0,13,3.54,449.3
SP116,soap,2026-08-24,23,169,0.0,169,1,0,7634,216,14,23,11,8,1,10,1,0,0,0,1,0,0,0,9,1,4.0,1,0,0,0,0,14,3.57,327.55
SP116,soap,2026-08-31,24,169,0.0,169,0,0,5779,175,8,11,4,1,0,4,1,0,0,0,0,1,0,0,3,0,,0,0,0,0,0,14,3.57,33.7
SP116,soap,2026-09-07,25,169,0.0,169,0,0,5518,155,4,19,4,3,0,4,0,0,0,0,0,0,0,0,4,0,,0,0,0,0,0,14,3.57,224.65
SP116,soap,2026-09-14,26,169,0.0,169,0,0,6512,200,11,18,10,5,1,9,1,0,0,0,1,0,0,0,8,2,4.0,1,1,0,0,0,16,3.62,271.39
SP116,soap,2026-09-21,27,169,0.0,169,0,1,8155,254,13,11,5,2,0,5,0,0,0,0,0,0,0,0,5,0,,0,0,0,0,0,16,3.62,280.81
SP117,soap,2025-10-13,1,149,0.0,149,1,0,12519,1178,53,149,73,42,8,65,3,0,2,1,0,0,0,0,62,12,4.0,10,2,0,0,0,12,4.0,2115.88
SP117,soap,2025-10-20,2,149,0.0,149,1,0,45577,4557,200,535,246,177,27,219,24,0,6,7,10,0,1,0,195,26,3.77,18,6,2,1,1,38,3.84,4739.35
SP117,soap,2025-10-27,3,189,0.0,189,0,0,26775,2311,116,220,80,60,10,70,8,0,2,3,3,0,0,0,62,5,3.8,3,1,1,0,1,43,3.84,3779.15
SP117,soap,2025-11-03,4,189,0.0,189,0,0,24364,2139,113,225,81,50,11,70,4,0,0,3,0,1,0,0,66,6,4.33,6,0,0,0,0,49,3.9,4589.15
SP117,soap,2025-11-10,5,189,0.0,189,0,0,13339,1080,53,108,39,32,7,32,3,0,0,2,0,1,0,0,29,5,2.6,0,3,2,0,2,54,3.78,1792.76
SP117,soap,2025-11-17,6,189,0.0,189,0,0,13599,1092,61,121,42,31,6,36,3,0,0,3,0,0,0,0,33,1,4.0,1,0,0,0,0,55,3.78,2151.85
SP117,soap,2025-11-24,7,189,0.0,189,0,0,12983,1105,55,96,38,31,5,33,2,0,1,0,0,0,1,0,31,1,4.0,1,0,0,0,0,56,3.79,2145.03
SP117,soap,2025-12-01,8,189,0.0,189,0,0,11446,941,57,97,33,21,1,32,2,0,0,0,1,0,1,0,30,6,4.0,4,2,0,0,0,62,3.81,2182.76
SP117,soap,2025-12-08,9,189,0.0,189,0,0,17698,1458,63,168,62,44,5,57,4,0,1,1,2,0,0,0,53,6,3.5,4,0,2,1,1,68,3.78,3699.6
SP117,soap,2025-12-15,10,189,0.0,189,0,0,11894,950,50,85,28,22,2,26,0,0,0,0,0,0,0,0,26,4,3.5,2,2,0,0,0,72,3.76,2079.11
SP117,soap,2025-12-22,11,189,0.0,189,0,0,12607,1018,50,113,45,30,3,42,4,0,0,1,1,2,0,0,38,4,3.5,2,2,0,0,0,76,3.75,2525.49
SP117,soap,2025-12-29,12,189,0.0,189,0,0,14286,1166,63,111,50,38,4,46,2,0,0,0,0,1,1,0,44,6,4.5,5,1,0,0,0,82,3.8,3244.59
SP117,soap,2026-01-05,13,189,0.0,189,0,0,13597,1141,66,109,36,22,4,32,6,0,0,2,4,0,0,0,26,3,3.33,1,2,0,0,0,85,3.79,1252.76
SP117,soap,2026-01-12,14,189,0.0,189,0,1,13877,1208,58,127,52,31,4,48,1,0,1,0,0,0,0,0,47,7,4.0,7,0,0,0,0,92,3.8,3619.13
SP117,soap,2026-01-19,15,189,0.0,189,0,0,12489,1128,51,114,41,28,2,39,4,0,1,1,1,0,1,0,35,2,3.5,1,1,0,0,0,94,3.8,2308.67
SP117,soap,2026-01-26,16,189,0.0,189,0,0,14315,1211,55,125,46,39,6,40,2,0,1,1,0,0,0,0,38,2,3.5,1,1,0,0,0,96,3.79,2690.95
SP117,soap,2026-02-02,17,189,0.0,189,0,0,8943,715,31,76,34,26,5,29,2,0,0,1,1,0,0,0,27,3,4.0,2,1,0,0,0,99,3.8,1815.94
SP117,soap,2026-02-09,18,189,0.0,189,0,0,12973,1117,53,114,45,32,6,39,5,0,1,1,1,2,0,0,34,2,3.5,1,1,0,0,0,101,3.79,1978.67
SP117,soap,2026-02-16,19,189,0.0,189,0,0,13795,1157,60,126,48,30,10,38,4,0,0,2,2,0,0,0,34,7,4.14,5,2,0,0,0,108,3.81,1986.4
SP117,soap,2026-02-23,20,189,0.0,189,0,0,11545,1001,52,94,34,18,3,31,4,0,1,2,0,1,0,0,27,4,3.75,3,1,0,0,0,112,3.81,1620.48
SP117,soap,2026-03-02,21,189,0.0,189,1,1,15463,1303,57,123,56,38,1,55,6,0,1,1,3,0,1,0,49,11,4.0,8,3,0,0,0,123,3.83,3235.05
SP117,soap,2026-03-09,22,189,0.0,189,0,0,7925,666,36,57,27,18,2,25,0,0,0,0,0,0,0,0,25,2,4.0,2,0,0,0,0,125,3.83,1996.84
SP117,soap,2026-03-16,23,189,0.0,189,0,0,10421,948,64,85,23,17,4,19,2,0,0,0,1,0,1,0,17,3,3.33,1,2,0,0,0,128,3.82,1023.2
SP117,soap,2026-03-23,24,189,0.0,189,0,0,12043,1000,51,90,39,29,4,35,3,0,2,0,0,1,0,0,32,5,4.6,5,0,0,0,0,133,3.85,2129.58
SP117,soap,2026-03-30,25,189,0.0,189,0,0,12755,1110,61,109,39,26,2,37,0,0,0,0,0,0,0,0,37,6,3.67,4,2,0,0,0,139,3.84,2984.12
SP117,soap,2026-04-06,26,189,0.0,189,0,0,12708,1079,52,113,43,29,6,37,1,0,1,0,0,0,0,0,36,3,3.67,2,1,0,0,0,142,3.84,2654.12
SP117,soap,2026-04-13,27,189,0.0,189,0,0,12186,1046,53,103,40,27,3,37,2,0,1,1,0,0,0,0,35,3,4.33,2,1,0,0,0,145,3.85,2534.12
SP117,soap,2026-04-20,28,189,0.0,189,0,0,13348,1197,67,101,41,25,4,37,4,0,2,1,1,0,0,0,33,2,3.5,1,0,1,0,1,147,3.84,2084.12
SP117,soap,2026-04-27,29,189,0.0,189,0,0,10416,920,45,81,33,21,4,29,1,0,1,0,0,0,0,0,28,9,4.22,7,2,0,0,0,156,3.87,2055.94
SP117,soap,2026-05-04,30,189,0.0,189,0,0,10031,884,52,64,24,14,1,23,0,0,0,0,0,0,0,0,23,2,3.5,1,1,0,0,0,158,3.86,1862.29
SP117,soap,2026-05-11,31,189,0.0,189,0,0,10438,904,42,80,24,15,3,21,1,0,0,0,1,0,0,0,20,5,4.2,4,1,0,0,0,163,3.87,1427.75
SP117,soap,2026-05-18,32,189,0.0,189,0,0,7754,635,45,62,28,19,4,24,3,0,1,1,0,1,0,0,21,4,4.5,3,1,0,0,0,167,3.89,1224.57
SP117,soap,2026-05-25,33,189,0.0,189,0,0,10883,902,37,91,34,24,3,31,2,0,0,0,2,0,0,0,29,5,3.4,2,2,1,1,0,172,3.87,2040.48
SP117,soap,2026-06-01,34,189,0.0,189,0,0,10008,809,42,71,36,25,5,31,1,0,0,1,0,0,0,0,30,3,4.0,2,1,0,0,0,175,3.87,2190.48
SP117,soap,2026-06-08,35,189,0.0,189,0,0,9169,778,40,78,29,17,2,27,4,0,3,0,1,0,0,0,23,3,3.67,1,2,0,0,0,178,3.87,1321.39
SP117,soap,2026-06-15,36,189,0.0,189,0,0,10531,926,50,106,39,30,1,38,3,0,0,0,3,0,0,0,35,2,4.5,2,0,0,0,0,180,3.88,2466.4
SP117,soap,2026-06-22,37,189,0.0,189,0,1,12051,1041,68,120,52,36,6,46,1,0,0,1,0,0,0,0,45,7,3.43,4,2,1,1,0,187,3.86,3394.59
SP117,soap,2026-06-29,38,189,0.0,189,0,0,13549,1136,53,124,54,39,2,52,1,0,1,0,0,0,0,0,51,5,4.0,5,0,0,0,0,192,3.86,4008.23
SP117,soap,2026-07-06,39,189,0.0,189,0,0,7989,711,42,84,28,18,0,28,3,0,0,0,2,0,1,0,25,5,3.8,4,1,0,0,0,197,3.86,1673.66
SP117,soap,2026-07-13,40,189,0.0,189,0,0,10300,905,48,97,40,30,2,38,2,0,0,1,1,0,0,0,36,3,4.0,2,1,0,0,0,200,3.87,2646.4
SP117,soap,2026-07-20,41,189,0.0,189,0,0,13946,1156,58,124,48,32,4,44,4,0,1,0,3,0,0,0,40,7,4.0,7,0,0,0,0,207,3.87,2660.04
SP117,soap,2026-07-27,42,189,0.0,189,0,0,10678,905,45,87,40,31,4,36,2,0,1,0,1,0,0,0,34,6,3.83,4,2,0,0,0,213,3.87,2421.85
SP117,soap,2026-08-03,43,189,0.0,189,0,0,12795,1162,65,132,45,28,8,37,1,0,0,1,0,0,0,0,36,10,3.6,7,2,1,1,0,223,3.86,2594.12
SP117,soap,2026-08-10,44,189,0.0,189,0,0,10565,910,48,90,42,29,6,36,0,0,0,0,0,0,0,0,36,5,4.6,5,0,0,0,0,228,3.87,2781.85
SP117,soap,2026-08-17,45,189,0.0,189,0,0,12227,1088,71,113,46,29,8,38,1,0,0,1,0,0,0,0,37,6,3.5,3,2,1,0,1,234,3.86,2676.4
SP117,soap,2026-08-24,46,189,0.0,189,1,0,18038,1596,65,175,76,46,7,69,3,0,0,0,2,0,1,0,66,10,3.6,5,5,0,0,0,244,3.85,4836.88
SP117,soap,2026-08-31,47,189,0.0,189,0,0,13303,1155,59,121,56,36,7,49,6,0,0,1,4,1,0,0,43,5,4.0,4,0,1,0,1,249,3.86,2561.41
SP117,soap,2026-09-07,48,189,0.0,189,0,0,12494,1099,55,113,47,38,4,43,4,0,0,0,1,1,2,0,39,6,4.0,5,0,1,0,1,255,3.86,2577.77
SP117,soap,2026-09-14,49,189,0.0,189,0,0,12274,1081,52,107,49,28,5,44,2,0,2,0,0,0,0,0,42,5,3.8,3,2,0,0,0,260,3.86,3050.04
SP117,soap,2026-09-21,50,189,0.2,151,0,1,18314,1886,88,262,134,91,19,115,3,0,1,2,0,0,0,0,112,13,3.77,8,5,0,0,0,273,3.85,4208.13
SP118,soap,2026-04-20,1,159,0.0,159,0,0,9824,590,41,79,33,23,1,32,3,0,2,0,1,0,0,0,29,8,4.25,6,2,0,0,0,8,4.25,440.72
SP118,soap,2026-04-27,2,159,0.0,159,0,0,20151,1407,84,197,88,56,10,78,2,0,1,0,1,0,0,0,76,9,3.67,6,2,1,0,1,17,3.94,1811.22
SP118,soap,2026-05-04,3,179,0.0,179,0,0,12973,754,41,82,35,23,4,31,2,0,0,0,1,1,0,0,29,4,4.5,3,1,0,0,0,21,4.05,1052.81
SP118,soap,2026-05-11,4,179,0.0,179,0,0,13655,847,40,101,44,33,8,36,3,0,1,2,0,0,0,0,33,6,4.17,5,1,0,0,0,27,4.07,986.17
SP118,soap,2026-05-18,5,179,0.0,179,0,0,14037,927,49,126,48,24,5,43,1,0,1,0,0,0,0,0,42,8,4.25,7,1,0,0,0,35,4.11,1832.48
SP118,soap,2026-05-25,6,179,0.0,179,0,0,8804,565,29,63,32,21,2,30,3,0,2,0,0,1,0,0,27,5,3.2,2,2,1,0,1,40,4.0,861.57
SP118,soap,2026-06-01,7,179,0.0,179,0,0,13814,867,45,96,40,29,6,34,4,0,2,1,1,0,0,0,30,4,4.0,3,1,0,0,0,44,4.0,744.16
SP118,soap,2026-06-08,8,179,0.0,179,0,0,10960,714,33,80,29,19,1,28,2,0,0,1,1,0,0,0,26,4,4.0,3,0,1,0,1,48,4.0,990.51
SP118,soap,2026-06-15,9,179,0.0,179,0,0,11273,756,45,105,43,22,2,41,2,0,0,1,0,0,1,0,39,2,4.5,2,0,0,0,0,50,4.02,1620.47
SP118,soap,2026-06-22,10,179,0.0,179,0,1,12313,772,45,92,34,19,5,29,1,0,1,0,0,0,0,0,28,3,4.0,2,1,0,0,0,53,4.02,1121.75
SP118,soap,2026-06-29,11,179,0.0,179,0,0,9744,650,40,71,33,21,4,29,0,0,0,0,0,0,0,0,29,4,5.0,4,0,0,0,0,57,4.09,1352.23
SP118,soap,2026-07-06,12,179,0.0,179,0,0,11487,758,38,101,47,28,1,46,3,0,1,1,0,1,0,0,43,10,3.8,8,1,1,0,1,67,4.04,1703.83
SP118,soap,2026-07-13,13,179,0.0,179,0,0,13542,847,51,102,37,28,5,32,1,0,1,0,0,0,0,0,31,6,4.67,6,0,0,0,0,73,4.1,1274.05
SP118,soap,2026-07-20,14,179,0.0,179,0,0,11878,778,38,94,36,23,2,34,1,0,0,0,1,0,0,0,33,9,4.56,9,0,0,0,0,82,4.15,1465.59
SP118,soap,2026-07-27,15,179,0.0,179,0,0,10651,720,40,96,43,31,5,38,1,0,0,0,1,0,0,0,37,3,4.67,3,0,0,0,0,85,4.16,1578.65
SP118,soap,2026-08-03,16,179,0.0,179,0,0,11807,836,47,112,43,32,5,38,2,0,1,0,0,1,0,0,36,5,4.0,3,2,0,0,0,90,4.16,1378.18
SP118,soap,2026-08-10,17,179,0.0,179,0,0,12474,862,42,98,36,23,3,33,2,0,0,2,0,0,0,0,31,5,4.2,4,1,0,0,0,95,4.16,1184.34
SP118,soap,2026-08-17,18,179,0.0,179,0,0,12409,852,31,93,44,28,2,42,2,0,1,0,1,0,0,0,40,5,4.6,5,0,0,0,0,100,4.18,1671.24
SP118,soap,2026-08-24,19,179,0.0,179,1,0,12196,859,51,126,55,27,5,50,3,0,0,1,0,2,0,0,47,7,4.57,7,0,0,0,0,107,4.21,1786.9
SP118,soap,2026-08-31,20,179,0.0,179,0,0,14357,996,53,140,69,45,4,65,3,0,0,3,0,0,0,0,62,10,4.3,8,2,0,0,0,117,4.21,2578.4
SP118,soap,2026-09-07,21,179,0.0,179,0,0,17929,1321,80,171,69,49,10,59,3,0,1,1,1,0,0,0,56,12,4.33,10,1,1,0,1,129,4.22,2093.8
SP118,soap,2026-09-14,22,179,0.0,179,0,0,16646,1176,63,173,67,43,8,59,4,0,1,1,1,1,0,0,55,8,4.25,7,1,0,0,0,137,4.23,1953.32
SP118,soap,2026-09-21,23,179,0.2,143,0,1,22002,1871,85,267,148,101,14,134,4,0,3,0,0,0,1,0,130,23,4.39,21,2,0,0,0,160,4.25,1123.67
SP119,soap,2026-02-23,1,209,0.0,209,0,0,9299,346,22,19,3,2,1,2,0,0,0,0,0,0,0,0,2,0,,0,0,0,0,0,0,,112.06
SP119,soap,2026-03-02,2,209,0.1,188,1,1,8312,294,17,13,4,3,1,3,0,0,0,0,0,0,0,0,3,1,4.0,1,0,0,0,0,1,4.0,123.09
SP119,soap,2026-03-09,3,209,0.0,209,0,0,3905,143,5,13,5,3,0,5,0,0,0,0,0,0,0,0,5,1,3.0,0,1,0,0,0,2,3.5,355.15
SP119,soap,2026-03-16,4,209,0.0,209,0,0,3895,109,6,10,5,4,0,5,0,0,0,0,0,0,0,0,5,0,,0,0,0,0,0,2,3.5,355.15
SP119,soap,2026-03-23,5,179,0.0,179,0,0,4004,149,7,4,1,1,1,0,0,0,0,0,0,0,0,0,0,0,,0,0,0,0,0,2,3.5,-30.0
SP119,soap,2026-03-30,6,179,0.0,179,0,0,5323,189,12,18,8,5,2,6,0,0,0,0,0,0,0,0,6,0,,0,0,0,0,0,2,3.5,194.75
SP119,soap,2026-04-06,7,179,0.0,179,0,0,5051,160,7,14,5,3,2,3,0,0,0,0,0,0,0,0,3,0,,0,0,0,0,0,2,3.5,67.37
SP119,soap,2026-04-13,8,179,0.0,179,0,0,3728,133,11,15,8,5,1,7,1,0,0,0,1,0,0,0,6,1,3.0,0,1,0,0,0,3,3.33,66.73
SP119,soap,2026-04-20,9,179,0.0,179,0,0,4080,155,7,14,8,5,1,7,2,0,0,0,2,0,0,0,5,2,4.0,1,1,0,0,0,5,3.6,-133.75
SP119,soap,2026-04-27,10,179,0.0,179,0,0,5237,192,5,15,5,3,0,5,0,0,0,0,0,0,0,0,5,2,4.0,1,1,0,0,0,7,3.71,212.29
SP119,soap,2026-05-04,11,179,0.0,179,0,0,5094,195,9,15,5,5,1,4,0,0,0,0,0,0,0,0,4,1,4.0,1,0,0,0,0,8,3.75,139.83
SP119,soap,2026-05-11,12,179,0.0,179,0,0,5965,257,17,13,5,3,1,4,0,0,0,0,0,0,0,0,4,0,,0,0,0,0,0,8,3.75,139.83
SP119,soap,2026-05-18,13,179,0.0,179,0,0,3673,148,2,15,5,2,0,5,0,0,0,0,0,0,0,0,5,0,,0,0,0,0,0,8,3.75,212.29
SP119,soap,2026-05-25,14,179,0.0,179,0,0,4985,223,8,16,4,2,0,4,1,0,1,0,0,0,0,0,3,0,,0,0,0,0,0,8,3.75,-30.64
SP119,soap,2026-06-01,15,179,0.0,179,0,0,4815,190,10,15,5,2,0,5,0,0,0,0,0,0,0,0,5,1,3.0,0,1,0,0,0,9,3.67,212.29
SP119,soap,2026-06-08,16,179,0.0,179,0,0,4539,202,11,10,3,3,0,3,0,0,0,0,0,0,0,0,3,1,4.0,1,0,0,0,0,10,3.7,127.37
SP119,soap,2026-06-15,17,179,0.0,179,0,0,4058,187,8,21,9,5,1,8,1,0,1,0,0,0,0,0,7,2,3.0,1,0,1,0,1,12,3.58,109.19
SP119,soap,2026-06-22,18,179,0.0,179,0,1,9034,377,19,22,9,6,1,8,0,0,0,0,0,0,0,0,8,1,3.0,0,1,0,0,0,13,3.54,309.66
SP119,soap,2026-06-29,19,179,0.0,179,0,0,4932,203,8,14,6,3,1,5,0,0,0,0,0,0,0,0,5,0,,0,0,0,0,0,13,3.54,182.29
SP119,soap,2026-07-06,20,179,0.0,179,0,0,3759,161,8,13,6,2,0,6,0,0,0,0,0,0,0,0,6,1,5.0,1,0,0,0,0,14,3.64,254.75
SP119,soap,2026-07-13,21,179,0.0,179,0,0,8096,360,16,20,9,7,1,8,0,0,0,0,0,0,0,0,8,1,3.0,0,1,0,0,0,15,3.6,309.66
SP119,soap,2026-07-20,22,179,0.0,179,0,0,5967,236,5,12,5,3,0,5,0,0,0,0,0,0,0,0,5,2,2.0,0,1,1,1,0,17,3.41,212.29
SP119,soap,2026-07-27,23,179,0.0,179,0,0,4813,164,10,14,5,2,0,5,0,0,0,0,0,0,0,0,5,0,,0,0,0,0,0,17,3.41,212.29
SP119,soap,2026-08-03,24,179,0.0,179,0,0,4763,162,6,11,3,3,0,3,0,0,0,0,0,0,0,0,3,0,,0,0,0,0,0,17,3.41,127.37
SP119,soap,2026-08-10,25,179,0.0,179,0,0,4806,209,6,16,4,3,1,3,1,0,1,0,0,0,0,0,2,0,,0,0,0,0,0,17,3.41,-103.1
SP119,soap,2026-08-17,26,179,0.0,179,0,0,4206,148,10,11,5,3,1,4,0,0,0,0,0,0,0,0,4,1,3.0,0,1,0,0,0,18,3.39,139.83
SP119,soap,2026-08-24,27,179,0.0,179,1,0,5042,202,10,11,6,6,2,4,0,0,0,0,0,0,0,0,4,0,,0,0,0,0,0,18,3.39,109.83
SP119,soap,2026-08-31,28,179,0.0,179,0,0,4727,199,7,16,5,5,2,3,1,0,1,0,0,0,0,0,2,0,,0,0,0,0,0,18,3.39,-133.1
SP119,soap,2026-09-07,29,179,0.0,179,0,0,5584,213,9,12,3,3,0,3,0,0,0,0,0,0,0,0,3,1,3.0,0,1,0,0,0,19,3.37,127.37
SP119,soap,2026-09-14,30,179,0.0,179,0,0,5306,208,11,19,8,4,1,7,1,0,0,1,0,0,0,0,6,1,4.0,1,0,0,0,0,20,3.4,66.73
SP119,soap,2026-09-21,31,179,0.15,152,0,1,7497,366,13,26,13,9,0,13,1,0,1,0,0,0,0,0,12,3,4.0,2,1,0,0,0,23,3.48,42.91
SP120,soap,2025-11-10,1,179,0.0,179,0,0,9889,430,18,35,18,10,1,17,5,0,0,2,2,1,0,0,12,3,3.33,1,2,0,0,0,3,3.33,-198.17
SP120,soap,2025-11-17,2,179,0.0,179,0,0,14324,556,20,59,16,9,3,13,0,0,0,0,0,0,0,0,13,2,4.0,2,0,0,0,0,5,3.6,547.93
SP120,soap,2025-11-24,3,179,0.0,179,0,0,9687,425,16,27,7,5,1,6,0,0,0,0,0,0,0,0,6,1,4.0,1,0,0,0,0,6,3.67,264.43
SP120,soap,2025-12-01,4,179,0.0,179,0,0,6061,257,16,11,3,1,0,3,0,0,0,0,0,0,0,0,3,1,2.0,0,0,1,1,0,7,3.43,147.21
SP120,soap,2025-12-08,5,179,0.0,179,0,0,4784,180,12,13,3,1,0,3,0,0,0,0,0,0,0,0,3,0,,0,0,0,0,0,7,3.43,147.21
SP120,soap,2025-12-15,6,179,0.0,179,0,0,4056,158,8,20,9,5,0,9,1,0,1,0,0,0,0,0,8,3,4.33,2,1,0,0,0,10,3.7,241.16
SP120,soap,2025-12-22,7,179,0.0,179,0,0,7490,296,10,23,8,8,3,5,0,0,0,0,0,0,0,0,5,0,,0,0,0,0,0,10,3.7,155.36
SP120,soap,2025-12-29,8,179,0.0,179,0,0,7483,321,19,27,8,6,2,6,2,0,2,0,0,0,0,0,4,0,,0,0,0,0,0,10,3.7,-166.53
SP120,soap,2026-01-05,9,179,0.0,179,0,0,6687,276,13,28,10,5,1,9,1,0,0,0,1,0,0,0,8,2,4.0,2,0,0,0,0,12,3.75,211.16
SP120,soap,2026-01-12,10,179,0.0,179,0,1,8733,425,21,32,13,6,0,13,0,0,0,0,0,0,0,0,13,2,4.0,1,1,0,0,0,14,3.79,637.93
SP120,soap,2026-01-19,11,179,0.0,179,0,0,6177,266,12,23,11,6,0,11,0,0,0,0,0,0,0,0,11,1,4.0,1,0,0,0,0,15,3.8,539.78
SP120,soap,2026-01-26,12,179,0.0,179,0,0,7194,344,23,27,11,5,1,10,2,0,1,0,1,0,0,0,8,0,,0,0,0,0,0,15,3.8,59.76
SP120,soap,2026-02-02,13,179,0.0,179,0,0,7840,353,15,27,10,6,1,9,1,0,0,0,1,0,0,0,8,0,,0,0,0,0,0,15,3.8,211.16
SP120,soap,2026-02-09,14,179,0.0,179,0,0,5926,309,16,29,6,3,0,6,1,0,0,0,1,0,0,0,5,0,,0,0,0,0,0,15,3.8,93.95
SP120,soap,2026-02-16,15,179,0.0,179,0,0,7171,319,7,27,5,3,0,5,2,0,2,0,0,0,0,0,3,0,,0,0,0,0,0,15,3.8,-155.6
SP120,soap,2026-02-23,16,179,0.0,179,0,0,6499,322,18,20,11,7,0,11,1,0,0,1,0,0,0,0,10,2,2.5,0,1,1,0,1,17,3.65,339.31
SP120,soap,2026-03-02,17,179,0.0,179,1,1,12034,546,19,44,24,13,3,21,2,0,1,1,0,0,0,0,19,2,3.5,1,1,0,0,0,19,3.63,539.54
SP120,soap,2026-03-09,18,179,0.0,179,0,0,7626,337,12,29,16,12,2,14,0,0,0,0,0,0,0,0,14,1,3.0,0,1,0,0,0,20,3.6,627.0
SP120,soap,2026-03-16,19,179,0.0,179,0,0,6332,267,20,16,6,2,0,6,0,0,0,0,0,0,0,0,6,3,3.67,2,1,0,0,0,23,3.61,294.43
SP120,soap,2026-03-23,20,179,0.0,179,0,0,5891,265,9,17,8,2,0,8,0,0,0,0,0,0,0,0,8,2,3.5,1,1,0,0,0,25,3.6,392.57
SP120,soap,2026-03-30,21,179,0.0,179,0,0,5435,231,9,22,7,3,0,7,2,0,0,0,2,0,0,0,5,0,,0,0,0,0,0,25,3.6,-57.45
SP120,soap,2026-04-06,22,179,0.0,179,0,0,6543,301,16,23,7,3,2,5,1,0,0,0,1,0,0,0,4,2,3.5,1,1,0,0,0,27,3.59,-15.12
SP120,soap,2026-04-13,23,179,0.0,179,0,0,5851,264,8,26,9,5,0,9,0,0,0,0,0,0,0,0,9,0,,0,0,0,0,0,27,3.59,441.64
SP120,soap,2026-04-20,24,179,0.0,179,0,0,6560,267,13,27,8,7,0,8,0,0,0,0,0,0,0,0,8,1,5.0,1,0,0,0,0,28,3.64,392.57
SP120,soap,2026-04-27,25,179,0.0,179,0,0,5723,286,14,27,11,5,0,11,2,0,0,1,1,0,0,0,9,1,5.0,1,0,0,0,0,29,3.69,138.83
SP120,soap,2026-05-04,26,179,0.0,179,0,0,5849,271,14,21,7,2,0,7,0,0,0,0,0,0,0,0,7,2,3.0,1,0,1,0,1,31,3.65,343.5
SP120,soap,2026-05-11,27,179,0.0,179,0,0,5006,223,13,23,8,5,2,6,1,0,0,0,0,0,1,0,5,1,4.0,1,0,0,0,0,32,3.66,33.95
SP120,soap,2026-05-18,28,179,0.0,179,0,0,5675,263,17,17,7,5,0,7,2,0,0,1,0,1,0,0,5,1,5.0,1,0,0,0,0,33,3.7,-57.45
SP120,soap,2026-05-25,29,179,0.0,179,0,0,7022,339,9,26,10,6,0,10,2,0,0,0,1,1,0,0,8,1,5.0,1,0,0,0,0,34,3.74,89.76
SP120,soap,2026-06-01,30,179,0.0,179,0,0,6214,305,14,21,6,1,0,6,0,0,0,0,0,0,0,0,6,1,5.0,1,0,0,0,0,35,3.77,294.43
SP120,soap,2026-06-08,31,179,0.0,179,0,0,6745,320,19,20,5,4,1,4,2,0,0,1,1,0,0,0,2,1,3.0,0,1,0,0,0,36,3.75,-234.67
SP120,soap,2026-06-15,32,179,0.0,179,0,0,6468,322,18,23,10,7,3,7,0,0,0,0,0,0,0,0,7,2,4.5,2,0,0,0,0,38,3.79,253.5
SP120,soap,2026-06-22,33,179,0.0,179,0,1,6916,334,16,34,10,7,0,10,2,0,1,0,1,0,0,0,8,2,3.0,0,2,0,0,0,40,3.75,89.76
SP120,soap,2026-06-29,34,179,0.0,179,0,0,6710,338,12,32,12,8,0,12,0,0,0,0,0,0,0,0,12,1,4.0,1,0,0,0,0,41,3.76,588.85
SP120,soap,2026-07-06,35,179,0.0,179,0,0,8039,414,17,42,13,5,1,12,0,0,0,0,0,0,0,0,12,1,3.0,0,1,0,0,0,42,3.74,558.85
SP120,soap,2026-07-13,36,179,0.0,179,0,0,6131,286,13,30,9,5,0,9,2,0,1,0,0,1,0,0,7,2,4.5,2,0,0,0,0,44,3.77,40.69
SP120,soap,2026-07-20,37,179,0.0,179,0,0,7449,373,12,27,10,7,2,8,0,0,0,0,0,0,0,0,8,1,5.0,1,0,0,0,0,45,3.8,332.57
SP120,soap,2026-07-27,38,179,0.0,179,0,0,6134,316,14,33,10,4,0,10,1,0,1,0,0,0,0,0,9,1,5.0,1,0,0,0,0,46,3.83,290.24
SP120,soap,2026-08-03,39,179,0.0,179,0,0,7421,371,17,27,11,7,1,10,0,0,0,0,0,0,0,0,10,2,3.5,1,1,0,0,0,48,3.81,460.71
SP120,soap,2026-08-10,40,179,0.0,179,0,0,6247,325,17,30,12,8,1,11,1,0,1,0,0,0,0,0,10,3,4.33,3,0,0,0,0,51,3.84,309.31
SP120,soap,2026-08-17,41,179,0.0,179,0,0,9014,452,23,36,10,5,1,9,1,0,1,0,0,0,0,0,8,1,4.0,1,0,0,0,0,52,3.85,211.16
SP120,soap,2026-08-24,42,179,0.0,179,1,0,9659,510,24,31,7,5,1,6,1,0,1,0,0,0,0,0,5,1,3.0,0,1,0,0,0,53,3.83,63.95
SP120,soap,2026-08-31,43,179,0.0,179,0,0,6403,346,12,24,11,8,1,10,1,0,0,0,1,0,0,0,9,0,,0,0,0,0,0,53,3.83,260.24
SP120,soap,2026-09-07,44,179,0.0,179,0,0,9770,507,21,44,16,10,2,14,1,0,0,1,0,0,0,0,13,5,4.4,5,0,0,0,0,58,3.88,426.52
SP120,soap,2026-09-14,45,179,0.0,179,0,0,11812,622,32,52,19,9,3,16,1,0,0,1,0,0,0,0,15,4,3.0,1,2,1,1,0,62,3.82,494.66
SP120,soap,2026-09-21,46,179,0.0,179,0,1,13368,693,36,52,20,15,4,16,2,0,0,0,1,0,1,0,14,3,3.67,2,0,1,0,1,65,3.82,264.19
SP121,soap,2026-01-05,1,199,0.0,199,0,0,10416,349,22,44,13,7,2,11,0,0,0,0,0,0,0,0,11,3,4.67,3,0,0,0,0,3,4.67,299.94
SP121,soap,2026-01-12,2,199,0.0,199,0,1,16824,803,61,93,40,22,5,35,0,0,0,0,0,0,0,0,35,2,4.5,2,0,0,0,0,5,4.6,995.27
SP121,soap,2026-01-19,3,199,0.0,199,0,0,9889,441,28,46,15,11,1,14,1,0,0,0,1,0,0,0,13,1,5.0,1,0,0,0,0,6,4.67,208.58
SP121,soap,2026-01-26,4,199,0.0,199,0,0,15735,756,57,89,42,22,3,39,2,0,1,0,1,0,0,0,37,1,4.0,1,0,0,0,0,7,4.57,747.11
SP121,soap,2026-02-02,5,199,0.0,199,0,0,8746,393,29,46,20,15,0,20,1,0,1,0,0,0,0,0,19,2,4.5,2,0,0,0,0,9,4.56,434.91
SP121,soap,2026-02-09,6,199,0.0,199,0,0,7080,292,25,28,11,2,1,10,0,0,0,0,0,0,0,0,10,2,4.0,1,1,0,0,0,11,4.45,297.22
SP121,soap,2026-02-16,7,199,0.0,199,0,0,7654,350,26,37,8,6,0,8,0,0,0,0,0,0,0,0,8,1,5.0,1,0,0,0,0,12,4.5,261.78
SP121,soap,2026-02-23,8,199,0.0,199,0,0,8763,380,31,41,14,6,1,13,0,0,0,0,0,0,0,0,13,2,5.0,2,0,0,0,0,14,4.57,395.39
SP121,soap,2026-03-02,9,199,0.0,199,1,1,12442,546,37,70,36,22,2,34,1,0,0,1,0,0,0,0,33,6,4.67,6,0,0,0,0,20,4.6,833.02
SP121,soap,2026-03-09,10,199,0.0,199,0,0,7447,362,29,49,18,8,2,16,0,0,0,0,0,0,0,0,16,1,5.0,1,0,0,0,0,21,4.62,463.55
SP121,soap,2026-03-16,11,199,0.0,199,0,0,10601,514,38,62,19,12,2,17,0,0,0,0,0,0,0,0,17,2,5.0,2,0,0,0,0,23,4.65,496.27
SP121,soap,2026-03-23,12,199,0.0,199,0,0,10425,516,26,80,38,21,5,33,1,0,0,0,1,0,0,0,32,5,4.4,5,0,0,0,0,28,4.61,710.3
SP121,soap,2026-03-30,13,199,0.0,199,0,0,9270,483,28,69,25,16,4,21,0,0,0,0,0,0,0,0,21,6,4.83,6,0,0,0,0,34,4.65,567.16
SP121,soap,2026-04-06,14,199,0.0,199,0,0,11366,582,47,74,25,17,1,24,1,0,0,1,0,0,0,0,23,1,5.0,1,0,0,0,0,35,4.66,535.8
SP121,soap,2026-04-13,15,199,0.0,199,0,0,8854,437,26,58,21,18,2,19,0,0,0,0,0,0,0,0,19,3,4.33,3,0,0,0,0,38,4.63,561.72
SP121,soap,2026-04-20,16,199,0.0,199,0,0,10266,575,36,62,26,13,1,25,1,0,1,0,0,0,0,0,24,2,4.0,1,1,0,0,0,40,4.6,568.52
SP121,soap,2026-04-27,17,199,0.0,199,0,0,9674,483,29,70,21,15,3,18,1,0,1,0,0,0,0,0,17,3,5.0,3,0,0,0,0,43,4.63,279.47
SP121,soap,2026-05-04,18,199,0.0,199,0,0,10479,512,28,69,29,18,2,27,1,0,0,0,1,0,0,0,26,2,5.0,2,0,0,0,0,45,4.64,603.97
SP121,soap,2026-05-11,19,199,0.0,199,0,0,9981,519,34,63,26,18,4,22,0,0,0,0,0,0,0,0,22,1,4.0,1,0,0,0,0,46,4.63,599.88
SP121,soap,2026-05-18,20,199,0.0,199,0,0,9205,466,40,55,20,13,3,17,1,0,1,0,0,0,0,0,16,0,,0,0,0,0,0,46,4.63,246.75
SP121,soap,2026-05-25,21,199,0.0,199,0,0,10425,558,48,86,26,18,4,22,2,0,1,0,1,0,0,0,20,1,5.0,1,0,0,0,0,47,4.64,160.84
SP121,soap,2026-06-01,22,199,0.0,199,0,0,10083,504,40,73,31,20,4,27,0,0,0,0,0,0,0,0,27,5,4.6,5,0,0,0,0,52,4.63,763.49
SP121,soap,2026-06-08,23,199,0.0,199,0,0,9683,503,37,67,22,14,3,19,1,0,0,0,1,0,0,0,18,4,4.25,3,1,0,0,0,56,4.61,312.19
SP121,soap,2026-06-15,24,199,0.0,199,0,0,12148,603,43,64,20,12,3,17,0,0,0,0,0,0,0,0,17,2,5.0,2,0,0,0,0,58,4.62,466.27
SP121,soap,2026-06-22,25,199,0.0,199,0,1,13335,687,44,76,30,19,4,26,1,0,0,0,0,1,0,0,25,5,4.6,5,0,0,0,0,63,4.62,511.25
SP121,soap,2026-06-29,26,199,0.0,199,0,0,10454,547,35,69,23,14,4,19,1,0,0,0,0,0,1,0,18,3,4.33,3,0,0,0,0,66,4.61,282.19
SP121,soap,2026-07-06,27,199,0.0,199,0,0,9777,489,26,59,24,13,2,22,0,0,0,0,0,0,0,0,22,4,4.5,4,0,0,0,0,70,4.6,659.88
SP121,soap,2026-07-13,28,199,0.0,199,0,0,8557,453,38,60,19,12,4,15,0,0,0,0,0,0,0,0,15,3,4.67,3,0,0,0,0,73,4.6,370.83
SP121,soap,2026-07-20,29,199,0.0,199,0,0,11303,573,43,84,36,28,6,30,4,0,0,0,3,0,1,0,26,5,3.4,2,2,1,0,1,78,4.53,-76.44
SP121,soap,2026-07-27,30,199,0.0,199,0,0,12618,636,38,83,31,13,1,30,1,0,1,0,0,0,0,0,29,4,4.75,4,0,0,0,0,82,4.54,732.13
SP121,soap,2026-08-03,31,199,0.0,199,0,0,13955,682,51,93,43,21,5,38,1,0,1,0,0,0,0,0,37,3,4.67,3,0,0,0,0,85,4.54,873.91
SP121,soap,2026-08-10,32,199,0.0,199,0,0,12437,629,52,94,42,25,0,42,3,0,2,0,1,0,0,0,39,7,4.29,6,1,0,0,0,92,4.52,715.75
SP121,soap,2026-08-17,33,199,0.0,199,0,0,16324,770,40,95,34,21,3,31,3,0,2,1,0,0,0,0,28,9,4.78,8,1,0,0,0,101,4.54,265.81
SP121,soap,2026-08-24,34,199,0.0,199,1,0,12953,655,25,90,34,19,2,32,1,0,1,0,0,0,0,0,31,7,4.86,7,0,0,0,0,108,4.56,767.58
SP121,soap,2026-08-31,35,199,0.0,199,0,0,12027,566,33,79,30,20,5,25,1,0,0,0,0,0,1,0,24,3,4.33,3,0,0,0,0,111,4.56,448.52
SP121,soap,2026-09-07,36,199,0.0,199,0,0,13600,664,49,94,28,15,1,27,0,0,0,0,0,0,0,0,27,6,4.17,6,0,0,0,0,117,4.54,853.49
SP121,soap,2026-09-14,37,199,0.0,199,0,0,13968,739,43,99,34,27,6,28,0,0,0,0,0,0,0,0,28,3,4.33,3,0,0,0,0,120,4.53,736.21
SP121,soap,2026-09-21,38,199,0.0,199,0,1,15459,780,50,102,34,22,4,30,0,0,0,0,0,0,0,0,30,6,4.5,6,0,0,0,0,126,4.53,861.66
SP122,soap,2025-09-29,1,179,0.15,152,1,1,15678,1061,53,123,66,48,7,59,3,0,0,1,2,0,0,0,56,11,3.91,7,3,1,0,1,11,3.91,996.99
SP122,soap,2025-10-06,2,179,0.2,143,1,1,41019,3080,158,441,244,182,28,216,11,0,0,4,6,1,0,0,205,34,4.12,24,9,1,0,1,45,4.07,1818.7
SP122,soap,2025-10-13,3,179,0.0,179,1,0,32000,2366,133,297,112,91,20,92,7,0,4,0,2,0,1,0,85,17,4.24,13,4,0,0,0,62,4.11,3061.99
SP122,soap,2025-10-20,4,179,0.0,179,1,0,30737,2348,143,291,119,94,11,108,6,0,0,1,5,0,0,0,102,9,3.89,7,1,1,0,1,71,4.08,4413.4
SP122,soap,2025-10-27,5,179,0.0,179,0,0,15283,1153,66,144,59,41,4,55,1,0,0,0,1,0,0,0,54,6,4.33,5,0,1,1,0,77,4.1,2707.71
SP122,soap,2025-11-03,6,179,0.0,179,0,0,15083,1039,55,127,52,37,9,43,1,0,0,1,0,0,0,0,42,8,3.75,6,1,1,0,1,85,4.07,1897.01
SP122,soap,2025-11-10,7,179,0.0,179,0,0,15259,1161,68,130,55,41,5,50,0,0,0,0,0,0,0,0,50,2,3.5,1,1,0,0,0,87,4.06,2602.9
SP122,soap,2025-11-17,8,179,0.0,179,0,0,10750,776,48,99,44,37,2,42,2,0,2,0,0,0,0,0,40,4,4.0,3,0,1,0,1,91,4.05,1851.48
SP122,soap,2025-11-24,9,179,0.0,179,0,0,15536,1112,57,127,50,36,6,44,2,0,0,1,1,0,0,0,42,6,4.17,5,1,0,0,0,97,4.06,1841.6
SP122,soap,2025-12-01,10,179,0.0,179,0,0,16040,1203,64,163,61,42,5,56,1,0,0,1,0,0,0,0,55,12,4.42,12,0,0,0,0,109,4.1,2732.77
SP122,soap,2025-12-08,11,179,0.0,179,0,0,15072,1165,64,145,62,47,5,57,1,0,0,1,0,0,0,0,56,11,4.0,8,3,0,0,0,120,4.09,2787.82
SP122,soap,2025-12-15,12,179,0.0,179,0,0,16979,1279,65,155,62,41,7,55,3,0,1,2,0,0,0,0,52,10,4.4,10,0,0,0,0,130,4.12,2216.76
SP122,soap,2025-12-22,13,179,0.0,179,0,0,13955,1041,56,107,43,33,6,37,2,0,2,0,0,0,0,0,35,6,4.33,4,2,0,0,0,136,4.12,1456.19
SP122,soap,2025-12-29,14,179,0.0,179,0,0,13330,1006,61,125,54,40,6,48,0,0,0,0,0,0,0,0,48,8,3.88,6,2,0,0,0,144,4.11,2462.78
SP122,soap,2026-01-05,15,179,0.0,179,0,0,13996,1069,58,138,66,45,3,63,2,0,0,0,2,0,0,0,61,7,3.71,4,3,0,0,0,151,4.09,2977.7
SP122,soap,2026-01-12,16,179,0.2,143,0,1,26599,2358,115,334,175,129,12,163,5,0,0,1,3,0,1,0,158,18,4.5,17,1,0,0,0,169,4.14,2194.91
SP122,soap,2026-01-19,17,179,0.0,179,0,0,13583,1018,42,112,49,39,4,45,3,0,1,0,2,0,0,0,42,4,4.0,3,1,0,0,0,173,4.13,1756.18
SP122,soap,2026-01-26,18,179,0.0,179,0,0,15461,1232,60,148,59,44,10,49,2,0,2,0,0,0,0,0,47,4,3.75,3,1,0,0,0,177,4.12,1996.88
SP122,soap,2026-02-02,19,179,0.0,179,0,0,14390,1079,56,124,47,33,4,43,1,0,1,0,0,0,0,0,42,6,4.33,4,2,0,0,0,183,4.13,2047.01
SP122,soap,2026-02-09,20,179,0.0,179,0,0,12769,1018,63,118,42,27,5,37,3,0,1,0,2,0,0,0,34,8,4.25,6,2,0,0,0,191,4.14,1285.71
SP122,soap,2026-02-16,21,179,0.0,179,0,0,12630,981,47,123,33,23,5,28,3,0,0,3,0,0,0,0,25,6,4.5,6,0,0,0,0,197,4.15,790.19
SP122,soap,2026-02-23,22,179,0.0,179,0,0,14833,1172,51,154,67,44,10,57,4,0,2,1,1,0,0,0,53,8,4.0,6,1,1,0,1,205,4.14,2036.4
SP122,soap,2026-03-02,23,179,0.2,143,1,1,23282,2088,119,324,174,126,12,162,7,0,0,3,4,0,0,0,155,26,4.15,22,4,0,0,0,231,4.14,1841.76
SP122,soap,2026-03-09,24,179,0.0,179,0,0,16711,1312,80,177,65,47,9,56,3,0,1,1,1,0,0,0,53,7,4.43,6,0,1,0,1,238,4.15,2211.81
SP122,soap,2026-03-16,25,179,0.0,179,0,0,14418,1153,73,138,51,41,5,46,4,0,0,1,3,0,0,0,42,6,4.17,4,2,0,0,0,244,4.15,1580.76
SP122,soap,2026-03-23,26,179,0.0,179,0,0,10551,805,41,106,46,37,4,42,0,0,0,0,0,0,0,0,42,5,4.0,4,1,0,0,0,249,4.15,2192.43
SP122,soap,2026-03-30,27,179,0.0,179,0,0,12784,1031,66,124,51,42,5,46,1,0,0,0,0,1,0,0,45,8,4.38,7,1,0,0,0,257,4.16,2182.19
SP122,soap,2026-04-06,28,179,0.0,179,0,0,12821,1046,58,140,56,38,4,52,3,0,0,1,1,0,1,0,49,7,4.0,5,2,0,0,0,264,4.15,2141.58
SP122,soap,2026-04-13,29,179,0.0,179,0,0,13374,1009,61,129,60,45,10,50,2,0,0,1,1,0,0,0,48,3,4.67,3,0,0,0,0,267,4.16,2051.94
SP122,soap,2026-04-20,30,179,0.0,179,0,0,10939,819,43,94,33,22,1,32,2,0,0,2,0,0,0,0,30,6,3.17,2,2,2,0,2,273,4.14,1330.9
SP122,soap,2026-04-27,31,179,0.0,179,0,0,8523,666,45,85,34,29,8,26,2,0,0,1,0,0,1,0,24,5,4.8,5,0,0,0,0,278,4.15,790.55
SP122,soap,2026-05-04,32,179,0.0,179,0,0,15663,1190,58,157,63,43,11,52,2,0,0,2,0,0,0,0,50,5,4.6,5,0,0,0,0,283,4.16,2132.06
SP122,soap,2026-05-11,33,179,0.0,179,0,0,15267,1181,61,148,57,45,4,53,2,0,0,1,1,0,0,0,51,9,4.22,7,2,0,0,0,292,4.16,2397.12
SP122,soap,2026-05-18,34,179,0.0,179,0,0,9535,732,46,91,48,37,7,41,1,0,0,0,1,0,0,0,40,3,4.33,3,0,0,0,0,295,4.16,1846.9
SP122,soap,2026-05-25,35,179,0.0,179,0,0,14606,1189,74,159,60,43,5,55,2,0,1,0,1,0,0,0,53,7,4.29,5,2,0,0,0,302,4.16,2477.23
SP122,soap,2026-06-01,36,179,0.0,179,0,0,16033,1245,83,153,66,47,7,59,1,0,0,0,1,0,0,0,58,12,4.17,9,3,0,0,0,314,4.16,2837.94
SP122,soap,2026-06-08,37,179,0.0,179,0,0,10436,786,45,96,51,39,4,47,3,0,2,0,0,1,0,0,44,4,4.75,4,0,0,0,0,318,4.17,1866.29
SP122,soap,2026-06-15,38,179,0.0,179,0,0,11856,988,49,134,57,45,8,49,4,0,0,0,3,0,1,0,45,8,3.88,6,1,1,1,0,326,4.16,1655.93
SP122,soap,2026-06-22,39,179,0.0,179,0,1,21755,1709,99,239,103,68,13,90,6,0,1,2,1,1,1,0,84,11,4.18,9,2,0,0,0,337,4.16,3362.35
SP122,soap,2026-06-29,40,179,0.0,179,0,0,13262,1068,48,135,51,36,7,44,4,0,3,0,1,0,0,0,40,5,3.8,3,2,0,0,0,342,4.16,1410.64
SP122,soap,2026-07-06,41,179,0.0,179,0,0,12734,996,51,144,49,27,6,43,5,0,3,0,0,1,1,0,38,5,3.8,3,1,1,0,1,347,4.15,1185.11
SP122,soap,2026-07-13,42,179,0.0,179,0,0,12473,1028,44,116,64,46,3,61,2,0,0,0,1,1,0,0,59,5,4.8,5,0,0,0,0,352,4.16,2867.58
SP122,soap,2026-07-20,43,179,0.0,179,0,0,15827,1251,68,177,73,55,10,63,2,0,2,0,0,0,0,0,61,9,4.33,8,1,0,0,0,361,4.17,2767.7
SP122,soap,2026-07-27,44,179,0.0,179,0,0,11314,864,39,105,48,40,7,41,3,0,0,0,2,1,0,0,38,10,4.5,9,1,0,0,0,371,4.18,1445.95
SP122,soap,2026-08-03,45,179,0.0,179,0,0,16767,1303,63,169,79,56,5,74,6,0,1,0,4,0,1,0,68,10,4.1,7,3,0,0,0,381,4.17,2721.43
SP122,soap,2026-08-10,46,179,0.0,179,0,0,11836,924,56,115,50,38,7,43,2,0,1,0,0,0,1,0,41,6,4.33,5,1,0,0,0,387,4.18,1756.54
SP122,soap,2026-08-17,47,179,0.0,179,0,0,17034,1427,78,177,61,51,7,54,5,0,0,3,1,1,0,0,49,7,4.57,7,0,0,0,0,394,4.18,1760.75
SP122,soap,2026-08-24,48,179,0.0,179,1,0,14456,1147,78,135,59,43,6,53,3,0,0,2,1,0,0,0,50,6,4.33,6,0,0,0,0,400,4.18,2136.64
SP122,soap,2026-08-31,49,179,0.0,179,0,0,15363,1261,57,147,55,39,9,46,0,0,0,0,0,0,0,0,46,4,4.5,4,0,0,0,0,404,4.19,2262.66
SP122,soap,2026-09-07,50,179,0.0,179,0,0,11364,892,62,131,54,38,3,51,5,0,2,1,0,0,2,0,46,6,3.67,3,2,1,0,1,410,4.18,1715.57
SP122,soap,2026-09-14,51,179,0.0,179,0,0,11743,915,48,126,62,46,11,51,0,0,0,0,0,0,0,0,51,12,4.67,11,1,0,0,0,422,4.19,2477.95
SP122,soap,2026-09-21,52,179,0.2,143,0,1,19134,1758,101,293,150,112,18,132,12,0,2,4,4,0,2,0,120,18,4.39,17,1,0,0,0,440,4.2,207.64
SP123,soap,2025-09-29,1,159,0.0,159,1,1,14494,525,14,23,7,5,1,6,3,0,1,0,1,0,1,0,3,2,2.5,0,1,1,1,0,2,2.5,-278.18
SP123,soap,2025-10-06,2,159,0.0,159,1,1,12753,272,13,15,4,4,1,3,0,0,0,0,0,0,0,0,3,0,,0,0,0,0,0,2,2.5,118.06
SP123,soap,2025-10-13,3,159,0.0,159,1,0,7127,146,6,10,7,5,1,6,2,0,0,2,0,0,0,0,4,1,2.0,0,0,1,1,0,3,2.33,-96.75
SP123,soap,2025-10-20,4,159,0.0,159,1,0,7789,158,8,14,3,2,0,3,0,0,0,0,0,0,0,0,3,1,3.0,0,1,0,0,0,4,2.5,148.06
SP123,soap,2025-10-27,5,159,0.0,159,0,0,4630,88,5,3,2,2,0,2,1,0,1,0,0,0,0,0,1,0,,0,0,0,0,0,4,2.5,-82.73
SP123,soap,2025-11-03,6,159,0.0,159,0,0,5119,105,6,7,1,1,0,1,0,0,0,0,0,0,0,0,1,0,,0,0,0,0,0,4,2.5,49.35
SP123,soap,2025-11-10,7,159,0.0,159,0,0,3204,72,2,6,1,1,0,1,1,0,1,0,0,0,0,0,0,0,,0,0,0,0,0,4,2.5,-132.08
SP123,soap,2025-11-17,8,159,0.0,159,0,0,3421,71,3,4,2,2,0,2,0,0,0,0,0,0,0,0,2,0,,0,0,0,0,0,4,2.5,98.7
SP123,soap,2025-11-24,9,159,0.0,159,0,0,4511,101,2,7,2,1,1,1,0,0,0,0,0,0,0,0,1,0,,0,0,0,0,0,4,2.5,19.35
SP123,soap,2025-12-01,10,159,0.0,159,0,0,3957,93,2,4,0,0,0,0,0,0,0,0,0,0,0,0,0,0,,0,0,0,0,0,4,2.5,0.0
SP124,soap,2025-09-22,1,199,0.0,199,1,1,13289,387,27,24,5,3,0,5,1,0,0,1,0,0,0,0,4,0,,0,0,0,0,0,0,,32.78
SP124,soap,2025-09-29,2,199,0.15,169,1,1,11736,390,21,24,9,4,0,9,0,0,0,0,0,0,0,0,9,1,4.0,1,0,0,0,0,1,4.0,197.0
SP124,soap,2025-10-06,3,199,0.2,159,1,1,8435,314,15,23,9,8,2,7,0,0,0,0,0,0,0,0,7,1,4.0,1,0,0,0,0,2,4.0,26.55
SP124,soap,2025-10-13,4,199,0.0,199,1,0,9893,299,17,18,6,4,0,6,0,0,0,0,0,0,0,0,6,2,4.0,2,0,0,0,0,4,4.0,302.76
SP124,soap,2025-10-20,5,199,0.0,199,1,0,8993,267,17,12,1,1,0,1,0,0,0,0,0,0,0,0,1,0,,0,0,0,0,0,4,4.0,50.46
SP124,soap,2025-10-27,6,199,0.0,199,0,0,5980,194,13,11,5,3,0,5,1,0,0,0,1,0,0,0,4,1,4.0,1,0,0,0,0,5,4.0,32.78
SP124,soap,2025-11-03,7,199,0.0,199,0,0,5635,175,10,10,1,1,0,1,0,0,0,0,0,0,0,0,1,1,4.0,1,0,0,0,0,6,4.0,50.46
SP124,soap,2025-11-10,8,199,0.0,199,0,0,5768,183,15,12,4,3,2,2,0,0,0,0,0,0,0,0,2,0,,0,0,0,0,0,6,4.0,40.92
SP124,soap,2025-11-17,9,199,0.0,199,0,0,4589,153,8,15,3,3,1,2,0,0,0,0,0,0,0,0,2,1,4.0,1,0,0,0,0,7,4.0,70.92
SP124,soap,2025-11-24,10,199,0.0,199,0,0,6518,203,12,9,4,2,2,2,0,0,0,0,0,0,0,0,2,1,4.0,1,0,0,0,0,8,4.0,40.92
SP124,soap,2025-12-01,11,199,0.0,199,0,0,4760,149,4,11,5,4,0,5,0,0,0,0,0,0,0,0,5,0,,0,0,0,0,0,8,4.0,252.3
SP124,soap,2025-12-08,12,199,0.0,199,0,0,6326,196,16,13,6,3,1,5,0,0,0,0,0,0,0,0,5,0,,0,0,0,0,0,8,4.0,222.3
SP124,soap,2025-12-15,13,199,0.0,199,0,0,8560,289,17,22,2,1,1,1,0,0,0,0,0,0,0,0,1,0,,0,0,0,0,0,8,4.0,20.46
SP124,soap,2025-12-22,14,199,0.0,199,0,0,4951,154,8,7,2,1,0,2,0,0,0,0,0,0,0,0,2,1,4.0,1,0,0,0,0,9,4.0,100.92
SP124,soap,2025-12-29,15,199,0.0,199,0,0,6330,195,11,17,6,4,1,5,2,0,1,0,1,0,0,0,3,1,3.0,0,1,0,0,0,10,3.9,-216.75
SP124,soap,2026-01-05,16,199,0.0,199,0,0,5259,146,4,8,3,1,0,3,1,0,1,0,0,0,0,0,2,1,4.0,1,0,0,0,0,11,3.91,-68.14
SP124,soap,2026-01-12,17,199,0.15,169,0,1,6041,214,11,17,8,7,3,5,0,0,0,0,0,0,0,0,5,2,4.5,2,0,0,0,0,13,4.0,19.44
SP124,soap,2026-01-19,18,199,0.0,199,0,0,6710,196,7,15,6,5,2,4,0,0,0,0,0,0,0,0,4,2,2.5,0,1,1,1,0,15,3.8,141.84
SP124,soap,2026-01-26,19,199,0.0,199,0,0,7877,224,14,10,4,2,1,3,0,0,0,0,0,0,0,0,3,0,,0,0,0,0,0,15,3.8,121.38
SP124,soap,2026-02-02,20,199,0.0,199,0,0,4981,166,7,12,2,0,0,2,0,0,0,0,0,0,0,0,2,0,,0,0,0,0,0,15,3.8,100.92
SP124,soap,2026-02-09,21,199,0.0,199,0,0,4293,128,3,8,3,2,0,3,0,0,0,0,0,0,0,0,3,0,,0,0,0,0,0,15,3.8,151.38
SP124,soap,2026-02-16,22,199,0.0,199,0,0,4861,136,7,8,3,2,0,3,0,0,0,0,0,0,0,0,3,0,,0,0,0,0,0,15,3.8,151.38
SP124,soap,2026-02-23,23,199,0.0,199,0,0,4908,150,7,9,3,1,0,3,0,0,0,0,0,0,0,0,3,0,,0,0,0,0,0,15,3.8,151.38
SP124,soap,2026-03-02,24,199,0.2,159,1,1,8857,374,16,30,10,6,2,8,0,0,0,0,0,0,0,0,8,1,4.0,1,0,0,0,0,16,3.81,38.92
SP124,soap,2026-03-09,25,199,0.0,199,0,0,6831,203,10,16,9,7,2,7,1,0,0,1,0,0,0,0,6,2,4.0,1,1,0,0,0,18,3.83,73.7
SP124,soap,2026-03-16,26,199,0.0,199,0,0,5177,129,5,7,2,1,1,1,0,0,0,0,0,0,0,0,1,0,,0,0,0,0,0,18,3.83,20.46
SP124,soap,2026-03-23,27,199,0.0,199,0,0,6237,196,11,11,4,3,1,3,0,0,0,0,0,0,0,0,3,0,,0,0,0,0,0,18,3.83,121.38
SP124,soap,2026-03-30,28,199,0.0,199,0,0,5281,163,15,14,6,3,1,5,1,0,0,1,0,0,0,0,4,2,3.5,1,1,0,0,0,20,3.8,2.78
SP124,soap,2026-04-06,29,199,0.0,199,0,0,5425,171,5,10,3,1,0,3,1,0,0,0,1,0,0,0,2,1,3.0,0,1,0,0,0,21,3.76,-68.14
SP124,soap,2026-04-13,30,199,0.0,199,0,0,5464,214,11,16,5,4,1,4,0,0,0,0,0,0,0,0,4,0,,0,0,0,0,0,21,3.76,171.84
SP124,soap,2026-04-20,31,199,0.0,199,0,0,5144,161,8,18,3,2,0,3,0,0,0,0,0,0,0,0,3,1,4.0,1,0,0,0,0,22,3.77,151.38
SP124,soap,2026-04-27,32,199,0.0,199,0,0,6276,197,12,9,2,1,0,2,1,0,0,0,1,0,0,0,1,0,,0,0,0,0,0,22,3.77,-118.6
SP124,soap,2026-05-04,33,199,0.0,199,0,0,4554,162,11,8,2,0,1,1,0,0,0,0,0,0,0,0,1,0,,0,0,0,0,0,22,3.77,20.46
SP124,soap,2026-05-11,34,199,0.0,199,0,0,3913,127,6,11,3,2,1,2,0,0,0,0,0,0,0,0,2,0,,0,0,0,0,0,22,3.77,70.92
SP124,soap,2026-05-18,35,199,0.0,199,0,0,6397,207,9,14,3,1,0,3,1,0,0,1,0,0,0,0,2,0,,0,0,0,0,0,22,3.77,-68.14
SP124,soap,2026-05-25,36,199,0.0,199,0,0,5172,167,8,7,1,0,0,1,0,0,0,0,0,0,0,0,1,0,,0,0,0,0,0,22,3.77,50.46
SP124,soap,2026-06-01,37,199,0.0,199,0,0,5024,181,8,9,3,3,1,2,0,0,0,0,0,0,0,0,2,1,5.0,1,0,0,0,0,23,3.83,70.92
SP124,soap,2026-06-08,38,199,0.0,199,0,0,4242,141,9,4,1,1,0,1,0,0,0,0,0,0,0,0,1,0,,0,0,0,0,0,23,3.83,50.46
SP124,soap,2026-06-15,39,199,0.0,199,0,0,5951,181,5,9,5,3,0,5,0,0,0,0,0,0,0,0,5,1,5.0,1,0,0,0,0,24,3.88,252.3
SP124,soap,2026-06-22,40,199,0.1,179,0,1,5715,213,7,15,5,4,0,5,1,0,0,0,0,1,0,0,4,0,,0,0,0,0,0,24,3.88,-43.42
SP124,soap,2026-06-29,41,199,0.0,199,0,0,4333,139,3,11,4,3,1,3,1,0,1,0,0,0,0,0,2,0,,0,0,0,0,0,24,3.88,-98.14
SP124,soap,2026-07-06,42,199,0.0,199,0,0,5311,181,9,8,4,3,1,3,0,0,0,0,0,0,0,0,3,0,,0,0,0,0,0,24,3.88,121.38
SP124,soap,2026-07-13,43,199,0.0,199,0,0,7063,274,21,17,9,7,0,9,1,0,0,0,1,0,0,0,8,2,3.0,1,0,1,0,1,26,3.81,234.61
SP124,soap,2026-07-20,44,199,0.0,199,0,0,6932,219,7,11,3,0,0,3,1,0,0,0,1,0,0,0,2,0,,0,0,0,0,0,26,3.81,-68.14
SP124,soap,2026-07-27,45,199,0.0,199,0,0,6432,208,10,17,6,4,1,5,1,0,0,0,1,0,0,0,4,0,,0,0,0,0,0,26,3.81,2.78
SP124,soap,2026-08-03,46,199,0.0,199,0,0,5826,200,9,15,2,1,1,1,0,0,0,0,0,0,0,0,1,0,,0,0,0,0,0,26,3.81,20.46
SP124,soap,2026-08-10,47,199,0.0,199,0,0,5182,183,7,14,4,4,0,4,1,0,1,0,0,0,0,0,3,1,2.0,0,0,1,0,1,27,3.74,-17.68
SP124,soap,2026-08-17,48,199,0.0,199,0,0,5993,181,5,14,4,3,0,4,0,0,0,0,0,0,0,0,4,1,4.0,1,0,0,0,0,28,3.75,201.84
SP124,soap,2026-08-24,49,199,0.0,199,1,0,7796,247,9,21,9,6,0,9,0,0,0,0,0,0,0,0,9,1,4.0,1,0,0,0,0,29,3.76,454.14
SP124,soap,2026-08-31,50,199,0.0,199,0,0,6057,205,10,10,1,1,1,0,0,0,0,0,0,0,0,0,0,0,,0,0,0,0,0,29,3.76,-30.0
SP124,soap,2026-09-07,51,199,0.0,199,0,0,5775,173,7,15,4,3,0,4,0,0,0,0,0,0,0,0,4,0,,0,0,0,0,0,29,3.76,201.84
SP124,soap,2026-09-14,52,199,0.0,199,0,0,6011,204,11,11,3,0,0,3,0,0,0,0,0,0,0,0,3,0,,0,0,0,0,0,29,3.76,151.38
SP124,soap,2026-09-21,53,199,0.15,169,0,1,7761,303,17,22,8,5,0,8,0,0,0,0,0,0,0,0,8,2,4.0,2,0,0,0,0,31,3.77,175.11
SP125,soap,2025-11-17,1,179,0.0,179,0,0,12032,476,20,46,17,12,2,15,1,0,0,0,1,0,0,0,14,1,3.0,0,1,0,0,0,1,3.0,129.15
SP125,soap,2025-11-24,2,179,0.0,179,0,0,11728,365,23,36,12,8,0,12,1,0,0,0,1,0,0,0,11,1,2.0,0,0,1,0,1,2,2.5,111.23
SP125,soap,2025-12-01,3,179,0.0,179,0,0,5665,161,9,9,3,2,0,3,0,0,0,0,0,0,0,0,3,1,3.0,0,1,0,0,0,3,2.67,77.93
SP125,soap,2025-12-08,4,179,0.0,179,0,0,5414,137,6,10,3,1,0,3,0,0,0,0,0,0,0,0,3,0,,0,0,0,0,0,3,2.67,77.93
SP125,soap,2025-12-15,5,179,0.0,179,0,0,5096,123,9,7,2,1,0,2,1,0,0,0,1,0,0,0,1,0,,0,0,0,0,0,3,2.67,-148.53
SP125,soap,2025-12-22,6,179,0.0,179,0,0,3863,122,4,6,1,1,0,1,0,0,0,0,0,0,0,0,1,0,,0,0,0,0,0,3,2.67,25.98
SP125,soap,2025-12-29,7,179,0.0,179,0,0,3012,90,2,6,1,1,0,1,0,0,0,0,0,0,0,0,1,0,,0,0,0,0,0,3,2.67,25.98
SP125,soap,2026-01-05,8,179,0.0,179,0,0,3362,92,3,8,4,2,0,4,0,0,0,0,0,0,0,0,4,0,,0,0,0,0,0,3,2.67,103.9
SP125,soap,2026-01-12,9,179,0.1,161,0,1,4103,111,5,4,1,1,0,1,1,0,0,0,0,1,0,0,0,0,,0,0,0,0,0,3,2.67,-174.5
SP125,soap,2026-01-19,10,179,0.0,179,0,0,4137,118,7,15,5,4,0,5,1,0,0,1,0,0,0,0,4,1,4.0,1,0,0,0,0,4,3.0,-70.6
SP125,soap,2026-01-26,11,179,0.0,179,0,0,3956,143,7,13,5,2,0,5,1,0,0,0,1,0,0,0,4,2,4.5,2,0,0,0,0,6,3.5,-70.6
SP125,soap,2026-02-02,12,179,0.0,179,0,0,5983,233,11,27,10,9,2,8,0,0,0,0,0,0,0,0,8,1,5.0,1,0,0,0,0,7,3.71,147.8
SP125,soap,2026-02-09,13,179,0.0,179,0,0,4869,191,10,26,9,7,1,8,2,0,1,0,1,0,0,0,6,1,4.0,1,0,0,0,0,8,3.75,-223.15
SP125,soap,2026-02-16,14,179,0.0,179,0,0,8224,351,15,42,12,8,3,9,2,0,0,1,1,0,0,0,7,1,4.0,1,0,0,0,0,9,3.78,-257.17
SP125,soap,2026-02-23,15,179,0.0,179,0,0,5735,222,13,20,9,7,1,8,0,0,0,0,0,0,0,0,8,1,4.0,1,0,0,0,0,10,3.8,177.8
SP125,soap,2026-03-02,16,179,0.0,179,1,1,10105,423,15,40,17,12,2,15,1,0,0,0,1,0,0,0,14,1,4.0,1,0,0,0,0,11,3.82,129.15
SP125,soap,2026-03-09,17,179,0.0,179,0,0,7043,290,6,38,11,8,1,10,2,0,0,1,0,0,1,0,8,1,2.0,0,0,1,0,1,12,3.67,-171.2
SP125,soap,2026-03-16,18,179,0.0,179,0,0,6146,274,15,20,6,2,0,6,0,0,0,0,0,0,0,0,6,0,,0,0,0,0,0,12,3.67,155.85
SP125,soap,2026-03-23,19,179,0.0,179,0,0,4113,157,9,10,5,3,1,4,1,0,0,1,0,0,0,0,3,1,1.0,0,0,1,0,1,13,3.46,-126.58
SP125,soap,2026-03-30,20,179,0.0,179,0,0,6779,261,15,21,9,6,1,8,0,0,0,0,0,0,0,0,8,3,4.33,2,1,0,0,0,16,3.62,177.8
SP125,soap,2026-04-06,21,179,0.0,179,0,0,6694,270,11,34,16,11,3,13,0,0,0,0,0,0,0,0,13,2,4.0,2,0,0,0,0,18,3.67,247.68
SP125,soap,2026-04-13,22,179,0.0,179,0,0,6540,269,15,26,10,5,1,9,0,0,0,0,0,0,0,0,9,0,,0,0,0,0,0,18,3.67,203.78
SP125,soap,2026-04-20,23,179,0.0,179,0,0,6954,287,16,27,8,5,2,6,0,0,0,0,0,0,0,0,6,1,4.0,1,0,0,0,0,19,3.68,95.85
SP125,soap,2026-04-27,24,179,0.0,179,0,0,6878,303,11,44,14,10,0,14,1,0,0,0,0,1,0,0,13,2,3.5,1,1,0,0,0,21,3.67,163.18
SP125,soap,2026-05-04,25,179,0.0,179,0,0,6894,294,19,40,20,14,0,20,1,0,1,0,0,0,0,0,19,4,4.5,4,0,0,0,0,25,3.8,319.03
SP125,soap,2026-05-11,26,179,0.0,179,0,0,7324,338,25,37,15,10,1,14,1,0,1,0,0,0,0,0,13,2,4.0,2,0,0,0,0,27,3.81,133.18
SP125,soap,2026-05-18,27,179,0.0,179,0,0,11501,556,30,47,22,15,4,18,0,0,0,0,0,0,0,0,18,3,4.0,3,0,0,0,0,30,3.83,347.55
SP125,soap,2026-05-25,28,179,0.0,179,0,0,7944,404,26,39,13,8,3,10,0,0,0,0,0,0,0,0,10,2,5.0,2,0,0,0,0,32,3.91,169.75
SP125,soap,2026-06-01,29,179,0.0,179,0,0,6744,357,22,32,11,10,1,10,3,0,1,1,1,0,0,0,7,1,4.0,1,0,0,0,0,33,3.91,-371.68
SP125,soap,2026-06-08,30,179,0.0,179,0,0,5682,284,17,23,6,2,1,5,0,0,0,0,0,0,0,0,5,0,,0,0,0,0,0,33,3.91,99.88
SP125,soap,2026-06-15,31,179,0.0,179,0,0,6570,328,19,32,16,8,0,16,1,0,0,0,0,1,0,0,15,2,3.5,1,1,0,0,0,35,3.89,215.13
SP125,soap,2026-06-22,32,179,0.0,179,0,1,8858,423,25,35,11,10,1,10,1,0,1,0,0,0,0,0,9,2,4.0,1,1,0,0,0,37,3.89,29.28
SP125,soap,2026-06-29,33,179,0.0,179,0,0,6868,338,15,30,11,7,1,10,0,0,0,0,0,0,0,0,10,2,3.0,0,2,0,0,0,39,3.85,229.75
SP125,soap,2026-07-06,34,179,0.0,179,0,0,10194,526,34,57,21,16,3,18,2,0,2,0,0,0,0,0,16,3,4.33,3,0,0,0,0,42,3.88,-23.4
SP125,soap,2026-07-13,35,179,0.0,179,0,0,7180,355,25,38,17,14,1,16,2,0,1,1,0,0,0,0,14,3,4.0,2,1,0,0,0,45,3.89,-15.35
SP125,soap,2026-07-20,36,179,0.0,179,0,0,9229,446,36,34,13,10,1,12,0,0,0,0,0,0,0,0,12,3,4.33,3,0,0,0,0,48,3.92,281.7
SP125,soap,2026-07-27,37,179,0.0,179,0,0,7923,438,25,36,14,12,1,13,0,0,0,0,0,0,0,0,13,1,4.0,1,0,0,0,0,49,3.92,307.68
SP125,soap,2026-08-03,38,179,0.0,179,0,0,9392,450,25,38,17,13,2,15,1,0,1,0,0,0,0,0,14,0,,0,0,0,0,0,49,3.92,129.15
SP125,soap,2026-08-10,39,179,0.0,179,0,0,7092,398,25,43,17,11,3,14,0,0,0,0,0,0,0,0,14,1,4.0,1,0,0,0,0,50,3.92,273.65
SP125,soap,2026-08-17,40,179,0.0,179,0,0,11916,566,36,68,32,24,2,30,3,0,1,0,1,0,1,0,27,6,4.33,6,0,0,0,0,56,3.96,117.83
SP125,soap,2026-08-24,41,179,0.0,179,1,0,11855,626,35,81,37,27,2,35,5,0,0,1,4,0,0,0,30,6,3.33,3,2,1,0,1,62,3.9,-153.25
SP125,soap,2026-08-31,42,179,0.0,179,0,0,9836,547,34,58,16,13,2,14,1,0,0,0,1,0,0,0,13,2,4.0,1,1,0,0,0,64,3.91,103.18
SP125,soap,2026-09-07,43,179,0.0,179,0,0,9985,483,31,38,15,11,0,15,0,0,0,0,0,0,0,0,15,3,4.33,3,0,0,0,0,67,3.93,389.63
SP125,soap,2026-09-14,44,179,0.0,179,0,0,10553,544,31,39,17,12,0,17,1,0,0,0,1,0,0,0,16,5,4.2,4,1,0,0,0,72,3.94,241.1
SP125,soap,2026-09-21,45,179,0.0,179,0,1,14855,786,36,78,29,19,6,23,2,0,0,0,2,0,0,0,21,2,4.0,2,0,0,0,0,74,3.95,16.48
SP126,soap,2026-02-23,1,179,0.0,179,0,0,8754,528,19,53,18,13,0,18,1,0,0,0,1,0,0,0,17,5,4.2,5,0,0,0,0,5,4.2,1383.67
SP126,soap,2026-03-02,2,179,0.0,179,1,1,19370,1314,71,145,66,48,8,58,2,0,1,0,0,0,1,0,56,9,4.33,9,0,0,0,0,14,4.29,4463.53
SP126,soap,2026-03-09,3,179,0.0,179,0,0,16272,1201,65,107,41,31,3,38,4,0,0,0,3,1,0,0,34,8,4.38,8,0,0,0,0,22,4.32,2452.41
SP126,soap,2026-03-16,4,179,0.0,179,0,0,13752,1027,47,125,48,30,8,40,2,0,0,0,1,1,0,0,38,5,3.4,2,2,1,0,1,27,4.15,2879.38
SP126,soap,2026-03-23,5,179,0.0,179,0,0,10356,709,33,74,29,22,2,27,3,0,0,2,0,1,0,0,24,6,4.33,5,1,0,0,0,33,4.18,1714.79
SP126,soap,2026-03-30,6,179,0.0,179,0,0,11408,789,41,80,26,21,2,24,2,0,0,1,0,0,1,0,22,4,4.0,3,1,0,0,0,37,4.16,1651.25
SP126,soap,2026-04-06,7,179,0.0,179,0,0,12061,864,56,118,49,37,7,42,0,0,0,0,0,0,0,0,42,2,4.5,2,0,0,0,0,39,4.18,3486.35
SP126,soap,2026-04-13,8,179,0.0,179,0,0,8685,613,46,70,27,21,3,24,2,0,0,1,1,0,0,0,22,5,4.2,4,1,0,0,0,44,4.18,1621.25
SP126,soap,2026-04-20,9,179,0.0,179,0,0,10457,772,46,80,33,26,2,31,4,0,0,2,1,1,0,0,27,5,4.4,4,1,0,0,0,49,4.2,1866.35
SP126,soap,2026-04-27,10,179,0.0,179,0,0,13139,1018,59,128,56,33,4,52,2,0,1,1,0,0,0,0,50,6,4.67,6,0,0,0,0,55,4.25,4055.48
SP126,soap,2026-05-04,11,179,0.0,179,0,0,10003,777,44,90,40,28,8,32,2,0,1,0,1,0,0,0,30,4,4.5,4,0,0,0,0,59,4.27,2175.31
SP126,soap,2026-05-11,12,179,0.0,179,0,0,11533,834,36,90,37,24,6,31,0,0,0,0,0,0,0,0,31,3,4.0,3,0,0,0,0,62,4.26,2548.26
SP126,soap,2026-05-18,13,179,0.0,179,0,0,12573,947,62,121,57,37,8,49,3,0,1,0,2,0,0,0,46,5,4.0,3,2,0,0,0,67,4.24,3470.98
SP126,soap,2026-05-25,14,179,0.0,179,0,0,14787,1182,62,132,61,39,7,54,3,0,1,1,1,0,0,0,51,9,4.11,7,1,1,0,1,76,4.22,3941.02
SP126,soap,2026-06-01,15,179,0.0,179,0,0,13190,1048,49,128,49,35,8,41,3,0,0,1,1,0,1,0,38,7,4.14,6,1,0,0,0,83,4.22,2766.91
SP126,soap,2026-06-08,16,179,0.0,179,0,0,12117,933,46,112,46,32,3,43,4,0,0,2,2,0,0,0,39,8,4.0,7,1,0,0,0,91,4.2,2892.45
SP126,soap,2026-06-15,17,179,0.0,179,0,0,8930,690,35,78,36,27,8,28,3,0,1,2,0,0,0,0,25,7,3.86,6,0,1,1,0,98,4.17,1622.8
SP126,soap,2026-06-22,18,179,0.15,152,0,1,17299,1500,80,243,127,80,17,110,5,0,0,0,3,2,0,0,105,17,4.0,12,3,2,0,2,115,4.15,5468.53
SP126,soap,2026-06-29,19,179,0.0,179,0,0,11387,887,42,101,29,16,2,27,0,0,0,0,0,0,0,0,27,4,4.0,3,1,0,0,0,119,4.14,2316.22
SP126,soap,2026-07-06,20,189,0.0,189,0,0,11441,826,31,99,33,22,3,30,4,0,2,0,2,0,0,0,26,10,4.2,8,1,1,1,0,129,4.15,1995.96
SP126,soap,2026-07-13,21,189,0.0,189,0,0,11819,831,42,90,33,23,2,31,1,0,0,0,1,0,0,0,30,6,4.17,5,0,1,0,1,135,4.15,2753.49
SP126,soap,2026-07-20,22,189,0.0,189,0,0,11909,901,52,85,31,27,4,27,1,0,0,0,1,0,0,0,26,3,3.67,2,1,0,0,0,138,4.14,2303.37
SP126,soap,2026-07-27,23,189,0.0,189,0,0,13996,1003,44,116,48,25,9,39,5,0,0,0,2,0,3,0,34,4,4.5,4,0,0,0,0,142,4.15,2483.75
SP126,soap,2026-08-03,24,189,0.0,189,0,0,12679,928,51,105,37,24,3,34,0,0,0,0,0,0,0,0,34,4,3.0,1,2,1,0,1,146,4.12,3226.09
SP126,soap,2026-08-10,25,189,0.0,189,0,0,10358,765,35,89,40,28,2,38,4,0,1,2,1,0,0,0,34,9,4.0,6,3,0,0,0,155,4.11,2806.22
SP126,soap,2026-08-17,26,189,0.0,189,0,0,11517,816,63,97,44,29,5,39,4,0,1,3,0,0,0,0,35,5,4.0,4,0,1,0,1,160,4.11,2813.75
SP126,soap,2026-08-24,27,189,0.0,189,1,0,13769,931,58,107,51,25,2,49,4,0,0,1,2,1,0,0,45,9,4.11,8,1,0,0,0,169,4.11,3879.07
SP126,soap,2026-08-31,28,189,0.0,189,0,0,15696,1088,50,118,47,29,2,45,2,0,1,0,0,1,0,0,43,11,4.18,9,2,0,0,0,180,4.11,3908.94
SP126,soap,2026-09-07,29,189,0.0,189,0,0,18284,1300,56,146,61,45,8,53,2,0,0,1,0,1,0,0,51,6,3.83,4,2,0,0,0,186,4.1,4509.2
SP126,soap,2026-09-14,30,189,0.0,189,0,0,13828,1017,58,131,53,31,5,48,3,0,1,0,1,1,0,0,45,5,4.0,5,0,0,0,0,191,4.1,3901.54
SP126,soap,2026-09-21,31,189,0.1,170,0,1,18881,1474,94,169,81,56,8,73,4,0,1,1,1,1,0,0,69,13,4.08,10,2,1,0,1,204,4.1,4791.27
SP127,soap,2026-04-13,1,189,0.0,189,0,0,9874,357,19,25,8,7,1,7,0,0,0,0,0,0,0,0,7,1,4.0,1,0,0,0,0,1,4.0,580.02
SP127,soap,2026-04-20,2,189,0.0,189,0,0,7835,313,11,25,9,6,0,9,1,0,0,1,0,0,0,0,8,2,4.0,2,0,0,0,0,3,4.0,574.31
SP127,soap,2026-04-27,3,189,0.0,189,0,0,6944,282,19,18,7,7,0,7,2,0,0,1,0,0,1,0,5,2,3.5,1,1,0,0,0,5,3.8,190.02
SP127,soap,2026-05-04,4,189,0.0,189,0,0,6384,240,15,21,6,2,0,6,1,0,0,0,1,0,0,0,5,0,,0,0,0,0,0,5,3.8,312.88
SP127,soap,2026-05-11,5,189,0.0,189,0,0,5866,215,9,10,3,0,0,3,0,0,0,0,0,0,0,0,3,1,4.0,1,0,0,0,0,6,3.83,261.44
SP127,soap,2026-05-18,6,189,0.0,189,0,0,3699,147,10,4,3,1,0,3,1,0,1,0,0,0,0,0,2,0,,0,0,0,0,0,6,3.83,51.44
SP127,soap,2026-05-25,7,189,0.0,189,0,0,3968,145,5,10,3,2,1,2,0,0,0,0,0,0,0,0,2,0,,0,0,0,0,0,6,3.83,144.29
SP127,soap,2026-06-01,8,189,0.0,189,0,0,3689,158,7,10,1,1,1,0,0,0,0,0,0,0,0,0,0,0,,0,0,0,0,0,6,3.83,-30.0
SP127,soap,2026-06-08,9,189,0.0,189,0,0,6070,239,14,15,2,1,0,2,0,0,0,0,0,0,0,0,2,0,,0,0,0,0,0,6,3.83,174.29
SP127,soap,2026-06-15,10,189,0.0,189,0,0,2918,115,6,10,4,3,0,4,1,0,0,0,1,0,0,0,3,1,3.0,0,1,0,0,0,7,3.71,138.58
SP127,soap,2026-06-22,11,189,0.1,170,0,1,5514,219,9,22,7,3,0,7,1,0,0,0,0,0,1,0,6,0,,0,0,0,0,0,7,3.71,291.45
SP127,soap,2026-06-29,12,189,0.0,189,0,0,5227,197,11,15,7,4,0,7,0,0,0,0,0,0,0,0,7,0,,0,0,0,0,0,7,3.71,610.02
SP127,soap,2026-07-06,13,189,0.0,189,0,0,6289,241,12,10,0,0,0,0,0,0,0,0,0,0,0,0,0,0,,0,0,0,0,0,7,3.71,0.0
SP127,soap,2026-07-13,14,189,0.0,189,0,0,4444,163,6,13,6,5,1,5,0,0,0,0,0,0,0,0,5,0,,0,0,0,0,0,7,3.71,405.73
SP127,soap,2026-07-20,15,189,0.0,189,0,0,5477,202,12,22,6,4,1,5,1,0,0,0,1,0,0,0,4,2,4.0,2,0,0,0,0,9,3.78,195.73
SP127,soap,2026-07-27,16,189,0.0,189,0,0,4313,174,8,13,3,1,0,3,1,0,1,0,0,0,0,0,2,0,,0,0,0,0,0,9,3.78,51.44
SP127,soap,2026-08-03,17,189,0.0,189,0,0,5267,201,9,15,4,3,0,4,0,0,0,0,0,0,0,0,4,0,,0,0,0,0,0,9,3.78,348.58
SP127,soap,2026-08-10,18,189,0.0,189,0,0,6839,243,12,12,5,5,0,5,1,0,0,1,0,0,0,0,4,1,2.0,0,0,1,1,0,10,3.6,225.73
SP127,soap,2026-08-17,19,189,0.0,189,0,0,4443,139,6,6,1,0,0,1,0,0,0,0,0,0,0,0,1,0,,0,0,0,0,0,10,3.6,87.15
SP127,soap,2026-08-24,20,189,0.0,189,1,0,4470,181,7,11,6,4,1,5,0,0,0,0,0,0,0,0,5,1,5.0,1,0,0,0,0,11,3.73,405.73
SP127,soap,2026-08-31,21,189,0.0,189,0,0,4964,181,5,12,4,4,0,4,0,0,0,0,0,0,0,0,4,0,,0,0,0,0,0,11,3.73,348.58
SP127,soap,2026-09-07,22,189,0.0,189,0,0,5875,229,14,20,5,1,0,5,1,0,1,0,0,0,0,0,4,3,3.0,1,1,1,0,1,14,3.57,225.73
SP127,soap,2026-09-14,23,189,0.0,189,0,0,4453,178,7,11,1,0,0,1,0,0,0,0,0,0,0,0,1,0,,0,0,0,0,0,14,3.57,87.15
SP127,soap,2026-09-21,24,189,0.15,161,0,1,7276,304,11,36,13,10,2,11,1,0,0,0,0,0,1,0,10,3,3.0,1,1,1,1,0,17,3.47,421.94
SP128,soap,2025-10-13,1,169,0.0,169,1,0,13923,564,32,72,28,16,3,25,0,0,0,0,0,0,0,0,25,4,4.0,3,1,0,0,0,4,4.0,354.38
SP128,soap,2025-10-20,2,169,0.0,169,1,0,22452,906,45,103,41,29,5,36,2,0,0,2,0,0,0,0,34,3,4.33,3,0,0,0,0,7,4.14,100.64
SP128,soap,2025-10-27,3,169,0.0,169,0,0,12850,540,37,64,30,18,4,26,1,0,0,0,1,0,0,0,25,3,4.33,3,0,0,0,0,10,4.2,141.67
SP128,soap,2025-11-03,4,169,0.0,169,0,0,13137,595,46,71,29,17,0,29,1,0,0,0,1,0,0,0,28,5,4.4,5,0,0,0,0,15,4.27,362.22
SP128,soap,2025-11-10,5,169,0.0,169,0,0,9606,466,28,62,25,17,3,22,3,0,0,1,2,0,0,0,19,3,3.67,2,0,1,0,1,18,4.17,-275.7
SP128,soap,2025-11-17,6,169,0.0,169,0,0,11484,539,30,53,19,10,2,17,0,0,0,0,0,0,0,0,17,3,4.33,2,1,0,0,0,21,4.19,242.61
SP128,soap,2025-11-24,7,169,0.0,169,0,0,15027,639,42,81,31,21,2,29,1,0,0,0,1,0,0,0,28,6,4.5,5,1,0,0,0,27,4.26,280.56
SP128,soap,2025-12-01,8,169,0.0,169,0,0,13619,672,44,61,21,13,1,20,0,0,0,0,0,0,0,0,20,2,3.5,1,1,0,0,0,29,4.21,340.67
SP128,soap,2025-12-08,9,169,0.0,169,0,0,8347,401,20,48,22,10,1,21,0,0,0,0,0,0,0,0,21,3,4.67,3,0,0,0,0,32,4.25,359.74
SP128,soap,2025-12-15,10,179,0.0,179,0,0,8214,418,23,43,22,12,4,18,1,0,0,1,0,0,0,0,17,4,4.75,4,0,0,0,0,36,4.31,150.98
SP128,soap,2025-12-22,11,179,0.0,179,0,0,10403,527,37,75,27,17,4,23,1,0,0,0,1,0,0,0,22,3,4.33,3,0,0,0,0,39,4.31,293.97
SP128,soap,2025-12-29,12,179,0.0,179,0,0,10732,490,33,61,21,14,2,19,0,0,0,0,0,0,0,0,19,1,5.0,1,0,0,0,0,40,4.33,461.72
SP128,soap,2026-01-05,13,179,0.0,179,0,0,12621,581,23,91,30,18,3,27,0,0,0,0,0,0,0,0,27,6,4.17,4,2,0,0,0,46,4.3,649.67
SP128,soap,2026-01-12,14,179,0.2,143,0,1,17374,984,51,143,63,38,7,56,1,0,1,0,0,0,0,0,55,8,4.0,6,2,0,0,0,54,4.26,-770.47
SP128,soap,2026-01-19,15,179,0.0,179,0,0,13876,636,45,74,27,19,4,23,0,0,0,0,0,0,0,0,23,1,3.0,0,1,0,0,0,55,4.24,494.45
SP128,soap,2026-01-26,16,179,0.0,179,0,0,12437,617,32,72,32,20,4,28,3,0,0,0,1,1,1,0,25,6,4.0,4,2,0,0,0,61,4.21,36.01
SP128,soap,2026-02-02,17,179,0.0,179,0,0,11422,550,38,76,34,18,4,30,3,0,0,2,0,1,0,0,27,7,4.14,5,2,0,0,0,68,4.21,93.21
SP128,soap,2026-02-09,18,179,0.0,179,0,0,13342,579,26,78,26,14,2,24,1,0,0,0,0,0,1,0,23,3,4.67,3,0,0,0,0,71,4.23,404.23
SP128,soap,2026-02-16,19,179,0.0,179,0,0,9728,468,28,61,19,7,0,19,0,0,0,0,0,0,0,0,19,1,4.0,1,0,0,0,0,72,4.22,543.38
SP128,soap,2026-02-23,20,179,0.0,179,0,0,9638,470,28,74,25,17,1,24,1,0,0,0,1,0,0,0,23,3,4.33,3,0,0,0,0,75,4.23,445.06
SP128,soap,2026-03-02,21,179,0.15,152,1,1,17680,936,54,142,82,57,12,70,4,0,0,3,1,0,0,0,66,13,4.0,10,2,1,0,1,88,4.19,-987.1
SP128,soap,2026-03-09,22,179,0.0,179,0,0,11011,496,28,51,27,20,2,25,2,0,0,1,1,0,0,0,23,4,4.25,4,0,0,0,0,92,4.2,232.36
SP128,soap,2026-03-16,23,179,0.0,179,0,0,13680,684,36,91,36,24,3,33,1,0,0,0,1,0,0,0,32,4,4.25,3,1,0,0,0,96,4.2,620.79
SP128,soap,2026-03-23,24,179,0.0,179,0,0,10764,515,27,52,20,14,3,17,1,0,1,0,0,0,0,0,16,2,3.5,1,1,0,0,0,98,4.18,163.21
SP128,soap,2026-03-30,25,179,0.0,179,0,0,12456,582,28,69,28,17,2,26,0,0,0,0,0,0,0,0,26,7,4.29,6,0,1,0,1,105,4.19,661.91
SP128,soap,2026-04-06,26,179,0.0,179,0,0,9818,469,29,64,24,14,0,24,0,0,0,0,0,0,0,0,24,4,4.0,3,1,0,0,0,109,4.18,686.37
SP128,soap,2026-04-13,27,179,0.0,179,0,0,7580,392,25,60,23,11,1,22,0,0,0,0,0,0,0,0,22,0,,0,0,0,0,0,109,4.18,588.34
SP128,soap,2026-04-20,28,179,0.0,179,0,0,7791,385,27,43,22,11,3,19,1,0,1,0,0,0,0,0,18,0,,0,0,0,0,0,109,4.18,220.41
SP128,soap,2026-04-27,29,179,0.0,179,0,0,10690,500,22,51,22,14,1,21,2,0,0,0,2,0,0,0,19,1,5.0,1,0,0,0,0,110,4.19,158.79
SP128,soap,2026-05-04,30,179,0.0,179,0,0,10126,463,27,69,27,19,3,24,0,0,0,0,0,0,0,0,24,2,5.0,2,0,0,0,0,112,4.21,563.88
SP128,soap,2026-05-11,31,179,0.0,179,0,0,8020,320,19,41,17,6,1,16,0,0,0,0,0,0,0,0,16,2,5.0,2,0,0,0,0,114,4.22,416.75
SP128,soap,2026-05-18,32,179,0.0,179,0,0,12548,628,46,66,31,24,4,27,0,0,0,0,0,0,0,0,27,2,4.5,2,0,0,0,0,116,4.22,608.84
SP128,soap,2026-05-25,33,179,0.0,179,0,0,9270,439,17,55,30,16,2,28,1,0,1,0,0,0,0,0,27,3,5.0,3,0,0,0,0,119,4.24,518.63
SP128,soap,2026-06-01,34,179,0.0,179,0,0,8434,444,22,53,21,12,3,18,0,0,0,0,0,0,0,0,18,5,4.8,5,0,0,0,0,124,4.27,392.29
SP128,soap,2026-06-08,35,179,0.0,179,0,0,15041,720,46,88,38,21,3,35,1,0,0,0,0,0,1,0,34,9,4.33,8,1,0,0,0,133,4.27,677.99
SP128,soap,2026-06-15,36,179,0.0,179,0,0,12892,634,38,82,38,21,1,37,2,0,0,1,1,0,0,0,35,7,3.57,4,1,2,1,1,140,4.24,616.37
SP128,soap,2026-06-22,37,179,0.15,152,0,1,12430,663,35,100,47,26,5,42,2,0,1,1,0,0,0,0,40,4,4.25,3,1,0,0,0,144,4.24,-432.53
SP128,soap,2026-06-29,38,179,0.0,179,0,0,14832,728,48,84,38,25,6,32,1,0,0,1,0,0,0,0,31,4,4.25,4,0,0,0,0,148,4.24,469.7
SP128,soap,2026-07-06,39,179,0.0,179,0,0,11755,552,36,69,30,19,1,29,0,0,0,0,0,0,0,0,29,1,4.0,1,0,0,0,0,149,4.23,788.53
SP128,soap,2026-07-13,40,179,0.0,179,0,0,7591,377,19,53,14,6,1,13,1,0,0,0,1,0,0,0,12,0,,0,0,0,0,0,149,4.23,130.48
SP128,soap,2026-07-20,41,179,0.0,179,0,0,9005,435,20,47,20,11,0,20,1,0,0,0,0,1,0,0,19,4,4.5,3,1,0,0,0,153,4.24,371.5
SP128,soap,2026-07-27,42,179,0.0,179,0,0,11590,555,33,69,30,17,2,28,2,0,0,1,0,1,0,0,26,7,4.0,5,2,0,0,0,160,4.23,318.15
SP128,soap,2026-08-03,43,179,0.0,179,0,0,10701,509,36,69,28,20,2,26,0,0,0,0,0,0,0,0,26,3,5.0,3,0,0,0,0,163,4.25,661.91
SP128,soap,2026-08-10,44,179,0.0,179,0,0,10509,503,19,71,30,19,4,26,1,0,0,1,0,0,0,0,25,3,4.67,3,0,0,0,0,166,4.25,379.77
SP128,soap,2026-08-17,45,179,0.0,179,0,0,10388,520,34,61,24,15,2,22,0,0,0,0,0,0,0,0,22,1,3.0,0,1,0,0,0,167,4.25,547.51
SP128,soap,2026-08-24,46,179,0.0,179,1,0,12603,646,44,90,31,14,2,29,0,0,0,0,0,0,0,0,29,2,4.0,2,0,0,0,0,169,4.24,747.7
SP128,soap,2026-08-31,47,179,0.0,179,0,0,9377,487,32,81,36,18,2,34,0,0,0,0,0,0,0,0,34,6,4.67,6,0,0,0,0,175,4.26,890.7
SP128,soap,2026-09-07,48,179,0.0,179,0,0,11350,523,29,84,37,23,4,33,0,0,0,0,0,0,0,0,33,3,4.67,3,0,0,0,0,178,4.26,780.44
SP128,soap,2026-09-14,49,179,0.0,179,0,0,14866,737,38,103,34,22,5,29,3,0,1,0,0,0,2,0,26,2,4.5,2,0,0,0,0,180,4.27,23.78
SP128,soap,2026-09-21,50,189,0.15,161,0,1,16044,883,41,118,56,37,11,45,1,0,0,1,0,0,0,0,44,6,4.5,5,1,0,0,0,186,4.27,-116.95
SP129,soap,2026-02-23,1,159,0.0,159,0,0,9307,394,19,29,12,10,1,11,3,0,1,1,1,0,0,0,8,2,2.0,0,0,2,0,2,2,2.0,-252.56
SP129,soap,2026-03-02,2,159,0.2,127,1,1,11732,285,11,23,10,9,2,8,1,0,0,1,0,0,0,0,7,0,,0,0,0,0,0,2,2.0,-220.78
SP129,soap,2026-03-09,3,159,0.0,159,0,0,5044,110,5,6,2,0,0,2,1,0,1,0,0,0,0,0,1,0,,0,0,0,0,0,2,2.0,-122.93
SP129,soap,2026-03-16,4,159,0.0,159,0,0,5948,138,2,8,5,4,1,4,0,0,0,0,0,0,0,0,4,0,,0,0,0,0,0,2,2.0,86.99
SP129,soap,2026-03-23,5,159,0.0,159,0,0,3875,71,3,5,4,3,0,4,1,0,1,0,0,0,0,0,3,0,,0,0,0,0,0,2,2.0,-64.44
SP129,soap,2026-03-30,6,159,0.0,159,0,0,3496,67,4,4,1,1,0,1,0,0,0,0,0,0,0,0,1,0,,0,0,0,0,0,2,2.0,29.25
SP129,soap,2026-04-06,7,159,0.0,159,0,0,2987,70,2,2,1,1,0,1,0,0,0,0,0,0,0,0,1,0,,0,0,0,0,0,2,2.0,29.25
SP129,soap,2026-04-13,8,159,0.0,159,0,0,3323,69,2,5,3,1,0,3,2,0,2,0,0,0,0,0,1,0,,0,0,0,0,0,2,2.0,-275.11
SP129,soap,2026-04-20,9,159,0.0,159,0,0,3603,67,3,6,1,1,0,1,1,0,0,0,1,0,0,0,0,1,2.0,0,0,1,0,1,3,2.0,-152.18
SP129,soap,2026-04-27,10,159,0.0,159,0,0,2855,56,1,3,0,0,0,0,0,0,0,0,0,0,0,0,0,0,,0,0,0,0,0,3,2.0,0.0
SP130,soap,2026-04-06,1,199,0.0,199,0,0,8661,325,12,13,4,0,0,4,0,0,0,0,0,0,0,0,4,1,1.0,0,0,1,1,0,1,1.0,277.81
SP130,soap,2026-04-13,2,199,0.0,199,0,0,6699,86,5,3,1,0,0,1,0,0,0,0,0,0,0,0,1,1,3.0,0,1,0,0,0,2,2.0,69.45
SP130,soap,2026-04-20,3,199,0.0,199,0,0,4409,81,3,2,1,0,0,1,0,0,0,0,0,0,0,0,1,1,2.0,0,0,1,1,0,3,2.0,69.45
SP130,soap,2026-04-27,4,199,0.0,199,0,0,4116,82,3,2,1,1,1,0,0,0,0,0,0,0,0,0,0,0,,0,0,0,0,0,3,2.0,-30.0
SP130,soap,2026-05-04,5,199,0.0,199,0,0,2751,50,2,4,1,0,0,1,0,0,0,0,0,0,0,0,1,0,,0,0,0,0,0,3,2.0,69.45
SP130,soap,2026-05-11,6,199,0.0,199,0,0,2872,47,1,0,0,0,0,0,0,0,0,0,0,0,0,0,0,0,,0,0,0,0,0,3,2.0,0.0
SP130,soap,2026-05-18,7,199,0.0,199,0,0,2466,51,1,0,0,0,0,0,0,0,0,0,0,0,0,0,0,0,,0,0,0,0,0,3,2.0,0.0
SP130,soap,2026-05-25,8,199,0.0,199,0,0,3023,50,1,0,0,0,0,0,0,0,0,0,0,0,0,0,0,0,,0,0,0,0,0,3,2.0,0.0
SP130,soap,2026-06-01,9,199,0.0,199,0,0,2681,50,0,2,2,1,0,2,1,0,0,1,0,0,0,0,1,1,1.0,0,0,1,1,0,4,1.75,-80.62
SP130,soap,2026-06-08,10,199,0.0,199,0,0,2689,38,3,1,0,0,0,0,0,0,0,0,0,0,0,0,0,0,,0,0,0,0,0,4,1.75,0.0
SP130,soap,2026-06-15,11,199,0.0,199,0,0,2195,34,2,2,1,1,0,1,0,0,0,0,0,0,0,0,1,0,,0,0,0,0,0,4,1.75,69.45
SP131,soap,2026-02-16,1,219,0.0,219,0,0,10345,245,10,14,2,1,0,2,1,0,1,0,0,0,0,0,1,0,,0,0,0,0,0,0,,-35.21
SP131,soap,2026-02-23,2,219,0.0,219,0,0,4819,117,10,4,1,1,0,1,0,0,0,0,0,0,0,0,1,0,,0,0,0,0,0,0,,101.68
SP131,soap,2026-03-02,3,219,0.2,175,1,1,4288,150,7,8,1,1,0,1,0,0,0,0,0,0,0,0,1,0,,0,0,0,0,0,0,,59.78
SP131,soap,2026-03-09,4,219,0.0,219,0,0,3767,84,4,5,0,0,0,0,0,0,0,0,0,0,0,0,0,0,,0,0,0,0,0,0,,0.0
SP131,soap,2026-03-16,5,179,0.0,179,0,0,3532,90,2,9,3,2,1,2,0,0,0,0,0,0,0,0,2,0,,0,0,0,0,0,0,,97.17
SP131,soap,2026-03-23,6,179,0.0,179,0,0,3416,98,3,7,0,0,0,0,0,0,0,0,0,0,0,0,0,0,,0,0,0,0,0,0,,0.0
SP132,soap,2026-03-16,1,209,0.0,209,0,0,8863,358,17,28,10,5,1,9,1,0,0,1,0,0,0,0,8,1,4.0,1,0,0,0,0,1,4.0,669.89
SP132,soap,2026-03-23,2,209,0.0,209,0,0,9525,434,24,36,11,8,2,9,0,0,0,0,0,0,0,0,9,2,3.5,1,1,0,0,0,3,3.67,868.94
SP132,soap,2026-03-30,3,209,0.0,209,0,0,6368,252,18,18,8,5,0,8,0,0,0,0,0,0,0,0,8,1,4.0,1,0,0,0,0,4,3.75,825.72
SP132,soap,2026-04-06,4,209,0.0,209,0,0,9828,387,20,33,11,9,1,10,1,0,0,0,1,0,0,0,9,1,3.0,0,1,0,0,0,5,3.6,773.1
SP132,soap,2026-04-13,5,209,0.0,209,0,0,5107,204,10,21,3,1,0,3,0,0,0,0,0,0,0,0,3,0,,0,0,0,0,0,5,3.6,309.65
SP132,soap,2026-04-20,6,209,0.0,209,0,0,4856,207,15,24,6,4,2,4,1,0,0,0,1,0,0,0,3,2,3.5,1,1,0,0,0,7,3.57,123.81
SP132,soap,2026-04-27,7,209,0.0,209,0,0,4841,152,10,16,1,0,0,1,0,0,0,0,0,0,0,0,1,0,,0,0,0,0,0,7,3.57,103.22
SP132,soap,2026-05-04,8,209,0.0,209,0,0,3958,143,7,13,2,0,0,2,0,0,0,0,0,0,0,0,2,0,,0,0,0,0,0,7,3.57,206.43
SP132,soap,2026-05-11,9,209,0.0,209,0,0,4159,150,9,15,8,5,1,7,1,0,0,0,1,0,0,0,6,2,3.5,1,1,0,0,0,9,3.56,463.46
SP132,soap,2026-05-18,10,209,0.0,209,0,0,6260,290,16,24,9,6,0,9,1,0,0,0,0,1,0,0,8,3,4.33,3,0,0,0,0,12,3.75,699.89
SP132,soap,2026-05-25,11,209,0.0,209,0,0,4698,177,12,12,6,4,0,6,1,0,1,0,0,0,0,0,5,1,5.0,1,0,0,0,0,13,3.85,390.24
SP132,soap,2026-06-01,12,209,0.0,209,0,0,7303,316,28,30,8,3,0,8,1,0,0,0,1,0,0,0,7,1,5.0,1,0,0,0,0,14,3.93,596.67
SP132,soap,2026-06-08,13,209,0.0,209,0,0,5370,288,13,17,4,2,1,3,0,0,0,0,0,0,0,0,3,0,,0,0,0,0,0,14,3.93,279.65
SP132,soap,2026-06-15,14,209,0.0,209,0,0,5344,265,13,20,6,3,2,4,1,0,0,0,0,0,1,0,3,2,4.0,1,1,0,0,0,16,3.94,123.81
SP132,soap,2026-06-22,15,209,0.15,178,0,1,9002,445,22,39,14,8,1,13,1,0,1,0,0,0,0,0,12,2,4.0,1,1,0,0,0,18,3.94,728.46
SP132,soap,2026-06-29,16,209,0.0,209,0,0,5943,254,11,25,11,7,1,10,0,0,0,0,0,0,0,0,10,1,5.0,1,0,0,0,0,19,4.0,1002.15
SP132,soap,2026-07-06,17,209,0.0,209,0,0,5656,255,10,23,6,4,0,6,0,0,0,0,0,0,0,0,6,1,4.0,1,0,0,0,0,20,4.0,619.29
SP132,soap,2026-07-13,18,209,0.0,209,0,0,7433,366,25,35,10,9,2,8,1,0,0,1,0,0,0,0,7,0,,0,0,0,0,0,20,4.0,536.67
SP132,soap,2026-07-20,19,209,0.0,209,0,0,7044,356,21,31,13,6,1,12,0,0,0,0,0,0,0,0,12,1,5.0,1,0,0,0,0,21,4.05,1208.58
SP132,soap,2026-07-27,20,209,0.0,209,0,0,8031,421,26,33,10,6,1,9,0,0,0,0,0,0,0,0,9,1,4.0,1,0,0,0,0,22,4.05,898.94
SP132,soap,2026-08-03,21,209,0.0,209,0,0,7440,357,19,26,9,7,2,7,1,0,0,0,1,0,0,0,6,0,,0,0,0,0,0,22,4.05,433.46
SP132,soap,2026-08-10,22,209,0.0,209,0,0,5600,310,18,27,10,8,0,10,1,0,0,0,1,0,0,0,9,1,5.0,1,0,0,0,0,23,4.09,803.1
SP132,soap,2026-08-17,23,209,0.0,209,0,0,7765,404,26,42,15,8,4,11,0,0,0,0,0,0,0,0,11,0,,0,0,0,0,0,23,4.09,1015.37
SP132,soap,2026-08-24,24,209,0.0,209,1,0,8870,388,22,30,7,5,0,7,1,0,0,0,1,0,0,0,6,3,4.67,3,0,0,0,0,26,4.15,493.46
SP132,soap,2026-08-31,25,209,0.0,209,0,0,7452,389,21,29,5,4,0,5,1,0,1,0,0,0,0,0,4,0,,0,0,0,0,0,26,4.15,287.03
SP132,soap,2026-09-07,26,209,0.0,209,0,0,6958,357,20,40,9,6,1,8,0,0,0,0,0,0,0,0,8,4,4.0,3,1,0,0,0,30,4.13,795.72
SP132,soap,2026-09-14,27,209,0.0,209,0,0,10254,500,27,46,11,8,1,10,1,0,1,0,0,0,0,0,9,2,4.0,1,1,0,0,0,32,4.12,773.1
SP132,soap,2026-09-21,28,209,0.15,178,0,1,8899,447,34,60,26,19,5,21,1,0,0,0,0,1,0,0,20,1,5.0,1,0,0,0,0,33,4.15,1197.99
SP133,soap,2025-12-29,1,209,0.0,209,0,0,8677,148,7,10,4,0,0,4,2,0,1,1,0,0,0,0,2,0,,0,0,0,0,0,0,,-36.95
SP133,soap,2026-01-05,2,209,0.0,209,0,0,5781,90,3,7,3,2,0,3,1,0,0,0,0,1,0,0,2,0,,0,0,0,0,0,0,,86.81
SP133,soap,2026-01-12,3,209,0.15,178,0,1,4612,104,4,5,1,1,0,1,0,0,0,0,0,0,0,0,1,0,,0,0,0,0,0,0,,75.76
SP133,soap,2026-01-19,4,209,0.0,209,0,0,5061,98,4,5,0,0,0,0,0,0,0,0,0,0,0,0,0,0,,0,0,0,0,0,0,,0.0
SP133,soap,2026-01-26,5,169,0.0,169,0,0,3059,73,3,7,2,0,1,1,0,0,0,0,0,0,0,0,1,0,,0,0,0,0,0,0,,37.19
SP133,soap,2026-02-02,6,169,0.0,169,0,0,3501,75,5,2,0,0,0,0,0,0,0,0,0,0,0,0,0,0,,0,0,0,0,0,0,,0.0
SP133,soap,2026-02-09,7,169,0.0,169,0,0,2208,56,2,0,0,0,0,0,0,0,0,0,0,0,0,0,0,0,,0,0,0,0,0,0,,0.0
SP133,soap,2026-02-16,8,169,0.0,169,0,0,2732,76,6,7,2,1,0,2,1,0,0,0,1,0,0,0,1,0,,0,0,0,0,0,0,,-56.57
SP133,soap,2026-02-23,9,169,0.0,169,0,0,3074,75,4,3,1,1,0,1,0,0,0,0,0,0,0,0,1,0,,0,0,0,0,0,0,,67.19
SP133,soap,2026-03-02,10,169,0.2,135,1,1,3723,104,6,11,6,4,0,6,2,0,2,0,0,0,0,0,4,0,,0,0,0,0,0,0,,-108.29
SP133,soap,2026-03-09,11,169,0.0,169,0,0,5162,102,4,10,3,1,1,2,0,0,0,0,0,0,0,0,2,0,,0,0,0,0,0,0,,104.38
SP133,soap,2026-03-16,12,169,0.0,169,0,0,3725,79,2,4,1,1,1,0,0,0,0,0,0,0,0,0,0,0,,0,0,0,0,0,0,,-30.0
SP133,soap,2026-03-23,13,169,0.0,169,0,0,2480,53,2,2,1,0,0,1,0,0,0,0,0,0,0,0,1,0,,0,0,0,0,0,0,,67.19
SP133,soap,2026-03-30,14,169,0.0,169,0,0,3166,65,1,8,4,2,0,4,0,0,0,0,0,0,0,0,4,0,,0,0,0,0,0,0,,268.76
SP133,soap,2026-04-06,15,169,0.0,169,0,0,3877,85,8,8,2,1,0,2,0,0,0,0,0,0,0,0,2,2,3.5,1,1,0,0,0,2,3.5,134.38
SP133,soap,2026-04-13,16,169,0.0,169,0,0,3620,71,1,2,0,0,0,0,0,0,0,0,0,0,0,0,0,0,,0,0,0,0,0,2,3.5,0.0
SP133,soap,2026-04-20,17,169,0.0,169,0,0,3030,66,3,5,2,2,0,2,0,0,0,0,0,0,0,0,2,0,,0,0,0,0,0,2,3.5,134.38
SP133,soap,2026-04-27,18,169,0.0,169,0,0,4553,85,6,10,3,1,0,3,0,0,0,0,0,0,0,0,3,1,3.0,0,1,0,0,0,3,3.33,201.57
SP133,soap,2026-05-04,19,169,0.0,169,0,0,2982,49,1,2,0,0,0,0,0,0,0,0,0,0,0,0,0,0,,0,0,0,0,0,3,3.33,0.0
SP134,soap,2025-11-24,1,169,0.0,169,0,0,10746,325,12,19,4,1,0,4,0,0,0,0,0,0,0,0,4,2,2.5,0,1,1,0,1,2,2.5,255.97
SP134,soap,2025-12-01,2,169,0.0,169,0,0,5826,132,3,11,6,4,0,6,0,0,0,0,0,0,0,0,6,1,3.0,0,1,0,0,0,3,2.67,383.96
SP134,soap,2025-12-08,3,169,0.0,169,0,0,4918,110,2,11,3,2,2,1,0,0,0,0,0,0,0,0,1,0,,0,0,0,0,0,3,2.67,3.99
SP134,soap,2025-12-15,4,169,0.0,169,0,0,6427,117,2,7,1,1,0,1,0,0,0,0,0,0,0,0,1,0,,0,0,0,0,0,3,2.67,63.99
SP134,soap,2025-12-22,5,169,0.0,169,0,0,4075,81,2,9,1,1,0,1,1,0,0,0,1,0,0,0,0,0,,0,0,0,0,0,3,2.67,-126.96
SP134,soap,2025-12-29,6,169,0.0,169,0,0,3257,65,4,2,0,0,0,0,0,0,0,0,0,0,0,0,0,0,,0,0,0,0,0,3,2.67,0.0
SP134,soap,2026-01-05,7,169,0.0,169,0,0,2236,44,1,3,1,1,0,1,0,0,0,0,0,0,0,0,1,0,,0,0,0,0,0,3,2.67,63.99
SP135,soap,2026-06-08,1,149,0.0,149,0,0,5498,288,16,32,16,8,1,15,1,0,0,1,0,0,0,0,14,2,3.0,0,2,0,0,0,2,3.0,381.46
SP135,soap,2026-06-15,2,149,0.0,149,0,0,12536,486,34,48,23,21,4,19,1,0,1,0,0,0,0,0,18,2,3.5,1,1,0,0,0,4,3.25,447.02
SP135,soap,2026-06-22,3,149,0.0,149,0,1,9282,422,28,37,14,11,2,12,0,0,0,0,0,0,0,0,12,0,,0,0,0,0,0,4,3.25,406.69
SP135,soap,2026-06-29,4,149,0.0,149,0,0,7976,336,16,32,14,8,1,13,2,0,0,1,0,1,0,0,11,3,3.33,1,2,0,0,0,7,3.29,131.77
SP135,soap,2026-07-06,5,149,0.0,149,0,0,7377,328,17,33,15,9,1,14,0,0,0,0,0,0,0,0,14,2,4.0,2,0,0,0,0,9,3.44,514.47
SP135,soap,2026-07-13,6,149,0.0,149,0,0,6388,319,21,37,17,10,1,16,1,0,0,0,1,0,0,0,15,2,2.5,0,1,1,0,1,11,3.27,420.35
SP135,soap,2026-07-20,7,149,0.0,149,0,0,6199,268,15,24,6,5,0,6,2,0,0,0,2,0,0,0,4,0,,0,0,0,0,0,11,3.27,-110.47
SP135,soap,2026-07-27,8,149,0.0,149,0,0,5116,254,10,36,13,5,1,12,1,0,0,0,1,0,0,0,11,1,4.0,1,0,0,0,0,12,3.33,264.78
SP135,soap,2026-08-03,9,149,0.0,149,0,0,6504,287,19,25,14,9,1,13,0,0,0,0,0,0,0,0,13,2,4.5,2,0,0,0,0,14,3.5,475.58
SP135,soap,2026-08-10,10,149,0.0,149,0,0,6270,318,18,27,8,5,1,7,1,0,0,0,1,0,0,0,6,1,4.0,1,0,0,0,0,15,3.53,70.33
SP135,soap,2026-08-17,11,149,0.0,149,0,0,6656,310,12,39,20,15,2,18,2,0,1,0,0,0,1,0,16,5,4.0,3,2,0,0,0,20,3.65,296.22
SP135,soap,2026-08-24,12,149,0.0,149,1,0,7473,413,24,43,22,12,3,19,0,0,0,0,0,0,0,0,19,3,5.0,3,0,0,0,0,23,3.83,648.92
SP135,soap,2026-08-31,13,149,0.0,149,0,0,7918,449,17,60,30,21,3,27,1,0,0,0,0,0,1,0,26,7,4.57,7,0,0,0,0,30,4.0,788.14
SP135,soap,2026-09-07,14,149,0.0,149,0,0,10464,640,28,77,34,24,3,31,5,0,3,1,1,0,0,0,26,1,2.0,0,0,1,1,0,31,3.94,256.09
SP135,soap,2026-09-14,15,149,0.0,149,0,0,14497,899,37,125,50,32,1,49,5,0,0,3,2,0,0,0,44,7,3.57,4,2,1,0,1,38,3.87,1016.12
SP135,soap,2026-09-21,16,149,0.0,149,0,1,16544,986,54,114,53,33,5,48,2,0,1,1,0,0,0,0,46,9,4.0,6,3,0,0,0,47,3.89,1372.94
SP136,soap,2025-09-29,1,159,0.15,135,1,1,21908,1833,71,233,122,82,15,107,4,0,0,0,3,0,1,0,103,10,4.6,9,1,0,0,0,10,4.6,-5499.3
SP136,soap,2025-10-06,2,159,0.15,135,1,1,45540,5032,260,739,403,289,47,356,25,0,8,4,9,2,2,0,331,44,4.07,34,7,3,1,2,54,4.17,-20063.49
SP136,soap,2025-10-13,3,179,0.0,179,1,0,32766,2872,180,304,124,85,10,114,8,0,2,1,3,0,2,0,106,16,4.12,13,3,0,0,0,70,4.16,-1830.51
SP136,soap,2025-10-20,4,179,0.0,179,1,0,33644,2860,146,333,136,101,14,122,3,0,2,1,0,0,0,0,119,18,4.06,16,1,1,0,1,88,4.14,-942.99
SP136,soap,2025-10-27,5,179,0.0,179,0,0,20411,1706,95,205,100,72,9,91,5,0,0,1,3,1,0,0,86,13,3.92,10,3,0,0,0,101,4.11,-1213.87
SP136,soap,2025-11-03,6,179,0.0,179,0,0,15308,1275,81,162,68,51,9,59,4,0,1,0,2,0,1,0,55,13,4.46,11,2,0,0,0,114,4.15,-1033.97
SP136,soap,2025-11-10,7,179,0.0,179,0,0,21850,1882,103,261,99,62,9,90,4,0,2,0,1,0,1,0,86,10,3.9,8,2,0,0,0,124,4.13,-1014.04
SP137,soap,2025-09-22,1,199,0.0,199,1,1,17378,446,18,20,7,5,0,7,0,0,0,0,0,0,0,0,7,1,2.0,0,0,1,1,0,1,2.0,624.44
SP137,soap,2025-09-29,2,199,0.2,159,1,1,10945,204,8,15,6,4,2,4,0,0,0,0,0,0,0,0,4,1,3.0,0,1,0,0,0,2,2.5,144.44
SP137,soap,2025-10-06,3,199,0.2,159,1,1,9008,184,11,11,6,4,0,6,0,0,0,0,0,0,0,0,6,0,,0,0,0,0,0,2,2.5,306.66
SP137,soap,2025-10-13,4,199,0.0,199,1,0,7178,127,4,10,1,1,1,0,0,0,0,0,0,0,0,0,0,0,,0,0,0,0,0,2,2.5,-30.0
SP137,soap,2025-10-20,5,179,0.0,179,1,0,4633,83,6,4,1,1,0,1,1,0,0,0,1,0,0,0,0,0,,0,0,0,0,0,2,2.5,-130.32
SP137,soap,2025-10-27,6,179,0.0,179,0,0,4257,74,2,4,2,0,0,2,0,0,0,0,0,0,0,0,2,0,,0,0,0,0,0,2,2.5,140.32
SP137,soap,2025-11-03,7,179,0.0,179,0,0,4397,83,3,11,4,3,0,4,0,0,0,0,0,0,0,0,4,0,,0,0,0,0,0,2,2.5,280.63
SP137,soap,2025-11-10,8,179,0.0,179,0,0,4283,73,3,4,1,1,0,1,0,0,0,0,0,0,0,0,1,1,3.0,0,1,0,0,0,3,2.67,70.16
SP137,soap,2025-11-17,9,179,0.0,179,0,0,3377,63,0,8,1,1,0,1,0,0,0,0,0,0,0,0,1,1,4.0,1,0,0,0,0,4,3.0,70.16
SP137,soap,2025-11-24,10,179,0.0,179,0,0,4194,79,5,3,1,0,0,1,0,0,0,0,0,0,0,0,1,0,,0,0,0,0,0,4,3.0,70.16
SP137,soap,2025-12-01,11,179,0.0,179,0,0,2832,62,4,4,2,1,0,2,0,0,0,0,0,0,0,0,2,1,4.0,1,0,0,0,0,5,3.2,140.32
SP137,soap,2025-12-08,12,179,0.0,179,0,0,4922,139,10,5,1,1,0,1,0,0,0,0,0,0,0,0,1,0,,0,0,0,0,0,5,3.2,70.16
SP137,soap,2025-12-15,13,179,0.0,179,0,0,2463,51,3,0,0,0,0,0,0,0,0,0,0,0,0,0,0,0,,0,0,0,0,0,5,3.2,0.0
SP137,soap,2025-12-22,14,179,0.0,179,0,0,2623,59,1,5,1,1,0,1,0,0,0,0,0,0,0,0,1,0,,0,0,0,0,0,5,3.2,70.16
SP137,soap,2025-12-29,15,179,0.0,179,0,0,3134,70,4,3,1,0,0,1,0,0,0,0,0,0,0,0,1,0,,0,0,0,0,0,5,3.2,70.16
SP137,soap,2026-01-05,16,179,0.0,179,0,0,3373,76,4,2,1,1,0,1,0,0,0,0,0,0,0,0,1,1,3.0,0,1,0,0,0,6,3.17,70.16
SP138,soap,2026-07-06,1,179,0.0,179,0,0,7811,549,22,60,29,19,1,28,2,0,1,0,0,0,1,0,26,2,5.0,2,0,0,0,0,2,5.0,1575.08
SP138,soap,2026-07-13,2,179,0.0,179,0,0,18927,2026,97,207,84,57,8,76,4,0,0,4,0,0,0,0,72,14,4.21,13,1,0,0,0,16,4.31,4403.04
SP138,soap,2026-07-20,3,179,0.0,179,0,0,13389,1236,79,136,47,28,3,44,2,0,0,1,1,0,0,0,42,10,4.2,8,2,0,0,0,26,4.27,2661.38
SP138,soap,2026-07-27,4,179,0.0,179,0,0,16012,1435,73,180,76,50,13,63,3,0,2,0,1,0,0,0,60,10,4.3,8,2,0,0,0,36,4.28,3522.14
SP138,soap,2026-08-03,5,179,0.0,179,0,0,12527,1134,64,146,55,36,4,51,1,0,0,0,1,0,0,0,50,7,4.57,7,0,0,0,0,43,4.33,3333.37
SP138,soap,2026-08-10,6,179,0.0,179,0,0,15112,1489,71,205,81,52,10,71,6,0,3,1,1,1,0,0,65,11,4.55,10,1,0,0,0,54,4.37,3583.86
SP138,soap,2026-08-17,7,179,0.0,179,0,0,14642,1446,84,182,80,44,8,72,6,0,1,1,4,0,0,0,66,9,3.44,6,1,2,1,1,63,4.24,3715.51
SP138,soap,2026-08-24,8,179,0.0,179,1,0,21941,2069,112,229,113,74,10,103,8,0,0,1,5,2,0,0,95,13,4.08,11,1,1,0,1,76,4.21,5475.52
SP138,soap,2026-08-31,9,179,0.0,179,0,0,11189,1028,53,120,40,29,6,34,2,0,1,0,1,0,0,0,32,2,4.5,2,0,0,0,0,78,4.22,1854.94
SP138,soap,2026-09-07,10,179,0.0,179,0,0,13086,1216,55,152,76,52,8,68,4,0,0,2,1,1,0,0,64,5,4.2,4,1,0,0,0,83,4.22,3829.88
SP138,soap,2026-09-14,11,179,0.0,179,0,0,13423,1268,61,158,74,51,7,67,1,0,1,0,0,0,0,0,66,8,4.0,6,2,0,0,0,91,4.2,4389.67
SP138,soap,2026-09-21,12,179,0.2,143,0,1,19721,2119,93,302,154,94,14,140,9,0,5,1,3,0,0,0,131,22,4.14,19,3,0,0,0,113,4.19,3314.44
SP139,soap,2026-06-15,1,179,0.0,179,0,0,9145,187,8,8,2,1,0,2,0,0,0,0,0,0,0,0,2,0,,0,0,0,0,0,0,,97.63
SP139,soap,2026-06-22,2,179,0.0,179,0,1,6979,165,4,5,2,1,0,2,2,0,1,0,1,0,0,0,0,1,3.0,0,1,0,0,0,1,3.0,-303.32
SP139,soap,2026-06-29,3,179,0.0,179,0,0,2856,47,1,6,0,0,0,0,0,0,0,0,0,0,0,0,0,0,,0,0,0,0,0,1,3.0,0.0
SP139,soap,2026-07-06,4,179,0.0,179,0,0,2754,54,2,3,0,0,0,0,0,0,0,0,0,0,0,0,0,0,,0,0,0,0,0,1,3.0,0.0
SP139,soap,2026-07-13,5,179,0.0,179,0,0,3013,60,1,5,3,2,0,3,0,0,0,0,0,0,0,0,3,0,,0,0,0,0,0,1,3.0,146.44
SP139,soap,2026-07-20,6,179,0.0,179,0,0,2610,41,1,1,1,1,0,1,0,0,0,0,0,0,0,0,1,0,,0,0,0,0,0,1,3.0,48.81
SP139,soap,2026-07-27,7,179,0.0,179,0,0,2874,56,2,5,2,1,0,2,0,0,0,0,0,0,0,0,2,0,,0,0,0,0,0,1,3.0,97.63
SP139,soap,2026-08-03,8,179,0.0,179,0,0,3173,57,3,4,1,1,0,1,0,0,0,0,0,0,0,0,1,1,3.0,0,1,0,0,0,2,3.0,48.81
SP139,soap,2026-08-10,9,179,0.0,179,0,0,2893,57,1,6,3,2,1,2,0,0,0,0,0,0,0,0,2,0,,0,0,0,0,0,2,3.0,67.63
SP139,soap,2026-08-17,10,179,0.0,179,0,0,2767,38,3,1,1,1,0,1,1,0,0,1,0,0,0,0,0,0,,0,0,0,0,0,2,3.0,-151.66
SP139,soap,2026-08-24,11,179,0.0,179,1,0,3812,72,6,3,0,0,0,0,0,0,0,0,0,0,0,0,0,0,,0,0,0,0,0,2,3.0,0.0
SP139,soap,2026-08-31,12,179,0.0,179,0,0,2731,44,2,3,0,0,0,0,0,0,0,0,0,0,0,0,0,0,,0,0,0,0,0,2,3.0,0.0
SP140,soap,2025-11-24,1,209,0.0,209,0,0,12764,315,22,36,7,3,0,7,0,0,0,0,0,0,0,0,7,2,5.0,2,0,0,0,0,2,5.0,386.81
SP140,soap,2025-12-01,2,209,0.0,209,0,0,9667,311,20,26,7,2,0,7,0,0,0,0,0,0,0,0,7,1,5.0,1,0,0,0,0,3,5.0,386.81
SP140,soap,2025-12-08,3,209,0.0,209,0,0,6381,221,18,25,4,1,0,4,0,0,0,0,0,0,0,0,4,1,5.0,1,0,0,0,0,4,5.0,221.04
SP140,soap,2025-12-15,4,209,0.0,209,0,0,6530,255,24,22,12,6,4,8,0,0,0,0,0,0,0,0,8,1,5.0,1,0,0,0,0,5,5.0,322.07
SP140,soap,2025-12-22,5,209,0.0,209,0,0,6164,236,14,26,13,6,2,11,0,0,0,0,0,0,0,0,11,0,,0,0,0,0,0,5,5.0,547.85
SP140,soap,2025-12-29,6,209,0.0,209,0,0,8617,307,19,36,8,7,0,8,1,0,0,0,0,0,1,0,7,2,5.0,2,0,0,0,0,7,5.0,213.03
SP140,soap,2026-01-05,7,209,0.0,209,0,0,9194,332,25,55,19,11,2,17,0,0,0,0,0,0,0,0,17,2,4.5,2,0,0,0,0,9,4.89,879.41
SP140,soap,2026-01-12,8,209,0.1,188,0,1,10230,372,29,40,13,9,3,10,0,0,0,0,0,0,0,0,10,2,5.0,2,0,0,0,0,11,4.91,262.59
SP140,soap,2026-01-19,9,209,0.0,209,0,0,10238,380,40,45,15,9,1,14,2,0,0,0,1,0,1,0,12,1,5.0,1,0,0,0,0,12,4.92,285.53
SP140,soap,2026-01-26,10,209,0.0,209,0,0,11333,434,33,46,12,5,0,12,0,0,0,0,0,0,0,0,12,1,5.0,1,0,0,0,0,13,4.92,663.11
SP140,soap,2026-02-02,11,209,0.0,209,0,0,7129,267,24,33,10,7,1,9,0,0,0,0,0,0,0,0,9,1,4.0,1,0,0,0,0,14,4.86,467.33
SP140,soap,2026-02-09,12,209,0.0,209,0,0,8047,292,23,35,8,2,1,7,0,0,0,0,0,0,0,0,7,0,,0,0,0,0,0,14,4.86,356.81
SP140,soap,2026-02-16,13,209,0.0,209,0,0,8741,318,25,37,10,2,1,9,2,0,0,2,0,0,0,0,7,2,4.0,1,1,0,0,0,16,4.75,9.24
SP140,soap,2026-02-23,14,209,0.0,209,0,0,8839,318,20,50,16,12,1,15,1,0,0,0,1,0,0,0,14,0,,0,0,0,0,0,16,4.75,569.84
SP140,soap,2026-03-02,15,209,0.0,209,1,1,13760,499,37,56,20,10,1,19,0,0,0,0,0,0,0,0,19,1,4.0,1,0,0,0,0,17,4.71,1019.92
SP140,soap,2026-03-09,16,209,0.0,209,0,0,8872,331,26,35,12,7,0,12,1,0,0,0,1,0,0,0,11,2,5.0,2,0,0,0,0,19,4.74,434.06
SP140,soap,2026-03-16,17,209,0.0,209,0,0,10521,366,33,41,18,7,1,17,0,0,0,0,0,0,0,0,17,0,,0,0,0,0,0,19,4.74,909.41
SP140,soap,2026-03-23,18,209,0.0,209,0,0,5826,201,14,23,6,2,0,6,1,0,0,0,1,0,0,0,5,1,5.0,1,0,0,0,0,20,4.75,102.51
SP140,soap,2026-03-30,19,209,0.0,209,0,0,9124,298,27,43,11,7,1,10,0,0,0,0,0,0,0,0,10,0,,0,0,0,0,0,20,4.75,522.59
SP140,soap,2026-04-06,20,209,0.0,209,0,0,8283,293,24,44,14,9,2,12,0,0,0,0,0,0,0,0,12,1,5.0,1,0,0,0,0,21,4.76,603.11
SP140,soap,2026-04-13,21,209,0.0,209,0,0,8296,274,19,25,8,4,1,7,0,0,0,0,0,0,0,0,7,1,5.0,1,0,0,0,0,22,4.77,356.81
SP140,soap,2026-04-20,22,209,0.0,209,0,0,8913,314,30,35,12,8,1,11,1,0,0,0,0,1,0,0,10,3,4.0,3,0,0,0,0,25,4.68,348.8
SP140,soap,2026-04-27,23,209,0.0,209,0,0,10386,355,27,36,13,12,2,11,1,0,0,0,1,0,0,0,10,2,4.0,1,1,0,0,0,27,4.63,318.8
SP140,soap,2026-05-04,24,209,0.0,209,0,0,9509,330,21,37,17,9,2,15,0,0,0,0,0,0,0,0,15,2,4.0,1,1,0,0,0,29,4.59,768.89
SP140,soap,2026-05-11,25,209,0.0,209,0,0,7786,254,21,29,12,6,1,11,0,0,0,0,0,0,0,0,11,3,4.67,3,0,0,0,0,32,4.59,577.85
SP140,soap,2026-05-18,26,209,0.0,209,0,0,8166,249,15,41,10,7,1,9,2,0,0,2,0,0,0,0,7,4,4.25,3,1,0,0,0,36,4.56,9.24
SP140,soap,2026-05-25,27,209,0.0,209,0,0,8337,272,17,39,11,8,2,9,0,0,0,0,0,0,0,0,9,1,4.0,1,0,0,0,0,37,4.54,437.33
SP140,soap,2026-06-01,28,209,0.0,209,0,0,7668,262,21,33,12,6,0,12,1,0,0,1,0,0,0,0,11,1,5.0,1,0,0,0,0,38,4.55,434.06
SP140,soap,2026-06-08,29,209,0.0,209,0,0,8875,302,20,43,19,13,4,15,1,0,0,0,1,0,0,0,14,2,4.5,2,0,0,0,0,40,4.55,479.84
SP140,soap,2026-06-15,30,209,0.0,209,0,0,6959,220,16,30,12,8,0,12,0,0,0,0,0,0,0,0,12,2,5.0,2,0,0,0,0,42,4.57,663.11
SP140,soap,2026-06-22,31,209,0.0,209,0,1,12067,413,24,70,30,21,3,27,2,0,0,0,1,0,1,0,25,5,4.6,5,0,0,0,0,47,4.57,943.9
SP140,soap,2026-06-29,32,209,0.0,209,0,0,8317,292,27,39,17,13,1,16,0,0,0,0,0,0,0,0,16,2,4.5,2,0,0,0,0,49,4.57,854.15
SP140,soap,2026-07-06,33,209,0.0,209,0,0,8938,300,19,31,14,7,0,14,0,0,0,0,0,0,0,0,14,3,4.67,3,0,0,0,0,52,4.58,773.63
SP140,soap,2026-07-13,34,209,0.0,209,0,0,10739,378,31,54,17,7,2,15,1,0,0,0,0,0,1,0,14,0,,0,0,0,0,0,52,4.58,539.84
SP140,soap,2026-07-20,35,209,0.0,209,0,0,7745,243,19,35,6,3,0,6,0,0,0,0,0,0,0,0,6,0,,0,0,0,0,0,52,4.58,331.55
SP140,soap,2026-07-27,36,209,0.0,209,0,0,11945,411,22,53,14,6,1,13,0,0,0,0,0,0,0,0,13,2,3.5,1,0,1,0,1,54,4.54,688.37
SP140,soap,2026-08-03,37,209,0.0,209,0,0,12189,427,40,62,23,14,3,20,1,0,0,1,0,0,0,0,19,4,4.75,4,0,0,0,0,58,4.55,786.14
SP140,soap,2026-08-10,38,209,0.0,209,0,0,9626,300,24,40,17,9,1,16,0,0,0,0,0,0,0,0,16,4,4.75,4,0,0,0,0,62,4.56,854.15
SP140,soap,2026-08-17,39,209,0.0,209,0,0,12882,432,37,63,26,16,0,26,0,0,0,0,0,0,0,0,26,7,4.57,7,0,0,0,0,69,4.57,1436.74
SP140,soap,2026-08-24,40,209,0.0,209,1,0,12313,396,33,40,17,10,2,15,1,0,0,0,1,0,0,0,14,3,5.0,3,0,0,0,0,72,4.58,539.84
SP140,soap,2026-08-31,41,209,0.0,209,0,0,10143,337,20,35,11,5,1,10,1,0,0,0,1,0,0,0,9,2,4.0,2,0,0,0,0,74,4.57,293.54
SP140,soap,2026-09-07,42,209,0.0,209,0,0,11482,394,39,60,22,11,1,21,2,0,0,1,1,0,0,0,19,2,4.5,2,0,0,0,0,76,4.57,672.35
SP140,soap,2026-09-14,43,209,0.0,209,0,0,14112,469,25,60,22,16,2,20,0,0,0,0,0,0,0,0,20,1,5.0,1,0,0,0,0,77,4.57,1045.18
SP140,soap,2026-09-21,44,209,0.0,209,0,1,15191,543,41,67,27,11,0,27,0,0,0,0,0,0,0,0,27,6,4.5,5,1,0,0,0,83,4.57,1492.0
SP141,soap,2025-12-08,1,219,0.0,219,0,0,10299,238,14,12,3,2,0,3,0,0,0,0,0,0,0,0,3,1,4.0,1,0,0,0,0,1,4.0,225.79
SP141,soap,2025-12-15,2,219,0.0,219,0,0,5456,117,5,7,2,0,0,2,0,0,0,0,0,0,0,0,2,0,,0,0,0,0,0,1,4.0,150.53
SP141,soap,2025-12-22,3,219,0.0,219,0,0,4210,98,7,13,2,2,1,1,0,0,0,0,0,0,0,0,1,0,,0,0,0,0,0,1,4.0,45.26
SP141,soap,2025-12-29,4,219,0.0,219,0,0,5442,119,5,8,1,0,0,1,0,0,0,0,0,0,0,0,1,1,4.0,1,0,0,0,0,2,4.0,75.26
SP141,soap,2026-01-05,5,219,0.0,219,0,0,4681,115,6,6,0,0,0,0,0,0,0,0,0,0,0,0,0,0,,0,0,0,0,0,2,4.0,0.0
SP141,soap,2026-01-12,6,219,0.0,219,0,1,5138,113,4,8,1,1,0,1,0,0,0,0,0,0,0,0,1,0,,0,0,0,0,0,2,4.0,75.26
SP142,soap,2025-09-15,1,179,0.0,179,0,0,11270,327,19,24,5,2,0,5,0,0,0,0,0,0,0,0,5,2,5.0,2,0,0,0,0,2,5.0,380.53
SP142,soap,2025-09-22,2,179,0.0,179,1,1,16011,593,34,27,10,9,1,9,2,0,0,2,0,0,0,0,7,3,4.0,2,1,0,0,0,5,4.4,254.0
SP142,soap,2025-09-29,3,179,0.2,143,1,1,11721,434,21,41,22,16,3,19,2,0,0,0,2,0,0,0,17,5,3.6,3,2,0,0,0,10,4.0,372.2
SP142,soap,2025-10-06,4,179,0.0,179,1,1,16693,467,25,36,15,10,2,13,1,0,0,0,1,0,0,0,12,1,3.0,0,1,0,0,0,11,3.91,728.9
SP142,soap,2025-10-13,5,179,0.0,179,1,0,11953,350,13,24,12,5,0,12,0,0,0,0,0,0,0,0,12,2,3.5,1,1,0,0,0,13,3.85,913.27
SP142,soap,2025-10-20,6,179,0.0,179,1,0,10200,286,11,25,11,11,2,9,1,0,1,0,0,0,0,0,8,1,2.0,0,0,1,1,0,14,3.71,424.48
SP142,soap,2025-10-27,7,179,0.0,179,0,0,6637,181,9,12,3,0,0,3,0,0,0,0,0,0,0,0,3,0,,0,0,0,0,0,14,3.71,228.32
SP142,soap,2025-11-03,8,179,0.0,179,0,0,6931,203,5,14,7,4,0,7,0,0,0,0,0,0,0,0,7,2,3.5,1,0,1,0,1,16,3.69,532.74
SP142,soap,2025-11-10,9,179,0.0,179,0,0,6726,178,13,10,1,1,0,1,0,0,0,0,0,0,0,0,1,0,,0,0,0,0,0,16,3.69,76.11
SP142,soap,2025-11-17,10,179,0.0,179,0,0,6282,185,10,14,2,1,0,2,0,0,0,0,0,0,0,0,2,0,,0,0,0,0,0,16,3.69,152.21
SP142,soap,2025-11-24,11,179,0.0,179,0,0,5586,156,13,10,2,2,0,2,0,0,0,0,0,0,0,0,2,2,3.0,0,2,0,0,0,18,3.61,152.21
SP142,soap,2025-12-01,12,179,0.0,179,0,0,5020,137,7,10,3,2,0,3,0,0,0,0,0,0,0,0,3,0,,0,0,0,0,0,18,3.61,228.32
SP142,soap,2025-12-08,13,179,0.0,179,0,0,6252,158,5,13,3,3,0,3,0,0,0,0,0,0,0,0,3,0,,0,0,0,0,0,18,3.61,228.32
SP142,soap,2025-12-15,14,179,0.0,179,0,0,5060,114,1,11,4,2,0,4,1,0,0,0,1,0,0,0,3,1,4.0,1,0,0,0,0,19,3.63,103.95
SP142,soap,2025-12-22,15,179,0.0,179,0,0,5419,143,5,10,2,2,0,2,0,0,0,0,0,0,0,0,2,0,,0,0,0,0,0,19,3.63,152.21
SP142,soap,2025-12-29,16,179,0.0,179,0,0,5523,133,4,9,4,4,0,4,0,0,0,0,0,0,0,0,4,1,3.0,0,1,0,0,0,20,3.6,304.42
SP142,soap,2026-01-05,17,179,0.0,179,0,0,5292,150,9,14,5,1,0,5,0,0,0,0,0,0,0,0,5,1,3.0,0,1,0,0,0,21,3.57,380.53
SP142,soap,2026-01-12,18,179,0.1,161,0,1,7577,224,11,16,8,4,1,7,0,0,0,0,0,0,0,0,7,0,,0,0,0,0,0,21,3.57,382.74
SP142,soap,2026-01-19,19,179,0.0,179,0,0,6029,162,9,8,4,3,0,4,0,0,0,0,0,0,0,0,4,1,4.0,1,0,0,0,0,22,3.59,304.42
SP142,soap,2026-01-26,20,179,0.0,179,0,0,6365,167,6,10,3,1,0,3,1,0,1,0,0,0,0,0,2,0,,0,0,0,0,0,22,3.59,27.84
SP142,soap,2026-02-02,21,179,0.0,179,0,0,4261,112,5,14,4,2,1,3,1,0,0,1,0,0,0,0,2,0,,0,0,0,0,0,22,3.59,-2.16
SP142,soap,2026-02-09,22,179,0.0,179,0,0,4847,131,2,11,4,1,1,3,0,0,0,0,0,0,0,0,3,1,5.0,1,0,0,0,0,23,3.65,198.32
SP142,soap,2026-02-16,23,179,0.0,179,0,0,5083,128,1,12,7,2,2,5,0,0,0,0,0,0,0,0,5,2,4.0,2,0,0,0,0,25,3.68,320.53
SP142,soap,2026-02-23,24,179,0.0,179,0,0,6053,168,13,13,7,6,0,7,0,0,0,0,0,0,0,0,7,0,,0,0,0,0,0,25,3.68,532.74
SP142,soap,2026-03-02,25,179,0.1,161,1,1,7734,272,13,19,7,5,1,6,0,0,0,0,0,0,0,0,6,1,4.0,1,0,0,0,0,26,3.69,323.78
SP142,soap,2026-03-09,26,179,0.0,179,0,0,4835,141,1,8,2,1,0,2,0,0,0,0,0,0,0,0,2,0,,0,0,0,0,0,26,3.69,152.21
SP142,soap,2026-03-16,27,179,0.0,179,0,0,6791,203,8,20,5,3,0,5,0,0,0,0,0,0,0,0,5,0,,0,0,0,0,0,26,3.69,380.53
SP142,soap,2026-03-23,28,179,0.0,179,0,0,6319,222,12,14,0,0,0,0,0,0,0,0,0,0,0,0,0,0,,0,0,0,0,0,26,3.69,0.0
SP142,soap,2026-03-30,29,179,0.0,179,0,0,5277,147,9,7,0,0,0,0,0,0,0,0,0,0,0,0,0,0,,0,0,0,0,0,26,3.69,0.0
SP142,soap,2026-04-06,30,179,0.0,179,0,0,4773,128,6,11,2,1,0,2,0,0,0,0,0,0,0,0,2,0,,0,0,0,0,0,26,3.69,152.21
SP142,soap,2026-04-13,31,179,0.0,179,0,0,4118,118,5,15,4,2,0,4,1,0,0,0,1,0,0,0,3,2,3.5,1,1,0,0,0,28,3.68,103.95
SP142,soap,2026-04-20,32,179,0.0,179,0,0,5248,157,8,10,2,2,0,2,0,0,0,0,0,0,0,0,2,1,3.0,0,1,0,0,0,29,3.66,152.21
SP142,soap,2026-04-27,33,179,0.0,179,0,0,5858,186,9,14,5,2,2,3,0,0,0,0,0,0,0,0,3,0,,0,0,0,0,0,29,3.66,168.32
SP142,soap,2026-05-04,34,179,0.0,179,0,0,5506,154,4,16,6,4,0,6,0,0,0,0,0,0,0,0,6,0,,0,0,0,0,0,29,3.66,456.64
SP142,soap,2026-05-11,35,179,0.0,179,0,0,4743,138,5,11,2,2,0,2,1,0,1,0,0,0,0,0,1,1,4.0,1,0,0,0,0,30,3.67,-48.26
SP142,soap,2026-05-18,36,179,0.0,179,0,0,3937,121,3,3,0,0,0,0,0,0,0,0,0,0,0,0,0,0,,0,0,0,0,0,30,3.67,0.0
SP142,soap,2026-05-25,37,179,0.0,179,0,0,4389,132,10,13,6,2,1,5,0,0,0,0,0,0,0,0,5,1,5.0,1,0,0,0,0,31,3.71,350.53
SP142,soap,2026-06-01,38,179,0.0,179,0,0,4903,143,7,11,5,3,0,5,1,0,0,0,1,0,0,0,4,1,5.0,1,0,0,0,0,32,3.75,180.05
SP142,soap,2026-06-08,39,179,0.0,179,0,0,5643,173,6,14,2,1,1,1,1,0,0,0,1,0,0,0,0,0,,0,0,0,0,0,32,3.75,-154.37
SP142,soap,2026-06-15,40,179,0.0,179,0,0,4718,141,5,15,3,2,0,3,1,0,0,0,1,0,0,0,2,0,,0,0,0,0,0,32,3.75,27.84
SP142,soap,2026-06-22,41,179,0.0,179,0,1,7810,234,9,11,6,4,0,6,1,0,0,1,0,0,0,0,5,0,,0,0,0,0,0,32,3.75,256.16
SP142,soap,2026-06-29,42,179,0.0,179,0,0,4803,124,5,3,0,0,0,0,0,0,0,0,0,0,0,0,0,0,,0,0,0,0,0,32,3.75,0.0
SP142,soap,2026-07-06,43,179,0.0,179,0,0,4960,138,1,17,5,3,1,4,0,0,0,0,0,0,0,0,4,0,,0,0,0,0,0,32,3.75,274.42
SP142,soap,2026-07-13,44,179,0.0,179,0,0,5385,149,12,14,7,6,2,5,1,0,1,0,0,0,0,0,4,2,3.0,1,0,1,1,0,34,3.71,120.05
SP142,soap,2026-07-20,45,179,0.0,179,0,0,6878,184,3,9,4,3,1,3,0,0,0,0,0,0,0,0,3,0,,0,0,0,0,0,34,3.71,198.32
SP142,soap,2026-07-27,46,179,0.0,179,0,0,4913,139,10,12,5,4,1,4,0,0,0,0,0,0,0,0,4,0,,0,0,0,0,0,34,3.71,274.42
SP142,soap,2026-08-03,47,179,0.0,179,0,0,5966,193,11,19,8,5,3,5,0,0,0,0,0,0,0,0,5,1,4.0,1,0,0,0,0,35,3.71,290.53
SP142,soap,2026-08-10,48,179,0.0,179,0,0,5747,168,8,12,5,4,0,5,1,0,0,0,1,0,0,0,4,0,,0,0,0,0,0,35,3.71,180.05
SP142,soap,2026-08-17,49,179,0.0,179,0,0,5695,198,13,10,5,1,0,5,0,0,0,0,0,0,0,0,5,1,4.0,1,0,0,0,0,36,3.72,380.53
SP142,soap,2026-08-24,50,179,0.0,179,1,0,7064,215,7,18,9,6,2,7,1,0,0,1,0,0,0,0,6,3,3.33,1,2,0,0,0,39,3.69,272.26
SP142,soap,2026-08-31,51,179,0.0,179,0,0,6995,205,11,19,5,3,1,4,0,0,0,0,0,0,0,0,4,0,,0,0,0,0,0,39,3.69,274.42
SP142,soap,2026-09-07,52,179,0.0,179,0,0,6573,209,10,12,5,4,0,5,0,0,0,0,0,0,0,0,5,0,,0,0,0,0,0,39,3.69,380.53
SP142,soap,2026-09-14,53,179,0.0,179,0,0,9555,270,12,17,8,4,2,6,1,0,0,1,0,0,0,0,5,0,,0,0,0,0,0,39,3.69,196.16
SP142,soap,2026-09-21,54,179,0.15,152,0,1,9759,344,13,38,14,11,3,11,0,0,0,0,0,0,0,0,11,1,4.0,1,0,0,0,0,40,3.7,464.31
SP143,soap,2025-10-27,1,169,0.0,169,0,0,14626,977,75,127,62,47,4,58,5,0,1,1,1,1,1,0,53,7,4.29,6,1,0,0,0,7,4.29,947.02
SP143,soap,2025-11-03,2,169,0.0,169,0,0,28084,2271,125,287,126,89,23,103,4,0,2,1,0,1,0,0,99,10,4.1,9,0,1,0,1,17,4.18,1929.76
SP143,soap,2025-11-10,3,169,0.0,169,0,0,24602,1968,127,255,124,95,15,109,5,0,3,0,1,1,0,0,104,18,4.17,15,3,0,0,0,35,4.17,2297.44
SP143,soap,2025-11-17,4,169,0.0,169,0,0,21442,1799,122,258,124,97,11,113,4,0,1,1,0,0,2,0,109,14,4.21,11,2,1,0,1,49,4.18,2803.46
SP143,soap,2025-11-24,5,169,0.0,169,0,0,16028,1399,72,173,75,50,4,71,1,0,1,0,0,0,0,0,70,10,4.3,9,1,0,0,0,59,4.2,2175.66
SP143,soap,2025-12-01,6,169,0.0,169,0,0,16638,1353,72,191,84,68,7,77,5,0,0,1,4,0,0,0,72,13,4.62,13,0,0,0,0,72,4.28,1497.35
SP143,soap,2025-12-08,7,169,0.0,169,0,0,14750,1276,89,190,81,63,5,76,2,0,0,1,0,0,1,0,74,10,4.2,8,2,0,0,0,82,4.27,2120.47
SP143,soap,2025-12-15,8,169,0.0,169,0,0,12689,1117,72,170,78,62,11,67,2,0,0,0,1,1,0,0,65,7,4.29,6,1,0,0,0,89,4.27,1540.6
SP143,soap,2025-12-22,9,169,0.0,169,0,0,15891,1431,91,186,82,53,7,75,2,0,0,1,0,1,0,0,73,14,4.29,11,3,0,0,0,103,4.27,1998.69
SP143,soap,2025-12-29,10,179,0.0,179,0,0,13127,1073,64,150,64,51,5,59,1,0,0,1,0,0,0,0,58,6,4.5,5,1,0,0,0,109,4.28,2255.96
SP143,soap,2026-01-05,11,179,0.0,179,0,0,12606,1037,63,131,58,46,5,53,1,0,1,0,0,0,0,0,52,4,3.75,3,1,0,0,0,113,4.27,1984.28
SP143,soap,2026-01-12,12,179,0.0,179,0,1,15970,1307,69,187,73,62,6,67,4,0,1,1,2,0,0,0,63,8,4.25,6,2,0,0,0,121,4.26,1973.75
SP143,soap,2026-01-19,13,179,0.0,179,0,0,15899,1352,77,177,69,53,4,65,2,0,0,0,1,1,0,0,63,7,4.0,5,2,0,0,0,128,4.25,2370.17
SP143,soap,2026-01-26,14,179,0.0,179,0,0,13918,1114,66,150,66,48,11,55,0,0,0,0,0,0,0,0,55,5,4.4,4,1,0,0,0,133,4.26,2017.25
SP143,soap,2026-02-02,15,179,0.0,179,0,0,16883,1473,92,197,67,53,4,63,3,0,1,1,1,0,0,0,60,14,4.5,13,1,0,0,0,147,4.28,2079.13
SP143,soap,2026-02-09,16,179,0.0,179,0,0,16169,1323,75,161,64,47,9,55,0,0,0,0,0,0,0,0,55,7,4.71,7,0,0,0,0,154,4.3,2103.27
SP143,soap,2026-02-16,17,179,0.0,179,0,0,16465,1446,92,187,81,67,11,70,1,0,0,1,0,0,0,0,69,8,4.12,7,1,0,0,0,162,4.29,2495.96
SP143,soap,2026-02-23,18,179,0.0,179,0,0,14276,1268,65,188,79,63,12,67,2,0,1,1,0,0,0,0,65,10,4.3,8,2,0,0,0,172,4.29,2116.64
SP143,soap,2026-03-02,19,179,0.0,179,1,1,20750,1825,98,242,109,87,9,100,3,0,1,1,1,0,0,0,97,14,4.21,11,2,1,0,1,186,4.28,3539.42
SP143,soap,2026-03-09,20,179,0.0,179,0,0,15438,1343,79,172,82,60,3,79,4,0,1,0,1,1,1,0,75,7,4.14,7,0,0,0,0,193,4.28,2646.14
SP143,soap,2026-03-16,21,179,0.0,179,0,0,14327,1258,59,173,60,47,7,53,4,0,2,0,1,1,0,0,49,8,4.5,7,1,0,0,0,201,4.29,1296.83
SP143,soap,2026-03-23,22,179,0.0,179,0,0,11053,937,55,142,56,47,9,47,2,0,0,0,0,1,1,0,45,4,3.5,2,2,0,0,0,205,4.27,1340.08
SP143,soap,2026-03-30,23,179,0.0,179,0,0,10662,906,57,118,46,38,9,37,2,0,0,0,2,0,0,0,35,4,4.75,4,0,0,0,0,209,4.28,887.29
SP143,soap,2026-04-06,24,179,0.0,179,0,0,21889,1869,109,262,107,89,15,92,1,0,0,0,1,0,0,0,91,12,4.42,10,2,0,0,0,221,4.29,3320.07
SP143,soap,2026-04-13,25,179,0.0,179,0,0,14344,1250,72,169,77,64,9,68,3,0,1,0,1,1,0,0,65,4,4.25,3,1,0,0,0,225,4.29,2090.47
SP143,soap,2026-04-20,26,179,0.0,179,0,0,10333,914,54,113,47,36,8,39,4,0,1,0,2,0,1,0,35,5,4.2,4,1,0,0,0,230,4.29,619.9
SP143,soap,2026-04-27,27,179,0.0,179,0,0,15829,1335,67,179,80,62,8,72,4,0,1,0,3,0,0,0,68,7,4.43,6,1,0,0,0,237,4.29,2114.13
SP143,soap,2026-05-04,28,179,0.0,179,0,0,13056,1131,58,140,70,53,6,64,3,0,0,1,1,1,0,0,61,9,4.56,9,0,0,0,0,246,4.3,2038.39
SP143,soap,2026-05-11,29,179,0.0,179,0,0,12612,1091,70,137,65,49,11,54,3,0,1,1,1,0,0,0,51,3,3.67,1,2,0,0,0,249,4.29,1370.54
SP143,soap,2026-05-18,30,179,0.0,179,0,0,12656,1117,58,147,62,50,7,55,1,0,0,0,0,1,0,0,54,10,4.1,7,3,0,0,0,259,4.29,1988.82
SP143,soap,2026-05-25,31,179,0.0,179,0,0,16306,1448,93,188,83,61,6,77,3,0,1,1,0,0,1,0,74,12,4.08,10,2,0,0,0,271,4.28,2627.02
SP143,soap,2026-06-01,32,179,0.0,179,0,0,14466,1230,74,144,57,48,5,52,3,0,1,0,2,0,0,0,49,5,4.2,4,1,0,0,0,276,4.28,1538.05
SP143,soap,2026-06-08,33,179,0.0,179,0,0,14062,1224,67,167,69,49,9,60,1,0,0,0,0,0,1,0,59,11,4.18,9,2,0,0,0,287,4.27,2129.19
SP143,soap,2026-06-15,34,179,0.0,179,0,0,16119,1369,73,176,78,60,11,67,3,0,1,0,2,0,0,0,64,11,4.36,10,1,0,0,0,298,4.28,1959.17
SP143,soap,2026-06-22,35,179,0.1,161,0,1,16609,1549,84,224,109,81,12,97,5,0,0,1,3,1,0,0,92,10,4.7,10,0,0,0,0,308,4.29,1296.45
SP143,soap,2026-06-29,36,179,0.0,179,0,0,12151,1036,52,126,61,47,6,55,0,0,0,0,0,0,0,0,55,10,4.4,9,1,0,0,0,318,4.29,2232.3
SP143,soap,2026-07-06,37,179,0.0,179,0,0,13697,1212,70,168,68,48,7,61,5,0,1,1,3,0,0,0,56,8,4.5,8,0,0,0,0,326,4.3,1458.59
SP143,soap,2026-07-13,38,179,0.0,179,0,0,13580,1206,72,178,64,44,6,58,2,0,0,0,2,0,0,0,56,3,3.33,1,2,0,0,0,329,4.29,1967.19
SP143,soap,2026-07-20,39,179,0.0,179,0,0,15042,1276,80,169,61,46,7,54,5,0,2,2,1,0,0,0,49,5,3.8,3,2,0,0,0,334,4.28,1141.63
SP143,soap,2026-07-27,40,179,0.0,179,0,0,12682,1089,64,163,70,54,9,61,2,0,0,1,0,1,0,0,59,7,4.43,7,0,0,0,0,341,4.28,1973.99
SP143,soap,2026-08-03,41,179,0.0,179,0,0,12402,1086,64,160,61,49,4,57,2,0,0,2,0,0,0,0,55,5,4.8,5,0,0,0,0,346,4.29,2007.93
SP143,soap,2026-08-10,42,179,0.0,179,0,0,12019,989,44,141,62,45,7,55,1,0,0,0,1,0,0,0,54,8,4.25,7,1,0,0,0,354,4.29,1988.82
SP143,soap,2026-08-17,43,179,0.0,179,0,0,12211,1024,54,156,67,54,6,61,3,0,1,1,1,0,0,0,58,12,4.08,10,1,1,0,1,366,4.28,1902.55
SP143,soap,2026-08-24,44,179,0.0,179,1,0,19272,1644,85,216,87,71,17,70,1,0,0,0,0,1,0,0,69,8,4.0,6,2,0,0,0,374,4.28,2237.89
SP143,soap,2026-08-31,45,179,0.0,179,0,0,13220,1104,61,145,66,49,5,61,5,0,1,1,2,1,0,0,56,9,4.22,7,2,0,0,0,383,4.28,1544.61
SP143,soap,2026-09-07,46,179,0.0,179,0,0,15742,1350,78,200,86,65,7,79,4,0,2,0,2,0,0,0,75,12,4.0,9,2,1,0,1,395,4.27,2474.1
SP143,soap,2026-09-14,47,179,0.0,179,0,0,12677,1124,64,170,86,65,10,76,5,0,1,2,1,0,1,0,71,15,3.8,13,0,2,0,2,410,4.25,2008.75
SP143,soap,2026-09-21,48,179,0.0,179,0,1,18164,1483,89,227,85,72,8,77,7,0,2,2,2,0,1,0,70,9,3.78,6,3,0,0,0,419,4.24,1739.1
SP144,soap,2026-06-29,1,159,0.0,159,0,0,7806,617,19,65,29,19,1,28,1,0,0,0,0,0,1,0,27,4,3.25,2,1,1,0,1,4,3.25,1076.9
SP144,soap,2026-07-06,2,159,0.0,159,0,0,14325,912,37,77,35,24,4,31,2,0,0,0,2,0,0,0,29,4,3.75,2,2,0,0,0,8,3.5,943.51
SP144,soap,2026-07-13,3,159,0.0,159,0,0,10553,795,29,64,34,21,4,30,4,0,2,0,2,0,0,0,26,7,4.29,6,1,0,0,0,15,3.87,534.64
SP144,soap,2026-07-20,4,189,0.0,189,0,0,13558,943,49,79,29,16,3,26,1,0,0,0,0,1,0,0,25,6,3.67,3,3,0,0,0,21,3.81,1639.16
SP144,soap,2026-07-27,5,189,0.0,189,0,0,9303,670,32,47,17,13,4,13,2,0,2,0,0,0,0,0,11,4,4.0,3,0,1,0,1,25,3.84,429.58
SP144,soap,2026-08-03,6,189,0.0,189,0,0,10284,748,24,63,25,15,5,20,1,0,0,0,1,0,0,0,19,0,,0,0,0,0,0,25,3.84,1131.66
SP144,soap,2026-08-10,7,189,0.0,189,0,0,7534,555,27,42,12,6,0,12,1,0,1,0,0,0,0,0,11,2,4.0,2,0,0,0,0,27,3.85,685.0
SP144,soap,2026-08-17,8,189,0.0,189,0,0,10756,839,47,73,31,18,3,28,2,0,0,0,1,1,0,0,26,4,3.75,2,1,1,0,1,31,3.84,1578.33
SP144,soap,2026-08-24,9,189,0.0,189,1,0,13353,1053,48,100,45,32,4,41,6,0,2,1,2,1,0,0,35,9,3.89,6,2,1,0,1,40,3.85,1677.91
SP144,soap,2026-08-31,10,189,0.0,189,0,0,10776,873,37,73,31,22,1,30,2,0,0,1,1,0,0,0,28,5,3.4,2,3,0,0,0,45,3.8,1787.5
SP144,soap,2026-09-07,11,189,0.0,189,0,0,10315,740,53,54,21,16,3,18,2,0,0,1,1,0,0,0,16,4,3.25,2,1,1,0,1,49,3.76,832.5
SP144,soap,2026-09-14,12,189,0.0,189,0,0,9534,731,29,65,20,16,3,17,3,0,0,3,0,0,0,0,14,1,4.0,1,0,0,0,0,50,3.76,547.91
SP144,soap,2026-09-21,13,189,0.0,189,0,1,13188,1017,51,83,33,29,4,29,5,0,3,2,0,0,0,0,24,4,3.5,2,1,1,0,1,54,3.74,992.91
SP145,soap,2026-07-13,1,169,0.0,169,0,0,7530,223,10,8,3,3,1,2,0,0,0,0,0,0,0,0,2,0,,0,0,0,0,0,0,,61.0
SP145,soap,2026-07-20,2,169,0.0,169,0,0,4909,165,4,6,5,3,1,4,0,0,0,0,0,0,0,0,4,0,,0,0,0,0,0,0,,152.0
SP145,soap,2026-07-27,3,169,0.0,169,0,0,3515,115,8,7,4,3,0,4,0,0,0,0,0,0,0,0,4,1,3.0,0,1,0,0,0,1,3.0,182.0
SP145,soap,2026-08-03,4,169,0.0,169,0,0,3902,90,5,8,2,2,1,1,0,0,0,0,0,0,0,0,1,1,3.0,0,1,0,0,0,2,3.0,15.5
SP145,soap,2026-08-10,5,169,0.0,169,0,0,4290,91,3,5,3,3,0,3,1,0,1,0,0,0,0,0,2,0,,0,0,0,0,0,2,3.0,-54.45
SP145,soap,2026-08-17,6,169,0.0,169,0,0,3557,84,4,5,3,3,1,2,0,0,0,0,0,0,0,0,2,1,4.0,1,0,0,0,0,3,3.33,61.0
SP145,soap,2026-08-24,7,169,0.0,169,1,0,7003,209,6,9,2,1,0,2,0,0,0,0,0,0,0,0,2,0,,0,0,0,0,0,3,3.33,91.0
SP145,soap,2026-08-31,8,169,0.0,169,0,0,3056,89,6,8,3,3,1,2,0,0,0,0,0,0,0,0,2,0,,0,0,0,0,0,3,3.33,61.0
SP145,soap,2026-09-07,9,169,0.0,169,0,0,5691,162,4,3,1,0,0,1,1,0,0,1,0,0,0,0,0,0,,0,0,0,0,0,3,3.33,-145.45
SP145,soap,2026-09-14,10,169,0.0,169,0,0,3704,97,4,4,3,1,0,3,2,0,1,0,0,0,1,0,1,0,,0,0,0,0,0,3,3.33,-245.4
SP145,soap,2026-09-21,11,169,0.0,169,0,1,5924,162,5,10,4,1,0,4,0,0,0,0,0,0,0,0,4,0,,0,0,0,0,0,3,3.33,182.0
SP146,soap,2025-12-08,1,159,0.0,159,0,0,8721,467,28,50,22,16,2,20,0,0,0,0,0,0,0,0,20,1,5.0,1,0,0,0,0,1,5.0,708.63
SP146,soap,2025-12-15,2,159,0.0,159,0,0,10734,859,42,91,36,26,2,34,1,0,1,0,0,0,0,0,33,5,4.2,4,1,0,0,0,6,4.33,1065.24
SP146,soap,2025-12-22,3,159,0.0,159,0,0,13251,943,50,115,49,36,6,43,3,0,0,1,1,0,1,0,40,7,4.0,5,2,0,0,0,13,4.15,928.26
SP146,soap,2025-12-29,4,159,0.0,159,0,0,16645,1041,52,114,46,29,2,44,2,0,0,1,1,0,0,0,42,8,4.0,6,2,0,0,0,21,4.1,1268.12
SP146,soap,2026-01-05,5,189,0.0,189,0,0,11052,639,32,54,25,20,0,25,2,0,0,2,0,0,0,0,23,6,3.83,4,2,0,0,0,27,4.04,1255.07
SP146,soap,2026-01-12,6,189,0.15,161,0,1,16856,1086,53,129,59,41,3,56,2,0,1,1,0,0,0,0,54,7,4.29,6,1,0,0,0,34,4.09,1802.15
SP146,soap,2026-01-19,7,189,0.0,189,0,0,10066,626,50,65,26,16,5,21,3,0,2,0,1,0,0,0,18,3,4.0,3,0,0,0,0,37,4.08,627.06
SP146,soap,2026-01-26,8,189,0.0,189,0,0,12410,735,46,77,30,21,1,29,1,0,1,0,0,0,0,0,28,1,3.0,0,1,0,0,0,38,4.05,1703.08
SP146,soap,2026-02-02,9,189,0.0,189,0,0,11828,658,34,71,31,19,2,29,1,0,1,0,0,0,0,0,28,4,4.0,3,1,0,0,0,42,4.05,1673.08
SP146,soap,2026-02-09,10,189,0.0,189,0,0,7871,470,20,53,28,19,6,22,1,0,0,1,0,0,0,0,21,4,4.5,4,0,0,0,0,46,4.09,1084.06
SP146,soap,2026-02-16,11,189,0.0,189,0,0,12453,767,51,79,32,23,3,29,1,0,0,0,1,0,0,0,28,3,4.0,2,1,0,0,0,49,4.08,1643.08
SP146,soap,2026-02-23,12,189,0.0,189,0,0,9506,582,48,74,26,23,5,21,4,0,1,0,3,0,0,0,17,5,3.6,3,1,1,1,0,54,4.04,417.06
SP146,soap,2026-03-02,13,189,0.15,161,1,1,17744,1168,50,158,70,45,8,62,0,0,0,0,0,0,0,0,62,6,3.83,3,3,0,0,0,60,4.02,2260.84
SP146,soap,2026-03-09,14,189,0.0,189,0,0,11604,707,48,62,29,17,3,26,1,0,1,0,0,0,0,0,25,4,5.0,4,0,0,0,0,64,4.08,1442.07
SP146,soap,2026-03-16,15,189,0.0,189,0,0,9302,519,25,51,19,14,3,16,1,0,0,0,0,0,1,0,15,2,4.5,2,0,0,0,0,66,4.09,772.04
SP146,soap,2026-03-23,16,189,0.0,189,0,0,8398,506,32,70,27,16,3,24,1,0,1,0,0,0,0,0,23,5,4.2,5,0,0,0,0,71,4.1,1308.07
SP146,soap,2026-03-30,17,189,0.0,189,0,0,12259,758,48,91,32,24,4,28,0,0,0,0,0,0,0,0,28,4,4.25,3,1,0,0,0,75,4.11,1756.08
SP146,soap,2026-04-06,18,189,0.0,189,0,0,11603,690,45,80,28,19,3,25,3,0,0,2,1,0,0,0,22,3,4.67,3,0,0,0,0,78,4.13,955.07
SP146,soap,2026-04-13,19,189,0.0,189,0,0,9835,567,30,59,25,17,3,22,1,0,0,1,0,0,0,0,21,1,3.0,0,1,0,0,0,79,4.11,1174.06
SP146,soap,2026-04-20,20,189,0.0,189,0,0,7975,507,29,63,14,8,2,12,2,0,0,0,0,2,0,0,10,2,4.0,2,0,0,0,0,81,4.11,324.03
SP146,soap,2026-04-27,21,189,0.0,189,0,0,6264,379,14,42,17,12,2,15,1,0,0,1,0,0,0,0,14,2,5.0,2,0,0,0,0,83,4.13,735.04
SP146,soap,2026-05-04,22,189,0.0,189,0,0,9339,536,37,58,24,14,1,23,1,0,0,0,1,0,0,0,22,3,4.33,3,0,0,0,0,86,4.14,1301.06
SP146,soap,2026-05-11,23,189,0.0,189,0,0,9062,515,28,63,28,21,3,25,2,0,1,0,0,0,1,0,23,5,4.6,5,0,0,0,0,91,4.16,1165.07
SP146,soap,2026-05-18,24,189,0.0,189,0,0,10379,602,35,65,28,25,6,22,2,0,0,1,0,0,1,0,20,3,3.67,2,1,0,0,0,94,4.15,874.06
SP146,soap,2026-05-25,25,189,0.0,189,0,0,8244,494,42,63,29,21,2,27,1,0,0,0,1,0,0,0,26,2,4.5,2,0,0,0,0,96,4.16,1539.07
SP146,soap,2026-06-01,26,189,0.0,189,0,0,12407,803,47,103,39,23,2,37,3,0,0,0,3,0,0,0,34,9,4.0,8,0,1,1,0,105,4.14,1789.1
SP146,soap,2026-06-08,27,189,0.0,189,0,0,8499,510,31,58,25,20,3,22,1,0,0,0,1,0,0,0,21,3,4.67,3,0,0,0,0,108,4.16,1174.06
SP146,soap,2026-06-15,28,189,0.0,189,0,0,9801,596,35,57,27,22,3,24,0,0,0,0,0,0,0,0,24,2,5.0,2,0,0,0,0,110,4.17,1518.07
SP146,soap,2026-06-22,29,189,0.2,151,0,1,18102,1329,65,195,94,63,10,84,6,0,3,1,1,0,1,0,78,12,3.75,7,4,1,0,1,122,4.13,1245.37
SP146,soap,2026-06-29,30,189,0.0,189,0,0,8604,531,34,52,18,10,2,16,0,0,0,0,0,0,0,0,16,1,5.0,1,0,0,0,0,123,4.14,1012.04
SP146,soap,2026-07-06,31,189,0.0,189,0,0,9167,588,37,60,24,17,2,22,2,0,0,0,1,1,0,0,20,3,4.67,3,0,0,0,0,126,4.15,994.06
SP146,soap,2026-07-13,32,189,0.0,189,0,0,13424,806,45,96,42,27,2,40,1,0,0,0,1,0,0,0,39,6,4.33,5,1,0,0,0,132,4.16,2410.11
SP146,soap,2026-07-20,33,189,0.0,189,0,0,9238,537,28,55,22,17,3,19,0,0,0,0,0,0,0,0,19,2,4.5,2,0,0,0,0,134,4.16,1183.05
SP146,soap,2026-07-27,34,189,0.0,189,0,0,12456,761,42,95,35,25,3,32,0,0,0,0,0,0,0,0,32,5,4.6,5,0,0,0,0,139,4.18,2054.09
SP146,soap,2026-08-03,35,189,0.0,189,0,0,11303,718,35,87,41,24,1,40,4,0,1,1,2,0,0,0,36,4,4.5,4,0,0,0,0,143,4.19,1810.11
SP146,soap,2026-08-10,36,189,0.0,189,0,0,10697,655,34,88,28,14,3,25,1,0,0,0,1,0,0,0,24,7,3.86,5,1,1,1,0,150,4.17,1375.07
SP146,soap,2026-08-17,37,189,0.0,189,0,0,9164,533,35,71,40,26,5,35,4,0,0,1,2,1,0,0,31,3,3.67,1,2,0,0,0,153,4.16,1355.1
SP146,soap,2026-08-24,38,189,0.0,189,1,0,17919,1134,62,147,62,40,8,54,0,0,0,0,0,0,0,0,54,9,3.56,4,5,0,0,0,162,4.13,3378.15
SP146,soap,2026-08-31,39,189,0.0,189,0,0,10233,606,26,73,31,21,2,29,4,0,0,2,2,0,0,0,25,4,4.25,3,1,0,0,0,166,4.13,1043.08
SP146,soap,2026-09-07,40,189,0.0,189,0,0,12370,764,51,91,34,22,4,30,1,0,0,0,1,0,0,0,29,4,4.0,2,2,0,0,0,170,4.13,1680.08
SP146,soap,2026-09-14,41,189,0.0,189,0,0,13946,885,49,115,51,35,5,46,2,0,0,0,1,0,1,0,44,5,4.2,4,1,0,0,0,175,4.13,2512.13
SP146,soap,2026-09-21,42,189,0.0,189,0,1,19945,1237,78,166,74,48,3,71,2,0,0,1,1,0,0,0,69,8,3.88,6,2,0,0,0,183,4.12,4247.19
SP147,soap,2026-01-12,1,179,0.0,179,0,1,10564,248,15,16,6,5,0,6,1,0,0,0,1,0,0,0,5,1,3.0,0,1,0,0,0,1,3.0,135.07
SP147,soap,2026-01-19,2,179,0.0,179,0,0,6513,126,7,6,2,2,1,1,0,0,0,0,0,0,0,0,1,0,,0,0,0,0,0,1,3.0,25.92
SP147,soap,2026-01-26,3,179,0.0,179,0,0,4179,71,2,2,1,1,1,0,0,0,0,0,0,0,0,0,0,0,,0,0,0,0,0,1,3.0,-30.0
SP147,soap,2026-02-02,4,179,0.0,179,0,0,3782,69,5,1,0,0,0,0,0,0,0,0,0,0,0,0,0,0,,0,0,0,0,0,1,3.0,0.0
SP147,soap,2026-02-09,5,179,0.0,179,0,0,3378,62,2,3,1,0,0,1,0,0,0,0,0,0,0,0,1,0,,0,0,0,0,0,1,3.0,55.92
SP147,soap,2026-02-16,6,179,0.0,179,0,0,2900,45,0,2,0,0,0,0,0,0,0,0,0,0,0,0,0,0,,0,0,0,0,0,1,3.0,0.0
SP147,soap,2026-02-23,7,179,0.0,179,0,0,2577,44,3,4,1,0,0,1,1,0,1,0,0,0,0,0,0,0,,0,0,0,0,0,1,3.0,-144.55
SP148,soap,2026-03-02,1,219,0.1,197,1,1,13819,496,31,45,17,11,3,14,1,0,0,0,1,0,0,0,13,2,4.0,2,0,0,0,0,2,4.0,1006.4
SP148,soap,2026-03-09,2,219,0.0,219,0,0,10444,371,26,30,9,6,1,8,0,0,0,0,0,0,0,0,8,0,,0,0,0,0,0,2,4.0,888.49
SP148,soap,2026-03-16,3,219,0.0,219,0,0,7906,278,16,22,10,3,2,8,1,0,0,0,1,0,0,0,7,0,,0,0,0,0,0,2,4.0,619.92
SP148,soap,2026-03-23,4,219,0.0,219,0,0,6582,204,11,8,5,4,0,5,0,0,0,0,0,0,0,0,5,1,3.0,0,1,0,0,0,3,3.67,574.06
SP148,soap,2026-03-30,5,219,0.0,219,0,0,4196,122,6,9,2,1,1,1,0,0,0,0,0,0,0,0,1,0,,0,0,0,0,0,3,3.67,84.81
SP148,soap,2026-04-06,6,219,0.0,219,0,0,4267,142,9,14,3,2,0,3,0,0,0,0,0,0,0,0,3,0,,0,0,0,0,0,3,3.67,344.43
SP148,soap,2026-04-13,7,219,0.0,219,0,0,3952,134,14,8,1,1,0,1,0,0,0,0,0,0,0,0,1,0,,0,0,0,0,0,3,3.67,114.81
SP148,soap,2026-04-20,8,219,0.0,219,0,0,3411,107,4,10,5,5,0,5,0,0,0,0,0,0,0,0,5,0,,0,0,0,0,0,3,3.67,574.06
SP148,soap,2026-04-27,9,219,0.0,219,0,0,5986,195,5,6,2,2,1,1,0,0,0,0,0,0,0,0,1,0,,0,0,0,0,0,3,3.67,84.81
SP148,soap,2026-05-04,10,219,0.0,219,0,0,3977,142,5,12,6,3,1,5,0,0,0,0,0,0,0,0,5,1,3.0,0,1,0,0,0,4,3.5,544.06
SP148,soap,2026-05-11,11,219,0.0,219,0,0,4601,136,10,9,3,1,0,3,0,0,0,0,0,0,0,0,3,1,3.0,0,1,0,0,0,5,3.4,344.43
SP148,soap,2026-05-18,12,219,0.0,219,0,0,4173,137,10,13,3,3,0,3,0,0,0,0,0,0,0,0,3,0,,0,0,0,0,0,5,3.4,344.43
SP148,soap,2026-05-25,13,219,0.0,219,0,0,3855,103,3,9,4,4,0,4,1,0,0,0,1,0,0,0,3,0,,0,0,0,0,0,5,3.4,220.67
SP148,soap,2026-06-01,14,219,0.0,219,0,0,4946,141,17,12,3,3,1,2,0,0,0,0,0,0,0,0,2,0,,0,0,0,0,0,5,3.4,199.62
SP148,soap,2026-06-08,15,219,0.0,219,0,0,4766,144,7,15,3,2,0,3,2,0,0,1,0,1,0,0,1,0,,0,0,0,0,0,5,3.4,-132.71
SP148,soap,2026-06-15,16,219,0.0,219,0,0,5557,156,9,16,4,1,0,4,0,0,0,0,0,0,0,0,4,1,5.0,1,0,0,0,0,6,3.67,459.24
SP148,soap,2026-06-22,17,219,0.0,219,0,1,6068,212,12,26,5,3,0,5,0,0,0,0,0,0,0,0,5,3,4.0,2,1,0,0,0,9,3.78,574.06
SP148,soap,2026-06-29,18,219,0.0,219,0,0,3460,125,9,7,3,2,0,3,0,0,0,0,0,0,0,0,3,0,,0,0,0,0,0,9,3.78,344.43
SP148,soap,2026-07-06,19,219,0.0,219,0,0,6415,226,12,19,3,2,0,3,0,0,0,0,0,0,0,0,3,0,,0,0,0,0,0,9,3.78,344.43
SP148,soap,2026-07-13,20,219,0.0,219,0,0,5498,171,10,15,3,3,1,2,1,0,0,0,0,0,1,0,1,0,,0,0,0,0,0,9,3.78,-38.95
SP148,soap,2026-07-20,21,219,0.0,219,0,0,6047,206,13,20,6,3,0,6,1,0,0,0,1,0,0,0,5,1,3.0,0,1,0,0,0,10,3.7,450.3
SP148,soap,2026-07-27,22,219,0.0,219,0,0,5709,157,6,8,0,0,0,0,0,0,0,0,0,0,0,0,0,0,,0,0,0,0,0,10,3.7,0.0
SP148,soap,2026-08-03,23,219,0.0,219,0,0,4671,162,11,10,1,0,0,1,0,0,0,0,0,0,0,0,1,0,,0,0,0,0,0,10,3.7,114.81
SP148,soap,2026-08-10,24,219,0.0,219,0,0,4498,136,9,10,3,2,0,3,0,0,0,0,0,0,0,0,3,0,,0,0,0,0,0,10,3.7,344.43
SP148,soap,2026-08-17,25,219,0.0,219,0,0,5470,178,11,13,3,2,2,1,0,0,0,0,0,0,0,0,1,1,4.0,1,0,0,0,0,11,3.73,54.81
SP148,soap,2026-08-24,26,219,0.0,219,1,0,5586,190,12,17,6,3,0,6,1,0,0,1,0,0,0,0,5,2,4.5,2,0,0,0,0,13,3.85,450.3
SP148,soap,2026-08-31,27,219,0.0,219,0,0,4342,139,7,12,7,7,1,6,0,0,0,0,0,0,0,0,6,0,,0,0,0,0,0,13,3.85,658.87
SP148,soap,2026-09-07,28,219,0.0,219,0,0,6097,210,15,17,2,1,0,2,0,0,0,0,0,0,0,0,2,0,,0,0,0,0,0,13,3.85,229.62
SP148,soap,2026-09-14,29,219,0.0,219,0,0,4688,182,9,18,5,4,0,5,0,0,0,0,0,0,0,0,5,1,4.0,1,0,0,0,0,14,3.86,574.06
SP148,soap,2026-09-21,30,219,0.2,175,0,1,8001,345,14,40,17,8,1,16,1,0,0,1,0,0,0,0,15,0,,0,0,0,0,0,14,3.86,939.84
SP149,soap,2025-12-08,1,169,0.0,169,0,0,9790,315,14,24,10,6,1,9,1,0,0,0,1,0,0,0,8,1,4.0,1,0,0,0,0,1,4.0,341.33
SP149,soap,2025-12-15,2,169,0.0,169,0,0,9581,345,8,19,3,1,0,3,1,0,1,0,0,0,0,0,2,0,,0,0,0,0,0,1,4.0,-3.52
SP149,soap,2025-12-22,3,169,0.0,169,0,0,6567,209,8,13,4,1,0,4,2,0,2,0,0,0,0,0,2,2,2.5,0,1,1,0,1,3,3.0,-132.0
SP149,soap,2025-12-29,4,169,0.0,169,0,0,4237,101,7,4,0,0,0,0,0,0,0,0,0,0,0,0,0,0,,0,0,0,0,0,3,3.0,0.0
SP149,soap,2026-01-05,5,169,0.0,169,0,0,3286,83,2,6,1,1,0,1,1,0,0,0,1,0,0,0,0,0,,0,0,0,0,0,3,3.0,-128.48
SP149,soap,2026-01-12,6,169,0.1,152,0,1,4485,135,7,12,4,1,1,3,1,0,1,0,0,0,0,0,2,0,,0,0,0,0,0,3,3.0,-65.91
SP149,soap,2026-01-19,7,169,0.0,169,0,0,4057,97,2,6,4,3,3,1,0,0,0,0,0,0,0,0,1,0,,0,0,0,0,0,3,3.0,-27.52
SP149,soap,2026-01-26,8,169,0.0,169,0,0,4599,119,2,6,4,3,0,4,2,0,0,1,1,0,0,0,2,0,,0,0,0,0,0,3,3.0,-132.0
SP149,soap,2026-02-02,9,169,0.0,169,0,0,4707,128,4,5,5,3,0,5,1,0,0,1,0,0,0,0,4,0,,0,0,0,0,0,3,3.0,121.43
SP149,soap,2026-02-09,10,179,0.0,179,0,0,3362,94,1,6,1,1,1,0,0,0,0,0,0,0,0,0,0,0,,0,0,0,0,0,3,3.0,-30.0
SP149,soap,2026-02-16,11,179,0.0,179,0,0,2735,62,2,4,1,0,0,1,0,0,0,0,0,0,0,0,1,0,,0,0,0,0,0,3,3.0,72.0
SP149,soap,2026-02-23,12,179,0.0,179,0,0,3332,86,3,4,2,2,0,2,0,0,0,0,0,0,0,0,2,0,,0,0,0,0,0,3,3.0,144.0
SP149,soap,2026-03-02,13,179,0.15,152,1,1,5872,166,1,6,4,0,0,4,0,0,0,0,0,0,0,0,4,0,,0,0,0,0,0,3,3.0,185.14
SP149,soap,2026-03-09,14,179,0.0,179,0,0,3529,80,5,6,1,1,0,1,1,0,0,1,0,0,0,0,0,1,2.0,0,0,1,0,1,4,2.75,-128.48
SP149,soap,2026-03-16,15,179,0.0,179,0,0,3096,50,5,1,1,0,0,1,0,0,0,0,0,0,0,0,1,0,,0,0,0,0,0,4,2.75,72.0
SP149,soap,2026-03-23,16,179,0.0,179,0,0,4066,82,5,3,1,1,1,0,0,0,0,0,0,0,0,0,0,0,,0,0,0,0,0,4,2.75,-30.0
SP149,soap,2026-03-30,17,179,0.0,179,0,0,3049,77,5,7,2,2,0,2,1,0,0,0,1,0,0,0,1,0,,0,0,0,0,0,4,2.75,-56.48
SP150,soap,2026-04-13,1,179,0.0,179,0,0,9911,524,26,34,9,7,0,9,1,0,0,1,0,0,0,0,8,1,3.0,0,1,0,0,0,1,3.0,388.13
SP150,soap,2026-04-20,2,179,0.0,179,0,0,7575,313,12,24,7,6,1,6,1,0,0,0,1,0,0,0,5,0,,0,0,0,0,0,1,3.0,161.93
SP150,soap,2026-04-27,3,179,0.0,179,0,0,7210,302,9,20,5,1,0,5,1,0,0,1,0,0,0,0,4,0,,0,0,0,0,0,1,3.0,126.53
SP150,soap,2026-05-04,4,179,0.0,179,0,0,3737,148,4,12,4,3,0,4,0,0,0,0,0,0,0,0,4,0,,0,0,0,0,0,1,3.0,261.6
SP150,soap,2026-05-11,5,179,0.0,179,0,0,3172,118,3,8,4,3,0,4,2,0,1,0,1,0,0,0,2,0,,0,0,0,0,0,1,3.0,-139.35
SP150,soap,2026-05-18,6,179,0.0,179,0,0,3514,138,4,8,3,2,1,2,0,0,0,0,0,0,0,0,2,0,,0,0,0,0,0,1,3.0,100.8
SP150,soap,2026-05-25,7,179,0.0,179,0,0,4070,163,14,7,2,2,0,2,1,0,0,1,0,0,0,0,1,0,,0,0,0,0,0,1,3.0,-69.68
SP150,soap,2026-06-01,8,179,0.0,179,0,0,3954,144,3,12,3,1,0,3,0,0,0,0,0,0,0,0,3,0,,0,0,0,0,0,1,3.0,196.2
SP150,soap,2026-06-08,9,179,0.0,179,0,0,3535,134,6,10,6,3,1,5,0,0,0,0,0,0,0,0,5,1,3.0,0,1,0,0,0,2,3.0,297.0
SP150,soap,2026-06-15,10,179,0.0,179,0,0,4629,194,5,11,6,4,0,6,1,0,0,0,1,0,0,0,5,1,2.0,0,0,1,1,0,3,2.67,191.93
SP150,soap,2026-06-22,11,179,0.15,152,0,1,5405,266,14,13,5,2,0,5,0,0,0,0,0,0,0,0,5,0,,0,0,0,0,0,3,2.67,198.43
SP150,soap,2026-06-29,12,179,0.0,179,0,0,3186,112,6,9,4,2,1,3,1,0,0,1,0,0,0,0,2,0,,0,0,0,0,0,3,2.67,-34.27
SP150,soap,2026-07-06,13,179,0.0,179,0,0,3498,128,7,5,1,0,0,1,0,0,0,0,0,0,0,0,1,0,,0,0,0,0,0,3,2.67,65.4
SP150,soap,2026-07-13,14,179,0.0,179,0,0,3117,113,4,5,2,1,0,2,0,0,0,0,0,0,0,0,2,1,4.0,1,0,0,0,0,4,3.0,130.8
SP150,soap,2026-07-20,15,179,0.0,179,0,0,4991,232,14,17,6,4,0,6,1,0,0,1,0,0,0,0,5,2,3.5,1,1,0,0,0,6,3.17,191.93
SP150,soap,2026-07-27,16,179,0.0,179,0,0,4818,204,16,13,4,2,0,4,1,0,1,0,0,0,0,0,3,0,,0,0,0,0,0,6,3.17,61.13
SP150,soap,2026-08-03,17,179,0.0,179,0,0,3744,171,5,8,2,1,0,2,0,0,0,0,0,0,0,0,2,1,5.0,1,0,0,0,0,7,3.43,130.8
SP150,soap,2026-08-10,18,179,0.0,179,0,0,5405,273,12,17,6,3,0,6,3,0,0,1,1,0,1,0,3,1,4.0,1,0,0,0,0,8,3.5,-209.03
SP150,soap,2026-08-17,19,179,0.0,179,0,0,4468,214,8,10,3,2,0,3,1,0,0,1,0,0,0,0,2,0,,0,0,0,0,0,8,3.5,-4.27
SP150,soap,2026-08-24,20,179,0.0,179,1,0,6129,276,5,29,10,4,0,10,1,0,0,0,1,0,0,0,9,3,3.33,2,0,1,1,0,11,3.45,453.53
SP150,soap,2026-08-31,21,179,0.0,179,0,0,5371,288,18,23,10,7,0,10,2,0,1,1,0,0,0,0,8,0,,0,0,0,0,0,11,3.45,253.05
SP150,soap,2026-09-07,22,179,0.0,179,0,0,6554,353,17,29,11,6,0,11,1,0,0,1,0,0,0,0,10,4,3.75,3,0,1,1,0,15,3.53,518.93
SP150,soap,2026-09-14,23,179,0.0,179,0,0,6865,334,10,18,4,2,0,4,0,0,0,0,0,0,0,0,4,0,,0,0,0,0,0,15,3.53,261.6
SP150,soap,2026-09-21,24,179,0.15,152,0,1,8075,500,20,44,15,9,0,15,1,0,0,0,1,0,0,0,14,2,2.0,0,0,2,1,1,17,3.35,420.53
TS001,tshirt,2026-04-27,1,269,0.0,269,0,0,13244,1036,107,160,65,46,14,51,8,6,0,0,1,1,0,6,43,11,3.82,6,5,0,0,0,11,3.82,342.26
TS001,tshirt,2026-05-04,2,269,0.0,269,0,0,37715,3137,307,499,239,158,20,219,22,9,3,3,3,2,2,14,197,34,4.65,32,2,0,0,0,45,4.44,6852.75
TS001,tshirt,2026-05-11,3,339,0.0,339,0,0,30271,2701,287,410,161,116,29,132,19,12,0,2,2,2,1,14,113,20,4.6,19,1,0,0,0,65,4.49,9293.01
TS001,tshirt,2026-05-18,4,339,0.0,339,0,0,27626,2407,276,330,126,97,18,108,13,8,3,0,0,0,2,8,95,22,4.59,21,0,1,1,0,87,4.52,8577.15
TS001,tshirt,2026-05-25,5,339,0.0,339,0,0,28599,2540,315,354,132,100,12,120,21,11,0,5,3,2,0,15,99,21,4.19,14,6,1,0,1,108,4.45,8270.36
TS001,tshirt,2026-06-01,6,339,0.0,339,0,0,17069,1482,155,204,70,56,12,58,8,6,0,2,0,0,0,6,50,6,3.67,4,1,1,0,1,114,4.41,4253.43
TS001,tshirt,2026-06-08,7,339,0.0,339,0,0,26469,2273,267,295,107,81,12,95,14,8,2,1,0,1,2,12,81,9,4.44,8,1,0,0,0,123,4.41,7419.08
TS001,tshirt,2026-06-15,8,339,0.0,339,0,0,24051,2103,221,289,125,93,23,102,17,12,0,1,2,0,2,11,85,22,4.23,17,4,1,0,1,145,4.39,6251.36
TS001,tshirt,2026-06-22,9,339,0.0,339,0,1,22762,1947,231,271,101,72,12,89,7,5,1,0,0,1,0,3,82,9,4.67,9,0,0,0,0,154,4.4,8281.0
TS001,tshirt,2026-06-29,10,339,0.0,339,0,0,22874,1913,210,283,112,81,9,103,7,1,1,2,1,0,2,4,96,15,4.6,14,0,1,1,0,169,4.42,10423.65
TS001,tshirt,2026-07-06,11,339,0.0,339,0,0,18029,1544,194,201,64,46,9,55,10,5,0,2,0,1,2,6,45,7,4.0,5,1,1,1,0,176,4.4,3290.07
TS001,tshirt,2026-07-13,12,339,0.0,339,0,0,18380,1506,185,196,67,46,8,59,8,3,0,0,1,3,1,6,51,11,4.09,8,3,0,0,0,187,4.39,4662.65
TS001,tshirt,2026-07-20,13,339,0.0,339,0,0,16121,1327,142,184,73,47,10,63,5,3,2,0,0,0,0,4,58,12,4.42,10,1,1,0,1,199,4.39,5970.79
TS001,tshirt,2026-07-27,14,339,0.0,339,0,0,16125,1363,160,187,72,51,6,66,4,2,0,1,1,0,0,3,62,8,4.25,6,1,1,0,1,207,4.38,6907.65
TS001,tshirt,2026-08-03,15,339,0.0,339,0,0,17439,1488,154,191,73,52,9,64,9,5,0,2,1,0,1,9,55,15,4.6,15,0,0,0,0,222,4.4,5216.79
TS001,tshirt,2026-08-10,16,339,0.0,339,0,0,17776,1510,163,204,80,50,10,70,10,6,2,0,0,0,2,7,60,9,4.44,8,1,0,0,0,231,4.4,5281.93
TS001,tshirt,2026-08-17,17,339,0.0,339,0,0,14328,1212,138,189,74,53,6,68,11,8,1,0,1,1,0,7,57,6,4.0,5,1,0,0,0,237,4.39,4910.65
TS001,tshirt,2026-08-24,18,339,0.0,339,1,0,22536,1950,213,275,121,81,14,107,12,7,1,0,0,2,2,10,95,14,4.5,13,0,1,0,1,251,4.39,9368.08
TS001,tshirt,2026-08-31,19,339,0.0,339,0,0,18786,1579,174,219,86,62,12,74,8,1,1,2,1,1,2,5,66,14,4.43,12,2,0,0,0,265,4.4,6197.22
TS001,tshirt,2026-09-07,20,339,0.0,339,0,0,18396,1574,146,218,80,61,16,64,5,5,0,0,0,0,0,2,59,10,4.7,10,0,0,0,0,275,4.41,5432.72
TS001,tshirt,2026-09-14,21,339,0.0,339,0,0,18454,1527,172,217,74,49,6,68,7,3,0,2,1,0,1,6,61,10,4.5,9,1,0,0,0,285,4.41,6358.43
TS001,tshirt,2026-09-21,22,339,0.0,339,0,1,32536,2758,339,363,128,92,16,112,16,10,2,1,1,1,1,10,96,15,4.4,13,1,1,0,1,300,4.41,8302.72
TS002,tshirt,2026-03-30,1,269,0.0,269,0,0,12579,587,49,51,24,17,4,20,4,2,0,1,0,0,1,3,16,3,3.67,2,0,1,0,1,3,3.67,-480.71
TS002,tshirt,2026-04-06,2,269,0.0,269,0,0,15526,736,54,58,25,16,3,22,7,2,3,2,0,0,0,5,15,1,4.0,1,0,0,0,0,4,3.75,-1016.9
TS002,tshirt,2026-04-13,3,269,0.0,269,0,0,17815,807,55,71,27,21,2,25,9,3,4,0,0,1,1,8,16,3,4.67,3,0,0,0,0,7,4.14,-1040.71
TS002,tshirt,2026-04-20,4,269,0.0,269,0,0,15823,876,76,84,27,23,3,24,5,1,3,0,1,0,0,4,19,8,3.5,4,2,2,0,2,15,3.8,-454.45
TS002,tshirt,2026-04-27,5,319,0.0,319,0,0,14649,666,61,58,23,16,1,22,6,3,1,1,0,0,1,5,16,3,4.33,3,0,0,0,0,18,3.89,211.19
TS002,tshirt,2026-05-04,6,319,0.0,319,0,0,13306,595,40,52,16,12,2,14,5,1,1,0,2,1,0,4,9,1,2.0,0,0,1,1,0,19,3.79,-276.75
TS002,tshirt,2026-05-11,7,319,0.0,319,0,0,10068,426,34,43,8,2,1,7,1,0,1,0,0,0,0,0,6,4,3.5,2,1,1,0,1,23,3.74,114.13
TS002,tshirt,2026-05-18,8,319,0.0,319,0,0,9405,432,36,36,11,7,2,9,2,2,0,0,0,0,0,2,7,3,4.0,2,1,0,0,0,26,3.77,137.94
TS002,tshirt,2026-05-25,9,319,0.0,319,0,0,12162,541,42,53,16,14,0,16,3,2,0,0,0,1,0,3,13,4,3.5,2,1,1,0,1,30,3.73,616.18
TS002,tshirt,2026-06-01,10,319,0.0,319,0,0,9269,378,40,34,8,6,1,7,2,1,0,1,0,0,0,1,5,0,,0,0,0,0,0,30,3.73,-105.57
TS002,tshirt,2026-06-08,11,319,0.0,319,0,0,11863,520,41,34,12,11,1,11,3,1,2,0,0,0,0,2,8,2,4.0,1,1,0,0,0,32,3.75,-6.45
TS002,tshirt,2026-06-15,12,319,0.0,319,0,0,9060,415,28,29,9,4,1,8,4,1,2,0,1,0,0,3,4,2,1.5,0,0,2,1,1,34,3.62,-465.28
TS002,tshirt,2026-06-22,13,319,0.2,255,0,1,11135,578,43,65,25,18,4,21,3,1,0,1,1,0,0,3,18,6,3.5,3,3,0,0,0,40,3.6,-362.43
TS002,tshirt,2026-06-29,14,319,0.0,319,0,0,11294,475,40,47,12,11,1,11,3,1,2,0,0,0,0,3,8,1,4.0,1,0,0,0,0,41,3.61,147.65
TS002,tshirt,2026-07-06,15,319,0.0,319,0,0,8851,383,30,26,7,4,1,6,0,0,0,0,0,0,0,0,6,1,4.0,1,0,0,0,0,42,3.62,408.24
TS002,tshirt,2026-07-13,16,319,0.0,319,0,0,9429,407,41,22,10,7,1,9,1,1,0,0,0,0,0,1,8,0,,0,0,0,0,0,42,3.62,427.65
TS002,tshirt,2026-07-20,17,319,0.0,319,0,0,9545,386,30,41,15,12,1,14,3,1,2,0,0,0,0,2,11,3,4.0,2,1,0,0,0,45,3.64,232.66
TS002,tshirt,2026-07-27,18,319,0.0,319,0,0,7211,336,30,26,9,6,1,8,3,1,1,1,0,0,0,1,5,0,,0,0,0,0,0,45,3.64,-399.68
TS002,tshirt,2026-08-03,19,319,0.0,319,0,0,9106,358,29,22,9,7,2,7,0,0,0,0,0,0,0,0,7,3,3.33,2,0,1,1,0,48,3.62,417.94
TS002,tshirt,2026-08-10,20,319,0.0,319,0,0,6870,289,19,19,6,4,0,6,2,2,0,0,0,0,0,1,4,1,3.0,0,1,0,0,0,49,3.61,-115.28
TS002,tshirt,2026-08-17,21,319,0.0,319,0,0,7502,289,26,30,6,4,0,6,2,1,0,0,0,1,0,1,4,2,3.5,1,0,1,1,0,51,3.61,-115.28
TS002,tshirt,2026-08-24,22,319,0.0,319,1,0,6361,261,16,16,6,4,0,6,0,0,0,0,0,0,0,0,6,1,4.0,1,0,0,0,0,52,3.62,478.24
TS002,tshirt,2026-08-31,23,319,0.0,319,0,0,8910,349,39,21,5,5,1,4,2,1,0,0,0,1,0,1,2,1,4.0,1,0,0,0,0,53,3.62,-344.69
TS002,tshirt,2026-09-07,24,319,0.0,319,0,0,6619,254,11,15,4,3,1,3,0,0,0,0,0,0,0,0,3,0,,0,0,0,0,0,53,3.62,169.12
TS002,tshirt,2026-09-14,25,319,0.0,319,0,0,6853,282,19,21,10,10,0,10,3,1,0,0,1,0,1,3,7,2,4.0,2,0,0,0,0,55,3.64,137.94
TS002,tshirt,2026-09-21,26,319,0.2,255,0,1,10741,514,39,46,17,7,2,15,3,1,1,0,0,1,0,1,12,2,4.5,2,0,0,0,0,57,3.67,-643.16
TS003,tshirt,2026-02-02,1,329,0.0,329,0,0,10027,617,57,57,21,15,1,20,3,3,0,0,0,0,0,3,17,3,4.33,3,0,0,0,0,3,4.33,594.47
TS003,tshirt,2026-02-09,2,329,0.0,329,0,0,18009,1423,143,137,43,26,8,35,4,2,0,0,0,1,1,4,31,4,4.5,4,0,0,0,0,7,4.43,857.57
TS003,tshirt,2026-02-16,3,329,0.0,329,0,0,13607,1134,121,125,40,27,8,32,5,3,0,0,0,2,0,4,27,3,4.67,3,0,0,0,0,10,4.5,282.86
TS003,tshirt,2026-02-23,4,329,0.0,329,0,0,12142,1036,105,110,45,31,6,39,9,4,2,0,1,1,1,6,30,9,4.11,8,1,0,0,0,19,4.32,-304.84
TS003,tshirt,2026-03-02,5,329,0.0,329,1,1,26946,2183,205,254,104,73,13,91,21,13,2,1,2,2,1,14,70,19,3.95,13,3,3,0,3,38,4.13,-641.3
TS003,tshirt,2026-03-09,6,329,0.0,329,0,0,14620,1145,132,112,39,20,10,29,6,5,0,0,0,0,1,4,23,4,3.5,2,2,0,0,0,42,4.07,-431.85
TS003,tshirt,2026-03-16,7,329,0.0,329,0,0,18616,1384,122,135,46,29,7,39,8,3,0,0,1,2,2,6,31,5,4.0,3,2,0,0,0,47,4.06,8.49
TS003,tshirt,2026-03-23,8,329,0.0,329,0,0,14520,1114,106,108,43,25,3,40,5,2,0,1,1,0,1,0,35,2,4.5,2,0,0,0,0,49,4.08,425.04
TS003,tshirt,2026-03-30,9,329,0.0,329,0,0,12509,969,91,105,40,27,1,39,4,0,1,1,0,1,1,3,35,5,4.4,5,0,0,0,0,54,4.11,1423.2
TS003,tshirt,2026-04-06,10,329,0.0,329,0,0,15443,1235,113,141,47,27,5,42,7,2,1,2,1,1,0,5,35,7,4.14,5,1,1,1,0,61,4.11,543.66
TS003,tshirt,2026-04-13,11,329,0.0,329,0,0,17744,1417,148,169,64,49,10,54,6,2,0,1,1,2,0,4,48,2,5.0,2,0,0,0,0,63,4.14,1162.96
TS003,tshirt,2026-04-20,12,329,0.0,329,0,0,22087,1675,173,190,74,47,10,64,10,8,1,0,0,0,1,9,54,9,4.22,8,1,0,0,0,72,4.15,1165.26
TS003,tshirt,2026-04-27,13,329,0.0,329,0,0,20359,1588,140,168,57,42,6,51,12,6,2,3,1,0,0,6,39,7,3.0,2,3,2,0,2,79,4.05,-689.33
TS003,tshirt,2026-05-04,14,329,0.0,329,0,0,17136,1346,122,141,57,37,5,52,8,5,0,1,1,0,1,5,44,6,3.83,5,1,0,0,0,85,4.04,798.25
TS003,tshirt,2026-05-11,15,329,0.0,329,0,0,19083,1491,138,194,83,55,11,72,7,6,0,1,0,0,0,5,65,9,4.44,8,0,1,1,0,94,4.07,2037.44
TS003,tshirt,2026-05-18,16,329,0.0,329,0,0,21290,1674,180,191,70,53,9,61,6,2,1,2,1,0,0,5,55,6,4.33,5,1,0,0,0,100,4.09,1859.05
TS003,tshirt,2026-05-25,17,329,0.0,329,0,0,18535,1403,145,165,52,36,3,49,6,4,1,0,0,0,1,5,43,2,4.0,1,1,0,0,0,102,4.09,1513.54
TS003,tshirt,2026-06-01,18,329,0.0,329,0,0,20051,1544,152,171,63,42,12,51,8,2,2,1,1,1,1,6,43,7,4.29,5,2,0,0,0,109,4.1,424.0
TS003,tshirt,2026-06-08,19,329,0.0,329,0,0,15969,1233,117,145,55,41,3,52,15,5,5,1,1,2,1,9,37,7,3.86,5,1,1,0,1,116,4.09,-1026.92
TS003,tshirt,2026-06-15,20,329,0.0,329,0,0,14178,1097,111,136,54,36,5,49,9,4,1,3,1,0,0,7,40,5,4.4,5,0,0,0,0,121,4.1,582.62
TS003,tshirt,2026-06-22,21,329,0.15,280,0,1,23388,2050,217,285,122,80,13,109,17,13,1,1,0,0,2,10,92,19,4.37,17,1,1,1,0,140,4.14,-2971.2
TS003,tshirt,2026-06-29,22,329,0.0,329,0,0,22593,1799,162,190,65,38,5,60,12,8,2,2,0,0,0,7,48,12,4.08,9,2,1,0,1,152,4.13,134.34
TS003,tshirt,2026-07-06,23,329,0.0,329,0,0,19868,1506,165,174,55,34,4,51,7,3,1,0,2,1,0,4,44,3,3.67,1,2,0,0,0,155,4.12,1008.25
TS003,tshirt,2026-07-13,24,329,0.0,329,0,0,15874,1189,116,134,57,37,8,49,6,1,2,1,0,1,1,5,43,7,3.86,5,2,0,0,0,162,4.11,1163.54
TS003,tshirt,2026-07-20,25,329,0.0,329,0,0,13792,1049,108,113,39,30,7,32,3,0,0,0,0,0,3,2,29,7,4.14,7,0,0,0,0,169,4.11,760.44
TS003,tshirt,2026-07-27,26,329,0.0,329,0,0,16073,1258,117,139,53,36,6,47,5,1,1,1,0,1,1,5,42,5,4.2,4,0,1,1,0,174,4.11,1559.29
TS003,tshirt,2026-08-03,27,329,0.0,329,0,0,18063,1413,127,169,63,38,6,57,11,6,1,2,0,0,2,11,46,5,4.2,4,0,1,0,1,179,4.12,974.46
TS003,tshirt,2026-08-10,28,329,0.0,329,0,0,15651,1247,126,119,38,24,5,33,10,5,2,0,1,1,1,7,23,3,3.33,2,0,1,0,1,182,4.1,-821.39
TS003,tshirt,2026-08-17,29,329,0.0,329,0,0,14607,1131,114,126,48,30,3,45,6,3,0,0,2,1,0,4,39,4,4.0,4,0,0,0,0,186,4.1,1078.83
TS003,tshirt,2026-08-24,30,319,0.0,319,1,0,16450,1299,123,166,62,40,5,57,6,4,0,0,1,0,1,5,51,8,4.12,7,0,1,0,1,194,4.1,1398.17
TS003,tshirt,2026-08-31,31,319,0.0,319,0,0,13479,1046,95,123,46,23,7,39,8,3,1,0,1,1,2,5,31,5,4.2,3,2,0,0,0,199,4.11,-466.29
TS003,tshirt,2026-09-07,32,319,0.0,319,0,0,17184,1328,128,167,54,33,5,49,6,3,1,0,1,1,0,5,43,8,3.62,6,1,1,0,1,207,4.09,964.02
TS003,tshirt,2026-09-14,33,319,0.0,319,0,0,14468,1074,80,137,50,35,3,47,9,4,2,1,0,0,2,6,38,8,4.12,6,2,0,0,0,215,4.09,53.59
TS003,tshirt,2026-09-21,34,319,0.1,287,0,1,18227,1514,136,175,79,49,10,69,10,4,1,3,0,1,1,6,59,16,4.12,11,4,1,1,0,231,4.09,-1414.4
TS004,tshirt,2025-11-10,1,329,0.0,329,0,0,10654,692,79,63,22,13,2,20,3,2,1,0,0,0,0,2,17,3,4.67,3,0,0,0,0,3,4.67,539.2
TS004,tshirt,2025-11-17,2,329,0.0,329,0,0,16398,1409,123,120,44,28,3,41,3,3,0,0,0,0,0,2,38,8,4.25,8,0,0,0,0,11,4.36,2035.49
TS004,tshirt,2025-11-24,3,329,0.0,329,0,0,18170,1500,137,164,52,38,8,44,9,4,0,0,0,3,2,7,35,8,3.62,4,3,1,0,1,19,4.05,452.99
TS004,tshirt,2025-12-01,4,329,0.0,329,0,0,12415,927,82,96,33,22,7,26,5,3,0,1,0,0,1,4,21,5,4.0,3,2,0,0,0,24,4.04,207.54
TS004,tshirt,2025-12-08,5,329,0.0,329,0,0,9791,717,72,71,24,17,3,21,2,1,0,1,0,0,0,2,19,3,4.0,2,1,0,0,0,27,4.04,927.12
TS004,tshirt,2025-12-15,6,329,0.0,329,0,0,11671,914,90,97,38,25,4,34,5,3,2,0,0,0,0,2,29,6,4.5,5,1,0,0,0,33,4.12,676.73
TS004,tshirt,2025-12-22,7,329,0.0,329,0,0,13969,1122,100,128,42,29,1,41,9,3,1,1,0,0,4,6,32,7,4.29,6,1,0,0,0,40,4.15,550.48
TS004,tshirt,2025-12-29,8,329,0.0,329,0,0,12326,974,85,96,29,15,3,26,4,4,0,0,0,0,0,1,22,5,4.0,5,0,0,0,0,45,4.13,364.63
TS004,tshirt,2026-01-05,9,329,0.0,329,0,0,13621,1039,91,116,37,26,6,31,4,4,0,0,0,0,0,3,27,4,4.5,4,0,0,0,0,49,4.16,865.05
TS004,tshirt,2026-01-12,10,329,0.2,263,0,1,13888,1387,130,211,101,71,16,85,15,7,3,2,2,0,1,9,70,11,3.91,6,4,1,0,1,60,4.12,-3411.53
TS004,tshirt,2026-01-19,11,329,0.0,329,0,0,18073,1382,131,143,50,30,2,48,9,3,2,1,0,0,3,7,39,5,3.6,3,2,0,0,0,65,4.08,1171.33
TS004,tshirt,2026-01-26,12,329,0.0,329,0,0,12252,964,88,103,32,18,3,29,7,1,0,1,1,3,1,4,22,5,3.8,3,2,0,0,0,70,4.06,-55.37
TS004,tshirt,2026-02-02,13,329,0.0,329,0,0,13292,962,73,88,29,20,6,23,5,1,1,0,1,1,1,4,18,1,4.0,1,0,0,0,0,71,4.06,53.79
TS004,tshirt,2026-02-09,14,329,0.0,329,0,0,14490,1122,106,124,45,31,10,35,5,1,1,2,0,0,1,5,30,6,3.33,3,2,1,0,1,77,4.0,837.56
TS004,tshirt,2026-02-16,15,329,0.0,329,0,0,12695,927,85,91,41,29,5,36,6,4,0,1,0,1,0,4,30,3,4.67,3,0,0,0,0,80,4.03,710.06
TS004,tshirt,2026-02-23,16,329,0.0,329,0,0,12026,877,69,87,30,21,7,23,5,4,0,1,0,0,0,2,18,5,3.8,4,0,1,0,1,85,4.01,-353.71
TS004,tshirt,2026-03-02,17,329,0.2,263,1,1,27330,2457,203,337,176,113,17,159,27,8,10,6,1,1,1,17,132,26,4.31,24,2,0,0,0,111,4.08,-5109.38
TS004,tshirt,2026-03-09,18,329,0.0,329,0,0,21906,1640,162,165,64,40,8,56,8,1,1,0,1,2,3,4,48,9,4.56,8,1,0,0,0,120,4.12,1225.1
TS004,tshirt,2026-03-16,19,329,0.0,329,0,0,19166,1427,164,133,47,25,13,34,8,2,0,0,2,1,3,4,26,2,3.5,1,1,0,0,0,122,4.11,-765.78
TS004,tshirt,2026-03-23,20,319,0.0,319,0,0,22376,1787,169,209,63,46,8,55,12,3,2,6,0,0,1,8,43,3,3.67,2,0,1,0,1,125,4.1,-117.35
TS004,tshirt,2026-03-30,21,319,0.0,319,0,0,13479,1004,79,97,37,24,6,31,7,3,3,0,0,0,1,5,24,2,4.0,1,1,0,0,0,127,4.09,-176.02
TS004,tshirt,2026-04-06,22,319,0.0,319,0,0,21223,1694,144,166,60,42,8,52,9,2,2,1,0,1,3,8,43,10,4.4,9,1,0,0,0,137,4.12,808.89
TS004,tshirt,2026-04-13,23,319,0.0,319,0,0,15231,1202,119,124,40,24,7,33,6,2,0,2,1,0,1,3,27,4,4.25,3,1,0,0,0,141,4.12,-79.59
TS004,tshirt,2026-04-20,24,319,0.0,319,0,0,16935,1358,128,164,67,40,6,61,16,8,4,2,1,1,0,11,45,7,3.29,4,1,2,2,0,148,4.08,-575.98
TS004,tshirt,2026-04-27,25,319,0.0,319,0,0,23505,1817,160,175,68,53,9,59,13,6,1,3,1,1,1,9,46,9,4.0,6,2,1,0,1,157,4.08,-132.17
TS004,tshirt,2026-05-04,26,319,0.0,319,0,0,19334,1475,132,146,57,40,7,50,8,3,1,1,2,0,1,6,42,6,4.33,5,1,0,0,0,163,4.09,785.08
TS004,tshirt,2026-05-11,27,319,0.0,319,0,0,21505,1686,175,189,69,47,10,59,10,2,3,3,1,1,0,4,49,5,4.2,4,0,1,0,1,168,4.09,75.52
TS004,tshirt,2026-05-18,28,319,0.0,319,0,0,21143,1649,161,153,58,35,8,50,9,4,1,2,1,1,0,4,41,8,3.75,5,3,0,0,0,176,4.07,3.78
TS004,tshirt,2026-05-25,29,319,0.0,319,0,0,21379,1644,181,168,65,45,6,59,11,4,2,2,3,0,0,9,48,12,4.08,9,2,1,0,1,188,4.07,825.45
TS004,tshirt,2026-06-01,30,319,0.0,319,0,0,17755,1419,123,145,63,44,8,55,11,4,1,2,1,2,1,6,44,8,4.38,7,1,0,0,0,196,4.09,-81.04
TS004,tshirt,2026-06-08,31,319,0.0,319,0,0,20782,1577,144,175,76,45,9,67,11,5,5,0,1,0,0,6,56,14,4.29,11,3,0,0,0,210,4.1,629.7
TS004,tshirt,2026-06-15,32,319,0.0,319,0,0,16914,1299,132,108,36,24,3,33,6,4,0,0,0,0,2,2,27,1,3.0,0,1,0,0,0,211,4.09,31.66
TS004,tshirt,2026-06-22,33,319,0.15,271,0,1,18956,1766,136,241,115,82,10,105,15,8,3,3,0,0,1,9,90,14,3.93,10,3,1,0,1,225,4.08,-2071.25
TS004,tshirt,2026-06-29,34,319,0.0,319,0,0,23826,1852,181,214,83,55,9,74,18,6,6,2,3,0,1,11,56,9,4.0,7,1,1,1,0,234,4.08,-687.8
TS004,tshirt,2026-07-06,35,319,0.0,319,0,0,16986,1228,133,132,56,37,5,51,11,7,1,0,3,0,0,7,40,4,4.5,4,0,0,0,0,238,4.09,37.46
TS004,tshirt,2026-07-13,36,319,0.0,319,0,0,16698,1315,105,138,41,31,6,35,8,4,1,0,2,1,0,3,27,5,4.4,4,1,0,0,0,243,4.09,-627.08
TS004,tshirt,2026-07-20,37,319,0.0,319,0,0,13353,978,79,85,30,21,4,26,2,1,0,1,0,0,0,1,24,2,4.5,2,0,0,0,0,245,4.1,832.73
TS004,tshirt,2026-07-27,38,319,0.0,319,0,0,13862,1079,95,122,35,21,2,33,5,4,0,0,0,0,1,3,28,7,3.71,3,3,1,0,1,252,4.09,644.22
TS004,tshirt,2026-08-03,39,319,0.0,319,0,0,13831,1113,91,111,48,31,5,43,3,1,0,1,0,1,0,2,40,6,4.33,5,1,0,0,0,258,4.09,1663.71
TS004,tshirt,2026-08-10,40,319,0.0,319,0,0,17574,1406,123,167,69,43,8,61,9,2,1,4,0,1,1,8,52,9,3.78,6,2,1,1,0,267,4.08,1394.44
TS004,tshirt,2026-08-17,41,319,0.0,319,0,0,18402,1432,109,155,55,36,6,49,5,2,2,0,0,0,1,5,44,3,4.33,3,0,0,0,0,270,4.09,1742.7
TS004,tshirt,2026-08-24,42,319,0.0,319,1,0,16865,1314,127,128,51,37,6,45,14,8,2,1,1,1,1,14,31,8,3.62,4,3,1,0,1,278,4.07,-363.1
TS004,tshirt,2026-08-31,43,319,0.0,319,0,0,12327,937,71,93,33,18,4,29,3,3,0,0,0,0,0,2,26,1,4.0,1,0,0,0,0,279,4.07,822.85
TS004,tshirt,2026-09-07,44,319,0.0,319,0,0,13701,1076,107,97,39,26,4,35,12,7,1,3,0,0,1,11,23,6,3.83,4,1,1,1,0,285,4.07,-632.34
TS004,tshirt,2026-09-14,45,319,0.0,319,0,0,11532,829,78,77,28,15,1,27,6,5,0,0,0,1,0,4,21,2,3.5,1,0,1,1,0,287,4.06,118.79
TS004,tshirt,2026-09-21,46,319,0.0,319,0,1,18853,1433,123,135,44,27,2,42,11,8,0,1,0,0,2,9,31,6,4.33,5,0,1,0,1,293,4.07,-0.59
TS005,tshirt,2026-02-23,1,349,0.0,349,0,0,10297,373,32,20,4,4,0,4,1,0,1,0,0,0,0,1,3,1,3.0,0,1,0,0,0,1,3.0,349.93
TS005,tshirt,2026-03-02,2,349,0.2,279,1,1,10063,341,18,24,12,7,0,12,2,1,0,0,0,0,1,0,10,2,4.0,1,1,0,0,0,3,3.67,488.29
TS005,tshirt,2026-03-09,3,349,0.0,349,0,0,7346,238,14,6,4,2,0,4,1,0,0,0,0,0,1,1,3,0,,0,0,0,0,0,3,3.67,349.93
TS005,tshirt,2026-03-16,4,349,0.0,349,0,0,7530,238,20,14,4,4,0,4,3,1,1,1,0,0,0,2,1,0,,0,0,0,0,0,3,3.67,-355.76
TS005,tshirt,2026-03-23,5,299,0.0,299,0,0,5969,240,20,15,8,5,2,6,3,1,0,0,2,0,0,3,3,0,,0,0,0,0,0,3,3.67,-212.93
TS005,tshirt,2026-03-30,6,299,0.0,299,0,0,6643,258,16,11,3,2,0,3,1,1,0,0,0,0,0,1,2,0,,0,0,0,0,0,3,3.67,91.38
TS005,tshirt,2026-04-06,7,299,0.0,299,0,0,6722,292,25,17,8,4,0,8,2,0,1,1,0,0,0,1,6,1,4.0,1,0,0,0,0,4,3.75,315.07
TS005,tshirt,2026-04-13,8,299,0.0,299,0,0,6777,285,21,19,4,3,0,4,1,1,0,0,0,0,0,0,3,0,,0,0,0,0,0,4,3.75,108.0
TS005,tshirt,2026-04-20,9,299,0.0,299,0,0,7220,302,22,14,6,4,0,6,3,1,0,2,0,0,0,1,3,0,,0,0,0,0,0,4,3.75,-271.07
TS005,tshirt,2026-04-27,10,299,0.0,299,0,0,5683,248,11,13,2,2,1,1,0,0,0,0,0,0,0,0,1,0,,0,0,0,0,0,4,3.75,45.69
TS005,tshirt,2026-05-04,11,299,0.0,299,0,0,8659,326,31,25,12,8,3,9,2,1,0,1,0,0,0,2,7,1,3.0,0,1,0,0,0,5,3.6,319.83
TS005,tshirt,2026-05-11,12,299,0.0,299,0,0,7858,313,15,19,10,5,1,9,2,1,1,0,0,0,0,2,7,2,4.0,2,0,0,0,0,7,3.71,459.83
TS005,tshirt,2026-05-18,13,299,0.0,299,0,0,10191,433,35,24,6,1,0,6,3,1,0,1,0,1,0,3,3,0,,0,0,0,0,0,7,3.71,-72.93
TS005,tshirt,2026-05-25,14,299,0.0,299,0,0,9086,376,28,25,8,4,0,8,6,3,1,2,0,0,0,5,2,2,2.5,0,1,1,1,0,9,3.44,-707.69
TS005,tshirt,2026-06-01,15,299,0.0,299,0,0,6068,226,24,10,2,2,0,2,1,0,1,0,0,0,0,0,1,0,,0,0,0,0,0,9,3.44,-123.38
TS005,tshirt,2026-06-08,16,299,0.0,299,0,0,5239,196,11,13,6,4,1,5,1,0,0,1,0,0,0,1,4,0,,0,0,0,0,0,9,3.44,252.76
TS005,tshirt,2026-06-15,17,299,0.0,299,0,0,7059,294,15,19,4,2,1,3,1,0,0,1,0,0,0,0,2,2,3.0,1,0,1,1,0,11,3.36,-77.69
TS005,tshirt,2026-06-22,18,299,0.15,254,0,1,10114,427,22,23,8,8,1,7,1,0,1,0,0,0,0,1,6,2,3.5,1,0,1,0,1,13,3.38,227.0
TS005,tshirt,2026-06-29,19,299,0.0,299,0,0,7435,257,17,14,2,1,0,2,0,0,0,0,0,0,0,0,2,1,4.0,1,0,0,0,0,14,3.43,231.38
TS005,tshirt,2026-07-06,20,299,0.0,299,0,0,4926,170,11,12,4,4,1,3,2,0,0,2,0,0,0,1,1,1,3.0,0,1,0,0,0,15,3.4,-333.38
TS005,tshirt,2026-07-13,21,299,0.0,299,0,0,5767,220,17,14,6,6,1,5,2,1,0,0,0,0,1,1,3,1,4.0,1,0,0,0,0,16,3.44,-102.0
TS005,tshirt,2026-07-20,22,299,0.0,299,0,0,6250,240,19,17,4,2,0,4,3,1,2,0,0,0,0,1,1,0,,0,0,0,0,0,16,3.44,-502.45
TS005,tshirt,2026-07-27,23,299,0.0,299,0,0,6291,218,12,16,5,5,0,5,2,0,0,2,0,0,0,0,3,0,,0,0,0,0,0,16,3.44,-131.07
TS005,tshirt,2026-08-03,24,299,0.0,299,0,0,7118,262,14,13,3,2,2,1,0,0,0,0,0,0,0,0,1,0,,0,0,0,0,0,16,3.44,-24.31
TS005,tshirt,2026-08-10,25,299,0.0,299,0,0,6788,252,19,15,5,4,1,4,3,1,1,1,0,0,0,3,1,1,3.0,0,1,0,0,0,17,3.41,-374.31
TS005,tshirt,2026-08-17,26,299,0.0,299,0,0,5399,217,10,9,4,3,1,3,1,0,1,0,0,0,0,0,2,1,4.0,1,0,0,0,0,18,3.44,-77.69
TS005,tshirt,2026-08-24,27,299,0.0,299,1,0,6679,244,16,13,3,2,1,2,0,0,0,0,0,0,0,0,2,0,,0,0,0,0,0,18,3.44,161.38
TS005,tshirt,2026-08-31,28,299,0.0,299,0,0,5118,199,17,10,2,0,0,2,1,0,1,0,0,0,0,1,1,0,,0,0,0,0,0,18,3.44,-24.31
TS005,tshirt,2026-09-07,29,299,0.0,299,0,0,5723,209,16,10,4,3,0,4,1,0,1,0,0,0,0,1,3,0,,0,0,0,0,0,18,3.44,207.07
TS005,tshirt,2026-09-14,30,299,0.0,299,0,0,4887,192,16,11,2,2,0,2,0,0,0,0,0,0,0,0,2,0,,0,0,0,0,0,18,3.44,231.38
TS005,tshirt,2026-09-21,31,299,0.1,269,0,1,7291,304,22,10,3,2,0,3,0,0,0,0,0,0,0,0,3,0,,0,0,0,0,0,18,3.44,261.36
TS006,tshirt,2025-11-03,1,289,0.0,289,0,0,10526,434,25,17,8,8,1,7,3,2,1,0,0,0,0,3,4,3,3.0,2,0,1,0,1,3,3.0,45.3
TS006,tshirt,2025-11-10,2,289,0.0,289,0,0,8405,235,15,11,2,1,1,1,0,0,0,0,0,0,0,0,1,0,,0,0,0,0,0,3,3.0,63.82
TS006,tshirt,2025-11-17,3,289,0.0,289,0,0,5770,197,13,10,3,1,0,3,1,0,0,1,0,0,0,1,2,2,3.0,0,2,0,0,0,5,3.0,127.65
TS006,tshirt,2025-11-24,4,289,0.0,289,0,0,4940,165,12,10,4,2,0,4,4,0,2,1,0,0,1,3,0,2,2.0,0,0,2,0,2,7,2.71,-631.41
TS006,tshirt,2025-12-01,5,289,0.0,289,0,0,3555,97,10,7,2,1,0,2,1,0,1,0,0,0,0,1,1,0,,0,0,0,0,0,7,2.71,-6.18
TS006,tshirt,2025-12-08,6,289,0.0,289,0,0,3210,89,6,4,2,2,0,2,1,0,0,1,0,0,0,1,1,1,3.0,0,1,0,0,0,8,2.75,-6.18
TS006,tshirt,2025-12-15,7,289,0.0,289,0,0,2793,78,5,4,1,0,0,1,1,0,0,1,0,0,0,1,0,0,,0,0,0,0,0,8,2.75,-140.0
TS006,tshirt,2025-12-22,8,289,0.0,289,0,0,2939,78,3,1,0,0,0,0,0,0,0,0,0,0,0,0,0,0,,0,0,0,0,0,8,2.75,0.0
TS007,tshirt,2026-03-30,1,269,0.0,269,0,0,17660,744,44,54,13,10,2,11,3,2,0,0,0,0,1,1,8,3,2.67,0,2,1,1,0,3,2.67,-105.18
TS007,tshirt,2026-04-06,2,269,0.0,269,0,0,8314,230,15,25,6,3,0,6,0,0,0,0,0,0,0,0,6,2,3.5,1,1,0,0,0,5,3.0,496.32
TS007,tshirt,2026-04-13,3,269,0.0,269,0,0,7477,242,13,16,2,1,0,2,0,0,0,0,0,0,0,0,2,0,,0,0,0,0,0,5,3.0,165.44
TS007,tshirt,2026-04-20,4,269,0.0,269,0,0,6836,216,11,16,5,3,0,5,0,0,0,0,0,0,0,0,5,1,4.0,1,0,0,0,0,6,3.17,413.6
TS007,tshirt,2026-04-27,5,269,0.0,269,0,0,5671,189,19,17,7,2,0,7,0,0,0,0,0,0,0,0,7,1,5.0,1,0,0,0,0,7,3.43,579.04
TS007,tshirt,2026-05-04,6,269,0.0,269,0,0,8243,317,15,27,12,9,0,12,2,0,2,0,0,0,0,1,10,2,4.0,1,1,0,0,0,9,3.56,443.73
TS007,tshirt,2026-05-11,7,269,0.0,269,0,0,7005,263,15,23,10,5,2,8,1,1,0,0,0,0,0,0,7,1,4.0,1,0,0,0,0,10,3.6,195.57
TS007,tshirt,2026-05-18,8,329,0.0,329,0,0,11198,383,32,22,6,4,0,6,2,0,1,1,0,0,0,2,4,0,,0,0,0,0,0,10,3.6,279.45
TS007,tshirt,2026-05-25,9,329,0.0,329,0,0,8298,257,30,14,1,0,0,1,0,0,0,0,0,0,0,0,1,0,,0,0,0,0,0,10,3.6,139.86
TS007,tshirt,2026-06-01,10,329,0.0,329,0,0,7387,216,14,8,1,0,0,1,0,0,0,0,0,0,0,0,1,0,,0,0,0,0,0,10,3.6,139.86
TS007,tshirt,2026-06-08,11,329,0.0,329,0,0,6116,198,15,7,3,2,0,3,0,0,0,0,0,0,0,0,3,0,,0,0,0,0,0,10,3.6,419.59
TS007,tshirt,2026-06-15,12,329,0.0,329,0,0,7974,226,16,13,3,3,1,2,1,1,0,0,0,0,0,0,1,0,,0,0,0,0,0,10,3.6,-173.61
TS007,tshirt,2026-06-22,13,329,0.15,280,0,1,7930,284,19,26,13,8,0,13,4,1,2,1,0,0,0,2,9,3,3.33,1,2,0,0,0,13,3.54,71.82
TS007,tshirt,2026-06-29,14,329,0.0,329,0,0,5562,203,23,10,4,2,1,3,0,0,0,0,0,0,0,0,3,2,4.0,1,1,0,0,0,15,3.6,349.59
TS007,tshirt,2026-07-06,15,329,0.0,329,0,0,6299,200,16,10,1,1,0,1,1,0,1,0,0,0,0,1,0,0,,0,0,0,0,0,15,3.6,-140.0
TS007,tshirt,2026-07-13,16,329,0.0,329,0,0,7138,238,27,13,3,2,1,2,1,0,1,0,0,0,0,1,1,0,,0,0,0,0,0,15,3.6,-70.14
TS007,tshirt,2026-07-20,17,329,0.0,329,0,0,6031,173,16,7,2,1,1,1,0,0,0,0,0,0,0,0,1,0,,0,0,0,0,0,15,3.6,69.86
TS007,tshirt,2026-07-27,18,329,0.0,329,0,0,8894,280,21,15,2,2,1,1,0,0,0,0,0,0,0,0,1,0,,0,0,0,0,0,15,3.6,69.86
TS007,tshirt,2026-08-03,19,329,0.0,329,0,0,7192,234,24,13,3,1,0,3,0,0,0,0,0,0,0,0,3,0,,0,0,0,0,0,15,3.6,419.59
TS007,tshirt,2026-08-10,20,329,0.0,329,0,0,5225,174,11,15,6,3,1,5,1,0,0,0,0,0,1,0,4,1,4.0,1,0,0,0,0,16,3.62,245.98
TS007,tshirt,2026-08-17,21,329,0.0,329,0,0,6708,216,20,14,3,1,0,3,1,0,0,1,0,0,0,1,2,0,,0,0,0,0,0,16,3.62,139.73
TS007,tshirt,2026-08-24,22,329,0.0,329,1,0,6891,217,16,11,1,1,0,1,1,1,0,0,0,0,0,1,0,0,,0,0,0,0,0,16,3.62,-140.0
TS007,tshirt,2026-08-31,23,329,0.0,329,0,0,6039,186,8,13,7,4,1,6,0,0,0,0,0,0,0,0,6,2,3.5,1,0,1,0,1,18,3.61,769.18
TS007,tshirt,2026-09-07,24,329,0.0,329,0,0,7046,212,20,13,3,3,1,2,1,1,0,0,0,0,0,0,1,0,,0,0,0,0,0,18,3.61,-173.61
TS007,tshirt,2026-09-14,25,329,0.0,329,0,0,6472,210,19,9,3,2,1,2,2,0,0,1,0,0,1,1,0,0,,0,0,0,0,0,18,3.61,-453.47
TS007,tshirt,2026-09-21,26,329,0.2,263,0,1,7560,331,18,19,5,4,0,5,3,1,1,1,0,0,0,3,2,2,3.5,1,1,0,0,0,20,3.6,-265.99
TS008,tshirt,2025-11-10,1,259,0.0,259,0,0,12760,454,26,25,6,1,0,6,3,0,1,1,0,0,1,2,3,0,,0,0,0,0,0,0,,-341.77
TS008,tshirt,2025-11-17,2,259,0.0,259,0,0,7221,304,31,29,12,6,1,11,6,1,4,0,1,0,0,3,5,2,4.0,2,0,0,0,0,2,4.0,-930.2
TS008,tshirt,2025-11-24,3,259,0.0,259,0,0,9440,414,19,31,12,3,1,11,3,1,1,1,0,0,0,2,8,1,2.0,0,0,1,0,1,3,3.33,-93.14
TS008,tshirt,2025-12-01,4,259,0.0,259,0,0,7212,253,12,17,5,4,0,5,1,1,0,0,0,0,0,1,4,3,4.0,2,0,1,0,1,6,3.67,114.9
TS008,tshirt,2025-12-08,5,259,0.0,259,0,0,6301,263,15,17,5,5,0,5,3,1,2,0,0,0,0,1,2,0,,0,0,0,0,0,6,3.67,-518.43
TS008,tshirt,2025-12-15,6,259,0.0,259,0,0,3937,151,12,6,2,2,0,2,2,2,0,0,0,0,0,2,0,2,2.0,0,0,2,1,1,8,3.25,-280.0
TS008,tshirt,2025-12-22,7,259,0.0,259,0,0,4008,128,10,8,3,2,0,3,0,0,0,0,0,0,0,0,3,1,4.0,1,0,0,0,0,9,3.33,191.18
TS008,tshirt,2025-12-29,8,259,0.0,259,0,0,4894,145,8,10,1,1,0,1,0,0,0,0,0,0,0,0,1,0,,0,0,0,0,0,9,3.33,63.73
TS008,tshirt,2026-01-05,9,259,0.0,259,0,0,3989,125,11,8,3,1,0,3,1,0,1,0,0,0,0,1,2,0,,0,0,0,0,0,9,3.33,-12.55
TS008,tshirt,2026-01-12,10,259,0.0,259,0,1,7074,230,16,16,7,4,1,6,2,1,0,1,0,0,0,1,4,0,,0,0,0,0,0,9,3.33,-208.04
TS008,tshirt,2026-01-19,11,259,0.0,259,0,0,3596,154,11,16,6,5,1,5,2,2,0,0,0,0,0,2,3,0,,0,0,0,0,0,9,3.33,-158.82
TS008,tshirt,2026-01-26,12,259,0.0,259,0,0,5437,196,18,17,4,3,0,4,2,1,0,0,1,0,0,1,2,1,4.0,1,0,0,0,0,10,3.4,-265.49
TS008,tshirt,2026-02-02,13,259,0.0,259,0,0,6202,202,12,20,10,7,0,10,2,1,0,1,0,0,0,0,8,1,3.0,0,1,0,0,0,11,3.36,3.92
TS008,tshirt,2026-02-09,14,259,0.0,259,0,0,7277,257,23,13,3,1,1,2,1,1,0,0,0,0,0,0,1,0,,0,0,0,0,0,11,3.36,-259.22
TS008,tshirt,2026-02-16,15,259,0.0,259,0,0,7201,242,15,14,3,3,0,3,2,2,0,0,0,0,0,2,1,0,,0,0,0,0,0,11,3.36,-216.27
TS008,tshirt,2026-02-23,16,259,0.0,259,0,0,4589,135,11,12,6,3,0,6,3,1,0,0,0,1,1,1,3,1,1.0,0,0,1,0,1,12,3.17,-454.71
TS008,tshirt,2026-03-02,17,259,0.0,259,1,1,10521,346,21,27,9,6,1,8,2,2,0,0,0,0,0,1,6,1,4.0,1,0,0,0,0,13,3.23,-80.59
TS008,tshirt,2026-03-09,18,259,0.0,259,0,0,6663,223,13,16,7,5,1,6,3,1,1,0,1,0,0,2,3,0,,0,0,0,0,0,13,3.23,-411.77
TS008,tshirt,2026-03-16,19,259,0.0,259,0,0,6459,221,15,17,8,5,0,8,4,1,2,0,0,0,1,3,4,2,2.5,0,1,1,0,1,15,3.13,-418.04
TS008,tshirt,2026-03-23,20,259,0.0,259,0,0,5306,173,6,18,4,2,0,4,1,0,0,0,1,0,0,1,3,2,4.0,2,0,0,0,0,17,3.24,51.18
TS008,tshirt,2026-03-30,21,259,0.0,259,0,0,6383,214,11,8,4,3,1,3,3,1,1,1,0,0,0,2,0,2,3.0,0,2,0,0,0,19,3.21,-602.94
TS008,tshirt,2026-04-06,22,259,0.0,259,0,0,6490,233,18,11,4,2,0,4,2,1,1,0,0,0,0,1,2,0,,0,0,0,0,0,19,3.21,-265.49
TS008,tshirt,2026-04-13,23,259,0.0,259,0,0,6846,222,14,15,8,5,1,7,4,0,3,0,0,1,0,4,3,3,3.33,1,2,0,0,0,22,3.23,-438.82
TS008,tshirt,2026-04-20,24,259,0.0,259,0,0,8137,281,19,21,8,6,1,7,2,1,0,0,0,0,1,1,5,0,,0,0,0,0,0,22,3.23,-144.31
TS008,tshirt,2026-04-27,25,259,0.0,259,0,0,7762,266,12,20,7,7,1,6,1,1,0,0,0,0,0,1,5,2,3.0,0,2,0,0,0,24,3.21,108.63
TS008,tshirt,2026-05-04,26,259,0.0,259,0,0,7808,282,15,19,7,5,1,6,1,1,0,0,0,0,0,1,5,3,3.67,2,1,0,0,0,27,3.26,108.63
TS008,tshirt,2026-05-11,27,259,0.0,259,0,0,8628,324,18,24,8,5,1,7,6,5,1,0,0,0,0,4,1,2,2.5,0,1,1,0,1,29,3.21,-1072.16
TS008,tshirt,2026-05-18,28,259,0.0,259,0,0,6938,226,14,15,6,2,2,4,2,1,0,0,0,0,1,2,2,0,,0,0,0,0,0,29,3.21,-292.55
TS008,tshirt,2026-05-25,29,259,0.0,259,0,0,8375,301,18,21,6,3,0,6,2,1,0,1,0,0,0,1,4,0,,0,0,0,0,0,29,3.21,-138.04
TS008,tshirt,2026-06-01,30,259,0.0,259,0,0,6495,215,16,8,4,4,0,4,2,0,1,0,1,0,0,2,2,0,,0,0,0,0,0,29,3.21,-152.55
TS008,tshirt,2026-06-08,31,259,0.0,259,0,0,7055,243,12,15,5,3,0,5,3,2,1,0,0,0,0,0,2,1,2.0,0,0,1,0,1,30,3.17,-631.37
TS008,tshirt,2026-06-15,32,259,0.0,259,0,0,6980,238,12,17,6,5,3,3,0,0,0,0,0,0,0,0,3,0,,0,0,0,0,0,30,3.17,-18.82
TS008,tshirt,2026-06-22,33,259,0.0,259,0,1,11506,366,20,23,5,3,1,4,0,0,0,0,0,0,0,0,4,1,4.0,1,0,0,0,0,31,3.19,184.9
TS008,tshirt,2026-06-29,34,259,0.0,259,0,0,5168,190,11,17,7,4,0,7,1,0,0,1,0,0,0,0,6,0,,0,0,0,0,0,31,3.19,129.41
TS008,tshirt,2026-07-06,35,259,0.0,259,0,0,9249,357,24,16,6,3,0,6,2,0,1,0,1,0,0,2,4,0,,0,0,0,0,0,31,3.19,-25.1
TS008,tshirt,2026-07-13,36,259,0.0,259,0,0,5370,177,7,6,2,1,0,2,1,1,0,0,0,0,0,0,1,1,3.0,0,1,0,0,0,32,3.19,-189.22
TS008,tshirt,2026-07-20,37,259,0.0,259,0,0,6418,220,19,12,3,3,1,2,0,0,0,0,0,0,0,0,2,0,,0,0,0,0,0,32,3.19,57.45
TS008,tshirt,2026-07-27,38,259,0.0,259,0,0,4740,163,11,10,1,1,0,1,0,0,0,0,0,0,0,0,1,0,,0,0,0,0,0,32,3.19,63.73
TS008,tshirt,2026-08-03,39,259,0.0,259,0,0,5433,207,9,3,1,0,0,1,0,0,0,0,0,0,0,0,1,0,,0,0,0,0,0,32,3.19,63.73
TS008,tshirt,2026-08-10,40,259,0.0,259,0,0,3991,142,9,8,3,2,0,3,1,0,1,0,0,0,0,0,2,0,,0,0,0,0,0,32,3.19,-125.49
TS008,tshirt,2026-08-17,41,259,0.0,259,0,0,4594,153,4,5,2,1,0,2,1,1,0,0,0,0,0,1,1,0,,0,0,0,0,0,32,3.19,-76.27
TS008,tshirt,2026-08-24,42,259,0.0,259,1,0,5768,214,12,12,3,3,0,3,1,0,0,0,1,0,0,0,2,1,3.0,0,1,0,0,0,33,3.18,-125.49
TS008,tshirt,2026-08-31,43,259,0.0,259,0,0,5187,204,23,7,1,1,0,1,1,1,0,0,0,0,0,1,0,1,3.0,0,1,0,0,0,34,3.18,-140.0
TS008,tshirt,2026-09-07,44,259,0.0,259,0,0,3389,102,7,5,1,1,0,1,0,0,0,0,0,0,0,0,1,0,,0,0,0,0,0,34,3.18,63.73
TS008,tshirt,2026-09-14,45,259,0.0,259,0,0,4320,152,6,13,3,1,0,3,2,1,1,0,0,0,0,2,1,2,2.0,0,0,2,1,1,36,3.11,-216.27
TS008,tshirt,2026-09-21,46,259,0.0,259,0,1,6546,230,11,15,8,6,0,8,3,2,0,0,0,1,0,1,5,2,3.0,0,2,0,0,0,38,3.11,-327.26
TS009,tshirt,2026-08-03,1,319,0.0,319,0,0,12021,446,22,29,5,5,2,3,0,0,0,0,0,0,0,0,3,0,,0,0,0,0,0,0,,120.55
TS009,tshirt,2026-08-10,2,319,0.0,319,0,0,7647,281,24,9,1,1,0,1,1,0,0,0,0,0,1,0,0,0,,0,0,0,0,0,0,,-286.96
TS009,tshirt,2026-08-17,3,319,0.0,319,0,0,5107,190,15,13,3,3,0,3,1,1,0,0,0,0,0,1,2,0,,0,0,0,0,0,0,,33.7
TS009,tshirt,2026-08-24,4,319,0.0,319,1,0,6028,202,18,11,4,3,0,4,2,0,0,1,0,0,1,2,2,0,,0,0,0,0,0,0,,-106.3
TS009,tshirt,2026-08-31,5,319,0.0,319,0,0,3797,116,13,8,2,2,0,2,0,0,0,0,0,0,0,0,2,0,,0,0,0,0,0,0,,173.7
TS009,tshirt,2026-09-07,6,319,0.0,319,0,0,3968,112,5,6,3,2,0,3,0,0,0,0,0,0,0,0,3,0,,0,0,0,0,0,0,,260.55
TS009,tshirt,2026-09-14,7,319,0.0,319,0,0,3572,135,9,3,0,0,0,0,0,0,0,0,0,0,0,0,0,0,,0,0,0,0,0,0,,0.0
TS009,tshirt,2026-09-21,8,319,0.0,319,0,1,3654,117,8,6,2,1,0,2,1,0,0,1,0,0,0,1,1,0,,0,0,0,0,0,0,,-53.15
TS010,tshirt,2025-09-08,1,369,0.0,369,0,0,9750,472,37,20,7,3,3,4,3,0,3,0,0,0,0,3,1,0,,0,0,0,0,0,0,,-469.36
TS010,tshirt,2025-09-15,2,369,0.0,369,0,0,10648,508,36,21,5,3,0,5,2,1,0,0,0,0,1,2,3,2,3.0,0,2,0,0,0,2,3.0,201.91
TS010,tshirt,2025-09-22,3,369,0.2,295,1,1,7620,367,28,25,12,9,0,12,4,0,2,1,0,1,0,3,8,3,3.0,1,1,1,0,1,5,3.0,40.51
TS010,tshirt,2025-09-29,4,369,0.0,369,1,1,10454,360,20,14,3,2,0,3,1,1,0,0,0,0,0,1,2,1,3.0,0,1,0,0,0,6,3.0,181.28
TS010,tshirt,2025-10-06,5,369,0.0,369,1,1,7149,251,17,13,1,1,0,1,1,1,0,0,0,0,0,1,0,0,,0,0,0,0,0,6,3.0,-140.0
TS010,tshirt,2025-10-13,6,369,0.0,369,1,0,6261,237,15,17,3,1,0,3,2,1,1,0,0,0,0,2,1,1,2.0,0,0,1,0,1,7,2.86,-119.36
TS010,tshirt,2025-10-20,7,369,0.0,369,1,0,5621,211,15,6,1,1,0,1,0,0,0,0,0,0,0,0,1,0,,0,0,0,0,0,7,2.86,160.64
TS010,tshirt,2025-10-27,8,369,0.0,369,0,0,3251,127,12,4,1,1,0,1,0,0,0,0,0,0,0,0,1,0,,0,0,0,0,0,7,2.86,160.64
TS010,tshirt,2025-11-03,9,369,0.0,369,0,0,4344,152,13,5,1,0,0,1,0,0,0,0,0,0,0,0,1,0,,0,0,0,0,0,7,2.86,160.64
TS010,tshirt,2025-11-10,10,369,0.0,369,0,0,3097,110,6,3,2,2,0,2,2,1,1,0,0,0,0,0,0,0,,0,0,0,0,0,7,2.86,-521.58
TS010,tshirt,2025-11-17,11,369,0.0,369,0,0,2869,84,5,4,2,1,0,2,1,0,1,0,0,0,0,1,1,0,,0,0,0,0,0,7,2.86,20.64
TS010,tshirt,2025-11-24,12,369,0.0,369,0,0,4392,156,15,3,0,0,0,0,0,0,0,0,0,0,0,0,0,0,,0,0,0,0,0,7,2.86,0.0
TS011,tshirt,2026-03-30,1,309,0.0,309,0,0,14113,644,53,20,6,5,2,4,1,1,0,0,0,0,0,1,3,1,4.0,1,0,0,0,0,1,4.0,24.6
TS011,tshirt,2026-04-06,2,309,0.0,309,0,0,9911,500,34,32,11,6,3,8,2,1,1,0,0,0,0,2,6,1,4.0,1,0,0,0,0,2,4.0,119.2
TS011,tshirt,2026-04-13,3,309,0.0,309,0,0,10474,477,38,23,8,4,0,8,4,1,2,1,0,0,0,4,4,1,2.0,0,0,1,0,1,3,3.33,-153.86
TS011,tshirt,2026-04-20,4,309,0.0,309,0,0,7841,283,24,10,4,3,1,3,1,0,0,1,0,0,0,0,2,1,3.0,0,1,0,0,0,4,3.25,-129.68
TS011,tshirt,2026-04-27,5,309,0.0,309,0,0,5070,175,13,16,4,2,0,4,3,1,0,1,0,0,1,2,1,1,3.0,0,1,0,0,0,5,3.2,-441.22
TS011,tshirt,2026-05-04,6,309,0.0,309,0,0,6773,229,19,17,2,2,0,2,2,1,0,0,0,0,1,0,0,0,,0,0,0,0,0,5,3.2,-525.5
TS011,tshirt,2026-05-11,7,309,0.0,309,0,0,6092,206,15,9,1,0,0,1,0,0,0,0,0,0,0,0,1,1,5.0,1,0,0,0,0,6,3.5,101.53
TS011,tshirt,2026-05-18,8,309,0.0,309,0,0,6244,260,14,15,4,4,0,4,1,0,0,0,1,0,0,0,3,2,2.5,0,1,1,0,1,8,3.25,41.85
TS011,tshirt,2026-05-25,9,309,0.0,309,0,0,5060,178,7,8,2,2,1,1,1,0,0,0,0,0,1,1,0,1,3.0,0,1,0,0,0,9,3.22,-210.0
TS011,tshirt,2026-06-01,10,309,0.0,309,0,0,4422,170,10,13,3,2,0,3,2,0,0,0,0,1,1,2,1,0,,0,0,0,0,0,9,3.22,-178.47
TS011,tshirt,2026-06-08,11,309,0.0,309,0,0,5251,187,13,8,2,1,1,1,1,0,0,0,0,1,0,1,0,0,,0,0,0,0,0,9,3.22,-210.0
TS011,tshirt,2026-06-15,12,309,0.0,309,0,0,5443,205,12,9,2,1,1,1,0,0,0,0,0,0,0,0,1,0,,0,0,0,0,0,9,3.22,31.53
TS011,tshirt,2026-06-22,13,309,0.0,309,0,1,7109,229,16,7,0,0,0,0,0,0,0,0,0,0,0,0,0,0,,0,0,0,0,0,9,3.22,0.0
TS011,tshirt,2026-06-29,14,309,0.0,309,0,0,5041,168,15,14,5,3,1,4,2,2,0,0,0,0,0,2,2,0,,0,0,0,0,0,9,3.22,-146.93
TS011,tshirt,2026-07-06,15,309,0.0,309,0,0,4316,147,13,7,2,1,0,2,1,0,1,0,0,0,0,1,1,0,,0,0,0,0,0,9,3.22,-38.47
TS011,tshirt,2026-07-13,16,309,0.0,309,0,0,4764,174,15,7,5,3,0,5,0,0,0,0,0,0,0,0,5,0,,0,0,0,0,0,9,3.22,507.67
TS011,tshirt,2026-07-20,17,309,0.0,309,0,0,4660,158,10,9,1,0,0,1,1,1,0,0,0,0,0,1,0,0,,0,0,0,0,0,9,3.22,-140.0
TS011,tshirt,2026-07-27,18,309,0.0,309,0,0,4558,166,14,6,1,1,0,1,0,0,0,0,0,0,0,0,1,0,,0,0,0,0,0,9,3.22,101.53
TS011,tshirt,2026-08-03,19,309,0.0,309,0,0,2424,72,0,4,1,1,0,1,1,0,1,0,0,0,0,0,0,1,1.0,0,0,1,0,1,10,3.0,-262.75
TS011,tshirt,2026-08-10,20,309,0.0,309,0,0,4110,134,8,7,1,1,0,1,0,0,0,0,0,0,0,0,1,0,,0,0,0,0,0,10,3.0,101.53
TS011,tshirt,2026-08-17,21,309,0.0,309,0,0,3282,112,7,3,1,1,0,1,1,0,0,0,0,0,1,1,0,1,3.0,0,1,0,0,0,11,3.0,-140.0
TS012,tshirt,2026-02-23,1,309,0.0,309,0,0,11633,642,50,32,11,6,2,9,3,1,2,0,0,0,0,2,6,2,4.5,2,0,0,0,0,2,4.5,-79.02
TS012,tshirt,2026-03-02,2,309,0.0,309,1,1,21085,1480,104,90,32,24,3,29,15,9,4,1,0,0,1,12,14,4,3.0,0,4,0,0,0,6,3.5,-1270.06
TS012,tshirt,2026-03-09,3,309,0.0,309,0,0,10128,523,41,39,17,6,1,16,4,2,1,1,0,0,0,4,12,5,3.2,2,2,1,0,1,11,3.36,579.03
TS012,tshirt,2026-03-16,4,309,0.0,309,0,0,13204,654,42,32,10,9,1,9,3,2,1,0,0,0,0,3,6,2,3.0,1,0,1,0,1,13,3.31,114.52
TS012,tshirt,2026-03-23,5,309,0.0,309,0,0,6715,337,25,17,6,5,0,6,1,0,0,0,1,0,0,0,5,1,3.0,0,1,0,0,0,14,3.29,240.23
TS012,tshirt,2026-03-30,6,309,0.0,309,0,0,5833,279,15,15,6,4,2,4,2,0,1,1,0,0,0,2,2,2,3.5,1,1,0,0,0,16,3.31,-218.49
TS012,tshirt,2026-04-06,7,309,0.0,309,0,0,8090,375,24,21,6,5,1,5,1,1,0,0,0,0,0,1,4,0,,0,0,0,0,0,16,3.31,193.01
TS012,tshirt,2026-04-13,8,309,0.0,309,0,0,6251,306,21,15,6,3,1,5,2,2,0,0,0,0,0,1,3,1,3.0,0,1,0,0,0,17,3.29,-171.28
TS012,tshirt,2026-04-20,9,309,0.0,309,0,0,7896,353,28,14,4,3,0,4,3,0,1,1,0,1,0,2,1,1,4.0,1,0,0,0,0,18,3.33,-442.78
TS012,tshirt,2026-04-27,10,309,0.0,309,0,0,7109,374,29,15,5,1,0,5,1,0,0,1,0,0,0,0,4,0,,0,0,0,0,0,18,3.33,139.48
TS012,tshirt,2026-05-04,11,309,0.0,309,0,0,8896,469,33,26,6,2,0,6,2,2,0,0,0,0,0,2,4,1,3.0,0,1,0,0,0,19,3.32,123.01
TS012,tshirt,2026-05-11,12,309,0.0,309,0,0,6939,347,19,14,4,2,1,3,0,0,0,0,0,0,0,0,3,0,,0,0,0,0,0,19,3.32,232.26
TS012,tshirt,2026-05-18,13,309,0.0,309,0,0,6241,319,19,23,8,6,0,8,2,1,0,0,1,0,0,2,6,1,3.0,0,1,0,0,0,20,3.3,324.52
TS012,tshirt,2026-05-25,14,309,0.0,309,0,0,7656,347,19,22,5,5,3,2,0,0,0,0,0,0,0,0,2,0,,0,0,0,0,0,20,3.3,-8.49
TS012,tshirt,2026-06-01,15,309,0.0,309,0,0,6134,356,23,22,8,5,0,8,2,1,0,0,0,0,1,2,6,3,4.0,2,1,0,0,0,23,3.39,324.52
TS012,tshirt,2026-06-08,16,309,0.0,309,0,0,10233,537,40,45,18,10,3,15,4,3,1,0,0,0,0,1,11,3,3.0,1,1,1,0,1,26,3.35,-32.32
TS012,tshirt,2026-06-15,17,309,0.0,309,0,0,8915,437,28,22,4,3,1,3,2,1,0,0,0,0,1,1,1,0,,0,0,0,0,0,26,3.35,-372.78
TS012,tshirt,2026-06-22,18,309,0.0,309,0,1,7143,386,34,19,7,5,1,6,2,1,1,0,0,0,0,2,4,1,4.0,1,0,0,0,0,27,3.37,53.01
TS012,tshirt,2026-06-29,19,309,0.0,309,0,0,6582,336,16,14,4,3,0,4,3,0,3,0,0,0,0,3,1,2,2.5,0,1,1,0,1,29,3.31,-319.25
TS012,tshirt,2026-07-06,20,309,0.0,309,0,0,5614,280,18,21,11,7,0,11,5,3,0,2,0,0,0,4,6,1,2.0,0,0,1,0,1,30,3.27,-219.02
TS012,tshirt,2026-07-13,21,309,0.0,309,0,0,7035,336,21,15,4,3,1,3,1,1,0,0,0,0,0,1,2,0,,0,0,0,0,0,30,3.27,-8.49
TS012,tshirt,2026-07-20,22,309,0.0,309,0,0,6469,329,17,22,2,1,0,2,1,0,1,0,0,0,0,0,1,0,,0,0,0,0,0,30,3.27,-162.78
TS012,tshirt,2026-07-27,23,309,0.0,309,0,0,4704,222,18,11,1,0,0,1,0,0,0,0,0,0,0,0,1,0,,0,0,0,0,0,30,3.27,100.75
TS012,tshirt,2026-08-03,24,309,0.0,309,0,0,6341,303,23,20,4,4,2,2,0,0,0,0,0,0,0,0,2,1,3.0,0,1,0,0,0,31,3.26,61.51
TS012,tshirt,2026-08-10,25,309,0.0,309,0,0,4990,248,15,17,6,4,2,4,0,0,0,0,0,0,0,0,4,0,,0,0,0,0,0,31,3.26,263.01
TS012,tshirt,2026-08-17,26,309,0.0,309,0,0,5758,271,21,18,4,1,0,4,1,0,1,0,0,0,0,0,3,1,1.0,0,0,1,0,1,32,3.19,38.72
TS012,tshirt,2026-08-24,27,309,0.0,309,1,0,4867,206,13,7,4,2,1,3,1,0,0,1,0,0,0,0,2,0,,0,0,0,0,0,32,3.19,-132.03
TS012,tshirt,2026-08-31,28,309,0.0,309,0,0,6149,306,22,17,4,4,1,3,2,0,1,1,0,0,0,1,1,0,,0,0,0,0,0,32,3.19,-372.78
TS012,tshirt,2026-09-07,29,309,0.0,309,0,0,5761,261,21,8,3,1,0,3,1,1,0,0,0,0,0,1,2,1,5.0,1,0,0,0,0,33,3.24,61.51
TS012,tshirt,2026-09-14,30,309,0.0,309,0,0,4729,238,17,12,3,2,0,3,1,0,0,1,0,0,0,1,2,0,,0,0,0,0,0,33,3.24,61.51
TS012,tshirt,2026-09-21,31,309,0.0,309,0,1,5205,233,15,14,6,5,0,6,0,0,0,0,0,0,0,0,6,2,4.0,2,0,0,0,0,35,3.29,604.52
TS013,tshirt,2026-06-01,1,259,0.0,259,0,0,13964,647,44,43,16,10,1,15,9,4,1,2,0,1,1,7,6,1,3.0,0,1,0,0,0,1,3.0,-1366.54
TS013,tshirt,2026-06-08,2,259,0.0,259,0,0,12215,443,25,23,9,4,1,8,2,1,1,0,0,0,0,1,6,0,,0,0,0,0,0,1,3.0,-249.47
TS013,tshirt,2026-06-15,3,259,0.0,259,0,0,8873,337,17,18,4,3,2,2,1,0,1,0,0,0,0,0,1,0,,0,0,0,0,0,1,3.0,-377.47
TS013,tshirt,2026-06-22,4,259,0.0,259,0,1,11595,415,23,26,14,11,3,11,6,3,2,0,0,0,1,5,5,3,2.33,1,0,2,1,1,4,2.5,-989.07
TS013,tshirt,2026-06-29,5,259,0.0,259,0,0,7628,255,19,18,8,4,0,8,4,1,1,1,0,1,0,3,4,0,,0,0,0,0,0,4,2.5,-538.67
TS013,tshirt,2026-07-06,6,259,0.0,259,0,0,6053,192,12,4,0,0,0,0,0,0,0,0,0,0,0,0,0,0,,0,0,0,0,0,4,2.5,0.0
TS013,tshirt,2026-07-13,7,259,0.0,259,0,0,4418,150,7,13,6,4,0,6,2,1,0,0,1,0,0,1,4,2,3.0,1,0,1,0,1,6,2.67,-258.67
TS013,tshirt,2026-07-20,8,259,0.0,259,0,0,7270,228,18,16,6,4,0,6,5,1,3,1,0,0,0,2,1,0,,0,0,0,0,0,6,2.67,-1071.6
TS013,tshirt,2026-07-27,9,259,0.0,259,0,0,5246,181,13,9,0,0,0,0,0,0,0,0,0,0,0,0,0,0,,0,0,0,0,0,6,2.67,0.0
TS013,tshirt,2026-08-03,10,259,0.0,259,0,0,3325,109,4,8,4,1,1,3,3,1,1,0,0,1,0,1,0,0,,0,0,0,0,0,6,2.67,-764.13
TS014,tshirt,2025-09-22,1,329,0.1,296,1,1,16913,658,32,35,10,8,1,9,6,2,3,1,0,0,0,5,3,4,2.75,0,3,1,1,0,4,2.75,-613.29
TS014,tshirt,2025-09-29,2,329,0.0,329,1,1,10291,228,14,3,1,1,0,1,0,0,0,0,0,0,0,0,1,0,,0,0,0,0,0,4,2.75,158.58
TS014,tshirt,2025-10-06,3,329,0.1,296,1,1,7635,197,15,5,2,2,1,1,1,0,0,0,1,0,0,1,0,0,,0,0,0,0,0,4,2.75,-210.0
TS014,tshirt,2025-10-13,4,329,0.0,329,1,0,6369,151,8,4,2,2,0,2,2,0,1,0,0,0,1,0,0,0,,0,0,0,0,0,4,2.75,-449.5
TS014,tshirt,2025-10-20,5,329,0.0,329,1,0,5773,129,8,6,3,2,0,3,2,0,1,1,0,0,0,2,1,2,2.5,0,1,1,1,0,6,2.67,-121.42
TS014,tshirt,2025-10-27,6,329,0.0,329,0,0,3857,86,2,3,0,0,0,0,0,0,0,0,0,0,0,0,0,0,,0,0,0,0,0,6,2.67,0.0
TS014,tshirt,2025-11-03,7,329,0.0,329,0,0,3204,77,4,3,0,0,0,0,0,0,0,0,0,0,0,0,0,0,,0,0,0,0,0,6,2.67,0.0
TS014,tshirt,2025-11-10,8,329,0.0,329,0,0,3130,87,4,2,0,0,0,0,0,0,0,0,0,0,0,0,0,0,,0,0,0,0,0,6,2.67,0.0
TS014,tshirt,2025-11-17,9,329,0.0,329,0,0,3710,77,9,3,0,0,0,0,0,0,0,0,0,0,0,0,0,0,,0,0,0,0,0,6,2.67,0.0
TS015,tshirt,2025-10-27,1,319,0.0,319,0,0,13950,659,59,54,28,22,5,23,2,1,0,0,0,1,0,2,21,2,4.0,2,0,0,0,0,2,4.0,1872.22
TS015,tshirt,2025-11-03,2,319,0.0,319,0,0,15779,816,74,70,24,13,4,20,6,2,1,1,0,0,2,2,14,3,3.33,1,1,1,0,1,5,3.6,89.52
TS015,tshirt,2025-11-10,3,319,0.0,319,0,0,11619,505,41,49,18,15,2,16,5,3,0,1,1,0,0,4,11,0,,0,0,0,0,0,5,3.6,356.03
TS015,tshirt,2025-11-17,4,319,0.0,319,0,0,10135,417,41,40,12,9,2,10,2,0,0,1,1,0,0,1,8,3,3.0,1,1,1,0,1,8,3.38,418.57
TS015,tshirt,2025-11-24,5,319,0.0,319,0,0,6044,266,24,25,4,3,0,4,1,0,0,0,0,1,0,1,3,0,,0,0,0,0,0,8,3.38,217.46
TS015,tshirt,2025-12-01,6,319,0.0,319,0,0,5769,227,20,16,6,3,1,5,0,0,0,0,0,0,0,0,5,1,5.0,1,0,0,0,0,9,3.56,525.77
TS015,tshirt,2025-12-08,7,319,0.0,319,0,0,4886,221,14,23,6,6,0,6,3,1,1,1,0,0,0,1,3,1,5.0,1,0,0,0,0,10,3.7,-291.85
TS015,tshirt,2025-12-15,8,319,0.0,319,0,0,5606,267,24,26,9,8,1,8,0,0,0,0,0,0,0,0,8,2,4.5,2,0,0,0,0,12,3.83,883.23
TS015,tshirt,2025-12-22,9,319,0.0,319,0,0,7679,350,31,38,16,10,4,12,3,2,0,1,0,0,0,3,9,2,3.5,1,1,0,0,0,14,3.79,372.38
TS015,tshirt,2025-12-29,10,319,0.0,319,0,0,6645,296,25,24,8,6,2,6,0,0,0,0,0,0,0,0,6,1,4.0,1,0,0,0,0,15,3.8,574.92
TS015,tshirt,2026-01-05,11,319,0.0,319,0,0,6284,314,29,30,10,7,1,9,2,0,2,0,0,0,0,1,7,2,4.5,2,0,0,0,0,17,3.88,369.42
TS015,tshirt,2026-01-12,12,319,0.15,271,0,1,10773,623,51,65,28,24,2,26,6,4,0,2,0,0,0,5,20,7,4.14,5,2,0,0,0,24,3.96,374.13
TS015,tshirt,2026-01-19,13,319,0.0,319,0,0,7226,394,41,37,11,7,1,10,3,1,0,1,0,0,1,1,7,2,3.5,1,1,0,0,0,26,3.92,114.76
TS015,tshirt,2026-01-26,14,319,0.0,319,0,0,7619,393,26,41,14,11,0,14,2,2,0,0,0,0,0,1,12,4,4.25,4,0,0,0,0,30,3.97,1035.18
TS015,tshirt,2026-02-02,15,319,0.0,319,0,0,10344,561,57,47,17,9,3,14,1,0,1,0,0,0,0,1,13,0,,0,0,0,0,0,30,3.97,1198.99
TS015,tshirt,2026-02-09,16,319,0.0,319,0,0,15115,814,68,76,26,16,1,25,4,0,0,0,1,1,2,3,21,2,2.5,0,1,1,0,1,32,3.88,1757.56
TS015,tshirt,2026-02-16,17,319,0.0,319,0,0,9938,528,39,58,21,12,1,20,2,1,0,0,0,0,1,1,18,5,3.8,3,2,0,0,0,37,3.86,1680.1
TS015,tshirt,2026-02-23,18,319,0.0,319,0,0,10870,536,46,44,14,7,4,10,1,1,0,0,0,0,0,1,9,3,4.67,3,0,0,0,0,40,3.92,652.38
TS015,tshirt,2026-03-02,19,319,0.15,271,1,1,18463,1161,103,140,64,44,10,54,14,7,2,3,0,1,1,7,40,10,4.1,8,2,0,0,0,50,3.96,-525.03
TS015,tshirt,2026-03-09,20,319,0.0,319,0,0,14949,819,73,96,31,22,5,26,9,4,1,3,0,0,1,6,17,4,3.75,2,2,0,0,0,54,3.94,71.64
TS015,tshirt,2026-03-16,21,319,0.0,319,0,0,11869,623,55,51,21,15,2,19,7,2,1,2,1,1,0,6,12,8,3.62,4,3,1,1,0,62,3.9,195.18
TS015,tshirt,2026-03-23,22,319,0.0,319,0,0,10702,547,53,57,19,12,1,18,4,4,0,0,0,0,0,4,14,2,4.5,2,0,0,0,0,64,3.92,1038.15
TS015,tshirt,2026-03-30,23,319,0.0,319,0,0,12277,661,58,62,18,12,1,17,4,1,1,0,0,1,1,2,13,2,4.5,2,0,0,0,0,66,3.94,689.68
TS015,tshirt,2026-04-06,24,319,0.0,319,0,0,12661,703,79,66,23,14,4,19,4,3,0,1,0,0,0,2,15,1,4.0,1,0,0,0,0,67,3.94,717.99
TS015,tshirt,2026-04-13,25,319,0.0,319,0,0,13300,647,49,70,29,17,5,24,5,3,1,0,1,0,0,3,19,1,5.0,1,0,0,0,0,68,3.96,984.6
TS015,tshirt,2026-04-20,26,319,0.0,319,0,0,13928,750,65,79,25,18,2,23,4,3,0,1,0,0,0,3,19,1,4.0,1,0,0,0,0,69,3.96,1449.26
TS015,tshirt,2026-04-27,27,319,0.0,319,0,0,14499,812,96,72,24,19,3,21,2,2,0,0,0,0,0,2,19,3,4.33,3,0,0,0,0,72,3.97,1773.91
TS015,tshirt,2026-05-04,28,319,0.0,319,0,0,12138,674,65,65,19,10,0,19,4,1,2,1,0,0,0,3,15,1,4.0,1,0,0,0,0,73,3.97,1112.64
TS015,tshirt,2026-05-11,29,319,0.0,319,0,0,15987,831,77,84,37,24,8,29,10,6,3,0,1,0,0,9,19,2,4.0,2,0,0,0,0,75,3.97,189.26
TS015,tshirt,2026-05-18,30,319,0.0,319,0,0,22009,1174,109,119,47,28,3,44,6,0,1,3,1,0,1,5,38,7,4.57,7,0,0,0,0,82,4.02,3363.17
TS015,tshirt,2026-05-25,31,319,0.0,319,0,0,14891,807,59,84,28,23,5,23,10,6,0,2,0,1,1,8,13,6,3.17,2,2,2,0,2,88,3.97,-430.32
TS015,tshirt,2026-06-01,32,319,0.0,319,0,0,16140,847,80,97,38,24,4,34,5,4,0,1,0,0,0,3,29,6,3.67,3,3,0,0,0,94,3.95,2246.14
TS015,tshirt,2026-06-08,33,319,0.0,319,0,0,11973,601,39,70,29,19,6,23,4,1,2,0,1,0,0,3,19,2,4.5,2,0,0,0,0,96,3.96,1169.26
TS015,tshirt,2026-06-15,34,319,0.0,319,0,0,14778,770,68,67,24,17,3,21,3,1,0,0,1,0,1,2,18,4,4.75,4,0,0,0,0,100,3.99,1400.1
TS015,tshirt,2026-06-22,35,319,0.0,319,0,1,13212,748,62,59,17,8,0,17,2,1,0,1,0,0,0,2,15,3,4.33,2,1,0,0,0,103,4.0,1507.3
TS015,tshirt,2026-06-29,36,319,0.0,319,0,0,14360,763,91,90,31,18,2,29,9,5,1,1,2,0,0,5,20,4,3.5,2,1,1,0,1,107,3.98,524.44
TS015,tshirt,2026-07-06,37,319,0.0,319,0,0,8231,412,40,44,16,9,1,15,7,3,1,2,0,1,0,4,8,2,4.0,1,1,0,0,0,109,3.98,-440.74
TS015,tshirt,2026-07-13,38,319,0.0,319,0,0,15528,775,87,78,30,21,4,26,3,1,0,1,1,0,0,2,23,4,4.25,3,1,0,0,0,113,3.99,1925.87
TS015,tshirt,2026-07-20,39,319,0.0,319,0,0,14761,789,81,98,27,17,3,24,5,3,1,0,0,1,0,3,19,4,4.25,4,0,0,0,0,117,4.0,1124.6
TS015,tshirt,2026-07-27,40,309,0.0,309,0,0,13054,735,58,81,27,18,3,24,7,3,1,3,0,0,0,6,17,5,4.0,4,0,1,0,1,122,4.0,559.05
TS015,tshirt,2026-08-03,41,309,0.0,309,0,0,13434,707,72,70,19,12,5,14,2,1,1,0,0,0,0,2,12,1,4.0,1,0,0,0,0,123,4.0,685.55
TS015,tshirt,2026-08-10,42,309,0.0,309,0,0,11914,663,69,63,24,18,2,22,6,4,0,1,0,1,0,4,16,1,5.0,1,0,0,0,0,124,4.01,544.76
TS015,tshirt,2026-08-17,43,309,0.0,309,0,0,10626,600,58,54,13,8,0,13,2,1,0,0,0,0,1,2,11,2,2.5,0,1,1,0,1,126,3.98,925.93
TS015,tshirt,2026-08-24,44,309,0.0,309,1,0,11840,639,64,69,31,20,6,25,7,4,0,1,1,1,0,7,18,2,4.0,1,1,0,0,0,128,3.98,573.33
TS015,tshirt,2026-08-31,45,309,0.0,309,0,0,15540,869,74,96,36,25,6,30,8,4,1,0,2,1,0,4,22,2,4.5,2,0,0,0,0,130,3.99,413.23
TS015,tshirt,2026-09-07,46,309,0.0,309,0,0,9026,501,62,49,16,9,1,15,3,1,1,0,0,0,1,1,12,3,5.0,3,0,0,0,0,133,4.02,596.24
TS015,tshirt,2026-09-14,47,309,0.0,309,0,0,11456,629,58,72,29,18,4,25,3,1,0,1,0,0,1,3,22,5,4.2,5,0,0,0,0,138,4.02,1711.85
TS015,tshirt,2026-09-21,48,309,0.0,309,0,1,15856,887,89,96,39,27,4,35,7,1,1,2,2,0,1,4,28,6,3.83,4,1,1,0,1,144,4.01,1465.66
TS016,tshirt,2025-09-22,1,299,0.0,299,1,1,14805,889,62,98,39,27,9,30,6,2,2,0,1,1,0,4,24,1,4.0,1,0,0,0,0,1,4.0,270.28
TS016,tshirt,2025-09-29,2,299,0.15,254,1,1,21826,1576,137,211,100,67,10,90,11,8,1,2,0,0,0,4,79,16,4.25,14,2,0,0,0,17,4.24,48.0
TS016,tshirt,2025-10-06,3,329,0.1,296,1,1,27671,1964,172,233,103,70,17,86,19,10,2,4,1,2,0,17,67,15,3.8,10,4,1,0,1,32,4.03,1287.38
TS016,tshirt,2025-10-13,4,329,0.0,329,1,0,28080,1713,153,173,73,51,10,63,14,7,1,3,0,2,1,8,49,12,3.75,7,5,0,0,0,44,3.95,2041.4
TS016,tshirt,2025-10-20,5,329,0.0,329,1,0,19453,1238,110,123,42,26,5,37,5,2,0,2,1,0,0,2,32,7,4.0,5,1,1,1,0,51,3.96,2140.89
TS016,tshirt,2025-10-27,6,329,0.0,329,0,0,13007,802,73,81,28,17,3,25,4,1,1,0,1,1,0,3,21,5,3.0,2,1,2,0,2,56,3.88,1451.23
TS016,tshirt,2025-11-03,7,329,0.0,329,0,0,13657,831,76,90,28,17,2,26,3,2,0,0,0,0,1,1,23,3,4.0,3,0,0,0,0,59,3.88,1753.97
TS016,tshirt,2025-11-10,8,329,0.0,329,0,0,13572,786,74,84,38,30,4,34,8,6,1,0,0,0,1,7,26,6,3.5,3,2,1,0,1,65,3.85,1381.35
TS016,tshirt,2025-11-17,9,329,0.0,329,0,0,11603,644,62,73,21,16,2,19,6,2,0,1,2,1,0,2,13,3,3.67,2,0,1,1,0,68,3.84,-48.9
TS016,tshirt,2025-11-24,10,329,0.0,329,0,0,11660,728,82,72,29,22,4,25,4,2,0,2,0,0,0,2,21,4,3.5,2,1,1,1,0,72,3.82,1249.92
TS016,tshirt,2025-12-01,11,329,0.0,329,0,0,9316,564,56,55,10,4,0,10,4,0,1,1,1,1,0,3,6,3,4.0,2,1,0,0,0,75,3.83,-19.16
TS016,tshirt,2025-12-08,12,329,0.0,329,0,0,9504,568,52,63,16,11,2,14,2,1,0,1,0,0,0,0,12,1,3.0,0,1,0,0,0,76,3.82,661.69
TS016,tshirt,2025-12-15,13,329,0.0,329,0,0,9542,530,52,55,22,14,3,19,5,2,1,1,0,1,0,3,14,3,3.33,1,1,1,0,1,79,3.8,395.74
TS016,tshirt,2025-12-22,14,329,0.0,329,0,0,9927,587,68,62,17,14,5,12,2,1,0,1,0,0,0,2,10,1,5.0,1,0,0,0,0,80,3.81,490.25
TS016,tshirt,2025-12-29,15,329,0.0,329,0,0,8156,470,38,45,19,14,5,14,4,3,0,1,0,0,0,2,10,3,4.33,2,1,0,0,0,83,3.83,-52.36
TS016,tshirt,2026-01-05,16,329,0.0,329,0,0,9699,569,49,54,31,22,3,28,9,3,1,1,2,1,1,5,19,6,4.0,4,2,0,0,0,89,3.84,133.25
TS016,tshirt,2026-01-12,17,329,0.15,280,0,1,12856,857,73,96,39,22,6,33,6,3,1,0,1,0,1,4,27,6,4.17,4,2,0,0,0,95,3.86,242.07
TS016,tshirt,2026-01-19,18,329,0.0,329,0,0,14600,816,82,86,35,27,7,28,5,1,2,1,1,0,0,5,23,5,3.6,3,2,0,0,0,100,3.85,1386.59
TS016,tshirt,2026-01-26,19,329,0.0,329,0,0,10793,644,68,69,24,16,2,22,2,0,0,2,0,0,0,0,20,5,5.0,5,0,0,0,0,105,3.9,1557.89
TS016,tshirt,2026-02-02,20,329,0.0,329,0,0,13729,878,76,93,35,21,2,33,10,6,1,2,0,0,1,9,23,3,4.67,3,0,0,0,0,108,3.93,905.28
TS016,tshirt,2026-02-09,21,329,0.0,329,0,0,12494,749,71,74,27,23,1,26,3,3,0,0,0,0,0,1,23,2,5.0,2,0,0,0,0,110,3.95,1823.97
TS016,tshirt,2026-02-16,22,329,0.0,329,0,0,12195,737,59,61,20,13,1,19,4,1,2,1,0,0,0,2,15,6,3.67,4,1,1,1,0,116,3.93,787.77
TS016,tshirt,2026-02-23,23,329,0.0,329,0,0,12628,719,57,70,19,13,6,13,0,0,0,0,0,0,0,0,13,1,5.0,1,0,0,0,0,117,3.94,1036.33
TS016,tshirt,2026-03-02,24,329,0.0,329,1,1,18479,1087,104,109,44,35,8,36,4,2,0,1,0,0,1,3,32,2,3.5,1,0,1,0,1,119,3.93,2333.51
TS016,tshirt,2026-03-09,25,329,0.0,329,0,0,8713,475,48,42,16,11,1,15,3,1,0,1,0,1,0,1,12,2,4.0,1,1,0,0,0,121,3.93,591.69
TS016,tshirt,2026-03-16,26,329,0.0,329,0,0,14642,879,85,89,27,20,2,25,4,2,0,1,0,1,0,3,21,3,3.33,2,0,1,1,0,124,3.92,1521.23
TS016,tshirt,2026-03-23,27,329,0.0,329,0,0,13815,794,71,76,30,22,2,28,4,2,0,1,0,0,1,3,24,5,4.6,5,0,0,0,0,129,3.95,1857.3
TS016,tshirt,2026-03-30,28,329,0.0,329,0,0,10953,658,63,68,24,20,4,20,3,0,0,0,1,0,2,3,17,5,4.2,3,2,0,0,0,134,3.96,1204.43
TS016,tshirt,2026-04-06,29,329,0.0,329,0,0,15110,887,84,89,34,22,4,30,11,6,1,3,0,1,0,6,19,5,2.8,1,2,2,1,1,139,3.91,-348.06
TS016,tshirt,2026-04-13,30,329,0.0,329,0,0,10820,632,55,70,31,21,4,27,2,1,0,0,0,0,1,1,25,4,4.75,4,0,0,0,0,143,3.94,2109.33
TS016,tshirt,2026-04-20,31,329,0.0,329,0,0,16384,1007,102,100,27,18,1,26,6,4,1,0,0,1,0,4,20,4,3.25,2,1,1,0,1,147,3.92,1067.89
TS016,tshirt,2026-04-27,32,329,0.0,329,0,0,16355,949,94,95,46,32,7,39,11,5,2,2,2,0,0,7,28,6,3.33,3,1,2,0,2,153,3.9,581.48
TS016,tshirt,2026-05-04,33,329,0.0,329,0,0,15735,902,89,85,29,20,3,26,7,4,1,1,1,0,0,3,19,6,4.67,6,0,0,0,0,159,3.92,413.25
TS016,tshirt,2026-05-11,34,329,0.0,329,0,0,15526,934,80,85,30,24,4,26,3,2,0,0,0,0,1,3,23,1,5.0,1,0,0,0,0,160,3.93,1876.59
TS016,tshirt,2026-05-18,35,329,0.0,329,0,0,16168,918,88,76,32,21,7,25,4,1,1,0,0,0,2,4,21,2,3.5,1,1,0,0,0,162,3.93,1302.53
TS016,tshirt,2026-05-25,36,329,0.0,329,0,0,16625,935,96,105,34,24,7,27,5,2,0,3,0,0,0,3,22,5,3.6,4,0,1,0,1,167,3.92,1011.94
TS016,tshirt,2026-06-01,37,329,0.0,329,0,0,14104,850,78,99,27,16,3,24,6,4,0,1,1,0,0,5,18,3,3.67,2,1,0,0,0,170,3.91,835.15
TS016,tshirt,2026-06-08,38,329,0.0,329,0,0,16817,980,97,91,33,19,6,27,5,1,0,2,1,1,0,1,22,2,4.5,2,0,0,0,0,172,3.92,819.33
TS016,tshirt,2026-06-15,39,329,0.0,329,0,0,11951,708,67,74,24,17,4,20,3,1,1,0,1,0,0,3,17,4,4.5,3,1,0,0,0,176,3.93,1204.43
TS016,tshirt,2026-06-22,40,329,0.1,296,0,1,20613,1338,104,135,58,44,9,49,13,9,2,1,1,0,0,9,36,7,4.0,5,1,1,0,1,183,3.93,-73.74
TS016,tshirt,2026-06-29,41,329,0.0,329,0,0,16806,1057,102,78,31,20,1,30,6,4,0,0,0,0,2,3,24,6,3.33,3,0,3,1,2,189,3.92,1384.69
TS016,tshirt,2026-07-06,42,329,0.0,329,0,0,11302,664,54,61,13,6,1,12,1,0,0,0,0,1,0,0,11,1,2.0,0,0,1,0,1,190,3.91,890.97
TS016,tshirt,2026-07-13,43,329,0.0,329,0,0,14378,862,71,90,30,23,5,25,10,8,2,0,0,0,0,7,15,4,4.0,3,1,0,0,0,194,3.91,-463.54
TS016,tshirt,2026-07-20,44,329,0.0,329,0,0,15245,910,86,82,30,20,1,29,7,5,1,0,1,0,0,6,22,4,4.25,4,0,0,0,0,198,3.91,1283.25
TS016,tshirt,2026-07-27,45,329,0.0,329,0,0,12804,751,58,71,30,19,7,23,3,3,0,0,0,0,0,2,20,3,4.33,2,1,0,0,0,201,3.92,1199.2
TS016,tshirt,2026-08-03,46,329,0.0,329,0,0,9477,510,40,51,16,8,1,15,1,1,0,0,0,0,0,1,14,2,4.5,2,0,0,0,0,203,3.93,1358.36
TS016,tshirt,2026-08-10,47,329,0.0,329,0,0,10787,594,61,62,21,11,4,17,1,1,0,0,0,0,0,1,16,1,3.0,0,1,0,0,0,204,3.92,1372.41
TS016,tshirt,2026-08-17,48,329,0.0,329,0,0,10776,586,66,63,22,17,5,17,3,0,2,1,0,0,0,2,14,2,4.5,2,0,0,0,0,206,3.93,667.05
TS016,tshirt,2026-08-24,49,329,0.0,329,1,0,15774,954,73,83,29,16,2,27,7,5,0,1,0,0,1,4,20,7,3.71,3,4,0,0,0,213,3.92,726.59
TS016,tshirt,2026-08-31,50,329,0.0,329,0,0,14637,891,84,70,21,16,2,19,5,2,1,0,1,0,1,2,14,2,3.5,1,1,0,0,0,215,3.92,334.43
TS016,tshirt,2026-09-07,51,329,0.0,329,0,0,8049,444,46,46,18,13,2,16,5,2,0,2,0,0,1,3,11,2,4.5,2,0,0,0,0,217,3.92,129.66
TS016,tshirt,2026-09-14,52,329,0.0,329,0,0,8133,466,52,50,16,9,4,12,2,0,1,0,0,0,1,0,10,2,3.5,1,1,0,0,0,219,3.92,297.64
TS016,tshirt,2026-09-21,53,329,0.0,329,0,1,21626,1232,118,107,38,26,3,35,4,1,1,1,0,1,0,3,31,4,4.25,3,1,0,0,0,223,3.92,2571.48
TS017,tshirt,2025-12-01,1,279,0.0,279,0,0,8192,889,72,88,40,25,7,33,5,2,3,0,0,0,0,2,28,5,3.6,3,1,1,0,1,5,3.6,1813.5
TS017,tshirt,2025-12-08,2,279,0.0,279,0,0,21484,2206,152,215,102,69,6,96,24,13,7,3,1,0,0,16,72,12,3.67,7,3,2,1,1,17,3.65,3920.46
TS017,tshirt,2025-12-15,3,339,0.0,339,0,0,18951,1747,131,170,62,36,4,58,12,8,3,1,0,0,0,8,46,10,4.3,9,1,0,0,0,27,3.89,5677.07
TS017,tshirt,2025-12-22,4,339,0.0,339,0,0,15882,1718,147,151,56,36,8,48,9,5,1,2,0,1,0,7,39,8,4.0,7,0,1,0,1,35,3.91,4766.06
TS017,tshirt,2025-12-29,5,339,0.0,339,0,0,13122,1443,112,114,35,22,4,31,7,4,3,0,0,0,0,5,24,4,3.0,1,2,1,0,1,39,3.82,2731.51
TS017,tshirt,2026-01-05,6,339,0.0,339,0,0,11221,1128,91,107,41,26,4,37,9,2,0,4,1,0,2,4,28,6,4.67,6,0,0,0,0,45,3.93,2903.73
TS017,tshirt,2026-01-12,7,339,0.2,271,0,1,18468,2499,192,310,158,116,25,133,25,10,5,5,3,1,1,17,108,17,3.59,10,3,4,1,3,62,3.84,5797.38
TS017,tshirt,2026-01-19,8,339,0.0,339,0,0,16272,1720,164,165,64,42,5,59,20,4,6,8,1,1,0,16,39,11,4.0,9,0,2,0,2,73,3.86,3276.28
TS017,tshirt,2026-01-26,9,339,0.0,339,0,0,12595,1354,114,139,60,31,5,55,8,3,2,1,0,2,0,4,47,12,4.0,7,4,1,0,1,85,3.88,6340.04
TS017,tshirt,2026-02-02,10,339,0.0,339,0,0,16514,1824,156,155,53,36,7,46,7,2,0,2,2,0,1,7,39,8,4.0,6,2,0,0,0,93,3.89,5275.83
TS017,tshirt,2026-02-09,11,339,0.0,339,0,0,15155,1666,135,139,54,36,9,45,5,2,0,1,0,2,0,2,40,2,3.5,1,1,0,0,0,95,3.88,5349.14
TS017,tshirt,2026-02-16,12,339,0.0,339,0,0,20498,2190,193,193,61,37,4,57,12,5,1,3,1,1,1,10,45,13,3.69,7,4,2,0,2,108,3.86,5663.88
TS017,tshirt,2026-02-23,13,339,0.0,339,0,0,16609,1840,151,162,55,42,9,46,8,4,3,0,0,0,1,5,38,9,3.78,5,4,0,0,0,117,3.85,4583.2
TS017,tshirt,2026-03-02,14,339,0.1,305,1,1,27449,3284,264,343,165,100,20,145,32,19,6,2,0,1,4,25,113,30,3.9,21,8,1,0,1,147,3.86,9447.36
TS017,tshirt,2026-03-09,15,339,0.0,339,0,0,23313,2559,211,259,88,64,13,75,21,7,9,2,0,3,0,14,54,13,3.38,6,5,2,0,2,160,3.83,4931.17
TS017,tshirt,2026-03-16,16,339,0.0,339,0,0,17664,1874,158,170,66,41,7,59,9,3,2,0,1,2,1,4,50,8,4.12,6,0,2,0,2,168,3.84,6499.07
TS017,tshirt,2026-03-23,17,339,0.0,339,0,0,18873,2041,208,185,69,49,12,57,10,3,4,2,0,0,1,6,47,11,3.91,8,1,2,0,2,179,3.84,5570.04
TS017,tshirt,2026-03-30,18,339,0.0,339,0,0,17421,1850,161,182,73,49,11,62,19,8,6,1,1,2,1,14,43,10,3.4,5,3,2,0,2,189,3.82,3608.28
TS017,tshirt,2026-04-06,19,339,0.0,339,0,0,14912,1554,137,139,53,34,5,48,7,4,1,0,1,0,1,4,41,8,3.62,4,3,1,0,1,197,3.81,5522.11
TS017,tshirt,2026-04-13,20,339,0.0,339,0,0,18689,1943,166,188,67,42,2,65,10,3,4,0,0,1,2,9,55,5,4.4,5,0,0,0,0,202,3.83,7893.47
TS017,tshirt,2026-04-20,21,339,0.0,339,0,0,17461,1844,169,166,60,41,11,49,11,7,1,0,1,2,0,7,38,6,3.33,3,1,2,0,2,208,3.81,3943.31
TS017,tshirt,2026-04-27,22,339,0.0,339,0,0,18021,1909,172,160,53,38,7,46,7,3,0,0,1,0,3,3,39,5,3.8,3,1,1,1,0,213,3.81,4956.28
TS017,tshirt,2026-05-04,23,339,0.0,339,0,0,20361,2094,201,201,63,43,7,56,11,5,1,2,2,0,1,8,45,9,3.56,6,2,1,0,1,222,3.8,5513.99
TS017,tshirt,2026-05-11,24,339,0.0,339,0,0,23589,2430,213,241,106,74,8,98,24,8,8,3,1,2,2,19,74,11,3.55,6,3,2,0,2,233,3.79,8480.35
TS017,tshirt,2026-05-18,25,339,0.0,339,0,0,19618,2008,187,190,64,40,5,59,10,7,0,1,2,0,0,9,49,8,3.75,6,2,0,0,0,241,3.79,6645.65
TS017,tshirt,2026-05-25,26,339,0.0,339,0,0,18478,1891,156,174,61,46,11,50,8,3,0,1,0,1,3,8,42,5,4.2,5,0,0,0,0,246,3.8,5374.74
TS017,tshirt,2026-06-01,27,339,0.0,339,0,0,17303,1770,152,154,55,43,9,46,13,6,3,0,1,1,2,6,33,10,3.7,6,1,3,0,3,256,3.79,2698.8
TS017,tshirt,2026-06-08,28,339,0.0,339,0,0,16497,1769,129,173,52,35,7,45,14,6,5,2,0,0,1,9,31,6,3.0,3,1,2,0,2,262,3.77,2512.64
TS017,tshirt,2026-06-15,29,339,0.0,339,0,0,16933,1794,173,169,73,52,12,61,14,4,4,2,2,2,0,9,47,5,3.8,3,2,0,0,0,267,3.78,4930.16
TS017,tshirt,2026-06-22,30,339,0.0,339,0,1,22002,2285,205,202,73,53,12,61,13,2,5,2,2,0,2,6,48,12,3.67,7,4,1,0,1,279,3.77,5083.35
TS017,tshirt,2026-06-29,31,339,0.0,339,0,0,18812,1976,158,181,57,36,5,52,13,5,4,2,1,1,0,11,39,6,3.33,3,1,2,0,2,285,3.76,4416.06
TS017,tshirt,2026-07-06,32,339,0.0,339,0,0,13862,1431,126,108,40,27,2,38,9,4,3,1,0,1,0,8,29,5,3.8,4,1,0,0,0,290,3.76,3536.24
TS017,tshirt,2026-07-13,33,339,0.0,339,0,0,16020,1613,132,141,46,29,3,43,12,6,3,3,0,0,0,10,31,6,4.33,5,1,0,0,0,296,3.77,3312.3
TS017,tshirt,2026-07-20,34,339,0.0,339,0,0,11643,1154,99,102,30,25,7,23,9,6,2,1,0,0,0,8,14,3,2.33,0,1,2,0,2,299,3.76,591.69
TS017,tshirt,2026-07-27,35,339,0.0,339,0,0,14787,1435,110,130,45,35,9,36,8,3,4,1,0,0,0,5,28,3,3.0,0,3,0,0,0,302,3.75,2853.5
TS017,tshirt,2026-08-03,36,339,0.0,339,0,0,12216,1302,104,117,41,26,5,36,12,6,2,0,0,2,2,10,24,11,3.45,6,1,4,3,1,313,3.74,1961.51
TS017,tshirt,2026-08-10,37,339,0.0,339,0,0,14819,1462,138,129,55,38,8,47,10,3,5,0,0,0,2,7,37,6,3.67,3,2,1,0,1,319,3.74,4200.23
TS017,tshirt,2026-08-17,38,339,0.0,339,0,0,13730,1393,108,117,43,32,8,35,17,7,1,5,2,0,2,13,18,5,3.4,2,3,0,0,0,324,3.73,-146.09
TS017,tshirt,2026-08-24,39,339,0.0,339,1,0,13033,1283,111,116,40,29,7,33,9,4,2,2,0,0,1,7,24,6,2.83,2,1,3,1,2,330,3.72,2241.51
TS017,tshirt,2026-08-31,40,339,0.0,339,0,0,12708,1251,120,117,36,23,4,32,5,2,1,0,1,0,1,4,27,10,3.6,6,2,2,0,2,340,3.71,3610.3
TS017,tshirt,2026-09-07,41,339,0.0,339,0,0,9660,925,87,86,28,21,4,24,4,2,1,0,1,0,0,2,20,3,4.0,2,1,0,0,0,343,3.72,2459.63
TS017,tshirt,2026-09-14,42,339,0.0,339,0,0,11211,1136,90,92,37,26,2,35,11,5,3,1,0,1,1,5,24,8,4.25,6,2,0,0,0,351,3.73,1991.96
TS017,tshirt,2026-09-21,43,339,0.2,271,0,1,14611,1778,135,204,93,65,10,83,15,5,3,1,2,0,4,7,68,15,3.33,8,3,4,0,4,366,3.71,3919.06
TS018,tshirt,2025-10-13,1,369,0.0,369,1,0,12030,447,43,30,8,6,2,6,1,1,0,0,0,0,0,1,5,1,3.0,0,1,0,0,0,1,3.0,552.13
TS018,tshirt,2025-10-20,2,369,0.0,369,1,0,10004,293,36,14,6,5,1,5,2,0,1,0,0,0,1,1,3,0,,0,0,0,0,0,1,3.0,34.28
TS018,tshirt,2025-10-27,3,369,0.0,369,0,0,6987,178,5,5,1,1,0,1,0,0,0,0,0,0,0,0,1,0,,0,0,0,0,0,1,3.0,166.43
TS018,tshirt,2025-11-03,4,369,0.0,369,0,0,4040,115,10,7,2,2,0,2,2,2,0,0,0,0,0,1,0,0,,0,0,0,0,0,1,3.0,-395.0
TS018,tshirt,2025-11-10,5,329,0.0,329,0,0,3469,125,11,11,5,5,2,3,1,1,0,0,0,0,0,1,2,0,,0,0,0,0,0,1,3.0,-23.34
TS018,tshirt,2025-11-17,6,329,0.0,329,0,0,5729,182,16,12,3,3,0,3,1,1,0,0,0,0,0,1,2,1,3.0,0,1,0,0,0,2,3.0,116.66
TS018,tshirt,2025-11-24,7,329,0.0,329,0,0,4419,143,8,8,4,3,1,3,1,0,0,0,1,0,0,1,2,1,5.0,1,0,0,0,0,3,3.67,46.66
TS018,tshirt,2025-12-01,8,329,0.0,329,0,0,4518,176,12,15,5,4,1,4,1,0,0,0,0,0,1,1,3,1,4.0,1,0,0,0,0,4,3.75,174.99
TS018,tshirt,2025-12-08,9,329,0.0,329,0,0,6937,269,19,20,5,3,1,4,2,1,0,1,0,0,0,1,2,0,,0,0,0,0,0,4,3.75,-208.34
TS018,tshirt,2025-12-15,10,329,0.0,329,0,0,6126,242,21,19,5,3,1,4,2,0,1,0,0,1,0,2,2,1,3.0,0,1,0,0,0,5,3.6,-93.34
TS018,tshirt,2025-12-22,11,329,0.0,329,0,0,6464,268,18,19,7,6,2,5,0,0,0,0,0,0,0,0,5,0,,0,0,0,0,0,5,3.6,501.66
TS018,tshirt,2025-12-29,12,329,0.0,329,0,0,5643,261,18,12,2,2,0,2,2,0,1,0,0,0,1,2,0,0,,0,0,0,0,0,5,3.6,-280.0
TS018,tshirt,2026-01-05,13,329,0.0,329,0,0,4888,182,17,8,1,1,0,1,0,0,0,0,0,0,0,0,1,0,,0,0,0,0,0,5,3.6,128.33
TS018,tshirt,2026-01-12,14,329,0.1,296,0,1,5927,275,19,19,5,3,0,5,3,3,0,0,0,0,0,3,2,0,,0,0,0,0,0,5,3.6,-226.19
TS018,tshirt,2026-01-19,15,329,0.0,329,0,0,5112,194,18,8,1,0,0,1,1,1,0,0,0,0,0,1,0,0,,0,0,0,0,0,5,3.6,-140.0
TS018,tshirt,2026-01-26,16,329,0.0,329,0,0,4595,186,15,14,7,5,0,7,1,0,1,0,0,0,0,1,6,1,3.0,0,1,0,0,0,6,3.5,629.99
TS018,tshirt,2026-02-02,17,329,0.0,329,0,0,4762,199,10,21,9,6,1,8,3,1,2,0,0,0,0,1,5,2,3.5,1,1,0,0,0,8,3.5,-78.35
TS018,tshirt,2026-02-09,18,329,0.0,329,0,0,6089,226,18,20,6,6,1,5,2,1,1,0,0,0,0,2,3,2,3.5,1,1,0,0,0,10,3.5,34.99
TS018,tshirt,2026-02-16,19,329,0.0,329,0,0,6243,247,14,15,6,3,0,6,0,0,0,0,0,0,0,0,6,0,,0,0,0,0,0,10,3.5,769.99
TS018,tshirt,2026-02-23,20,329,0.0,329,0,0,5718,224,18,16,7,6,0,7,1,0,0,0,0,0,1,1,6,0,,0,0,0,0,0,10,3.5,629.99
TS018,tshirt,2026-03-02,21,329,0.1,296,1,1,7697,330,26,32,20,15,4,16,7,3,2,1,0,0,1,5,9,1,2.0,0,0,1,0,1,11,3.36,-617.88
TS018,tshirt,2026-03-09,22,329,0.0,329,0,0,8118,322,25,20,4,4,0,4,1,0,1,0,0,0,0,1,3,0,,0,0,0,0,0,11,3.36,244.99
TS018,tshirt,2026-03-16,23,329,0.0,329,0,0,7120,256,18,13,4,4,0,4,0,0,0,0,0,0,0,0,4,0,,0,0,0,0,0,11,3.36,513.32
TS018,tshirt,2026-03-23,24,329,0.0,329,0,0,9007,326,31,15,4,4,0,4,0,0,0,0,0,0,0,0,4,0,,0,0,0,0,0,11,3.36,513.32
TS018,tshirt,2026-03-30,25,329,0.0,329,0,0,6968,303,24,16,3,1,0,3,1,1,0,0,0,0,0,1,2,0,,0,0,0,0,0,11,3.36,116.66
TS018,tshirt,2026-04-06,26,329,0.0,329,0,0,6385,214,10,26,10,5,1,9,4,1,2,0,0,0,1,2,5,0,,0,0,0,0,0,11,3.36,-218.35
TS018,tshirt,2026-04-13,27,329,0.0,329,0,0,9020,319,20,18,4,4,0,4,1,0,0,0,0,1,0,1,3,1,4.0,1,0,0,0,0,12,3.42,244.99
TS018,tshirt,2026-04-20,28,329,0.0,329,0,0,6519,236,15,14,5,4,0,5,0,0,0,0,0,0,0,0,5,0,,0,0,0,0,0,12,3.42,641.66
TS018,tshirt,2026-04-27,29,329,0.0,329,0,0,8463,332,36,24,6,5,0,6,4,3,1,0,0,0,0,3,2,1,4.0,1,0,0,0,0,13,3.46,-418.34
TS018,tshirt,2026-05-04,30,329,0.0,329,0,0,7598,301,26,13,3,1,0,3,0,0,0,0,0,0,0,0,3,0,,0,0,0,0,0,13,3.46,384.99
TS018,tshirt,2026-05-11,31,329,0.0,329,0,0,7449,282,14,21,3,2,0,3,0,0,0,0,0,0,0,0,3,1,1.0,0,0,1,1,0,14,3.29,384.99
TS018,tshirt,2026-05-18,32,329,0.0,329,0,0,7233,288,25,18,4,1,0,4,3,1,2,0,0,0,0,2,1,1,4.0,1,0,0,0,0,15,3.33,-406.67
TS018,tshirt,2026-05-25,33,329,0.0,329,0,0,7247,282,17,19,3,1,0,3,2,1,0,1,0,0,0,1,1,1,3.0,0,1,0,0,0,16,3.31,-266.67
TS018,tshirt,2026-06-01,34,329,0.0,329,0,0,8149,330,24,20,9,8,1,8,3,1,1,1,0,0,0,2,5,0,,0,0,0,0,0,16,3.31,36.65
TS018,tshirt,2026-06-08,35,329,0.0,329,0,0,7659,272,24,11,4,3,2,2,0,0,0,0,0,0,0,0,2,0,,0,0,0,0,0,16,3.31,116.66
TS018,tshirt,2026-06-15,36,329,0.0,329,0,0,6124,224,17,16,8,6,1,7,2,1,0,0,1,0,0,1,5,3,3.33,1,2,0,0,0,19,3.32,176.65
TS018,tshirt,2026-06-22,37,329,0.2,263,0,1,11362,524,36,38,13,11,1,12,4,2,1,0,0,0,1,3,8,0,,0,0,0,0,0,19,3.32,-221.21
TS018,tshirt,2026-06-29,38,329,0.0,329,0,0,7471,286,33,20,6,5,1,5,0,0,0,0,0,0,0,0,5,0,,0,0,0,0,0,19,3.32,571.66
TS018,tshirt,2026-07-06,39,329,0.0,329,0,0,6765,280,25,18,4,3,0,4,2,0,1,0,0,0,1,2,2,0,,0,0,0,0,0,19,3.32,-23.34
TS018,tshirt,2026-07-13,40,329,0.0,329,0,0,4988,175,10,10,3,0,0,3,2,0,2,0,0,0,0,2,1,1,2.0,0,0,1,0,1,20,3.25,-151.67
TS018,tshirt,2026-07-20,41,329,0.0,329,0,0,4568,190,16,10,0,0,0,0,0,0,0,0,0,0,0,0,0,0,,0,0,0,0,0,20,3.25,0.0
TS018,tshirt,2026-07-27,42,329,0.0,329,0,0,5439,204,19,8,1,0,0,1,1,0,0,0,0,0,1,1,0,0,,0,0,0,0,0,20,3.25,-140.0
TS018,tshirt,2026-08-03,43,329,0.0,329,0,0,3617,130,10,6,3,3,0,3,2,0,1,0,0,0,1,2,1,0,,0,0,0,0,0,20,3.25,-151.67
TS018,tshirt,2026-08-10,44,329,0.0,329,0,0,4301,138,18,6,0,0,0,0,0,0,0,0,0,0,0,0,0,0,,0,0,0,0,0,20,3.25,0.0
TS018,tshirt,2026-08-17,45,329,0.0,329,0,0,3507,110,9,6,4,3,0,4,2,0,2,0,0,0,0,0,2,0,,0,0,0,0,0,20,3.25,-253.34
TS018,tshirt,2026-08-24,46,329,0.0,329,1,0,6001,189,16,8,4,4,2,2,0,0,0,0,0,0,0,0,2,0,,0,0,0,0,0,20,3.25,116.66
TS018,tshirt,2026-08-31,47,329,0.0,329,0,0,6587,228,25,14,3,2,0,3,1,0,0,0,0,0,1,1,2,1,2.0,0,0,1,0,1,21,3.19,116.66
TS018,tshirt,2026-09-07,48,329,0.0,329,0,0,4543,166,16,5,3,2,0,3,3,1,2,0,0,0,0,2,0,0,,0,0,0,0,0,21,3.19,-535.0
TS018,tshirt,2026-09-14,49,329,0.0,329,0,0,3775,115,10,10,4,1,0,4,1,1,0,0,0,0,0,1,3,1,4.0,1,0,0,0,0,22,3.23,244.99
TS018,tshirt,2026-09-21,50,329,0.15,280,0,1,5503,222,23,22,10,5,1,9,3,0,1,2,0,0,0,3,6,0,,0,0,0,0,0,22,3.23,-0.01
TS019,tshirt,2025-11-03,1,299,0.0,299,0,0,11061,527,37,18,5,4,1,4,1,0,0,0,0,1,0,1,3,0,,0,0,0,0,0,0,,81.35
TS019,tshirt,2025-11-10,2,299,0.0,299,0,0,9498,452,22,33,9,6,1,8,5,2,2,1,0,0,0,1,3,2,2.0,0,0,2,1,1,2,2.0,-949.22
TS019,tshirt,2025-11-17,3,299,0.0,299,0,0,5295,137,7,1,0,0,0,0,0,0,0,0,0,0,0,0,0,0,,0,0,0,0,0,2,2.0,0.0
TS019,tshirt,2025-11-24,4,299,0.0,299,0,0,5910,138,4,8,2,1,1,1,0,0,0,0,0,0,0,0,1,0,,0,0,0,0,0,2,2.0,27.12
TS019,tshirt,2025-12-01,5,299,0.0,299,0,0,2527,70,2,6,2,1,0,2,1,0,1,0,0,0,0,0,1,0,,0,0,0,0,0,2,2.0,-160.53
TS019,tshirt,2025-12-08,6,299,0.0,299,0,0,3257,106,11,6,3,2,1,2,0,0,0,0,0,0,0,0,2,0,,0,0,0,0,0,2,2.0,124.24
TS019,tshirt,2025-12-15,7,299,0.0,299,0,0,4174,112,8,8,3,2,0,3,3,1,1,0,0,0,1,2,0,0,,0,0,0,0,0,2,2.0,-537.64
TS019,tshirt,2025-12-22,8,299,0.0,299,0,0,4039,101,7,6,2,2,0,2,1,0,1,0,0,0,0,1,1,0,,0,0,0,0,0,2,2.0,-42.88
TS019,tshirt,2025-12-29,9,299,0.0,299,0,0,3451,88,6,6,1,1,0,1,0,0,0,0,0,0,0,0,1,0,,0,0,0,0,0,2,2.0,97.12
TS019,tshirt,2026-01-05,10,299,0.0,299,0,0,3148,79,5,3,2,1,0,2,0,0,0,0,0,0,0,0,2,0,,0,0,0,0,0,2,2.0,194.24
TS019,tshirt,2026-01-12,11,299,0.1,269,0,1,4954,134,11,9,2,1,0,2,1,0,0,1,0,0,0,1,1,0,,0,0,0,0,0,2,2.0,-71.45
TS019,tshirt,2026-01-19,12,299,0.0,299,0,0,3165,66,2,3,2,2,1,1,0,0,0,0,0,0,0,0,1,1,3.0,0,1,0,0,0,3,2.33,27.12
TS019,tshirt,2026-01-26,13,299,0.0,299,0,0,3621,107,10,3,1,0,0,1,1,0,0,0,0,1,0,1,0,0,,0,0,0,0,0,3,2.33,-140.0
TS019,tshirt,2026-02-02,14,299,0.0,299,0,0,3728,98,6,3,1,0,0,1,1,0,0,1,0,0,0,0,0,0,,0,0,0,0,0,3,2.33,-257.64
TS019,tshirt,2026-02-09,15,299,0.0,299,0,0,3386,96,4,10,4,2,0,4,2,1,0,1,0,0,0,2,2,0,,0,0,0,0,0,3,2.33,-85.76
TS019,tshirt,2026-02-16,16,299,0.0,299,0,0,4239,101,10,2,1,0,0,1,1,0,1,0,0,0,0,0,0,0,,0,0,0,0,0,3,2.33,-257.64
TS019,tshirt,2026-02-23,17,299,0.0,299,0,0,3913,94,5,1,0,0,0,0,0,0,0,0,0,0,0,0,0,0,,0,0,0,0,0,3,2.33,0.0
TS019,tshirt,2026-03-02,18,299,0.0,299,1,1,6240,179,15,12,2,1,0,2,0,0,0,0,0,0,0,0,2,0,,0,0,0,0,0,3,2.33,194.24
TS019,tshirt,2026-03-09,19,299,0.0,299,0,0,3725,100,8,2,1,0,0,1,1,0,0,0,0,1,0,1,0,0,,0,0,0,0,0,3,2.33,-140.0
TS020,tshirt,2026-05-18,1,309,0.0,309,0,0,15586,640,51,39,10,7,0,10,1,0,0,0,1,0,0,1,9,0,,0,0,0,0,0,0,,1081.43
TS020,tshirt,2026-05-25,2,309,0.0,309,0,0,10540,422,27,29,8,4,1,7,3,0,2,1,0,0,0,3,4,0,,0,0,0,0,0,0,,52.86
TS020,tshirt,2026-06-01,3,309,0.0,309,0,0,7205,256,20,20,8,7,0,8,4,2,1,0,1,0,0,2,4,0,,0,0,0,0,0,0,,-194.29
TS020,tshirt,2026-06-08,4,309,0.0,309,0,0,7168,311,22,12,3,2,0,3,0,0,0,0,0,0,0,0,3,0,,0,0,0,0,0,0,,407.14
TS020,tshirt,2026-06-15,5,309,0.0,309,0,0,5521,218,20,13,8,6,0,8,4,1,1,0,1,1,0,2,4,1,3.0,0,1,0,0,0,1,3.0,-194.29
TS020,tshirt,2026-06-22,6,309,0.0,309,0,1,7375,225,22,20,6,4,1,5,1,0,0,1,0,0,0,1,4,1,2.0,0,0,1,0,1,2,2.5,332.86
TS020,tshirt,2026-06-29,7,309,0.0,309,0,0,6298,144,11,5,0,0,0,0,0,0,0,0,0,0,0,0,0,0,,0,0,0,0,0,2,2.5,0.0
TS020,tshirt,2026-07-06,8,309,0.0,309,0,0,4036,105,5,6,1,0,0,1,0,0,0,0,0,0,0,0,1,0,,0,0,0,0,0,2,2.5,135.71
TS020,tshirt,2026-07-13,9,309,0.0,309,0,0,5034,118,9,5,2,0,0,2,0,0,0,0,0,0,0,0,2,1,3.0,0,1,0,0,0,3,2.67,271.43
TS020,tshirt,2026-07-20,10,319,0.0,319,0,0,3873,107,11,7,4,3,0,4,1,1,0,0,0,0,0,0,3,2,2.5,0,1,1,0,1,5,2.6,207.14
TS020,tshirt,2026-07-27,11,319,0.0,319,0,0,4018,106,5,5,3,2,0,3,1,0,1,0,0,0,0,1,2,1,2.0,0,0,1,1,0,6,2.5,150.48
TS020,tshirt,2026-08-03,12,319,0.0,319,0,0,5198,129,10,7,2,1,1,1,1,1,0,0,0,0,0,1,0,0,,0,0,0,0,0,6,2.5,-210.0
TS020,tshirt,2026-08-10,13,319,0.0,319,0,0,4759,130,12,3,1,1,0,1,0,0,0,0,0,0,0,0,1,0,,0,0,0,0,0,6,2.5,145.24
TS020,tshirt,2026-08-17,14,319,0.0,319,0,0,3623,90,4,9,4,4,0,4,1,1,0,0,0,0,0,0,3,0,,0,0,0,0,0,6,2.5,207.14
TS020,tshirt,2026-08-24,15,319,0.0,319,1,0,4266,109,12,8,2,1,0,2,0,0,0,0,0,0,0,0,2,1,3.0,0,1,0,0,0,7,2.57,290.48
TS020,tshirt,2026-08-31,16,319,0.0,319,0,0,4925,119,9,5,1,0,0,1,0,0,0,0,0,0,0,0,1,1,2.0,0,0,1,0,1,8,2.5,145.24
TS020,tshirt,2026-09-07,17,319,0.0,319,0,0,3485,90,9,3,1,1,0,1,0,0,0,0,0,0,0,0,1,0,,0,0,0,0,0,8,2.5,145.24
TS020,tshirt,2026-09-14,18,319,0.0,319,0,0,4163,109,13,4,2,1,1,1,1,1,0,0,0,0,0,1,0,1,3.0,0,1,0,0,0,9,2.56,-210.0
TS020,tshirt,2026-09-21,19,319,0.15,271,0,1,6340,173,5,15,5,4,0,5,0,0,0,0,0,0,0,0,5,1,3.0,0,1,0,0,0,10,2.6,497.62
TS021,tshirt,2026-07-27,1,209,0.0,209,0,0,8714,276,15,17,7,6,0,7,5,2,2,0,0,0,1,4,2,0,,0,0,0,0,0,0,,-680.41
TS021,tshirt,2026-08-03,2,209,0.0,209,0,0,8635,272,9,14,8,7,2,6,5,0,1,2,1,0,1,2,1,0,,0,0,0,0,0,0,,-1028.95
TS021,tshirt,2026-08-10,3,209,0.0,209,0,0,7808,258,12,17,7,4,0,7,4,0,4,0,0,0,0,2,3,1,2.0,0,0,1,0,1,1,2.0,-570.36
TS021,tshirt,2026-08-17,4,209,0.0,209,0,0,7317,127,10,6,3,1,1,2,0,0,0,0,0,0,0,0,2,0,,0,0,0,0,0,1,2.0,29.09
TS021,tshirt,2026-08-24,5,209,0.0,209,1,0,6022,97,8,8,3,3,0,3,2,2,0,0,0,0,0,2,1,1,2.0,0,0,1,0,1,2,2.0,-230.45
TS021,tshirt,2026-08-31,6,209,0.0,209,0,0,4436,67,5,6,4,2,0,4,4,2,1,0,0,0,1,4,0,0,,0,0,0,0,0,2,2.0,-560.0
TS021,tshirt,2026-09-07,7,209,0.0,209,0,0,4394,72,1,4,2,1,0,2,1,0,0,1,0,0,0,0,1,0,,0,0,0,0,0,2,2.0,-169.95
TS021,tshirt,2026-09-14,8,209,0.0,209,0,0,3957,59,2,1,1,0,0,1,1,0,0,1,0,0,0,1,0,0,,0,0,0,0,0,2,2.0,-140.0
TS021,tshirt,2026-09-21,9,209,0.0,209,0,1,4346,50,2,5,0,0,0,0,0,0,0,0,0,0,0,0,0,0,,0,0,0,0,0,2,2.0,0.0
TS022,tshirt,2026-03-02,1,319,0.0,319,1,1,23527,896,75,62,24,19,6,18,3,3,0,0,0,0,0,0,15,4,3.5,3,0,1,0,1,4,3.5,602.47
TS022,tshirt,2026-03-09,2,319,0.0,319,0,0,10310,379,21,32,8,4,0,8,3,2,0,0,0,0,1,2,5,1,3.0,0,1,0,0,0,5,3.4,60.82
TS022,tshirt,2026-03-16,3,319,0.0,319,0,0,8850,287,30,24,4,3,0,4,1,0,0,1,0,0,0,1,3,1,2.0,0,0,1,1,0,6,3.17,217.32
TS022,tshirt,2026-03-23,4,319,0.0,319,0,0,6007,202,11,12,3,1,2,1,0,0,0,0,0,0,0,0,1,0,,0,0,0,0,0,6,3.17,-20.89
TS022,tshirt,2026-03-30,5,319,0.0,319,0,0,5822,175,14,13,3,2,0,3,1,0,0,0,0,0,1,1,2,0,,0,0,0,0,0,6,3.17,98.21
TS022,tshirt,2026-04-06,6,319,0.0,319,0,0,6486,211,13,12,2,1,0,2,1,0,1,0,0,0,0,1,1,0,,0,0,0,0,0,6,3.17,-20.89
TS022,tshirt,2026-04-13,7,319,0.0,319,0,0,6311,204,10,14,4,2,1,3,0,0,0,0,0,0,0,0,3,0,,0,0,0,0,0,6,3.17,287.32
TS022,tshirt,2026-04-20,8,319,0.0,319,0,0,5561,151,12,11,3,3,0,3,1,1,0,0,0,0,0,0,2,1,3.0,0,1,0,0,0,7,3.14,-16.49
TS022,tshirt,2026-04-27,9,319,0.0,319,0,0,5330,168,24,11,2,2,1,1,1,0,1,0,0,0,0,1,0,0,,0,0,0,0,0,7,3.14,-210.0
TS022,tshirt,2026-05-04,10,319,0.0,319,0,0,6006,181,18,14,3,1,0,3,2,1,0,1,0,0,0,2,1,0,,0,0,0,0,0,7,3.14,-160.89
TS022,tshirt,2026-05-11,11,319,0.0,319,0,0,6681,214,17,18,8,6,1,7,1,1,0,0,0,0,0,1,6,1,5.0,1,0,0,0,0,8,3.38,504.63
TS022,tshirt,2026-05-18,12,319,0.0,319,0,0,7067,246,26,23,6,5,0,6,2,1,1,0,0,0,0,2,4,0,,0,0,0,0,0,8,3.38,196.42
TS022,tshirt,2026-05-25,13,319,0.0,319,0,0,6692,204,18,15,5,5,0,5,1,0,1,0,0,0,0,1,4,0,,0,0,0,0,0,8,3.38,336.42
TS022,tshirt,2026-06-01,14,319,0.0,319,0,0,7151,245,17,18,5,4,2,3,2,2,0,0,0,0,0,1,1,1,2.0,0,0,1,1,0,9,3.22,-415.6
TS022,tshirt,2026-06-08,15,319,0.0,319,0,0,4801,160,16,18,3,3,2,1,0,0,0,0,0,0,0,0,1,0,,0,0,0,0,0,9,3.22,-20.89
TS022,tshirt,2026-06-15,16,319,0.0,319,0,0,5900,217,19,14,6,5,1,5,2,2,0,0,0,0,0,2,3,1,3.0,0,1,0,0,0,10,3.2,7.32
TS022,tshirt,2026-06-22,17,319,0.0,319,0,1,8259,270,33,22,8,3,1,7,3,1,0,1,0,0,1,2,4,1,3.0,0,1,0,0,0,11,3.18,-128.28
TS022,tshirt,2026-06-29,18,319,0.0,319,0,0,4879,165,20,10,1,1,1,0,0,0,0,0,0,0,0,0,0,0,,0,0,0,0,0,11,3.18,-70.0
TS022,tshirt,2026-07-06,19,319,0.0,319,0,0,3983,122,10,9,5,4,0,5,0,0,0,0,0,0,0,0,5,1,5.0,1,0,0,0,0,12,3.33,595.53
TS022,tshirt,2026-07-13,20,319,0.0,319,0,0,7567,241,21,19,7,6,2,5,1,0,0,1,0,0,0,1,4,0,,0,0,0,0,0,12,3.33,196.42
TS022,tshirt,2026-07-20,21,319,0.0,319,0,0,5856,208,11,15,3,2,1,2,0,0,0,0,0,0,0,0,2,1,5.0,1,0,0,0,0,13,3.46,168.21
TS022,tshirt,2026-07-27,22,319,0.0,319,0,0,6023,219,25,19,6,5,4,2,0,0,0,0,0,0,0,0,2,0,,0,0,0,0,0,13,3.46,-41.79
TS022,tshirt,2026-08-03,23,319,0.0,319,0,0,5400,187,11,10,3,2,1,2,0,0,0,0,0,0,0,0,2,0,,0,0,0,0,0,13,3.46,168.21
TS022,tshirt,2026-08-10,24,319,0.0,319,0,0,5237,173,16,13,2,2,0,2,0,0,0,0,0,0,0,0,2,0,,0,0,0,0,0,13,3.46,238.21
TS022,tshirt,2026-08-17,25,319,0.0,319,0,0,5662,191,24,13,5,5,0,5,2,1,1,0,0,0,0,2,3,0,,0,0,0,0,0,13,3.46,77.32
TS022,tshirt,2026-08-24,26,319,0.0,319,1,0,7091,271,22,15,4,4,1,3,0,0,0,0,0,0,0,0,3,1,5.0,1,0,0,0,0,14,3.57,287.32
TS022,tshirt,2026-08-31,27,319,0.0,319,0,0,5719,216,11,16,4,4,0,4,0,0,0,0,0,0,0,0,4,1,5.0,1,0,0,0,0,15,3.67,476.42
TS022,tshirt,2026-09-07,28,319,0.0,319,0,0,5911,200,23,15,3,3,0,3,2,0,0,0,0,1,1,1,1,0,,0,0,0,0,0,15,3.67,-275.6
TS022,tshirt,2026-09-14,29,319,0.0,319,0,0,4938,180,17,11,3,1,0,3,2,1,0,0,0,0,1,1,1,1,4.0,1,0,0,0,0,16,3.69,-275.6
TS022,tshirt,2026-09-21,30,319,0.15,271,0,1,7458,308,29,28,10,7,1,9,3,1,1,0,0,0,1,3,6,3,3.33,2,0,1,0,1,19,3.63,-49.65
TS023,tshirt,2026-03-02,1,309,0.0,309,1,1,21079,1059,85,80,29,22,1,28,6,3,1,1,1,0,0,5,22,6,3.67,5,0,1,0,1,6,3.67,814.0
TS023,tshirt,2026-03-09,2,309,0.0,309,0,0,16217,766,50,83,28,20,2,26,3,1,1,1,0,0,0,2,23,5,3.4,3,1,1,1,0,11,3.55,1248.71
TS023,tshirt,2026-03-16,3,309,0.0,309,0,0,14094,650,48,56,21,12,3,18,5,4,0,1,0,0,0,5,13,1,4.0,1,0,0,0,0,12,3.58,191.21
TS023,tshirt,2026-03-23,4,309,0.0,309,0,0,10160,498,41,36,10,9,5,5,2,1,0,0,0,0,1,0,3,2,3.5,1,1,0,0,0,14,3.57,-655.03
TS023,tshirt,2026-03-30,5,309,0.0,309,0,0,7540,383,28,23,4,2,0,4,0,0,0,0,0,0,0,0,4,1,4.0,1,0,0,0,0,15,3.6,338.83
TS023,tshirt,2026-04-06,6,309,0.0,309,0,0,8638,444,30,26,11,8,4,7,2,2,0,0,0,0,0,2,5,0,,0,0,0,0,0,15,3.6,-136.46
TS023,tshirt,2026-04-13,7,309,0.0,309,0,0,7558,379,31,25,8,7,1,7,2,1,0,0,1,0,0,1,5,0,,0,0,0,0,0,15,3.6,-66.04
TS023,tshirt,2026-04-20,8,309,0.0,309,0,0,9246,460,36,30,13,9,2,11,3,2,0,0,1,0,0,0,8,2,4.5,2,0,0,0,0,17,3.71,-301.07
TS023,tshirt,2026-04-27,9,309,0.0,309,0,0,10679,571,45,43,18,12,2,16,3,1,1,0,1,0,0,2,13,4,4.25,3,1,0,0,0,21,3.81,401.63
TS023,tshirt,2026-05-04,10,309,0.0,309,0,0,11273,614,48,64,26,16,5,21,4,0,2,2,0,0,0,4,17,0,,0,0,0,0,0,21,3.81,530.04
TS023,tshirt,2026-05-11,11,309,0.0,309,0,0,11144,579,46,49,16,7,2,14,1,1,0,0,0,0,0,1,13,2,3.0,0,2,0,0,0,23,3.74,821.21
TS023,tshirt,2026-05-18,12,309,0.0,309,0,0,14593,790,80,62,18,14,1,17,2,1,1,0,0,0,0,2,15,2,3.5,1,1,0,0,0,25,3.72,920.62
TS023,tshirt,2026-05-25,13,309,0.0,309,0,0,12874,669,64,54,19,11,1,18,5,1,4,0,0,0,0,4,13,1,2.0,0,0,1,0,1,26,3.65,191.63
TS023,tshirt,2026-06-01,14,309,0.0,309,0,0,9050,430,36,37,13,10,2,11,4,1,1,1,0,1,0,3,7,2,3.0,0,2,0,0,0,28,3.61,-246.62
TS023,tshirt,2026-06-08,15,309,0.0,309,0,0,11517,582,51,48,20,11,2,18,3,1,2,0,0,0,0,3,15,1,5.0,1,0,0,0,0,29,3.66,710.62
TS023,tshirt,2026-06-15,16,309,0.0,309,0,0,9498,488,32,50,23,12,5,18,3,1,0,1,1,0,0,2,15,2,4.0,1,1,0,0,0,31,3.68,361.05
TS023,tshirt,2026-06-22,17,309,0.0,309,0,1,18529,963,83,82,38,26,7,31,9,3,2,3,0,0,1,6,22,2,4.5,2,0,0,0,0,33,3.73,-305.15
TS023,tshirt,2026-06-29,18,309,0.0,309,0,0,12258,691,47,59,21,7,3,18,6,3,3,0,0,0,0,4,12,1,4.0,1,0,0,0,0,34,3.74,-312.66
TS023,tshirt,2026-07-06,19,309,0.0,309,0,0,9513,444,42,35,8,6,1,7,1,1,0,0,0,0,0,1,6,2,4.0,2,0,0,0,0,36,3.75,298.25
TS023,tshirt,2026-07-13,20,309,0.0,309,0,0,8577,449,30,30,14,11,5,9,2,1,1,0,0,0,0,2,7,2,3.5,1,1,0,0,0,38,3.74,-37.04
TS023,tshirt,2026-07-20,21,309,0.0,309,0,0,11889,661,55,52,17,12,1,16,6,1,2,2,0,1,0,5,10,4,3.5,3,0,1,0,1,42,3.71,-202.5
TS023,tshirt,2026-07-27,22,309,0.0,309,0,0,10537,549,45,42,18,9,3,15,2,1,0,0,1,0,0,0,13,0,,0,0,0,0,0,42,3.71,332.05
TS023,tshirt,2026-08-03,23,309,0.0,309,0,0,10749,532,48,47,15,9,2,13,8,3,2,3,0,0,0,6,5,3,2.67,1,1,1,1,0,45,3.64,-1115.61
TS023,tshirt,2026-08-10,24,309,0.0,309,0,0,9626,467,38,36,10,2,0,10,3,1,1,1,0,0,0,3,7,2,3.0,0,2,0,0,0,47,3.62,172.96
TS023,tshirt,2026-08-17,25,309,0.0,309,0,0,9967,531,44,36,9,4,0,9,0,0,0,0,0,0,0,0,9,1,3.0,0,1,0,0,0,48,3.6,762.37
TS023,tshirt,2026-08-24,26,309,0.0,309,1,0,8397,450,42,31,14,8,1,13,2,2,0,0,0,0,0,1,11,5,4.4,5,0,0,0,0,53,3.68,442.21
TS023,tshirt,2026-08-31,27,309,0.0,309,0,0,8461,481,47,33,9,6,1,8,2,1,0,0,0,1,0,1,6,0,,0,0,0,0,0,53,3.68,18.67
TS023,tshirt,2026-09-07,28,309,0.0,309,0,0,10409,521,40,50,23,13,4,19,3,2,1,0,0,0,0,2,16,3,3.33,2,0,1,0,1,56,3.66,515.75
TS023,tshirt,2026-09-14,29,309,0.0,309,0,0,7956,403,49,26,6,5,0,6,1,0,1,0,0,0,0,1,5,0,,0,0,0,0,0,56,3.66,283.54
TS023,tshirt,2026-09-21,30,309,0.0,309,0,1,10125,520,50,44,26,15,3,23,4,4,0,0,0,0,0,2,19,3,3.33,2,0,1,0,1,59,3.64,560.3
TS024,tshirt,2026-05-04,1,299,0.0,299,0,0,13844,735,44,49,17,15,4,13,6,3,2,0,1,0,0,3,7,3,3.33,2,0,1,1,0,3,3.33,-1120.78
TS024,tshirt,2026-05-11,2,299,0.0,299,0,0,16162,693,57,59,17,14,3,14,6,1,1,1,0,2,1,5,8,2,2.5,0,1,1,1,0,5,3.0,-685.61
TS024,tshirt,2026-05-18,3,299,0.0,299,0,0,7772,282,16,19,8,4,1,7,2,0,1,1,0,0,0,0,5,1,3.0,0,1,0,0,0,6,3.0,-329.07
TS024,tshirt,2026-05-25,4,299,0.0,299,0,0,7971,302,14,15,7,5,1,6,2,0,1,1,0,0,0,1,4,0,,0,0,0,0,0,6,3.0,-243.01
TS024,tshirt,2026-06-01,5,299,0.0,299,0,0,6314,239,22,10,2,2,0,2,2,2,0,0,0,0,0,0,0,0,,0,0,0,0,0,6,3.0,-580.82
TS024,tshirt,2026-06-08,6,299,0.0,299,0,0,5425,200,9,7,2,0,0,2,2,0,1,1,0,0,0,2,0,1,2.0,0,0,1,1,0,7,2.86,-280.0
TS024,tshirt,2026-06-15,7,299,0.0,299,0,0,6417,217,15,14,7,5,0,7,4,0,3,1,0,0,0,4,3,1,4.0,1,0,0,0,0,8,3.0,-366.95
TS024,tshirt,2026-06-22,8,299,0.15,254,0,1,7621,379,23,34,16,10,1,15,2,1,0,0,0,0,1,2,13,1,4.0,1,0,0,0,0,9,3.11,-70.59
TS024,tshirt,2026-06-29,9,299,0.0,299,0,0,8525,354,19,25,10,6,2,8,3,1,1,1,0,0,0,1,5,1,3.0,0,1,0,0,0,10,3.1,-539.07
TS024,tshirt,2026-07-06,10,309,0.0,309,0,0,7760,286,27,22,9,7,1,8,3,2,0,0,1,0,0,3,5,1,4.0,1,0,0,0,0,11,3.18,-120.63
TS024,tshirt,2026-07-13,11,309,0.0,309,0,0,5457,229,14,8,4,4,2,2,0,0,0,0,0,0,0,0,2,1,4.0,1,0,0,0,0,12,3.25,7.75
TS024,tshirt,2026-07-20,12,309,0.0,309,0,0,4795,199,23,15,7,3,0,7,3,2,0,0,1,0,0,3,4,0,,0,0,0,0,0,12,3.25,-124.5
TS024,tshirt,2026-07-27,13,309,0.0,309,0,0,7690,290,25,9,3,2,0,3,2,1,0,0,0,0,1,2,1,1,4.0,1,0,0,0,0,13,3.31,-206.13
TS024,tshirt,2026-08-03,14,309,0.0,309,0,0,7430,298,16,15,5,4,0,5,4,1,2,0,1,0,0,4,1,0,,0,0,0,0,0,13,3.31,-486.13
TS024,tshirt,2026-08-10,15,309,0.0,309,0,0,5829,219,20,10,5,3,0,5,3,1,1,1,0,0,0,3,2,0,,0,0,0,0,0,13,3.31,-272.25
TS024,tshirt,2026-08-17,16,309,0.0,309,0,0,5983,249,8,5,1,1,0,1,0,0,0,0,0,0,0,0,1,0,,0,0,0,0,0,13,3.31,73.87
TS024,tshirt,2026-08-24,17,309,0.0,309,1,0,5996,260,16,17,5,5,2,3,0,0,0,0,0,0,0,0,3,1,4.0,1,0,0,0,0,14,3.36,81.62
TS024,tshirt,2026-08-31,18,309,0.0,309,0,0,7758,325,24,25,6,6,4,2,0,0,0,0,0,0,0,0,2,1,4.0,1,0,0,0,0,15,3.4,-132.25
TS024,tshirt,2026-09-07,19,309,0.0,309,0,0,5610,211,17,12,5,5,1,4,0,0,0,0,0,0,0,0,4,2,4.5,2,0,0,0,0,17,3.53,225.5
TS024,tshirt,2026-09-14,20,309,0.0,309,0,0,5268,272,12,19,3,1,0,3,2,2,0,0,0,0,0,1,1,1,2.0,0,0,1,0,1,18,3.44,-356.54
TS024,tshirt,2026-09-21,21,309,0.0,309,0,1,9010,394,26,22,9,5,1,8,1,1,0,0,0,0,0,1,7,2,3.5,1,1,0,0,0,20,3.45,307.12
TS025,tshirt,2026-07-06,1,309,0.0,309,0,0,14344,1880,204,276,118,93,11,107,14,10,2,0,1,0,1,10,93,21,4.33,19,1,1,0,1,21,4.33,7718.86
TS025,tshirt,2026-07-13,2,309,0.0,309,0,0,31987,5290,524,809,331,261,43,288,38,20,5,7,0,4,2,25,250,42,4.26,34,6,2,0,2,63,4.29,19517.17
TS025,tshirt,2026-07-20,3,309,0.0,309,0,0,21756,3734,375,593,268,205,35,233,32,21,2,3,0,2,4,19,201,29,4.38,24,3,2,0,2,92,4.32,15185.68
TS025,tshirt,2026-07-27,4,309,0.0,309,0,0,28227,4861,484,771,346,286,47,299,35,21,5,3,3,1,2,20,264,48,4.42,42,5,1,0,1,140,4.35,21080.1
TS025,tshirt,2026-08-03,5,309,0.0,309,0,0,21108,3628,369,615,274,229,35,239,34,15,4,5,3,1,6,27,205,35,4.4,30,4,1,0,1,175,4.36,16017.46
TS025,tshirt,2026-08-10,6,309,0.0,309,0,0,22935,4033,388,673,290,231,42,248,32,14,4,4,5,1,4,21,216,42,4.38,35,6,1,0,1,217,4.36,16664.85
TS025,tshirt,2026-08-17,7,309,0.0,309,0,0,20315,3469,333,561,249,192,41,208,22,13,2,2,1,3,1,15,186,35,4.31,29,6,0,0,0,252,4.36,15055.04
TS025,tshirt,2026-08-24,8,309,0.0,309,1,0,25763,4458,461,686,344,276,61,283,36,17,4,4,5,3,3,25,247,47,4.43,41,4,2,0,2,299,4.37,18400.9
TS025,tshirt,2026-08-31,9,309,0.0,309,0,0,17222,2929,295,474,194,150,18,176,23,10,4,4,1,2,2,16,153,26,4.35,22,4,0,0,0,325,4.37,12665.06
TS025,tshirt,2026-09-07,10,319,0.0,319,0,0,14549,2457,252,387,157,124,20,137,17,7,3,3,0,2,2,15,120,17,4.59,15,2,0,0,0,342,4.38,11184.52
TS025,tshirt,2026-09-14,11,319,0.0,319,0,0,18284,3043,316,473,195,152,29,166,13,8,1,1,0,3,0,11,153,22,4.64,20,2,0,0,0,364,4.39,15288.79
TS025,tshirt,2026-09-21,12,319,0.15,271,0,1,22026,4186,384,803,395,322,47,348,40,22,6,5,2,2,3,26,308,62,4.4,58,1,3,0,3,426,4.39,14487.4
TS026,tshirt,2025-10-13,1,279,0.0,279,1,0,13885,569,37,50,24,17,3,21,4,1,3,0,0,0,0,2,17,3,5.0,3,0,0,0,0,3,5.0,394.94
TS026,tshirt,2025-10-20,2,279,0.0,279,1,0,16230,1092,91,88,31,19,1,30,8,1,2,2,0,1,2,5,22,6,3.67,3,2,1,0,1,9,4.11,270.71
TS026,tshirt,2025-10-27,3,279,0.0,279,0,0,12814,663,47,64,25,18,1,24,5,3,0,0,1,0,1,4,19,2,3.5,1,1,0,0,0,11,4.0,672.57
TS026,tshirt,2025-11-03,4,279,0.0,279,0,0,14387,665,36,51,25,12,1,24,8,4,3,1,0,0,0,7,16,5,3.2,2,2,1,1,0,16,3.75,6.83
TS026,tshirt,2025-11-10,5,329,0.0,329,0,0,6960,271,27,13,6,3,1,5,2,0,0,1,1,0,0,0,3,0,,0,0,0,0,0,16,3.75,-189.0
TS026,tshirt,2025-11-17,6,329,0.0,329,0,0,7679,281,26,19,5,4,0,5,0,0,0,0,0,0,0,0,5,0,,0,0,0,0,0,16,3.75,647.67
TS026,tshirt,2025-11-24,7,329,0.0,329,0,0,7492,298,26,21,7,5,1,6,0,0,0,0,0,0,0,0,6,1,4.0,1,0,0,0,0,17,3.76,707.2
TS026,tshirt,2025-12-01,8,329,0.0,329,0,0,7283,275,29,16,4,2,0,4,0,0,0,0,0,0,0,0,4,1,3.0,0,1,0,0,0,18,3.72,518.13
TS026,tshirt,2025-12-08,9,329,0.0,329,0,0,6807,226,34,17,9,4,0,9,2,0,0,2,0,0,0,2,7,1,3.0,0,1,0,0,0,19,3.68,626.73
TS026,tshirt,2025-12-15,10,329,0.0,329,0,0,7096,228,17,9,3,1,0,3,2,1,0,1,0,0,0,2,1,2,3.0,0,2,0,0,0,21,3.62,-150.47
TS026,tshirt,2025-12-22,11,329,0.0,329,0,0,4833,154,14,14,2,2,0,2,0,0,0,0,0,0,0,0,2,0,,0,0,0,0,0,21,3.62,259.07
TS026,tshirt,2025-12-29,12,329,0.0,329,0,0,5552,184,14,15,3,3,1,2,0,0,0,0,0,0,0,0,2,0,,0,0,0,0,0,21,3.62,189.07
TS026,tshirt,2026-01-05,13,329,0.0,329,0,0,4256,137,17,13,3,1,0,3,0,0,0,0,0,0,0,0,3,0,,0,0,0,0,0,21,3.62,388.6
TS026,tshirt,2026-01-12,14,329,0.1,296,0,1,6413,251,19,21,11,8,2,9,4,2,0,0,1,0,1,4,5,2,3.0,0,2,0,0,0,23,3.57,-209.48
TS026,tshirt,2026-01-19,15,329,0.0,329,0,0,7778,258,26,14,5,4,0,5,1,1,0,0,0,0,0,1,4,0,,0,0,0,0,0,23,3.57,378.13
TS026,tshirt,2026-01-26,16,329,0.0,329,0,0,6489,228,22,10,2,2,0,2,1,0,1,0,0,0,0,1,1,0,,0,0,0,0,0,23,3.57,-10.47
TS026,tshirt,2026-02-02,17,329,0.0,329,0,0,8327,287,36,20,6,4,0,6,2,1,0,1,0,0,0,1,4,0,,0,0,0,0,0,23,3.57,124.33
TS026,tshirt,2026-02-09,18,329,0.0,329,0,0,7927,314,25,22,4,4,0,4,1,0,0,1,0,0,0,1,3,1,4.0,1,0,0,0,0,24,3.58,248.6
TS026,tshirt,2026-02-16,19,329,0.0,329,0,0,5794,203,14,16,5,2,1,4,0,0,0,0,0,0,0,0,4,0,,0,0,0,0,0,24,3.58,448.13
TS026,tshirt,2026-02-23,20,329,0.0,329,0,0,5171,175,15,11,5,4,0,5,3,1,0,2,0,0,0,3,2,2,3.5,1,1,0,0,0,26,3.58,-160.93
TS026,tshirt,2026-03-02,21,329,0.2,263,1,1,12848,513,26,63,27,19,2,25,5,1,1,0,3,0,0,2,20,5,3.4,3,1,1,0,1,31,3.55,152.12
TS026,tshirt,2026-03-09,22,329,0.0,329,0,0,8441,303,24,20,7,5,2,5,3,3,0,0,0,0,0,3,2,2,3.5,1,1,0,0,0,33,3.55,-300.93
TS026,tshirt,2026-03-16,23,329,0.0,329,0,0,11070,362,26,24,9,9,3,6,2,1,1,0,0,0,0,2,4,2,3.5,1,1,0,0,0,35,3.54,28.13
TS026,tshirt,2026-03-23,24,329,0.0,329,0,0,9332,350,23,19,4,3,1,3,1,0,0,1,0,0,0,1,2,0,,0,0,0,0,0,35,3.54,49.07
TS026,tshirt,2026-03-30,25,329,0.0,329,0,0,7131,238,19,19,3,3,0,3,0,0,0,0,0,0,0,0,3,0,,0,0,0,0,0,35,3.54,388.6
TS026,tshirt,2026-04-06,26,329,0.0,329,0,0,6431,213,19,12,2,2,0,2,1,1,0,0,0,0,0,1,1,2,4.0,1,1,0,0,0,37,3.57,-10.47
TS026,tshirt,2026-04-13,27,329,0.0,329,0,0,6482,216,15,18,4,3,0,4,2,1,0,0,0,0,1,1,2,0,,0,0,0,0,0,37,3.57,-134.73
TS026,tshirt,2026-04-20,28,329,0.0,329,0,0,7864,255,13,15,2,2,1,1,0,0,0,0,0,0,0,0,1,0,,0,0,0,0,0,37,3.57,59.53
TS026,tshirt,2026-04-27,29,329,0.0,329,0,0,9118,329,28,23,6,1,0,6,1,1,0,0,0,0,0,1,5,2,3.0,1,0,1,1,0,39,3.54,507.67
TS026,tshirt,2026-05-04,30,329,0.0,329,0,0,8954,307,30,18,3,2,0,3,0,0,0,0,0,0,0,0,3,0,,0,0,0,0,0,39,3.54,388.6
TS026,tshirt,2026-05-11,31,329,0.0,329,0,0,7482,269,19,21,6,4,1,5,0,0,0,0,0,0,0,0,5,1,5.0,1,0,0,0,0,40,3.58,577.67
TS026,tshirt,2026-05-18,32,329,0.0,329,0,0,8941,300,25,23,10,6,1,9,2,1,1,0,0,0,0,2,7,4,3.75,2,1,1,0,1,44,3.59,556.73
TS026,tshirt,2026-05-25,33,329,0.0,329,0,0,9012,298,26,20,5,4,1,4,2,1,0,0,0,0,1,1,2,0,,0,0,0,0,0,44,3.59,-204.73
TS026,tshirt,2026-06-01,34,329,0.0,329,0,0,8579,285,28,27,2,2,0,2,0,0,0,0,0,0,0,0,2,1,5.0,1,0,0,0,0,45,3.62,259.07
TS026,tshirt,2026-06-08,35,329,0.0,329,0,0,8415,282,22,18,5,0,0,5,0,0,0,0,0,0,0,0,5,3,4.0,2,1,0,0,0,48,3.65,647.67
TS026,tshirt,2026-06-15,36,329,0.0,329,0,0,8596,284,21,17,6,4,1,5,0,0,0,0,0,0,0,0,5,2,3.5,1,1,0,0,0,50,3.64,577.67
TS026,tshirt,2026-06-22,37,329,0.1,296,0,1,9716,408,34,32,12,6,2,10,2,1,1,0,0,0,0,2,8,2,3.5,1,1,0,0,0,52,3.63,364.84
TS026,tshirt,2026-06-29,38,329,0.0,329,0,0,9179,331,30,23,10,8,0,10,1,0,1,0,0,0,0,1,9,1,5.0,1,0,0,0,0,53,3.66,1025.8
TS026,tshirt,2026-07-06,39,329,0.0,329,0,0,9756,357,37,26,12,7,1,11,1,0,0,0,0,0,1,0,10,1,3.0,0,1,0,0,0,54,3.65,971.53
TS026,tshirt,2026-07-13,40,329,0.0,329,0,0,8444,301,33,21,6,4,2,4,0,0,0,0,0,0,0,0,4,1,3.0,0,1,0,0,0,55,3.64,378.13
TS026,tshirt,2026-07-20,41,329,0.0,329,0,0,9353,370,24,17,7,5,1,6,1,0,1,0,0,0,0,1,5,1,5.0,1,0,0,0,0,56,3.66,437.67
TS026,tshirt,2026-07-27,42,329,0.0,329,0,0,6946,242,17,16,5,5,1,4,1,0,0,0,0,0,1,1,3,0,,0,0,0,0,0,56,3.66,178.6
TS026,tshirt,2026-08-03,43,329,0.0,329,0,0,6876,256,22,24,2,2,0,2,0,0,0,0,0,0,0,0,2,0,,0,0,0,0,0,56,3.66,259.07
TS026,tshirt,2026-08-10,44,329,0.0,329,0,0,7037,254,15,18,4,4,1,3,2,1,0,0,0,1,0,0,1,1,4.0,1,0,0,0,0,57,3.67,-448.07
TS026,tshirt,2026-08-17,45,329,0.0,329,0,0,5507,173,12,11,4,4,0,4,0,0,0,0,0,0,0,0,4,0,,0,0,0,0,0,57,3.67,518.13
TS026,tshirt,2026-08-24,46,329,0.0,329,1,0,8651,295,23,22,10,9,2,8,1,1,0,0,0,0,0,1,7,0,,0,0,0,0,0,57,3.67,626.73
TS026,tshirt,2026-08-31,47,329,0.0,329,0,0,7243,264,28,18,3,2,0,3,2,2,0,0,0,0,0,1,1,1,5.0,1,0,0,0,0,58,3.69,-264.27
TS026,tshirt,2026-09-07,48,329,0.0,329,0,0,7970,262,29,18,7,5,1,6,2,2,0,0,0,0,0,2,4,1,4.0,1,0,0,0,0,59,3.69,168.13
TS026,tshirt,2026-09-14,49,329,0.0,329,0,0,8568,318,21,22,6,4,0,6,1,0,0,0,1,0,0,0,5,0,,0,0,0,0,0,59,3.69,393.87
TS026,tshirt,2026-09-21,50,329,0.1,296,0,1,8935,374,32,24,7,4,1,6,1,0,1,0,0,0,0,0,5,1,3.0,0,1,0,0,0,60,3.68,166.72
TS027,tshirt,2026-04-06,1,259,0.0,259,0,0,12402,1060,75,93,38,28,7,31,9,5,1,1,1,1,0,5,22,6,4.0,4,2,0,0,0,6,4.0,-735.58
TS027,tshirt,2026-04-13,2,259,0.0,259,0,0,24639,2300,136,194,85,64,11,74,19,11,4,3,1,0,0,14,55,11,3.91,8,3,0,0,0,17,3.94,-341.6
TS027,tshirt,2026-04-20,3,259,0.0,259,0,0,27383,2626,179,259,104,87,13,91,33,17,8,3,1,1,3,19,58,6,3.5,3,2,1,1,0,23,3.83,-3237.25
TS027,tshirt,2026-04-27,4,259,0.0,259,0,0,27789,2521,171,225,95,70,14,81,18,5,2,5,2,1,3,10,63,14,3.57,9,2,3,0,3,37,3.73,-213.45
TS027,tshirt,2026-05-04,5,259,0.0,259,0,0,15733,1472,90,150,65,48,3,62,27,12,5,5,1,1,3,16,35,11,2.64,2,5,4,0,4,48,3.48,-2888.34
TS027,tshirt,2026-05-11,6,259,0.0,259,0,0,16805,1430,97,126,64,45,4,60,19,9,5,3,0,1,1,13,41,13,3.15,4,4,5,1,4,61,3.41,-888.81
TS027,tshirt,2026-05-18,7,259,0.0,259,0,0,18892,1602,102,151,71,58,7,64,14,3,2,4,3,0,2,12,50,6,3.17,2,3,1,1,0,67,3.39,638.84
TS027,tshirt,2026-05-25,8,259,0.0,259,0,0,19148,1556,104,146,56,43,3,53,11,3,3,2,1,1,1,9,42,5,2.6,1,1,3,0,3,72,3.33,809.27
TS027,tshirt,2026-06-01,9,259,0.0,259,0,0,15779,1241,81,93,40,30,4,36,8,3,1,3,1,0,0,7,28,5,3.0,3,0,2,1,1,77,3.31,343.0
TS027,tshirt,2026-06-08,10,259,0.0,259,0,0,12040,940,62,69,40,30,7,33,12,2,6,2,0,0,2,10,21,4,3.5,2,0,2,0,2,81,3.32,-1000.84
TS027,tshirt,2026-06-15,11,259,0.0,259,0,0,17536,1374,89,138,68,48,11,57,17,6,7,3,0,1,0,10,40,13,3.54,7,4,2,1,1,94,3.35,-1275.48
TS027,tshirt,2026-06-22,12,259,0.0,259,0,1,18586,1520,88,133,43,34,4,39,12,6,3,1,1,0,1,10,27,2,4.0,1,1,0,0,0,96,3.36,-393.66
TS027,tshirt,2026-06-29,13,259,0.0,259,0,0,13399,1101,70,101,36,27,4,32,11,6,1,1,1,1,1,10,21,7,2.86,3,1,3,1,2,103,3.33,-540.36
TS027,tshirt,2026-07-06,14,259,0.0,259,0,0,10794,889,56,75,33,25,5,28,7,4,1,0,0,1,1,5,21,1,4.0,1,0,0,0,0,104,3.34,-160.84
TS027,tshirt,2026-07-13,15,259,0.0,259,0,0,9266,763,46,63,37,29,2,35,12,5,3,2,1,1,0,9,23,5,3.4,2,2,1,0,1,109,3.34,-628.92
TS027,tshirt,2026-07-20,16,259,0.0,259,0,0,14507,1146,83,102,49,37,5,44,8,3,4,0,1,0,0,6,36,6,3.17,3,2,1,0,1,115,3.33,692.1
TS027,tshirt,2026-07-27,17,259,0.0,259,0,0,15017,1199,82,99,40,31,7,33,9,4,2,1,0,1,1,8,24,2,2.5,0,1,1,0,1,117,3.32,-271.78
TS027,tshirt,2026-08-03,18,259,0.0,259,0,0,8829,657,37,54,22,15,3,19,5,1,1,2,0,1,0,2,14,1,2.0,0,0,1,0,1,118,3.31,-314.68
TS027,tshirt,2026-08-10,19,259,0.0,259,0,0,9610,757,55,57,28,18,1,27,7,2,2,2,0,0,1,4,20,6,2.83,2,1,3,0,3,124,3.28,-57.5
TS027,tshirt,2026-08-17,20,259,0.0,259,0,0,12285,973,64,86,36,26,6,30,8,4,0,3,0,0,1,5,22,4,3.75,2,2,0,0,0,128,3.3,-415.11
TS027,tshirt,2026-08-24,21,259,0.0,259,1,0,11611,933,64,85,38,34,7,31,12,7,1,2,1,1,0,6,19,3,3.67,2,1,0,0,0,131,3.31,-1575.11
TS027,tshirt,2026-08-31,22,259,0.0,259,0,0,10642,795,53,67,30,27,4,26,7,4,1,2,0,0,0,4,19,2,3.0,1,0,1,0,1,133,3.3,-333.7
TS027,tshirt,2026-09-07,23,259,0.0,259,0,0,13034,1056,68,85,29,21,1,28,7,4,1,1,0,1,0,2,21,5,3.6,3,1,1,0,1,138,3.31,-212.25
TS027,tshirt,2026-09-14,24,259,0.0,259,0,0,10829,850,51,77,32,25,5,27,8,3,2,2,0,1,0,6,19,3,3.0,1,1,1,0,1,141,3.3,-433.23
TS027,tshirt,2026-09-21,25,259,0.0,259,0,1,16942,1380,93,110,42,31,4,38,16,9,2,1,0,2,2,12,22,7,2.86,1,4,2,1,1,148,3.28,-1505.58
TS028,tshirt,2025-12-22,1,249,0.0,249,0,0,8037,442,19,27,8,6,0,8,3,0,1,1,0,0,1,3,5,1,4.0,1,0,0,0,0,1,4.0,-100.67
TS028,tshirt,2025-12-29,2,249,0.0,249,0,0,7956,410,29,23,10,8,1,9,2,0,1,0,0,0,1,1,7,2,3.0,0,2,0,0,0,3,3.33,-6.22
TS028,tshirt,2026-01-05,3,249,0.0,249,0,0,6809,322,11,22,10,9,2,8,2,1,0,1,0,0,0,0,6,1,4.0,1,0,0,0,0,4,3.5,-243.36
TS028,tshirt,2026-01-12,4,249,0.0,249,0,1,10458,531,23,26,8,7,2,6,3,1,0,1,1,0,0,3,3,1,4.0,1,0,0,0,0,5,3.6,-368.4
TS028,tshirt,2026-01-19,5,249,0.0,249,0,0,4965,251,15,14,7,4,1,6,5,3,1,1,0,0,0,4,1,2,2.5,0,1,1,0,1,7,3.29,-809.41
TS028,tshirt,2026-01-26,6,249,0.0,249,0,0,5987,310,14,20,3,0,0,3,1,0,1,0,0,0,0,0,2,0,,0,0,0,0,0,7,3.29,-115.55
TS028,tshirt,2026-02-02,7,249,0.0,249,0,0,5992,257,14,14,7,6,1,6,3,1,2,0,0,0,0,3,3,1,3.0,0,1,0,0,0,8,3.25,-298.4
TS028,tshirt,2026-02-09,8,249,0.0,249,0,0,4250,216,9,13,6,5,0,6,2,0,1,0,0,1,0,1,4,1,4.0,1,0,0,0,0,9,3.33,-127.81
TS028,tshirt,2026-02-16,9,249,0.0,249,0,0,6280,310,19,16,5,4,1,4,1,1,0,0,0,0,0,1,3,1,3.0,0,1,0,0,0,10,3.3,-18.4
TS028,tshirt,2026-02-23,10,249,0.0,249,0,0,4098,194,7,12,4,3,1,3,1,0,0,1,0,0,0,1,2,1,4.0,1,0,0,0,0,11,3.36,-82.27
TS028,tshirt,2026-03-02,11,249,0.0,249,1,1,8107,390,18,25,10,4,2,8,3,0,0,3,0,0,0,2,5,0,,0,0,0,0,0,11,3.36,-343.95
TS028,tshirt,2026-03-09,12,249,0.0,249,0,0,7503,354,18,17,4,4,0,4,1,0,1,0,0,0,0,1,3,2,2.5,0,1,1,0,1,13,3.23,51.6
TS028,tshirt,2026-03-16,13,249,0.0,249,0,0,5799,263,21,14,4,3,1,3,1,0,1,0,0,0,0,1,2,0,,0,0,0,0,0,13,3.23,-82.27
TS028,tshirt,2026-03-23,14,249,0.0,249,0,0,7581,374,18,20,11,8,1,10,2,1,0,0,0,0,1,1,8,1,4.0,1,0,0,0,0,14,3.29,57.65
TS028,tshirt,2026-03-30,15,249,0.0,249,0,0,5840,280,20,17,4,3,1,3,0,0,0,0,0,0,0,0,3,2,2.5,0,1,1,1,0,16,3.19,121.6
TS028,tshirt,2026-04-06,16,249,0.0,249,0,0,8476,398,27,25,11,8,1,10,5,3,1,1,0,0,0,2,5,3,2.67,1,1,1,0,1,19,3.11,-760.5
TS028,tshirt,2026-04-13,17,249,0.0,249,0,0,6541,298,20,25,12,8,0,12,7,1,3,2,1,0,0,3,5,2,3.0,0,2,0,0,0,21,3.1,-1073.78
TS028,tshirt,2026-04-20,18,249,0.0,249,0,0,6359,296,14,14,3,2,0,3,1,0,0,1,0,0,0,0,2,1,1.0,0,0,1,0,1,22,3.0,-115.55
TS028,tshirt,2026-04-27,19,249,0.0,249,0,0,5664,252,10,13,4,4,0,4,2,0,1,0,0,1,0,0,2,1,2.0,0,0,1,0,1,23,2.96,-358.82
TS028,tshirt,2026-05-04,20,249,0.0,249,0,0,6972,310,20,17,6,5,1,5,2,2,0,0,0,0,0,2,3,1,2.0,0,0,1,0,1,24,2.92,-158.4
TS029,tshirt,2026-04-20,1,389,0.0,389,0,0,11645,743,92,76,29,21,2,27,5,3,0,2,0,0,0,3,22,1,4.0,1,0,0,0,0,1,4.0,2397.75
TS029,tshirt,2026-04-27,2,389,0.0,389,0,0,18337,1202,141,122,41,32,4,37,5,4,1,0,0,0,0,2,32,7,4.43,6,0,1,0,1,8,4.38,3716.68
TS029,tshirt,2026-05-04,3,389,0.0,389,0,0,17448,1344,151,139,57,43,6,51,9,6,1,0,1,0,1,4,42,11,4.27,9,2,0,0,0,19,4.32,4335.08
TS029,tshirt,2026-05-11,4,389,0.0,389,0,0,31095,2500,318,273,85,65,14,71,11,4,1,1,3,0,2,5,60,10,3.9,7,2,1,0,1,29,4.17,6233.57
TS029,tshirt,2026-05-18,5,389,0.0,389,0,0,13565,1087,123,118,35,28,7,28,3,1,0,1,1,0,0,2,25,7,4.57,6,1,0,0,0,36,4.25,2948.12
TS029,tshirt,2026-05-25,6,389,0.0,389,0,0,19047,1545,201,195,58,40,5,53,10,5,0,0,2,3,0,6,43,10,4.4,9,0,1,0,1,46,4.28,4565.55
TS029,tshirt,2026-06-01,7,389,0.0,389,0,0,15081,1205,126,133,45,34,4,41,8,3,1,2,2,0,0,6,33,4,4.0,3,0,1,1,0,50,4.26,3597.15
TS029,tshirt,2026-06-08,8,389,0.0,389,0,0,15751,1294,152,141,51,39,7,44,5,2,1,2,0,0,0,5,39,14,4.14,11,2,1,0,1,64,4.23,5047.89
TS029,tshirt,2026-06-15,9,389,0.0,389,0,0,19273,1510,147,165,55,34,7,48,3,1,1,0,0,1,0,2,45,7,4.57,7,0,0,0,0,71,4.27,6147.03
TS029,tshirt,2026-06-22,10,389,0.0,389,0,1,23101,1845,196,192,70,56,10,60,8,4,2,2,0,0,0,4,52,3,4.0,2,1,0,0,0,74,4.26,5935.06
TS029,tshirt,2026-06-29,11,389,0.0,389,0,0,15421,1219,140,133,39,31,3,36,5,3,0,0,0,0,2,1,31,6,4.17,6,0,0,0,0,80,4.25,3486.2
TS029,tshirt,2026-07-06,12,389,0.0,389,0,0,19825,1586,208,154,51,39,10,41,5,2,0,2,0,1,0,2,36,5,5.0,5,0,0,0,0,85,4.29,3936.46
TS029,tshirt,2026-07-13,13,389,0.0,389,0,0,17418,1356,167,163,62,46,7,55,8,4,2,1,1,0,0,6,47,10,4.4,8,2,0,0,0,95,4.31,5626.4
TS029,tshirt,2026-07-20,14,389,0.0,389,0,0,16294,1316,169,143,48,39,11,37,4,2,1,1,0,0,0,2,33,5,4.4,5,0,0,0,0,100,4.31,3667.15
TS029,tshirt,2026-07-27,15,389,0.0,389,0,0,14241,1124,136,110,46,40,13,33,2,0,1,1,0,0,0,2,31,6,4.67,5,1,0,0,0,106,4.33,3768.32
TS029,tshirt,2026-08-03,16,389,0.0,389,0,0,17340,1366,152,142,46,34,9,37,3,2,0,0,0,1,0,2,34,4,4.0,3,0,1,0,1,110,4.32,4247.63
TS029,tshirt,2026-08-10,17,389,0.0,389,0,0,13891,1103,141,137,42,30,10,32,3,1,1,0,1,0,0,3,29,8,4.5,8,0,0,0,0,118,4.33,3518.43
TS029,tshirt,2026-08-17,18,389,0.0,389,0,0,15581,1324,176,133,39,28,6,33,6,3,1,1,0,0,1,2,27,7,3.71,4,1,2,0,2,125,4.3,2496.42
TS029,tshirt,2026-08-24,19,389,0.0,389,1,0,14025,1132,125,108,31,22,3,28,4,3,0,1,0,0,0,4,24,2,3.5,1,1,0,0,0,127,4.28,3068.7
TS029,tshirt,2026-08-31,20,389,0.0,389,0,0,13014,1033,96,107,25,21,2,23,4,3,1,0,0,0,0,3,19,7,4.14,6,0,1,0,1,134,4.28,2198.44
TS029,tshirt,2026-09-07,21,389,0.0,389,0,0,12049,955,102,99,33,26,6,27,4,1,1,1,0,0,1,4,23,1,3.0,0,1,0,0,0,135,4.27,2698.76
TS029,tshirt,2026-09-14,22,389,0.0,389,0,0,16593,1272,152,150,55,39,6,49,6,3,1,2,0,0,0,4,43,11,4.45,9,2,0,0,0,146,4.28,5336.61
TS029,tshirt,2026-09-21,23,389,0.15,331,0,1,22260,2027,249,276,111,83,16,95,11,7,1,1,0,0,2,8,84,20,4.7,19,1,0,0,0,166,4.33,5713.86
TS030,tshirt,2026-02-02,1,309,0.0,309,0,0,9378,376,30,22,8,6,3,5,3,2,0,0,0,0,1,1,2,2,4.0,1,1,0,0,0,2,4.0,-644.81
TS030,tshirt,2026-02-09,2,309,0.0,309,0,0,9274,397,28,25,6,6,1,5,1,1,0,0,0,0,0,1,4,1,5.0,1,0,0,0,0,3,4.33,223.77
TS030,tshirt,2026-02-16,3,309,0.0,309,0,0,9977,486,33,42,17,13,3,14,1,0,1,0,0,0,0,1,13,2,4.5,2,0,0,0,0,5,4.4,1059.74
TS030,tshirt,2026-02-23,4,309,0.0,309,0,0,8948,434,32,30,11,10,3,8,2,0,0,0,1,1,0,2,6,3,2.67,0,2,1,0,1,8,3.75,160.65
TS030,tshirt,2026-03-02,5,309,0.0,309,1,1,12817,499,36,26,11,8,0,11,0,0,0,0,0,0,0,0,11,1,4.0,1,0,0,0,0,9,3.78,1192.85
TS030,tshirt,2026-03-09,6,309,0.0,309,0,0,7423,329,15,33,13,10,1,12,2,2,0,0,0,0,0,2,10,3,4.33,3,0,0,0,0,12,3.92,734.41
TS030,tshirt,2026-03-16,7,309,0.0,309,0,0,8534,400,23,21,7,7,1,6,2,2,0,0,0,0,0,1,4,2,4.5,2,0,0,0,0,14,4.0,-32.08
TS030,tshirt,2026-03-23,8,309,0.0,309,0,0,12279,560,49,36,14,12,0,14,4,3,1,0,0,0,0,3,10,0,,0,0,0,0,0,14,4.0,408.57
TS030,tshirt,2026-03-30,9,309,0.0,309,0,0,8907,394,24,31,12,7,3,9,5,1,1,2,1,0,0,2,4,1,4.0,1,0,0,0,0,15,4.0,-823.77
TS030,tshirt,2026-04-06,10,319,0.0,319,0,0,9447,394,33,19,5,3,1,4,0,0,0,0,0,0,0,0,4,0,,0,0,0,0,0,15,4.0,401.86
TS030,tshirt,2026-04-13,11,319,0.0,319,0,0,12697,561,52,43,13,9,2,11,4,1,1,0,0,2,0,3,7,1,3.0,0,1,0,0,0,16,3.94,9.91
TS030,tshirt,2026-04-20,12,319,0.0,319,0,0,12564,543,40,28,4,2,2,2,1,0,0,0,0,1,0,1,1,1,3.0,0,1,0,0,0,17,3.88,-162.03
TS030,tshirt,2026-04-27,13,319,0.0,319,0,0,11167,479,39,28,3,3,2,1,0,0,0,0,0,0,0,0,1,0,,0,0,0,0,0,17,3.88,-22.03
TS030,tshirt,2026-05-04,14,319,0.0,319,0,0,8070,321,28,17,4,3,1,3,1,0,0,1,0,0,0,1,2,0,,0,0,0,0,0,17,3.88,25.93
TS030,tshirt,2026-05-11,15,319,0.0,319,0,0,9973,424,36,27,10,6,1,9,2,1,0,1,0,0,0,2,7,1,2.0,0,0,1,1,0,18,3.78,475.76
TS030,tshirt,2026-05-18,16,319,0.0,319,0,0,11085,485,43,27,10,7,1,9,1,0,1,0,0,0,0,1,8,2,4.0,2,0,0,0,0,20,3.8,733.72
TS030,tshirt,2026-05-25,17,319,0.0,319,0,0,9253,372,35,25,10,7,2,8,5,3,2,0,0,0,0,3,3,1,4.0,1,0,0,0,0,21,3.81,-717.79
TS030,tshirt,2026-06-01,18,319,0.0,319,0,0,10325,418,46,31,11,10,2,9,1,0,1,0,0,0,0,0,8,1,3.0,0,1,0,0,0,22,3.77,547.88
TS030,tshirt,2026-06-08,19,319,0.0,319,0,0,10629,436,29,24,8,5,0,8,3,2,0,1,0,0,0,2,5,0,,0,0,0,0,0,22,3.77,53.98
TS030,tshirt,2026-06-15,20,319,0.0,319,0,0,9436,399,33,25,8,5,0,8,2,1,0,0,1,0,0,1,6,0,,0,0,0,0,0,22,3.77,311.95
TS030,tshirt,2026-06-22,21,319,0.1,287,0,1,9768,477,32,32,12,7,0,12,2,1,0,1,0,0,0,0,10,1,2.0,0,0,1,0,1,23,3.7,363.2
TS030,tshirt,2026-06-29,22,319,0.0,319,0,0,11324,464,33,34,14,12,4,10,3,0,2,1,0,0,0,3,7,2,2.5,0,1,1,0,1,25,3.6,125.76
TS030,tshirt,2026-07-06,23,319,0.0,319,0,0,10100,370,30,25,8,5,0,8,2,2,0,0,0,0,0,2,6,1,3.0,0,1,0,0,0,26,3.58,427.79
TS030,tshirt,2026-07-13,24,319,0.0,319,0,0,6116,242,22,13,1,1,0,1,1,1,0,0,0,0,0,1,0,0,,0,0,0,0,0,26,3.58,-140.0
TS030,tshirt,2026-07-20,25,319,0.0,319,0,0,6797,239,18,17,5,4,0,5,0,0,0,0,0,0,0,0,5,0,,0,0,0,0,0,26,3.58,589.83
TS030,tshirt,2026-07-27,26,319,0.0,319,0,0,7765,296,26,23,6,5,1,5,2,2,0,0,0,0,0,2,3,0,,0,0,0,0,0,26,3.58,3.9
TS030,tshirt,2026-08-03,27,319,0.0,319,0,0,5599,193,14,12,3,3,1,2,2,1,1,0,0,0,0,2,0,0,,0,0,0,0,0,26,3.58,-350.0
TS030,tshirt,2026-08-10,28,319,0.0,319,0,0,5376,193,12,18,6,4,1,5,0,0,0,0,0,0,0,0,5,1,4.0,1,0,0,0,0,27,3.59,519.83
TS030,tshirt,2026-08-17,29,319,0.0,319,0,0,6787,264,16,21,7,3,1,6,2,1,1,0,0,0,0,1,4,0,,0,0,0,0,0,27,3.59,6.02
TS030,tshirt,2026-08-24,30,309,0.0,309,1,0,6160,242,22,14,2,2,2,0,0,0,0,0,0,0,0,0,0,0,,0,0,0,0,0,27,3.59,-140.0
TS030,tshirt,2026-08-31,31,309,0.0,309,0,0,5994,218,21,17,4,4,0,4,2,1,1,0,0,0,0,2,2,1,2.0,0,0,1,0,1,28,3.54,-63.12
TS030,tshirt,2026-09-07,32,309,0.0,309,0,0,6530,268,20,21,8,5,2,6,1,1,0,0,0,0,0,1,5,2,4.5,2,0,0,0,0,30,3.6,262.21
TS030,tshirt,2026-09-14,33,309,0.0,309,0,0,7222,292,22,26,6,5,2,4,2,1,0,0,1,0,0,2,2,1,3.0,0,1,0,0,0,31,3.58,-203.12
TS030,tshirt,2026-09-21,34,309,0.1,278,0,1,9683,452,34,40,15,10,2,13,7,3,2,0,1,0,1,2,6,0,,0,0,0,0,0,31,3.58,-1225.72
TS031,tshirt,2026-05-11,1,229,0.0,229,0,0,15291,750,45,72,33,23,5,28,9,2,1,3,0,1,2,6,19,4,3.75,2,2,0,0,0,4,3.75,-933.89
TS031,tshirt,2026-05-18,2,229,0.0,229,0,0,21006,1060,67,76,35,19,3,32,12,3,4,3,0,2,0,9,20,4,3.0,1,2,1,0,1,8,3.38,-1162.96
TS031,tshirt,2026-05-25,3,229,0.0,229,0,0,15191,652,39,57,31,18,4,27,12,3,2,4,1,1,1,9,15,4,3.5,3,0,1,0,1,12,3.42,-1487.6
TS031,tshirt,2026-06-01,4,229,0.0,229,0,0,17500,763,48,66,29,18,2,27,12,3,4,0,1,3,1,9,15,4,3.25,2,1,1,0,1,16,3.38,-1347.6
TS031,tshirt,2026-06-08,5,229,0.0,229,0,0,7638,351,14,32,22,11,5,17,7,2,2,2,0,0,1,5,10,5,3.4,3,1,1,0,1,21,3.38,-1015.07
TS031,tshirt,2026-06-15,6,229,0.0,229,0,0,12104,582,39,45,17,8,2,15,6,3,1,0,1,1,0,5,9,3,2.33,0,1,2,0,2,24,3.25,-618.82
TS031,tshirt,2026-06-22,7,229,0.0,229,0,1,13984,606,36,50,22,17,5,17,5,2,3,0,0,0,0,4,12,4,3.0,2,1,1,0,1,28,3.21,-536.04
TS031,tshirt,2026-06-29,8,229,0.0,229,0,0,8848,388,17,31,13,11,2,11,7,3,2,2,0,0,0,6,4,0,,0,0,0,0,0,28,3.21,-1013.46
TS031,tshirt,2026-07-06,9,229,0.0,229,0,0,6849,310,24,26,14,9,3,11,3,0,1,1,0,1,0,2,8,1,5.0,1,0,0,0,0,29,3.28,-319.75
TS031,tshirt,2026-07-13,10,229,0.0,229,0,0,8726,407,27,23,14,10,3,11,4,4,0,0,0,0,0,2,7,3,3.33,1,2,0,0,0,32,3.28,-607.85
TS031,tshirt,2026-07-20,11,229,0.0,229,0,0,8219,374,33,31,11,6,1,10,4,1,0,1,1,0,1,2,6,2,2.5,0,1,1,0,1,34,3.24,-518.77
TS031,tshirt,2026-07-27,12,229,0.0,229,0,0,9028,402,25,26,8,4,1,7,4,2,1,0,0,1,0,1,3,2,4.0,2,0,0,0,0,36,3.28,-768.72
TS031,tshirt,2026-08-03,13,229,0.0,229,0,0,7135,336,23,40,19,14,3,16,10,2,5,1,0,1,1,8,6,4,2.75,1,1,2,1,1,40,3.23,-1498.77
TS031,tshirt,2026-08-10,14,229,0.0,229,0,0,8011,364,23,26,14,8,1,13,7,4,0,3,0,0,0,5,6,4,2.5,1,1,2,1,1,44,3.16,-938.77
TS032,tshirt,2026-04-06,1,289,0.0,289,0,0,13856,660,59,60,24,19,1,23,6,1,1,1,1,1,1,6,17,6,3.67,3,2,1,0,1,6,3.67,50.49
TS032,tshirt,2026-04-13,2,289,0.0,289,0,0,21736,1016,85,95,35,31,5,30,1,0,0,1,0,0,0,0,29,5,4.8,5,0,0,0,0,11,4.18,999.75
TS032,tshirt,2026-04-20,3,289,0.0,289,0,0,19765,1120,94,102,34,24,3,31,10,4,1,3,0,1,1,8,21,4,3.5,2,1,1,1,0,15,4.0,-720.99
TS032,tshirt,2026-04-27,4,289,0.0,289,0,0,18009,1015,75,96,34,21,1,33,4,3,0,0,1,0,0,2,29,2,3.5,1,1,0,0,0,17,3.94,711.01
TS032,tshirt,2026-05-04,5,289,0.0,289,0,0,10722,555,39,57,29,19,1,28,4,3,1,0,0,0,0,2,24,2,3.5,1,1,0,0,0,19,3.89,428.51
TS032,tshirt,2026-05-11,6,289,0.0,289,0,0,11822,627,51,52,21,15,5,16,3,2,0,0,0,1,0,3,13,3,3.67,2,0,1,0,1,22,3.86,-35.51
TS032,tshirt,2026-05-18,7,289,0.0,289,0,0,14286,714,65,55,22,16,3,19,6,1,2,2,0,0,1,4,13,3,4.33,3,0,0,0,0,25,3.92,-612.98
TS032,tshirt,2026-05-25,8,289,0.0,289,0,0,16548,917,77,96,37,23,5,32,6,3,2,0,1,0,0,5,26,6,3.83,5,1,0,0,0,31,3.9,130.25
TS032,tshirt,2026-06-01,9,289,0.0,289,0,0,12554,681,56,67,27,19,2,25,3,2,0,1,0,0,0,3,22,2,4.0,1,1,0,0,0,33,3.91,682.99
TS032,tshirt,2026-06-08,10,289,0.0,289,0,0,14659,776,65,70,26,15,1,25,5,3,2,0,0,0,0,4,20,5,4.2,4,1,0,0,0,38,3.95,211.25
TS032,tshirt,2026-06-15,11,289,0.0,289,0,0,11655,649,53,60,14,12,3,11,4,2,1,1,0,0,0,3,7,1,2.0,0,0,1,0,1,39,3.9,-523.24
TS032,tshirt,2026-06-22,12,289,0.0,289,0,1,17002,928,76,97,30,19,5,25,5,1,1,2,1,0,0,3,20,5,4.2,4,1,0,0,0,44,3.93,-217.49
TS032,tshirt,2026-06-29,13,289,0.0,289,0,0,13869,746,61,76,25,14,2,23,6,4,1,1,0,0,0,3,17,1,4.0,1,0,0,0,0,45,3.93,-465.73
TS032,tshirt,2026-07-06,14,289,0.0,289,0,0,12529,675,56,66,24,12,4,20,3,3,0,0,0,0,0,1,17,4,4.0,3,1,0,0,0,49,3.94,-36.99
TS032,tshirt,2026-07-13,15,289,0.0,289,0,0,12511,722,62,55,19,14,2,17,4,3,1,0,0,0,0,3,13,4,3.75,3,1,0,0,0,53,3.92,-114.25
TS032,tshirt,2026-07-20,16,289,0.0,289,0,0,8484,462,51,40,21,11,3,18,3,0,2,0,0,0,1,1,15,1,3.0,0,1,0,0,0,54,3.91,-79.99
TS032,tshirt,2026-07-27,17,289,0.0,289,0,0,12114,627,52,61,34,23,4,30,6,3,1,1,0,0,1,5,24,5,3.6,3,2,0,0,0,59,3.88,87.25
TS032,tshirt,2026-08-03,18,289,0.0,289,0,0,11779,639,48,64,24,15,4,20,5,2,2,0,1,0,0,5,15,1,3.0,0,1,0,0,0,60,3.87,-132.51
TS032,tshirt,2026-08-10,19,289,0.0,289,0,0,9993,542,49,58,20,15,2,18,3,2,1,0,0,0,0,3,15,2,5.0,2,0,0,0,0,62,3.9,287.49
TS032,tshirt,2026-08-17,20,289,0.0,289,0,0,12707,668,51,74,31,23,2,29,6,4,1,1,0,0,0,4,23,4,3.75,2,2,0,0,0,66,3.89,22.01
TS032,tshirt,2026-08-24,21,289,0.0,289,1,0,11316,600,61,60,16,11,0,16,6,3,1,1,1,0,0,4,10,5,3.2,3,0,2,0,2,71,3.85,-572.48
TS032,tshirt,2026-08-31,22,289,0.0,289,0,0,8761,471,39,45,12,6,0,12,2,1,0,0,1,0,0,2,10,4,3.25,2,1,1,0,1,75,3.81,284.99
TS032,tshirt,2026-09-07,23,289,0.0,289,0,0,9282,468,38,66,19,17,2,17,2,0,2,0,0,0,0,2,15,0,,0,0,0,0,0,75,3.81,427.49
TS032,tshirt,2026-09-14,24,289,0.0,289,0,0,11039,557,58,53,21,15,2,19,4,1,1,1,0,0,1,3,15,2,4.5,2,0,0,0,0,77,3.83,-1.25
TS032,tshirt,2026-09-21,25,289,0.0,289,0,1,12165,628,54,52,23,19,4,19,4,1,1,1,1,0,0,3,15,5,4.0,4,0,1,1,0,82,3.84,-141.25
TS033,tshirt,2026-05-25,1,319,0.0,319,0,0,13254,284,18,13,2,2,0,2,1,0,1,0,0,0,0,0,1,0,,0,0,0,0,0,0,,-122.86
TS033,tshirt,2026-06-01,2,319,0.0,319,0,0,6792,159,14,8,5,4,1,4,1,0,0,1,0,0,0,0,3,0,,0,0,0,0,0,0,,58.1
TS033,tshirt,2026-06-08,3,319,0.0,319,0,0,5075,104,4,3,0,0,0,0,0,0,0,0,0,0,0,0,0,0,,0,0,0,0,0,0,,0.0
TS033,tshirt,2026-06-15,4,319,0.0,319,0,0,4693,118,5,3,1,1,1,0,0,0,0,0,0,0,0,0,0,0,,0,0,0,0,0,0,,-70.0
TS033,tshirt,2026-06-22,5,319,0.2,255,0,1,4918,155,2,12,5,1,1,4,1,1,0,0,0,0,0,1,3,1,4.0,1,0,0,0,0,1,4.0,-16.43
TS033,tshirt,2026-06-29,6,319,0.0,319,0,0,5441,138,10,4,0,0,0,0,0,0,0,0,0,0,0,0,0,0,,0,0,0,0,0,1,4.0,0.0
TS033,tshirt,2026-07-06,7,319,0.0,319,0,0,3618,79,5,3,0,0,0,0,0,0,0,0,0,0,0,0,0,0,,0,0,0,0,0,1,4.0,0.0
TS033,tshirt,2026-07-13,8,319,0.0,319,0,0,4375,88,2,3,2,2,0,2,0,0,0,0,0,0,0,0,2,0,,0,0,0,0,0,1,4.0,250.95
TS033,tshirt,2026-07-20,9,319,0.0,319,0,0,4119,93,12,4,1,0,0,1,0,0,0,0,0,0,0,0,1,0,,0,0,0,0,0,1,4.0,125.48
TS033,tshirt,2026-07-27,10,319,0.0,319,0,0,3968,98,6,3,0,0,0,0,0,0,0,0,0,0,0,0,0,0,,0,0,0,0,0,1,4.0,0.0
TS034,tshirt,2026-07-13,1,289,0.0,289,0,0,11631,362,22,16,7,5,0,7,3,1,2,0,0,0,0,3,4,2,3.5,1,0,1,0,1,2,3.5,-48.88
TS034,tshirt,2026-07-20,2,289,0.0,289,0,0,7987,208,17,12,4,2,0,4,2,0,0,1,0,0,1,1,2,0,,0,0,0,0,0,2,3.5,-206.9
TS034,tshirt,2026-07-27,3,289,0.0,289,0,0,7133,190,17,9,2,1,0,2,0,0,0,0,0,0,0,0,2,1,3.0,0,1,0,0,0,3,3.33,185.56
TS034,tshirt,2026-08-03,4,289,0.0,289,0,0,5813,137,12,7,3,3,0,3,0,0,0,0,0,0,0,0,3,0,,0,0,0,0,0,3,3.33,278.34
TS034,tshirt,2026-08-10,5,289,0.0,289,0,0,4933,140,11,8,3,1,0,3,1,1,0,0,0,0,0,1,2,0,,0,0,0,0,0,3,3.33,45.56
TS034,tshirt,2026-08-17,6,289,0.0,289,0,0,4652,129,15,6,0,0,0,0,0,0,0,0,0,0,0,0,0,0,,0,0,0,0,0,3,3.33,0.0
TS034,tshirt,2026-08-24,7,289,0.0,289,1,0,4118,111,9,9,3,2,0,3,0,0,0,0,0,0,0,0,3,2,4.0,2,0,0,0,0,5,3.6,278.34
TS034,tshirt,2026-08-31,8,329,0.0,329,0,0,5054,123,12,4,1,1,0,1,0,0,0,0,0,0,0,0,1,0,,0,0,0,0,0,5,3.6,130.87
TS034,tshirt,2026-09-07,9,329,0.0,329,0,0,3767,93,6,3,0,0,0,0,0,0,0,0,0,0,0,0,0,0,,0,0,0,0,0,5,3.6,0.0
TS034,tshirt,2026-09-14,10,329,0.0,329,0,0,4693,120,9,7,0,0,0,0,0,0,0,0,0,0,0,0,0,0,,0,0,0,0,0,5,3.6,0.0
TS034,tshirt,2026-09-21,11,329,0.15,280,0,1,6764,198,15,14,3,2,1,2,1,1,0,0,0,0,0,1,1,0,,0,0,0,0,0,5,3.6,-125.79
TS035,tshirt,2025-09-08,1,279,0.0,279,0,0,9773,904,85,137,67,53,9,58,3,1,0,0,1,0,1,2,55,5,4.8,5,0,0,0,0,5,4.8,2147.28
TS035,tshirt,2025-09-15,2,279,0.0,279,0,0,38440,5133,515,818,388,288,48,340,51,24,7,7,4,4,5,34,289,46,4.15,36,9,1,0,1,51,4.22,4713.13
TS035,tshirt,2025-09-22,3,329,0.0,329,1,1,34798,3625,385,534,198,126,20,178,22,10,6,5,0,0,1,16,156,40,4.33,32,7,1,0,1,91,4.26,11589.72
TS035,tshirt,2025-09-29,4,329,0.0,329,1,1,30846,3122,303,430,196,135,26,170,29,16,2,2,4,2,3,20,141,30,4.4,24,6,0,0,0,121,4.3,8161.23
TS035,tshirt,2025-10-06,5,329,0.0,329,1,1,30565,3176,368,455,220,147,28,192,26,11,1,3,2,6,3,21,166,30,4.33,24,5,1,1,0,151,4.3,11686.93
TS035,tshirt,2025-10-13,6,329,0.0,329,1,0,25640,2635,280,405,165,112,18,147,23,10,1,4,1,4,3,17,124,20,4.3,16,3,1,0,1,171,4.3,8127.06
TS035,tshirt,2025-10-20,7,329,0.0,329,1,0,24310,2570,243,343,148,109,17,131,23,14,1,4,1,1,2,20,108,19,4.53,16,3,0,0,0,190,4.33,6871.11
TS035,tshirt,2025-10-27,8,329,0.0,329,0,0,20604,2201,234,364,145,104,18,127,17,10,1,2,0,2,2,16,110,12,3.92,9,3,0,0,0,202,4.3,8127.77
TS035,tshirt,2025-11-03,9,329,0.0,329,0,0,20751,2119,200,307,137,99,14,123,18,6,3,2,1,4,2,15,105,19,4.47,18,1,0,0,0,221,4.32,7456.48
TS035,tshirt,2025-11-10,10,329,0.0,329,0,0,15174,1618,180,252,106,76,7,99,13,5,3,2,0,1,2,8,86,15,4.27,14,0,1,0,1,236,4.31,6320.28
TS035,tshirt,2025-11-17,11,329,0.0,329,0,0,23783,2518,229,337,128,103,17,111,15,10,1,1,2,0,1,9,96,19,4.53,17,2,0,0,0,255,4.33,6287.23
TS035,tshirt,2025-11-24,12,329,0.0,329,0,0,15193,1520,158,209,89,66,13,76,10,4,2,3,1,0,0,5,66,9,4.22,6,3,0,0,0,264,4.33,4156.11
TS035,tshirt,2025-12-01,13,329,0.0,329,0,0,14507,1545,133,217,81,59,17,64,7,3,2,2,0,0,0,4,57,9,4.22,7,2,0,0,0,273,4.32,3592.49
TS035,tshirt,2025-12-08,14,329,0.0,329,0,0,17688,1846,189,276,111,68,13,98,15,11,2,1,1,0,0,10,83,10,4.4,9,1,0,0,0,283,4.33,5295.65
TS035,tshirt,2025-12-15,15,329,0.0,329,0,0,14676,1544,153,203,86,60,9,77,9,3,0,2,1,1,2,7,68,14,4.5,13,1,0,0,0,297,4.33,5197.91
TS035,tshirt,2025-12-22,16,329,0.0,329,0,0,13795,1476,152,210,75,54,6,69,15,10,1,1,2,1,0,8,54,16,4.19,12,2,2,1,1,313,4.33,2377.36
TS035,tshirt,2025-12-29,17,329,0.0,329,0,0,19125,1973,198,286,115,83,12,103,16,8,2,1,1,1,3,12,87,15,4.33,14,0,1,1,0,328,4.33,5793.61
TS035,tshirt,2026-01-05,18,329,0.0,329,0,0,13265,1375,167,195,77,47,13,64,4,4,0,0,0,0,0,2,60,10,4.4,9,1,0,0,0,338,4.33,4752.24
TS035,tshirt,2026-01-12,19,329,0.0,329,0,1,13140,1301,145,199,74,57,10,64,7,1,3,2,0,0,1,5,57,7,4.57,7,0,0,0,0,345,4.33,4217.62
TS035,tshirt,2026-01-19,20,329,0.0,329,0,0,11961,1205,125,166,70,53,14,56,10,7,1,0,0,2,0,8,46,6,4.17,5,0,1,0,1,351,4.33,2327.33
TS035,tshirt,2026-01-26,21,329,0.0,329,0,0,16174,1695,161,231,99,71,13,86,11,6,1,2,1,1,0,5,75,12,4.25,10,2,0,0,0,363,4.33,4854.86
TS035,tshirt,2026-02-02,22,329,0.0,329,0,0,20134,2135,223,315,134,93,25,109,12,3,2,3,2,0,2,10,97,12,4.17,10,1,1,1,0,375,4.32,6795.94
TS035,tshirt,2026-02-09,23,329,0.0,329,0,0,17957,1881,200,264,100,76,8,92,10,3,1,3,1,1,1,8,82,12,4.17,9,2,1,0,1,387,4.32,6642.82
TS035,tshirt,2026-02-16,24,329,0.0,329,0,0,15076,1509,161,218,87,63,14,73,10,10,0,0,0,0,0,5,63,13,4.46,11,2,0,0,0,400,4.32,3761.49
TS035,tshirt,2026-02-23,25,329,0.0,329,0,0,14117,1416,171,231,96,64,8,88,14,7,1,3,1,1,1,10,74,19,4.32,16,3,0,0,0,419,4.32,4946.9
TS035,tshirt,2026-03-02,26,329,0.15,280,1,1,29094,3492,337,568,307,215,34,273,41,25,5,6,0,2,3,28,232,42,4.26,32,10,0,0,0,461,4.32,4401.0
TS035,tshirt,2026-03-09,27,329,0.0,329,0,0,16901,1748,188,259,100,68,15,85,12,5,3,1,3,0,0,5,73,16,4.62,16,0,0,0,0,477,4.33,4223.32
TS035,tshirt,2026-03-16,28,329,0.0,329,0,0,17209,1760,162,223,80,63,8,72,9,6,0,2,0,0,1,7,63,14,4.07,10,4,0,0,0,491,4.32,4726.86
TS035,tshirt,2026-03-23,29,329,0.0,329,0,0,19977,2033,244,269,95,65,13,82,14,6,1,1,1,3,2,12,68,7,4.14,5,1,1,0,1,498,4.32,4217.91
TS035,tshirt,2026-03-30,30,329,0.0,329,0,0,22395,2287,227,354,137,93,19,118,19,9,5,2,2,1,0,12,99,20,4.55,19,1,0,0,0,518,4.33,5776.73
TS035,tshirt,2026-04-06,31,329,0.0,329,0,0,23050,2377,252,330,124,86,17,107,16,6,0,1,2,1,6,11,91,18,4.33,18,0,0,0,0,536,4.33,5741.32
TS035,tshirt,2026-04-13,32,329,0.0,329,0,0,21852,2288,244,353,141,92,13,128,22,6,4,6,1,2,3,14,106,22,3.91,15,5,2,1,1,558,4.31,6399.06
TS035,tshirt,2026-04-20,33,329,0.0,329,0,0,20712,2034,221,285,111,74,17,94,10,3,4,1,0,1,1,9,84,16,4.12,13,2,1,1,0,574,4.3,6364.36
TS035,tshirt,2026-04-27,34,329,0.0,329,0,0,20348,2068,206,308,126,93,13,113,23,14,1,4,1,1,2,13,90,20,4.15,15,3,2,0,2,594,4.3,4257.48
TS035,tshirt,2026-05-04,35,329,0.0,329,0,0,25033,2528,259,360,152,111,22,130,17,13,3,1,0,0,0,15,113,26,4.12,19,5,2,0,2,620,4.29,8037.27
TS035,tshirt,2026-05-11,36,329,0.0,329,0,0,29077,2991,282,425,181,128,21,160,24,10,7,3,2,2,0,15,136,26,4.15,19,6,1,0,1,646,4.29,8670.18
TS035,tshirt,2026-05-18,37,329,0.0,329,0,0,25693,2538,273,346,147,103,17,130,18,8,2,3,2,2,1,13,112,14,4.57,13,1,0,0,0,660,4.29,7733.69
TS035,tshirt,2026-05-25,38,329,0.0,329,0,0,25434,2581,266,393,172,134,34,138,16,8,2,2,0,0,4,9,122,20,4.05,16,2,2,1,1,680,4.29,7635.52
TS035,tshirt,2026-06-01,39,329,0.0,329,0,0,19583,1879,180,248,90,67,12,78,14,5,4,2,0,3,0,7,64,15,3.47,6,5,4,1,3,695,4.27,3179.45
TS035,tshirt,2026-06-08,40,329,0.0,329,0,0,20735,2066,207,307,129,84,12,117,14,8,2,3,0,1,0,12,103,17,4.06,14,2,1,1,0,712,4.26,8075.19
TS035,tshirt,2026-06-15,41,329,0.0,329,0,0,27017,2679,269,357,157,105,19,138,12,4,2,1,0,3,2,6,126,17,4.71,16,1,0,0,0,729,4.27,9813.48
TS035,tshirt,2026-06-22,42,329,0.15,280,0,1,27202,3169,314,513,242,157,25,217,24,8,5,3,2,2,4,15,193,35,4.37,29,5,1,0,1,764,4.28,5551.38
TS035,tshirt,2026-06-29,43,329,0.0,329,0,0,29798,2989,313,403,166,121,19,147,16,12,2,1,0,1,0,9,131,19,4.42,15,4,0,0,0,783,4.28,9659.39
TS035,tshirt,2026-07-06,44,329,0.0,329,0,0,16094,1595,133,227,96,68,12,84,11,4,1,2,3,0,1,9,73,14,4.57,12,2,0,0,0,797,4.29,5248.95
TS035,tshirt,2026-07-13,45,329,0.0,329,0,0,17443,1703,170,245,100,73,7,93,12,7,1,2,0,0,2,8,81,13,4.15,11,1,1,0,1,810,4.28,6054.36
TS035,tshirt,2026-07-20,46,329,0.0,329,0,0,23951,2467,274,362,136,95,12,124,13,6,1,2,0,2,2,7,111,18,4.22,15,3,0,0,0,828,4.28,8540.36
TS035,tshirt,2026-07-27,47,329,0.0,329,0,0,18445,1873,189,255,102,74,14,88,13,11,1,1,0,0,0,9,75,12,4.5,10,2,0,0,0,840,4.29,4775.11
TS035,tshirt,2026-08-03,48,329,0.0,329,0,0,14743,1466,147,194,71,50,10,61,8,3,3,0,1,0,1,5,53,12,4.0,10,1,1,0,1,852,4.28,3509.66
TS035,tshirt,2026-08-10,49,329,0.0,329,0,0,20793,2049,238,298,131,94,19,112,21,11,1,4,2,0,3,15,91,21,4.29,16,4,1,0,1,873,4.28,4766.19
TS035,tshirt,2026-08-17,50,329,0.0,329,0,0,21373,2056,234,316,112,89,23,89,20,12,3,2,1,1,1,12,69,8,4.38,7,0,1,0,1,881,4.28,1975.36
TS035,tshirt,2026-08-24,51,329,0.0,329,1,0,21650,2211,246,313,124,97,17,107,19,9,2,2,1,3,2,11,88,17,4.59,17,0,0,0,0,898,4.29,4591.32
TS035,tshirt,2026-08-31,52,329,0.0,329,0,0,17179,1690,177,260,94,77,13,81,7,4,0,1,1,1,0,7,74,17,4.29,15,1,1,0,1,915,4.29,6117.4
TS035,tshirt,2026-09-07,53,329,0.0,329,0,0,18632,1912,208,256,100,70,10,90,16,9,1,2,1,0,3,12,74,10,4.7,9,1,0,0,0,925,4.29,4526.9
TS035,tshirt,2026-09-14,54,329,0.0,329,0,0,19071,1882,203,252,90,60,7,83,10,2,1,1,0,3,3,7,73,14,4.5,13,1,0,0,0,939,4.3,5603.82
TS035,tshirt,2026-09-21,55,329,0.0,329,0,1,21889,2152,227,307,117,81,13,104,17,9,3,1,0,0,4,15,87,12,4.17,10,2,0,0,0,951,4.29,5853.86
TS036,tshirt,2026-03-02,1,399,0.0,399,1,1,21840,898,137,86,23,16,4,19,2,1,1,0,0,0,0,2,17,5,4.4,4,1,0,0,0,5,4.4,1787.66
TS036,tshirt,2026-03-09,2,399,0.0,399,0,0,19715,1026,131,93,24,18,3,21,3,1,1,0,0,1,0,2,18,3,3.33,1,2,0,0,0,8,4.0,1683.86
TS036,tshirt,2026-03-16,3,399,0.0,399,0,0,10469,488,55,40,13,9,3,10,1,1,0,0,0,0,0,0,9,1,5.0,1,0,0,0,0,9,4.11,720.98
TS036,tshirt,2026-03-23,4,399,0.0,399,0,0,11299,564,81,61,19,12,4,15,4,0,1,2,1,0,0,3,11,2,3.0,1,0,1,0,1,11,3.91,507.17
TS036,tshirt,2026-03-30,5,399,0.0,399,0,0,8260,376,47,40,12,10,1,11,2,2,0,0,0,0,0,2,9,1,5.0,1,0,0,0,0,12,4.0,892.88
TS036,tshirt,2026-04-06,6,399,0.0,399,0,0,11164,507,65,55,19,13,2,17,3,2,0,0,0,0,1,3,14,5,4.6,5,0,0,0,0,17,4.18,1373.37
TS036,tshirt,2026-04-13,7,399,0.0,399,0,0,13380,701,84,66,17,14,2,15,3,1,1,0,0,0,1,0,12,1,4.0,1,0,0,0,0,18,4.17,581.47
TS036,tshirt,2026-04-20,8,399,0.0,399,0,0,11610,625,83,74,20,17,2,18,4,1,1,0,0,1,1,2,14,6,4.67,6,0,0,0,0,24,4.29,889.57
TS036,tshirt,2026-04-27,9,399,0.0,399,0,0,18855,1055,116,90,29,21,6,23,6,3,1,1,0,0,1,3,17,5,4.6,5,0,0,0,0,29,4.34,571.96
TS036,tshirt,2026-05-04,10,399,0.0,399,0,0,16372,974,131,113,34,23,4,30,0,0,0,0,0,0,0,0,30,5,4.8,5,0,0,0,0,34,4.41,3862.94
TS036,tshirt,2026-05-11,11,399,0.0,399,0,0,13957,804,102,82,21,15,2,19,1,0,1,0,0,0,0,1,18,3,4.0,2,1,0,0,0,37,4.38,2205.76
TS036,tshirt,2026-05-18,12,399,0.0,399,0,0,20940,1184,125,115,29,23,2,27,1,1,0,0,0,0,0,0,26,4,4.0,3,0,1,1,0,41,4.34,3138.64
TS036,tshirt,2026-05-25,13,399,0.0,399,0,0,13590,794,99,91,22,17,2,20,3,0,1,0,0,1,1,1,17,4,4.5,4,0,0,0,0,45,4.36,1443.86
TS036,tshirt,2026-06-01,14,399,0.0,399,0,0,14915,872,117,89,30,25,4,26,5,1,2,1,0,0,1,3,21,2,4.5,2,0,0,0,0,47,4.36,1576.25
TS036,tshirt,2026-06-08,15,399,0.0,399,0,0,15281,909,103,101,38,26,6,32,7,6,0,0,0,1,0,5,25,7,4.43,6,1,0,0,0,54,4.37,1708.64
TS036,tshirt,2026-06-15,16,399,0.0,399,0,0,16432,958,119,102,31,23,3,28,5,4,0,0,0,1,0,5,23,3,5.0,3,0,0,0,0,57,4.4,2266.25
TS036,tshirt,2026-06-22,17,399,0.0,399,0,1,26472,1458,174,130,32,23,6,26,3,1,1,0,1,0,0,1,23,4,4.5,4,0,0,0,0,61,4.41,1992.45
TS036,tshirt,2026-06-29,18,399,0.0,399,0,0,16136,959,105,98,33,25,4,29,6,2,2,0,1,0,1,5,23,6,4.33,5,1,0,0,0,67,4.4,1884.35
TS036,tshirt,2026-07-06,19,399,0.0,399,0,0,11475,663,69,66,15,12,2,13,1,0,0,0,1,0,0,1,12,2,5.0,2,0,0,0,0,69,4.42,1377.17
TS036,tshirt,2026-07-13,20,399,0.0,399,0,0,12464,741,84,63,20,16,3,17,3,2,0,0,1,0,0,2,14,1,5.0,1,0,0,0,0,70,4.43,1131.47
TS036,tshirt,2026-07-20,21,399,0.0,399,0,0,11133,624,61,69,20,17,1,19,2,1,1,0,0,0,0,1,17,0,,0,0,0,0,0,70,4.43,1825.76
TS036,tshirt,2026-07-27,22,399,0.0,399,0,0,13436,723,95,74,24,21,3,21,1,0,0,0,1,0,0,1,20,1,5.0,1,0,0,0,0,71,4.44,2411.96
TS036,tshirt,2026-08-03,23,399,0.0,399,0,0,10907,633,71,57,10,9,0,10,3,2,0,0,0,1,0,3,7,2,3.5,1,1,0,0,0,73,4.41,546.68
TS036,tshirt,2026-08-10,24,399,0.0,399,0,0,10996,624,84,54,17,12,3,14,0,0,0,0,0,0,0,0,14,3,5.0,3,0,0,0,0,76,4.43,1723.37
TS036,tshirt,2026-08-17,25,399,0.0,399,0,0,13065,754,106,82,29,22,4,25,5,4,0,0,0,0,1,3,20,4,5.0,4,0,0,0,0,80,4.46,1438.15
TS036,tshirt,2026-08-24,26,399,0.0,399,1,0,20412,1144,139,112,34,30,7,27,2,0,1,1,0,0,0,1,25,10,4.7,10,0,0,0,0,90,4.49,2510.54
TS036,tshirt,2026-08-31,27,399,0.0,399,0,0,15236,900,98,87,25,19,4,21,1,0,0,0,1,0,0,1,20,2,3.5,1,1,0,0,0,92,4.47,2341.96
TS036,tshirt,2026-09-07,28,399,0.0,399,0,0,14299,821,88,70,18,11,2,16,2,1,0,1,0,0,0,2,14,6,4.33,5,0,1,0,1,98,4.46,1513.37
TS036,tshirt,2026-09-14,29,399,0.0,399,0,0,14635,871,92,74,24,16,2,22,1,0,1,0,0,0,0,0,21,4,4.25,4,0,0,0,0,102,4.45,2448.15
TS036,tshirt,2026-09-21,30,399,0.0,399,0,1,19210,1137,141,102,38,23,4,34,5,4,0,0,0,1,0,4,29,3,5.0,3,0,0,0,0,105,4.47,2852.94
TS037,tshirt,2026-01-12,1,329,0.0,329,0,1,10769,298,20,11,5,3,2,3,1,1,0,0,0,0,0,0,2,1,4.0,1,0,0,0,0,1,4.0,-163.35
TS037,tshirt,2026-01-19,2,329,0.0,329,0,0,5579,165,16,9,1,1,0,1,0,0,0,0,0,0,0,0,1,0,,0,0,0,0,0,1,4.0,119.99
TS037,tshirt,2026-01-26,3,329,0.0,329,0,0,5053,140,11,9,3,1,0,3,1,0,1,0,0,0,0,0,2,1,4.0,1,0,0,0,0,2,4.0,-23.35
TS037,tshirt,2026-02-02,4,329,0.0,329,0,0,4951,140,12,8,2,1,0,2,1,0,0,1,0,0,0,1,1,1,4.0,1,0,0,0,0,3,4.0,-20.01
TS037,tshirt,2026-02-09,5,329,0.0,329,0,0,5739,175,13,8,1,1,0,1,1,1,0,0,0,0,0,1,0,0,,0,0,0,0,0,3,4.0,-140.0
TS037,tshirt,2026-02-16,6,329,0.0,329,0,0,4901,143,9,4,2,1,0,2,0,0,0,0,0,0,0,0,2,1,3.0,0,1,0,0,0,4,3.75,239.99
TS037,tshirt,2026-02-23,7,329,0.0,329,0,0,4785,111,8,3,1,1,1,0,0,0,0,0,0,0,0,0,0,0,,0,0,0,0,0,4,3.75,-70.0
TS037,tshirt,2026-03-02,8,329,0.1,296,1,1,8893,260,18,12,5,4,0,5,3,1,1,1,0,0,0,3,2,0,,0,0,0,0,0,4,3.75,-242.87
TS037,tshirt,2026-03-09,9,329,0.0,329,0,0,5692,138,16,3,2,1,0,2,0,0,0,0,0,0,0,0,2,0,,0,0,0,0,0,4,3.75,239.99
TS037,tshirt,2026-03-16,10,329,0.0,329,0,0,4932,133,3,5,1,1,0,1,0,0,0,0,0,0,0,0,1,0,,0,0,0,0,0,4,3.75,119.99
TS037,tshirt,2026-03-23,11,329,0.0,329,0,0,5579,127,12,6,1,1,0,1,0,0,0,0,0,0,0,0,1,0,,0,0,0,0,0,4,3.75,119.99
TS037,tshirt,2026-03-30,12,329,0.0,329,0,0,4621,136,12,3,0,0,0,0,0,0,0,0,0,0,0,0,0,0,,0,0,0,0,0,4,3.75,0.0
TS038,tshirt,2026-03-02,1,239,0.0,239,1,1,22858,1049,70,78,33,26,2,31,8,3,3,0,0,2,0,7,23,6,3.5,3,3,0,0,0,6,3.5,184.88
TS038,tshirt,2026-03-09,2,239,0.0,239,0,0,14046,650,45,56,24,15,1,23,9,5,2,1,0,1,0,8,14,5,3.2,2,1,2,1,1,11,3.36,-486.06
TS038,tshirt,2026-03-16,3,239,0.0,239,0,0,10775,436,39,27,13,7,3,10,1,1,0,0,0,0,0,1,9,3,3.0,0,3,0,0,0,14,3.29,250.94
TS038,tshirt,2026-03-23,4,239,0.0,239,0,0,9896,444,32,41,19,13,3,16,6,2,1,3,0,0,0,5,10,4,2.25,0,1,3,1,2,18,3.06,-473.14
TS038,tshirt,2026-03-30,5,239,0.0,239,0,0,8407,337,17,28,12,7,0,12,4,2,0,1,0,0,1,2,8,3,1.67,0,0,3,1,2,21,2.86,-207.53
TS038,tshirt,2026-04-06,6,239,0.0,239,0,0,6942,264,25,19,7,4,2,5,1,1,0,0,0,0,0,1,4,0,,0,0,0,0,0,21,2.86,-12.92
TS038,tshirt,2026-04-13,7,239,0.0,239,0,0,6234,239,18,20,9,7,0,9,3,3,0,0,0,0,0,3,6,2,4.0,2,0,0,0,0,23,2.96,-19.37
TS038,tshirt,2026-04-20,8,239,0.0,239,0,0,8074,323,17,30,13,8,0,13,5,2,1,0,0,1,1,5,8,1,3.0,0,1,0,0,0,24,2.96,-165.83
TS038,tshirt,2026-04-27,9,239,0.0,239,0,0,5756,225,13,19,8,3,1,7,1,0,1,0,0,0,0,0,6,2,3.5,1,1,0,0,0,26,3.0,99.78
TS038,tshirt,2026-05-04,10,239,0.0,239,0,0,5242,203,10,11,4,2,0,4,1,0,0,1,0,0,0,1,3,1,4.0,1,0,0,0,0,27,3.04,60.31
TS038,tshirt,2026-05-11,11,239,0.0,239,0,0,6706,254,14,8,3,2,0,3,0,0,0,0,0,0,0,0,3,3,3.33,1,2,0,0,0,30,3.07,200.31
TS038,tshirt,2026-05-18,12,239,0.0,239,0,0,6772,310,17,22,10,5,2,8,2,1,0,1,0,0,0,1,6,2,1.5,0,0,2,1,1,32,2.97,-110.22
TS038,tshirt,2026-05-25,13,239,0.0,239,0,0,7198,267,16,20,8,6,1,7,2,2,0,0,0,0,0,1,5,1,2.0,0,0,1,1,0,33,2.94,-106.99
TS038,tshirt,2026-06-01,14,239,0.0,239,0,0,7543,299,18,23,13,9,1,12,2,2,0,0,0,0,0,0,10,1,3.0,0,1,0,0,0,34,2.94,136.01
TS038,tshirt,2026-06-08,15,239,0.0,239,0,0,7329,311,19,31,14,10,3,11,2,1,1,0,0,0,0,1,9,1,5.0,1,0,0,0,0,35,3.0,20.09
TS038,tshirt,2026-06-15,16,239,0.0,239,0,0,6979,287,11,21,8,4,1,7,3,2,1,0,0,0,0,3,4,3,4.0,2,1,0,0,0,38,3.08,-222.92
TS038,tshirt,2026-06-22,17,239,0.0,239,0,1,11702,495,27,41,14,10,0,14,5,3,1,1,0,0,0,3,9,2,3.5,1,1,0,0,0,40,3.1,-280.76
TS038,tshirt,2026-06-29,18,239,0.0,239,0,0,8600,366,21,30,16,6,0,16,6,4,0,1,1,0,0,4,10,0,,0,0,0,0,0,40,3.1,-353.99
TS038,tshirt,2026-07-06,19,239,0.0,239,0,0,7869,328,28,30,13,10,5,8,2,0,0,2,0,0,0,1,6,0,,0,0,0,0,0,40,3.1,-320.22
TS038,tshirt,2026-07-13,20,239,0.0,239,0,0,6686,283,28,24,10,9,2,8,5,2,1,1,1,0,0,5,3,0,,0,0,0,0,0,40,3.1,-639.69
TS038,tshirt,2026-07-20,21,239,0.0,239,0,0,6779,308,13,27,14,9,1,13,5,3,2,0,0,0,0,4,8,2,2.0,0,1,1,0,1,42,3.05,-326.68
TS038,tshirt,2026-07-27,22,239,0.0,239,0,0,6692,279,15,16,5,4,1,4,3,2,1,0,0,0,0,1,1,0,,0,0,0,0,0,42,3.05,-604.93
TS038,tshirt,2026-08-03,23,239,0.0,239,0,0,5864,213,12,16,6,5,3,3,2,1,0,1,0,0,0,2,1,0,,0,0,0,0,0,42,3.05,-423.23
TS038,tshirt,2026-08-10,24,239,0.0,239,0,0,6505,223,10,14,3,2,1,2,0,0,0,0,0,0,0,0,2,1,4.0,1,0,0,0,0,43,3.07,63.54
TS038,tshirt,2026-08-17,25,239,0.0,239,0,0,5342,214,9,18,14,11,1,13,5,3,1,0,1,0,0,5,8,4,2.75,1,2,1,0,1,47,3.04,-235.83
TS038,tshirt,2026-08-24,26,239,0.0,239,1,0,7648,323,26,29,11,7,1,10,2,1,0,1,0,0,0,2,8,2,3.0,1,0,1,1,0,49,3.04,184.17
TS038,tshirt,2026-08-31,27,239,0.0,239,0,0,6586,261,19,26,9,4,0,9,6,3,2,0,0,1,0,6,3,2,3.5,1,0,1,0,1,51,3.06,-639.69
TS038,tshirt,2026-09-07,28,239,0.0,239,0,0,5339,209,14,17,7,4,1,6,0,0,0,0,0,0,0,0,6,1,4.0,1,0,0,0,0,52,3.08,330.63
TS038,tshirt,2026-09-14,29,239,0.0,239,0,0,5964,228,14,19,6,2,1,5,1,1,0,0,0,0,0,0,4,1,3.0,0,1,0,0,0,53,3.08,-33.76
TS038,tshirt,2026-09-21,30,239,0.0,239,0,1,6897,265,20,17,6,5,1,5,0,0,0,0,0,0,0,0,5,0,,0,0,0,0,0,53,3.08,263.85
TS039,tshirt,2026-06-15,1,309,0.0,309,0,0,9703,563,43,38,10,7,1,9,2,1,1,0,0,0,0,1,7,2,4.0,1,1,0,0,0,2,4.0,350.1
TS039,tshirt,2026-06-22,2,309,0.1,278,0,1,15112,967,75,75,37,22,4,33,9,1,1,3,2,1,1,8,24,5,3.4,3,1,1,0,1,7,3.57,415.86
TS039,tshirt,2026-06-29,3,309,0.0,309,0,0,9725,483,41,26,11,8,2,9,5,1,3,0,0,1,0,2,4,1,3.0,0,1,0,0,0,8,3.5,-704.02
TS039,tshirt,2026-07-06,4,309,0.0,309,0,0,10526,493,32,34,13,9,3,10,6,2,1,1,0,2,0,4,4,4,2.75,1,1,2,1,1,12,3.25,-805.28
TS039,tshirt,2026-07-13,5,309,0.0,309,0,0,6127,299,19,26,6,4,0,6,2,1,0,1,0,0,0,2,4,1,2.0,0,0,1,0,1,13,3.15,182.2
TS039,tshirt,2026-07-20,6,309,0.0,309,0,0,5468,246,25,20,6,4,0,6,1,0,0,0,1,0,0,0,5,0,,0,0,0,0,0,13,3.15,329.01
TS039,tshirt,2026-07-27,7,309,0.0,309,0,0,4495,225,17,15,5,4,0,5,1,0,0,0,0,0,1,1,4,0,,0,0,0,0,0,13,3.15,322.2
TS039,tshirt,2026-08-03,8,309,0.0,309,0,0,5270,247,14,10,5,4,1,4,0,0,0,0,0,0,0,0,4,1,4.0,1,0,0,0,0,14,3.21,392.2
TS039,tshirt,2026-08-10,9,309,0.0,309,0,0,5230,242,17,14,3,1,1,2,0,0,0,0,0,0,0,0,2,1,3.0,0,1,0,0,0,15,3.2,161.1
TS039,tshirt,2026-08-17,10,309,0.0,309,0,0,6020,276,25,19,4,4,0,4,0,0,0,0,0,0,0,0,4,3,4.33,3,0,0,0,0,18,3.39,462.2
TS039,tshirt,2026-08-24,11,309,0.0,309,1,0,6140,319,24,18,6,5,1,5,2,1,1,0,0,0,0,1,3,0,,0,0,0,0,0,18,3.39,-112.09
TS039,tshirt,2026-08-31,12,309,0.0,309,0,0,5712,319,27,18,4,3,1,3,0,0,0,0,0,0,0,0,3,0,,0,0,0,0,0,18,3.39,276.65
TS039,tshirt,2026-09-07,13,309,0.0,309,0,0,5276,264,16,12,5,5,1,4,0,0,0,0,0,0,0,0,4,0,,0,0,0,0,0,18,3.39,392.2
TS039,tshirt,2026-09-14,14,309,0.0,309,0,0,5367,276,25,21,6,3,2,4,0,0,0,0,0,0,0,0,4,1,3.0,0,1,0,0,0,19,3.37,322.2
TS039,tshirt,2026-09-21,15,309,0.0,309,0,1,7277,343,21,35,8,3,1,7,1,1,0,0,0,0,0,1,6,0,,0,0,0,0,0,19,3.37,483.29
TS040,tshirt,2026-04-06,1,299,0.0,299,0,0,12381,430,38,15,5,5,1,4,3,1,0,2,0,0,0,3,1,1,4.0,1,0,0,0,0,1,4.0,-401.84
TS040,tshirt,2026-04-13,2,299,0.0,299,0,0,10479,411,18,20,8,5,1,7,1,0,1,0,0,0,0,1,6,0,,0,0,0,0,0,1,4.0,318.99
TS040,tshirt,2026-04-20,3,299,0.0,299,0,0,8969,325,23,16,2,2,1,1,0,0,0,0,0,0,0,0,1,0,,0,0,0,0,0,1,4.0,18.16
TS040,tshirt,2026-04-27,4,299,0.0,299,0,0,5735,223,17,13,4,2,1,3,1,0,1,0,0,0,0,1,2,0,,0,0,0,0,0,1,4.0,-33.67
TS040,tshirt,2026-05-04,5,299,0.0,299,0,0,5735,212,15,15,4,3,0,4,2,0,0,2,0,0,0,2,2,2,2.5,0,1,1,0,1,3,3.0,-103.67
TS040,tshirt,2026-05-11,6,299,0.0,299,0,0,6006,157,14,4,0,0,0,0,0,0,0,0,0,0,0,0,0,0,,0,0,0,0,0,3,3.0,0.0
TS040,tshirt,2026-05-18,7,299,0.0,299,0,0,4216,96,8,5,0,0,0,0,0,0,0,0,0,0,0,0,0,0,,0,0,0,0,0,3,3.0,0.0
TS040,tshirt,2026-05-25,8,299,0.0,299,0,0,3849,110,12,9,4,2,0,4,1,0,1,0,0,0,0,1,3,2,3.0,1,0,1,1,0,5,3.0,124.49
TS040,tshirt,2026-06-01,9,299,0.0,299,0,0,5779,135,11,5,1,1,0,1,0,0,0,0,0,0,0,0,1,0,,0,0,0,0,0,5,3.0,88.16
TS041,tshirt,2026-04-06,1,329,0.0,329,0,0,15336,867,65,64,18,15,1,17,1,1,0,0,0,0,0,0,16,1,4.0,1,0,0,0,0,1,4.0,1038.82
TS041,tshirt,2026-04-13,2,329,0.0,329,0,0,12205,763,60,62,21,15,4,17,1,1,0,0,0,0,0,1,16,3,3.33,1,2,0,0,0,4,3.5,984.38
TS041,tshirt,2026-04-20,3,329,0.0,329,0,0,8554,448,38,40,13,11,2,11,2,2,0,0,0,0,0,2,9,3,4.33,3,0,0,0,0,7,3.86,369.96
TS041,tshirt,2026-04-27,4,329,0.0,329,0,0,14273,906,80,74,30,18,4,26,5,1,1,2,0,0,1,2,21,4,2.75,1,1,2,1,1,11,3.45,396.57
TS041,tshirt,2026-05-04,5,329,0.0,329,0,0,11285,568,47,46,11,9,0,11,3,1,0,1,0,1,0,2,8,1,5.0,1,0,0,0,0,12,3.58,126.63
TS041,tshirt,2026-05-11,6,329,0.0,329,0,0,9692,516,50,36,15,12,1,14,2,1,0,1,0,0,0,2,12,1,5.0,1,0,0,0,0,13,3.69,703.29
TS041,tshirt,2026-05-18,7,329,0.0,329,0,0,12401,713,48,65,29,16,3,26,5,5,0,0,0,0,0,3,21,3,4.33,3,0,0,0,0,16,3.81,622.13
TS041,tshirt,2026-05-25,8,329,0.0,329,0,0,9971,634,54,57,20,11,3,17,2,0,1,0,0,1,0,0,15,2,3.0,0,2,0,0,0,18,3.72,515.49
TS041,tshirt,2026-06-01,9,329,0.0,329,0,0,12422,737,66,66,17,10,4,13,5,2,1,0,0,1,1,2,8,3,3.67,2,0,1,0,1,21,3.71,-744.49
TS041,tshirt,2026-06-08,10,329,0.0,329,0,0,13493,742,61,61,23,16,2,21,8,5,0,2,0,0,1,5,13,1,3.0,0,1,0,0,0,22,3.68,-585.62
TS041,tshirt,2026-06-15,11,329,0.0,329,0,0,15241,896,87,89,27,20,4,23,6,3,1,2,0,0,0,3,17,5,4.8,5,0,0,0,0,27,3.89,-94.52
TS041,tshirt,2026-06-22,12,329,0.0,329,0,1,15429,1035,91,77,35,28,4,31,7,5,1,0,1,0,0,5,24,9,3.56,5,3,1,0,1,36,3.81,535.45
TS041,tshirt,2026-06-29,13,329,0.0,329,0,0,14919,938,61,78,24,17,2,22,4,3,0,0,0,0,1,4,18,1,4.0,1,0,0,0,0,37,3.81,879.93
TS041,tshirt,2026-07-06,14,329,0.0,329,0,0,10888,708,75,51,18,12,1,17,5,2,2,1,0,0,0,4,12,4,2.25,1,0,3,2,1,41,3.66,127.73
TS041,tshirt,2026-07-13,15,329,0.0,329,0,0,10678,619,61,51,14,7,0,14,4,0,1,1,0,2,0,2,10,0,,0,0,0,0,0,41,3.66,6.62
TS041,tshirt,2026-07-20,16,329,0.0,329,0,0,11530,659,61,64,21,13,2,19,1,0,0,1,0,0,0,1,18,1,4.0,1,0,0,0,0,42,3.67,1299.93
TS041,tshirt,2026-07-27,17,329,0.0,329,0,0,10258,611,56,49,10,5,0,10,3,1,1,0,0,1,0,2,7,1,3.0,0,1,0,0,0,43,3.65,38.86
TS041,tshirt,2026-08-03,18,329,0.0,329,0,0,7836,429,37,30,9,7,1,8,0,0,0,0,0,0,0,0,8,1,2.0,0,0,1,0,1,44,3.61,632.19
TS041,tshirt,2026-08-10,19,329,0.0,329,0,0,9169,541,52,44,15,8,1,14,5,0,3,1,0,0,1,3,9,2,3.0,0,2,0,0,0,46,3.59,-291.15
TS041,tshirt,2026-08-17,20,329,0.0,329,0,0,8585,493,39,29,8,5,0,8,2,0,1,1,0,0,0,1,6,1,5.0,1,0,0,0,0,47,3.62,91.08
TS041,tshirt,2026-08-24,21,329,0.0,329,1,0,9249,544,40,53,17,15,4,13,2,1,0,0,0,0,1,2,11,3,4.33,2,1,0,0,0,50,3.66,405.51
TS041,tshirt,2026-08-31,22,329,0.0,329,0,0,9159,547,44,48,15,9,2,13,2,1,0,1,0,0,0,1,11,3,4.33,3,0,0,0,0,53,3.7,389.95
TS041,tshirt,2026-09-07,23,329,0.0,329,0,0,11021,618,67,61,21,18,5,16,5,2,0,1,1,0,1,4,11,4,2.25,0,1,3,0,3,57,3.6,-240.05
TS041,tshirt,2026-09-14,24,329,0.0,329,0,0,7182,433,36,31,9,6,2,7,3,2,0,0,0,0,1,2,4,0,,0,0,0,0,0,57,3.6,-364.46
TS041,tshirt,2026-09-21,25,329,0.0,329,0,1,11743,671,60,59,13,9,0,13,5,3,0,1,0,1,0,4,8,3,3.67,2,0,1,1,0,60,3.6,-153.37
TS042,tshirt,2025-09-29,1,279,0.1,251,1,1,15362,716,35,31,13,7,2,11,6,3,3,0,0,0,0,5,5,1,2.0,0,0,1,0,1,1,2.0,-720.54
TS042,tshirt,2025-10-06,2,279,0.15,237,1,1,18699,464,16,29,13,7,0,13,8,2,3,2,0,1,0,6,5,2,1.5,0,0,2,1,1,3,1.67,-1024.84
TS042,tshirt,2025-10-13,3,279,0.0,279,1,0,8458,186,12,10,3,3,0,3,1,1,0,0,0,0,0,1,2,0,,0,0,0,0,0,3,1.67,56.17
TS042,tshirt,2025-10-20,4,279,0.0,279,1,0,8424,175,12,11,2,2,0,2,1,0,0,1,0,0,0,1,1,0,,0,0,0,0,0,3,1.67,-41.92
TS042,tshirt,2025-10-27,5,279,0.0,279,0,0,3573,83,5,4,2,1,0,2,0,0,0,0,0,0,0,0,2,0,,0,0,0,0,0,3,1.67,196.17
TS042,tshirt,2025-11-03,6,279,0.0,279,0,0,4920,94,4,8,0,0,0,0,0,0,0,0,0,0,0,0,0,0,,0,0,0,0,0,3,1.67,0.0
TS042,tshirt,2025-11-10,7,279,0.0,279,0,0,3626,72,5,4,2,0,0,2,1,0,0,1,0,0,0,1,1,0,,0,0,0,0,0,3,1.67,-41.92
TS042,tshirt,2025-11-17,8,279,0.0,279,0,0,4802,98,3,3,1,1,0,1,1,1,0,0,0,0,0,0,0,0,,0,0,0,0,0,3,1.67,-237.63
TS043,tshirt,2026-03-30,1,319,0.0,319,0,0,12709,302,25,17,3,2,0,3,0,0,0,0,0,0,0,0,3,0,,0,0,0,0,0,0,,439.38
TS043,tshirt,2026-04-06,2,319,0.0,319,0,0,6530,171,15,8,3,1,1,2,1,1,0,0,0,0,0,1,1,0,,0,0,0,0,0,0,,-63.54
TS043,tshirt,2026-04-13,3,319,0.0,319,0,0,7224,175,15,9,4,3,0,4,1,0,0,1,0,0,0,1,3,0,,0,0,0,0,0,0,,299.38
TS043,tshirt,2026-04-20,4,319,0.0,319,0,0,4981,132,7,7,0,0,0,0,0,0,0,0,0,0,0,0,0,0,,0,0,0,0,0,0,,0.0
TS043,tshirt,2026-04-27,5,319,0.0,319,0,0,4119,96,1,4,1,1,0,1,1,1,0,0,0,0,0,1,0,0,,0,0,0,0,0,0,,-140.0
TS043,tshirt,2026-05-04,6,319,0.0,319,0,0,4168,122,7,2,1,1,0,1,0,0,0,0,0,0,0,0,1,0,,0,0,0,0,0,0,,146.46
TS043,tshirt,2026-05-11,7,319,0.0,319,0,0,4662,119,12,6,2,1,0,2,2,0,0,2,0,0,0,2,0,0,,0,0,0,0,0,0,,-280.0
TS043,tshirt,2026-05-18,8,319,0.0,319,0,0,4814,135,14,8,2,2,0,2,1,0,0,0,1,0,0,1,1,2,4.0,2,0,0,0,0,2,4.0,6.46
TS043,tshirt,2026-05-25,9,319,0.0,319,0,0,6596,163,11,7,4,2,1,3,2,1,0,1,0,0,0,2,1,0,,0,0,0,0,0,2,4.0,-203.54
TS043,tshirt,2026-06-01,10,319,0.0,319,0,0,5802,171,15,11,3,2,0,3,2,1,0,1,0,0,0,2,1,2,3.0,0,2,0,0,0,4,3.5,-133.54
TS043,tshirt,2026-06-08,11,319,0.0,319,0,0,5817,145,13,7,2,1,0,2,0,0,0,0,0,0,0,0,2,0,,0,0,0,0,0,4,3.5,292.92
TS043,tshirt,2026-06-15,12,319,0.0,319,0,0,5226,111,5,6,1,1,1,0,0,0,0,0,0,0,0,0,0,0,,0,0,0,0,0,4,3.5,-70.0
TS043,tshirt,2026-06-22,13,319,0.15,271,0,1,8339,214,22,8,2,1,1,1,0,0,0,0,0,0,0,0,1,0,,0,0,0,0,0,4,3.5,30.74
TS043,tshirt,2026-06-29,14,319,0.0,319,0,0,3872,62,4,4,1,0,0,1,0,0,0,0,0,0,0,0,1,0,,0,0,0,0,0,4,3.5,146.46
TS043,tshirt,2026-07-06,15,319,0.0,319,0,0,4475,101,8,5,2,2,0,2,1,1,0,0,0,0,0,1,1,0,,0,0,0,0,0,4,3.5,6.46
TS043,tshirt,2026-07-13,16,319,0.0,319,0,0,4534,88,3,4,1,1,0,1,0,0,0,0,0,0,0,0,1,0,,0,0,0,0,0,4,3.5,146.46
TS043,tshirt,2026-07-20,17,319,0.0,319,0,0,3894,76,10,8,3,3,0,3,2,0,2,0,0,0,0,2,1,1,3.0,0,1,0,0,0,5,3.4,-133.54
TS043,tshirt,2026-07-27,18,319,0.0,319,0,0,4844,103,4,2,1,1,0,1,1,0,1,0,0,0,0,1,0,1,2.0,0,0,1,1,0,6,3.17,-140.0
TS043,tshirt,2026-08-03,19,319,0.0,319,0,0,5701,100,7,4,0,0,0,0,0,0,0,0,0,0,0,0,0,0,,0,0,0,0,0,6,3.17,0.0
TS043,tshirt,2026-08-10,20,309,0.0,309,0,0,2522,62,6,4,1,1,0,1,0,0,0,0,0,0,0,0,1,0,,0,0,0,0,0,6,3.17,136.93
TS044,tshirt,2025-11-03,1,279,0.0,279,0,0,12550,790,66,95,41,37,4,37,2,1,0,0,0,1,0,1,35,5,4.6,5,0,0,0,0,5,4.6,724.17
TS044,tshirt,2025-11-10,2,279,0.0,279,0,0,23902,2078,205,261,113,69,17,96,18,12,2,4,0,0,0,13,78,10,4.1,7,2,1,0,1,15,4.27,-1276.61
TS044,tshirt,2025-11-17,3,329,0.0,329,0,0,20399,1354,141,157,53,34,5,48,3,1,1,1,0,0,0,2,45,7,4.57,6,1,0,0,0,22,4.36,3068.11
TS044,tshirt,2025-11-24,4,329,0.0,329,0,0,17959,1309,135,159,55,37,9,46,7,4,0,0,0,1,2,5,39,3,4.0,2,1,0,0,0,25,4.32,1541.14
TS044,tshirt,2025-12-01,5,329,0.0,329,0,0,12044,823,89,103,27,20,7,20,3,2,0,0,1,0,0,3,17,2,4.5,2,0,0,0,0,27,4.33,598.36
TS044,tshirt,2025-12-08,6,329,0.0,329,0,0,11916,807,80,94,32,26,6,26,1,1,0,0,0,0,0,1,25,6,4.33,5,1,0,0,0,33,4.33,1658.17
TS044,tshirt,2025-12-15,7,329,0.0,329,0,0,11442,803,85,107,40,28,5,35,4,1,3,0,0,0,0,3,31,4,3.75,3,0,1,0,1,37,4.27,1685.93
TS044,tshirt,2025-12-22,8,329,0.0,329,0,0,13008,886,72,101,28,16,1,27,5,2,1,1,0,1,0,5,22,4,4.0,3,1,0,0,0,41,4.24,1181.99
TS044,tshirt,2025-12-29,9,329,0.0,329,0,0,11492,774,86,88,30,19,4,26,2,2,0,0,0,0,0,2,24,3,4.33,2,1,0,0,0,44,4.25,1569.45
TS044,tshirt,2026-01-05,10,329,0.0,329,0,0,12668,844,90,95,36,26,3,33,6,5,0,0,1,0,0,5,27,2,4.5,2,0,0,0,0,46,4.26,1191.02
TS044,tshirt,2026-01-12,11,329,0.0,329,0,1,19249,1295,138,161,52,37,11,41,7,3,1,2,0,0,1,5,34,8,4.38,7,1,0,0,0,54,4.28,957.5
TS044,tshirt,2026-01-19,12,329,0.0,329,0,0,13580,946,90,94,39,24,3,36,7,4,1,0,0,2,0,5,29,4,4.0,3,0,1,0,1,58,4.26,1073.87
TS044,tshirt,2026-01-26,13,329,0.0,329,0,0,20206,1374,150,165,61,43,7,54,10,6,3,0,1,0,0,7,44,9,4.22,8,1,0,0,0,67,4.25,1550.17
TS044,tshirt,2026-02-02,14,329,0.0,329,0,0,12799,850,91,121,38,20,3,35,8,6,0,0,1,0,1,4,27,1,4.0,1,0,0,0,0,68,4.25,447.2
TS044,tshirt,2026-02-09,15,329,0.0,329,0,0,13074,850,91,104,51,38,4,47,11,5,2,1,2,0,1,8,36,8,4.25,7,1,0,0,0,76,4.25,910.35
TS044,tshirt,2026-02-16,16,329,0.0,329,0,0,20152,1346,126,154,50,32,5,45,10,6,0,2,1,1,0,8,35,9,4.22,8,0,1,0,1,85,4.25,1046.23
TS044,tshirt,2026-02-23,17,329,0.0,329,0,0,13473,842,82,112,46,29,7,39,3,1,1,1,0,0,0,1,36,5,4.6,5,0,0,0,0,90,4.27,1974.96
TS044,tshirt,2026-03-02,18,329,0.0,329,1,1,27754,1913,193,235,83,50,11,72,15,7,2,2,1,1,2,12,57,8,4.38,6,2,0,0,0,98,4.28,1723.62
TS044,tshirt,2026-03-09,19,329,0.0,329,0,0,15339,1069,98,144,50,32,4,46,8,8,0,0,0,0,0,7,38,4,4.0,3,1,0,0,0,102,4.26,1817.02
TS044,tshirt,2026-03-16,20,329,0.0,329,0,0,18329,1261,115,143,56,37,6,50,5,1,1,0,0,0,3,3,45,8,4.5,8,0,0,0,0,110,4.28,2563.5
TS044,tshirt,2026-03-23,21,329,0.0,329,0,0,14627,1040,121,128,48,33,6,42,12,6,1,2,0,1,2,7,30,5,3.4,2,2,1,0,1,115,4.24,-211.22
TS044,tshirt,2026-03-30,22,329,0.0,329,0,0,18801,1265,129,173,63,42,5,58,12,4,2,4,0,0,2,10,46,9,4.22,8,1,0,0,0,124,4.24,1742.23
TS044,tshirt,2026-04-06,23,329,0.0,329,0,0,18006,1225,102,143,56,48,7,49,11,4,1,3,1,0,2,9,38,6,4.17,5,1,0,0,0,130,4.24,1032.41
TS044,tshirt,2026-04-13,24,329,0.0,329,0,0,20700,1416,132,161,49,37,8,41,5,1,1,1,0,1,1,1,36,4,4.75,4,0,0,0,0,134,4.25,1315.74
TS044,tshirt,2026-04-20,25,329,0.0,329,0,0,17577,1190,121,155,55,40,8,47,4,2,1,0,1,0,0,2,43,6,4.5,5,1,0,0,0,140,4.26,2386.05
TS044,tshirt,2026-04-27,26,329,0.0,329,0,0,19007,1261,126,165,65,41,10,55,11,7,2,0,1,0,1,9,44,11,4.0,8,2,1,1,0,151,4.25,1354.77
TS044,tshirt,2026-05-04,27,329,0.0,329,0,0,22457,1520,143,182,53,37,8,45,6,2,1,0,0,1,2,4,39,12,4.17,9,2,1,0,1,163,4.24,1751.14
TS044,tshirt,2026-05-11,28,329,0.0,329,0,0,21675,1425,146,164,62,40,4,58,9,3,2,1,1,2,0,8,49,6,4.83,6,0,0,0,0,169,4.26,2653.01
TS044,tshirt,2026-05-18,29,329,0.0,329,0,0,15953,1038,90,134,49,29,6,43,8,3,1,2,1,0,1,7,35,11,3.82,8,2,1,0,1,180,4.23,1410.84
TS044,tshirt,2026-05-25,30,329,0.0,329,0,0,20090,1363,141,170,68,47,11,57,5,3,0,0,1,0,1,2,52,10,4.3,9,0,1,1,0,190,4.24,2679.98
TS044,tshirt,2026-06-01,31,329,0.0,329,0,0,21505,1460,154,169,63,49,9,54,7,6,0,1,0,0,0,7,47,8,4.62,7,1,0,0,0,198,4.25,2560.17
TS044,tshirt,2026-06-08,32,329,0.0,329,0,0,21820,1420,172,155,46,34,7,39,3,0,0,1,1,0,1,2,36,3,4.0,2,1,0,0,0,201,4.25,2129.56
TS044,tshirt,2026-06-15,33,329,0.0,329,0,0,19400,1277,140,144,46,28,6,40,7,4,1,1,0,0,1,4,33,7,4.14,5,1,1,1,0,208,4.25,1064.17
TS044,tshirt,2026-06-22,34,329,0.0,329,0,1,27320,1849,171,220,84,62,10,74,12,4,0,1,1,1,5,10,62,9,4.56,8,1,0,0,0,217,4.26,2811.86
TS044,tshirt,2026-06-29,35,329,0.0,329,0,0,17630,1205,115,148,59,40,6,53,9,7,1,0,0,1,0,6,44,11,4.09,9,1,1,0,1,228,4.25,1760.17
TS044,tshirt,2026-07-06,36,329,0.0,329,0,0,14177,961,90,121,32,21,3,29,4,1,2,0,0,1,0,2,25,4,4.0,2,2,0,0,0,232,4.25,1138.96
TS044,tshirt,2026-07-13,37,329,0.0,329,0,0,16577,1067,130,132,47,31,6,41,7,2,3,1,0,1,0,6,34,4,3.0,2,1,1,1,0,236,4.22,1462.11
TS044,tshirt,2026-07-20,38,329,0.0,329,0,0,13850,963,93,117,40,30,6,34,4,2,1,0,1,0,0,2,30,6,4.5,6,0,0,0,0,242,4.23,1372.6
TS044,tshirt,2026-07-27,39,329,0.0,329,0,0,16780,1055,109,153,57,37,7,50,6,1,0,1,0,1,3,5,44,4,4.25,4,0,0,0,0,246,4.23,2419.38
TS044,tshirt,2026-08-03,40,329,0.0,329,0,0,12782,871,80,111,43,31,2,41,5,2,1,1,1,0,0,5,36,6,4.33,5,0,1,0,1,252,4.23,2354.17
TS044,tshirt,2026-08-10,41,329,0.0,329,0,0,21216,1429,145,178,64,46,7,57,8,3,0,2,0,1,2,8,49,10,4.5,10,0,0,0,0,262,4.24,2737.62
TS044,tshirt,2026-08-17,42,329,0.0,329,0,0,16066,1146,144,127,43,31,8,35,6,4,0,0,0,0,2,2,29,6,4.17,5,0,1,0,1,268,4.24,554.66
TS044,tshirt,2026-08-24,43,329,0.0,329,1,0,18830,1301,128,157,56,39,8,48,6,3,1,1,1,0,0,5,42,5,4.4,4,1,0,0,0,273,4.25,2171.93
TS044,tshirt,2026-08-31,44,329,0.0,329,0,0,14154,952,98,119,43,26,2,41,5,0,2,1,0,0,2,4,36,4,4.0,2,2,0,0,0,277,4.24,2199.56
TS044,tshirt,2026-09-07,45,329,0.0,329,0,0,16334,1103,113,114,48,34,4,44,5,2,1,0,2,0,0,5,39,10,4.4,9,0,1,0,1,287,4.25,2480.35
TS044,tshirt,2026-09-14,46,329,0.0,329,0,0,13205,855,79,99,36,23,4,32,6,4,2,0,0,0,0,6,26,2,4.5,2,0,0,0,0,289,4.25,1186.9
TS044,tshirt,2026-09-21,47,329,0.0,329,0,1,24039,1598,175,188,75,53,13,62,12,3,3,5,0,0,1,11,50,9,4.44,8,1,0,0,0,298,4.26,1691.74
TS045,tshirt,2025-11-03,1,309,0.0,309,0,0,14375,642,55,42,18,11,2,16,3,2,0,0,0,1,0,3,13,3,3.67,2,1,0,0,0,3,3.67,870.54
TS045,tshirt,2025-11-10,2,309,0.0,309,0,0,9315,394,33,44,18,12,3,15,4,3,1,0,0,0,0,4,11,3,4.67,3,0,0,0,0,6,4.17,440.45
TS045,tshirt,2025-11-17,3,309,0.0,309,0,0,11324,586,42,67,27,15,8,19,3,1,1,1,0,0,0,2,16,1,3.0,0,1,0,0,0,7,4.0,666.42
TS045,tshirt,2025-11-24,4,309,0.0,309,0,0,13356,657,54,51,20,14,1,19,2,1,1,0,0,0,0,2,17,6,3.5,4,0,2,1,1,13,3.77,1520.7
TS045,tshirt,2025-12-01,5,309,0.0,309,0,0,7610,332,32,37,15,11,1,14,2,2,0,0,0,0,0,1,12,2,4.0,1,1,0,0,0,15,3.8,856.25
TS045,tshirt,2025-12-08,6,309,0.0,309,0,0,8999,414,51,32,7,6,3,4,2,2,0,0,0,0,0,1,2,1,2.0,0,0,1,0,1,16,3.69,-384.16
TS045,tshirt,2025-12-15,7,309,0.0,309,0,0,6048,294,27,19,6,2,0,6,3,2,0,0,0,0,1,2,3,2,2.0,0,1,1,0,1,18,3.5,-204.12
TS045,tshirt,2025-12-22,8,309,0.0,309,0,0,6861,291,24,27,8,4,1,7,0,0,0,0,0,0,0,0,7,1,3.0,0,1,0,0,0,19,3.47,700.29
TS045,tshirt,2025-12-29,9,309,0.0,309,0,0,6114,237,17,24,13,8,0,13,0,0,0,0,0,0,0,0,13,1,4.0,1,0,0,0,0,20,3.5,1430.54
TS045,tshirt,2026-01-05,10,319,0.0,319,0,0,6804,292,27,17,5,2,1,4,1,0,0,1,0,0,0,1,3,0,,0,0,0,0,0,20,3.5,148.7
TS045,tshirt,2026-01-12,11,319,0.0,319,0,1,8836,357,34,45,18,8,0,18,3,2,0,1,0,0,0,1,15,4,3.25,2,1,1,0,1,24,3.46,1144.99
TS045,tshirt,2026-01-19,12,319,0.0,319,0,0,5748,223,17,17,7,6,2,5,1,0,0,0,0,0,1,0,4,0,,0,0,0,0,0,24,3.46,84.02
TS045,tshirt,2026-01-26,13,319,0.0,319,0,0,5993,236,16,26,9,4,0,9,0,0,0,0,0,0,0,0,9,2,4.5,2,0,0,0,0,26,3.54,1076.09
TS045,tshirt,2026-02-02,14,319,0.0,319,0,0,8752,391,27,28,10,5,1,9,0,0,0,0,0,0,0,0,9,2,5.0,2,0,0,0,0,28,3.64,1006.09
TS045,tshirt,2026-02-09,15,319,0.0,319,0,0,9286,463,46,39,11,7,2,9,1,1,0,0,0,0,0,1,8,1,5.0,1,0,0,0,0,29,3.69,676.52
TS045,tshirt,2026-02-16,16,319,0.0,319,0,0,8036,380,38,38,12,6,1,11,1,0,0,0,1,0,0,1,10,1,5.0,1,0,0,0,0,30,3.73,985.65
TS045,tshirt,2026-02-23,17,319,0.0,319,0,0,8971,433,40,46,18,11,2,16,8,5,1,1,0,1,0,6,8,2,3.0,0,2,0,0,0,32,3.69,-531.97
TS045,tshirt,2026-03-02,18,319,0.1,287,1,1,17162,861,78,80,36,22,4,32,5,1,1,1,1,1,0,3,27,3,3.67,2,1,0,0,0,35,3.69,1196.91
TS045,tshirt,2026-03-09,19,319,0.0,319,0,0,11344,534,37,49,25,15,1,24,4,2,1,1,0,0,0,3,20,0,,0,0,0,0,0,35,3.69,1647.06
TS045,tshirt,2026-03-16,20,309,0.0,309,0,0,9587,475,39,39,15,12,3,12,3,1,0,0,1,0,1,3,9,3,3.33,1,1,1,0,1,38,3.66,360.37
TS045,tshirt,2026-03-23,21,309,0.0,309,0,0,8924,402,35,31,11,7,1,10,3,1,1,1,0,0,0,2,7,0,,0,0,0,0,0,38,3.66,166.04
TS045,tshirt,2026-03-30,22,309,0.0,309,0,0,10546,528,35,47,16,12,1,15,6,3,1,1,0,1,0,5,9,3,4.33,3,0,0,0,0,41,3.71,-33.87
TS045,tshirt,2026-04-06,23,309,0.0,309,0,0,13649,646,44,55,17,11,3,14,2,0,2,0,0,0,0,1,12,0,,0,0,0,0,0,41,3.71,716.25
TS045,tshirt,2026-04-13,24,309,0.0,309,0,0,14281,644,62,64,19,13,0,19,4,3,1,0,0,0,0,3,15,1,4.0,1,0,0,0,0,42,3.71,976.38
TS045,tshirt,2026-04-20,25,309,0.0,309,0,0,9421,430,28,44,12,8,2,10,2,1,0,0,0,0,1,2,8,0,,0,0,0,0,0,42,3.71,460.33
TS045,tshirt,2026-04-27,26,309,0.0,309,0,0,12001,556,42,37,10,8,1,9,1,1,0,0,0,0,0,1,8,1,4.0,1,0,0,0,0,43,3.72,670.33
TS045,tshirt,2026-05-04,27,309,0.0,309,0,0,9190,470,42,46,15,8,2,13,3,1,1,0,0,1,0,2,10,3,4.67,3,0,0,0,0,46,3.78,426.17
TS045,tshirt,2026-05-11,28,309,0.0,309,0,0,14220,694,56,64,21,14,2,19,2,1,0,0,0,0,1,2,17,4,4.25,3,1,0,0,0,50,3.82,1450.7
TS045,tshirt,2026-05-18,29,309,0.0,309,0,0,12938,620,56,62,23,15,1,22,4,3,0,0,0,1,0,4,18,3,4.0,3,0,0,0,0,53,3.83,1350.74
TS045,tshirt,2026-05-25,30,319,0.0,319,0,0,11995,559,47,55,19,16,2,17,8,2,2,1,1,0,2,4,9,4,3.0,2,0,2,2,0,57,3.77,-640.89
TS045,tshirt,2026-06-01,31,319,0.0,319,0,0,14695,704,70,66,24,15,3,21,7,4,0,0,1,0,2,4,14,0,,0,0,0,0,0,57,3.77,141.18
TS045,tshirt,2026-06-08,32,319,0.0,319,0,0,12896,611,68,48,13,8,1,12,0,0,0,0,0,0,0,0,12,3,4.33,2,1,0,0,0,60,3.8,1364.78
TS045,tshirt,2026-06-15,33,319,0.0,319,0,0,7000,328,30,32,8,4,1,7,1,1,0,0,0,0,0,1,6,3,3.67,2,0,1,1,0,63,3.79,507.39
TS045,tshirt,2026-06-22,34,319,0.0,319,0,1,12412,602,47,45,13,7,1,12,0,0,0,0,0,0,0,0,12,0,,0,0,0,0,0,63,3.79,1364.78
TS045,tshirt,2026-06-29,35,319,0.0,319,0,0,11019,538,51,39,15,12,2,13,3,1,0,2,0,0,0,2,10,1,3.0,0,1,0,0,0,64,3.78,521.41
TS045,tshirt,2026-07-06,36,319,0.0,319,0,0,9882,477,37,42,12,6,0,12,2,0,1,0,0,0,1,2,10,2,4.5,2,0,0,0,0,66,3.8,915.65
TS045,tshirt,2026-07-13,37,319,0.0,319,0,0,7353,312,37,28,9,5,2,7,2,0,0,1,0,0,1,2,5,2,4.0,1,1,0,0,0,68,3.81,177.83
TS045,tshirt,2026-07-20,38,319,0.0,319,0,0,8812,440,38,40,12,8,1,11,3,2,1,0,0,0,0,3,8,2,4.5,2,0,0,0,0,70,3.83,466.52
TS045,tshirt,2026-07-27,39,319,0.0,319,0,0,9778,448,36,44,15,12,2,13,1,1,0,0,0,0,0,0,12,1,4.0,1,0,0,0,0,71,3.83,1040.54
TS045,tshirt,2026-08-03,40,309,0.0,309,0,0,9633,480,41,51,19,11,3,16,4,1,0,3,0,0,0,4,12,2,2.5,0,1,1,0,1,73,3.79,550.5
TS045,tshirt,2026-08-10,41,309,0.0,309,0,0,7694,354,43,33,14,9,2,12,3,2,1,0,0,0,0,3,9,0,,0,0,0,0,0,73,3.79,430.37
TS045,tshirt,2026-08-17,42,309,0.0,309,0,0,12385,609,49,60,22,14,1,21,0,0,0,0,0,0,0,0,21,0,,0,0,0,0,0,73,3.79,2240.87
TS045,tshirt,2026-08-24,43,309,0.0,309,1,0,10849,531,50,43,14,8,0,14,2,1,1,0,0,0,0,2,12,1,5.0,1,0,0,0,0,74,3.81,1040.5
TS045,tshirt,2026-08-31,44,309,0.0,309,0,0,9230,428,34,42,19,14,1,18,4,3,0,1,0,0,0,3,14,3,3.67,1,2,0,0,0,77,3.81,796.33
TS045,tshirt,2026-09-07,45,309,0.0,309,0,0,9553,430,38,38,12,9,2,10,3,2,0,0,0,0,1,1,7,1,5.0,1,0,0,0,0,78,3.82,-18.2
TS045,tshirt,2026-09-14,46,309,0.0,309,0,0,8234,414,25,36,15,12,5,10,1,1,0,0,0,0,0,0,9,2,5.0,2,0,0,0,0,80,3.85,386.13
TS045,tshirt,2026-09-21,47,309,0.0,309,0,1,14028,679,59,74,18,10,2,16,2,1,1,0,0,0,0,2,14,0,,0,0,0,0,0,80,3.85,1120.58
TS046,tshirt,2026-02-09,1,279,0.0,279,0,0,12546,608,44,49,15,9,1,14,2,1,0,0,0,0,1,1,12,0,,0,0,0,0,0,0,,722.13
TS046,tshirt,2026-02-16,2,279,0.0,279,0,0,10787,489,26,27,14,11,2,12,7,4,2,0,0,0,1,6,5,2,3.5,1,1,0,0,0,2,3.5,-730.56
TS046,tshirt,2026-02-23,3,279,0.0,279,0,0,8180,364,25,25,9,8,1,8,3,1,1,0,0,1,0,2,5,1,4.0,1,0,0,0,0,3,3.67,-100.56
TS046,tshirt,2026-03-02,4,279,0.0,279,1,1,18923,853,58,67,26,21,4,22,11,3,2,4,1,0,1,9,11,1,2.0,0,0,1,0,1,4,3.25,-943.58
TS046,tshirt,2026-03-09,5,279,0.0,279,0,0,6847,269,24,12,5,4,0,5,1,0,0,0,1,0,0,0,4,1,4.0,1,0,0,0,0,5,3.4,151.92
TS046,tshirt,2026-03-16,6,279,0.0,279,0,0,7655,326,25,26,6,5,0,6,4,1,1,0,1,0,1,3,2,0,,0,0,0,0,0,5,3.4,-463.13
TS046,tshirt,2026-03-23,7,279,0.0,279,0,0,7007,287,20,19,5,5,1,4,1,0,1,0,0,0,0,1,3,0,,0,0,0,0,0,5,3.4,82.58
TS046,tshirt,2026-03-30,8,279,0.0,279,0,0,4858,210,16,20,5,4,0,5,3,0,0,1,1,1,0,2,2,0,,0,0,0,0,0,5,3.4,-323.13
TS046,tshirt,2026-04-06,9,279,0.0,279,0,0,8643,382,23,15,4,2,0,4,2,1,1,0,0,0,0,2,2,0,,0,0,0,0,0,5,3.4,-84.95
TS046,tshirt,2026-04-13,10,279,0.0,279,0,0,7043,296,14,16,1,1,0,1,1,1,0,0,0,0,0,0,0,0,,0,0,0,0,0,5,3.4,-238.19
TS046,tshirt,2026-04-20,11,279,0.0,279,0,0,5138,213,16,17,8,7,1,7,3,0,2,0,0,1,0,3,4,0,,0,0,0,0,0,5,3.4,-99.89
TS046,tshirt,2026-04-27,12,279,0.0,279,0,0,6726,291,23,21,5,3,1,4,1,1,0,0,0,0,0,1,3,0,,0,0,0,0,0,5,3.4,82.58
TS046,tshirt,2026-05-04,13,279,0.0,279,0,0,8050,353,23,26,9,9,0,9,4,2,0,1,0,1,0,1,5,2,3.0,1,0,1,1,0,7,3.29,-366.93
TS046,tshirt,2026-05-11,14,279,0.0,279,0,0,9869,383,26,20,5,4,0,5,1,0,1,0,0,0,0,1,4,1,4.0,1,0,0,0,0,8,3.38,250.11
TS046,tshirt,2026-05-18,15,279,0.0,279,0,0,5732,224,15,16,12,8,6,6,1,0,1,0,0,0,0,1,5,0,,0,0,0,0,0,8,3.38,-72.37
TS046,tshirt,2026-05-25,16,279,0.0,279,0,0,8994,413,33,42,10,5,0,10,8,4,1,1,0,1,1,3,2,2,3.0,1,0,1,1,0,10,3.3,-1415.89
TS046,tshirt,2026-06-01,17,279,0.0,279,0,0,7954,304,23,17,8,4,1,7,0,0,0,0,0,0,0,0,7,1,4.0,1,0,0,0,0,11,3.36,612.69
TS046,tshirt,2026-06-08,18,279,0.0,279,0,0,9735,426,36,35,20,14,3,17,2,0,1,1,0,0,0,1,15,4,3.0,1,2,1,0,1,15,3.27,874.71
TS046,tshirt,2026-06-15,19,279,0.0,279,0,0,7972,344,23,16,7,6,1,6,2,2,0,0,0,0,0,0,4,0,,0,0,0,0,0,15,3.27,-156.27
TS046,tshirt,2026-06-22,20,279,0.2,223,0,1,12823,696,39,65,34,23,1,33,13,5,3,2,1,1,1,9,20,4,4.0,3,1,0,0,0,19,3.42,-1398.89
TS046,tshirt,2026-06-29,21,279,0.0,279,0,0,9472,405,31,24,9,7,1,8,2,1,1,0,0,0,0,1,6,2,4.0,2,0,0,0,0,21,3.48,136.97
TS046,tshirt,2026-07-06,22,279,0.0,279,0,0,9964,490,27,43,16,13,3,13,6,2,2,2,0,0,0,3,7,2,3.0,0,2,0,0,0,23,3.43,-661.88
TS046,tshirt,2026-07-13,23,279,0.0,279,0,0,7112,351,21,24,8,7,2,6,2,0,1,0,0,1,0,2,4,1,4.0,1,0,0,0,0,24,3.46,-29.89
TS046,tshirt,2026-07-20,24,279,0.0,279,0,0,8136,366,26,25,8,7,2,6,2,1,0,1,0,0,0,1,4,1,4.0,1,0,0,0,0,25,3.48,-128.08
TS046,tshirt,2026-07-27,25,279,0.0,279,0,0,6560,318,26,19,4,3,1,3,2,1,0,0,1,0,0,0,1,0,,0,0,0,0,0,25,3.48,-448.85
TS046,tshirt,2026-08-03,26,279,0.0,279,0,0,7056,349,19,20,9,6,2,7,2,2,0,0,0,0,0,0,5,2,4.5,2,0,0,0,0,27,3.56,-128.74
TS046,tshirt,2026-08-10,27,279,0.0,279,0,0,6713,328,24,29,11,9,4,7,2,1,1,0,0,0,0,2,5,1,4.0,1,0,0,0,0,28,3.57,-72.37
TS046,tshirt,2026-08-17,28,279,0.0,279,0,0,9905,472,37,36,14,6,2,12,8,3,3,0,2,0,0,5,4,2,4.0,1,1,0,0,0,30,3.6,-1164.46
TS046,tshirt,2026-08-24,29,279,0.0,279,1,0,10270,478,29,34,11,10,2,9,4,3,0,0,1,0,0,4,5,3,2.0,0,1,2,1,1,33,3.45,-212.37
TS047,tshirt,2026-03-16,1,329,0.0,329,0,0,12056,442,36,25,8,3,2,6,4,3,0,1,0,0,0,3,2,3,2.33,0,2,1,1,0,3,2.33,-565.77
TS047,tshirt,2026-03-23,2,329,0.0,329,0,0,9385,235,15,10,3,1,1,2,0,0,0,0,0,0,0,0,2,0,,0,0,0,0,0,3,2.33,181.71
TS047,tshirt,2026-03-30,3,329,0.0,329,0,0,5316,110,14,5,3,2,0,3,1,0,1,0,0,0,0,0,2,2,2.5,0,1,1,0,1,5,2.4,-5.77
TS047,tshirt,2026-04-06,4,329,0.0,329,0,0,8867,212,18,16,3,2,0,3,1,1,0,0,0,0,0,1,2,1,3.0,0,1,0,0,0,6,2.5,111.71
TS047,tshirt,2026-04-13,5,329,0.0,329,0,0,4976,133,12,8,4,1,0,4,0,0,0,0,0,0,0,0,4,3,3.67,2,1,0,0,0,9,2.89,503.42
TS047,tshirt,2026-04-20,6,329,0.0,329,0,0,5906,179,12,14,4,2,0,4,1,0,1,0,0,0,0,1,3,2,4.0,2,0,0,0,0,11,3.09,237.57
TS047,tshirt,2026-04-27,7,329,0.0,329,0,0,4476,162,13,9,2,1,1,1,0,0,0,0,0,0,0,0,1,0,,0,0,0,0,0,11,3.09,55.86
TS047,tshirt,2026-05-04,8,329,0.0,329,0,0,5278,172,18,13,4,2,1,3,3,1,0,1,0,1,0,3,0,1,1.0,0,0,1,1,0,12,2.92,-490.0
TS047,tshirt,2026-05-11,9,329,0.0,329,0,0,4843,159,8,8,2,0,0,2,1,1,0,0,0,0,0,0,1,0,,0,0,0,0,0,12,2.92,-131.62
TS047,tshirt,2026-05-18,10,329,0.0,329,0,0,5950,206,19,12,2,2,1,1,1,0,0,1,0,0,0,0,0,0,,0,0,0,0,0,12,2.92,-327.48
TS047,tshirt,2026-05-25,11,329,0.0,329,0,0,5745,175,14,8,2,0,0,2,2,1,0,1,0,0,0,2,0,0,,0,0,0,0,0,12,2.92,-280.0
TS047,tshirt,2026-06-01,12,329,0.0,329,0,0,3972,118,12,6,1,1,0,1,1,1,0,0,0,0,0,1,0,0,,0,0,0,0,0,12,2.92,-140.0
TS047,tshirt,2026-06-08,13,329,0.0,329,0,0,4534,135,10,5,0,0,0,0,0,0,0,0,0,0,0,0,0,0,,0,0,0,0,0,12,2.92,0.0
TS047,tshirt,2026-06-15,14,329,0.0,329,0,0,3576,124,4,5,2,1,0,2,2,1,0,1,0,0,0,1,0,0,,0,0,0,0,0,12,2.92,-397.48
TS047,tshirt,2026-06-22,15,329,0.0,329,0,1,6224,185,12,9,3,2,1,2,0,0,0,0,0,0,0,0,2,0,,0,0,0,0,0,12,2.92,181.71
TS047,tshirt,2026-06-29,16,329,0.0,329,0,0,3952,132,14,8,1,0,0,1,0,0,0,0,0,0,0,0,1,0,,0,0,0,0,0,12,2.92,125.86
TS047,tshirt,2026-07-06,17,329,0.0,329,0,0,4362,138,15,8,3,2,0,3,1,0,1,0,0,0,0,0,2,0,,0,0,0,0,0,12,2.92,-5.77
TS047,tshirt,2026-07-13,18,329,0.0,329,0,0,4466,140,10,9,1,1,0,1,1,0,0,1,0,0,0,1,0,0,,0,0,0,0,0,12,2.92,-140.0
TS047,tshirt,2026-07-20,19,329,0.0,329,0,0,4101,131,9,10,3,2,0,3,2,1,1,0,0,0,0,1,1,0,,0,0,0,0,0,12,2.92,-271.62
TS047,tshirt,2026-07-27,20,319,0.0,319,0,0,4146,122,9,11,2,2,0,2,0,0,0,0,0,0,0,0,2,0,,0,0,0,0,0,12,2.92,232.66
TS047,tshirt,2026-08-03,21,319,0.0,319,0,0,4183,133,8,6,2,1,0,2,1,0,1,0,0,0,0,1,1,0,,0,0,0,0,0,12,2.92,-23.67
TS047,tshirt,2026-08-10,22,319,0.0,319,0,0,4781,149,12,9,2,1,0,2,0,0,0,0,0,0,0,0,2,1,3.0,0,1,0,0,0,13,2.92,232.66
TS047,tshirt,2026-08-17,23,319,0.0,319,0,0,4153,132,5,9,3,3,0,3,2,0,0,2,0,0,0,1,1,0,,0,0,0,0,0,13,2.92,-281.15
TS047,tshirt,2026-08-24,24,319,0.0,319,1,0,6253,201,17,12,4,4,0,4,3,1,0,0,0,1,1,1,1,0,,0,0,0,0,0,13,2.92,-538.62
TS047,tshirt,2026-08-31,25,319,0.0,319,0,0,3925,113,9,4,1,1,0,1,0,0,0,0,0,0,0,0,1,0,,0,0,0,0,0,13,2.92,116.33
TS047,tshirt,2026-09-07,26,319,0.0,319,0,0,3572,109,7,6,2,1,0,2,1,1,0,0,0,0,0,1,1,1,2.0,0,0,1,1,0,14,2.86,-23.67
TS047,tshirt,2026-09-14,27,319,0.0,319,0,0,2799,81,7,4,1,1,1,0,0,0,0,0,0,0,0,0,0,0,,0,0,0,0,0,14,2.86,-70.0
TS047,tshirt,2026-09-21,28,319,0.15,271,0,1,5907,222,11,17,7,6,1,6,1,0,0,0,1,0,0,1,5,0,,0,0,0,0,0,14,2.86,143.09
TS048,tshirt,2026-04-20,1,269,0.0,269,0,0,15021,1362,131,197,92,71,12,80,23,9,3,5,3,1,2,16,57,15,4.2,11,4,0,0,0,15,4.2,-2912.63
TS048,tshirt,2026-04-27,2,339,0.0,339,0,0,35830,3233,358,417,154,109,20,134,20,10,1,3,0,1,5,11,114,19,3.89,15,1,3,1,2,34,4.03,6434.24
TS048,tshirt,2026-05-04,3,339,0.0,339,0,0,26816,2419,257,299,112,78,20,92,12,3,0,2,0,3,4,7,80,10,4.1,8,1,1,1,0,44,4.05,4577.23
TS048,tshirt,2026-05-11,4,339,0.0,339,0,0,32934,2920,277,385,136,96,23,113,24,9,5,3,1,3,3,20,89,14,4.21,12,2,0,0,0,58,4.09,3779.76
TS048,tshirt,2026-05-18,5,339,0.0,339,0,0,23389,2078,220,221,89,61,15,74,11,3,3,0,1,2,2,7,63,6,4.33,6,0,0,0,0,64,4.11,3430.82
TS048,tshirt,2026-05-25,6,339,0.0,339,0,0,23844,2253,208,259,92,58,12,80,12,4,4,1,2,1,0,8,68,13,4.31,12,0,1,0,1,77,4.14,4025.62
TS048,tshirt,2026-06-01,7,339,0.0,339,0,0,22282,2068,219,240,101,77,18,83,13,8,2,3,0,0,0,10,70,14,4.21,12,1,1,1,0,91,4.15,3823.43
TS048,tshirt,2026-06-08,8,339,0.0,339,0,0,22562,2064,219,259,81,56,8,73,17,6,5,2,0,0,4,13,56,10,4.5,9,0,1,0,1,101,4.19,2346.11
TS048,tshirt,2026-06-15,9,339,0.0,339,0,0,17311,1624,183,182,71,55,8,63,5,1,0,2,0,0,2,4,58,9,4.56,8,1,0,0,0,110,4.22,4679.72
TS048,tshirt,2026-06-22,10,339,0.1,305,0,1,33507,3485,353,476,219,158,23,196,26,10,3,4,1,2,6,19,170,20,4.1,16,1,3,0,3,130,4.2,6052.97
TS048,tshirt,2026-06-29,11,339,0.0,339,0,0,22519,2163,219,284,103,76,12,91,11,4,4,1,1,1,0,6,80,18,4.33,15,3,0,0,0,148,4.22,5277.23
TS048,tshirt,2026-07-06,12,339,0.0,339,0,0,20929,1995,200,239,88,72,11,77,11,4,1,1,3,1,1,6,66,10,3.8,6,4,0,0,0,158,4.19,3877.8
TS048,tshirt,2026-07-13,13,339,0.0,339,0,0,23376,2177,212,261,100,67,7,93,14,7,1,2,3,1,0,10,79,10,4.4,9,1,0,0,0,168,4.2,5250.17
TS048,tshirt,2026-07-20,14,339,0.0,339,0,0,18917,1676,183,217,80,54,12,68,6,5,0,1,0,0,0,3,62,9,4.33,9,0,0,0,0,177,4.21,4383.76
TS048,tshirt,2026-07-27,15,339,0.0,339,0,0,21307,1935,201,250,95,67,9,86,12,5,3,1,0,0,3,6,74,13,4.31,11,1,1,0,1,190,4.22,4569.57
TS048,tshirt,2026-08-03,16,339,0.0,339,0,0,15934,1438,145,154,62,38,11,51,9,5,2,2,0,0,0,6,42,7,4.14,5,2,0,0,0,197,4.21,1934.58
TS048,tshirt,2026-08-10,17,339,0.0,339,0,0,17707,1591,176,181,56,43,4,52,12,4,1,4,1,0,2,6,40,11,4.09,9,1,1,1,0,208,4.21,1350.97
TS048,tshirt,2026-08-17,18,339,0.0,339,0,0,17607,1567,163,194,71,56,11,60,8,4,1,1,0,1,1,6,52,8,4.75,8,0,0,0,0,216,4.23,3272.07
TS048,tshirt,2026-08-24,19,339,0.0,339,1,0,16172,1514,168,161,62,50,15,47,7,4,0,2,0,0,1,3,40,4,4.0,3,0,1,0,1,220,4.22,1576.77
TS048,tshirt,2026-08-31,20,339,0.0,339,0,0,15563,1427,158,184,59,41,9,50,9,2,2,1,1,1,2,6,41,10,4.5,8,2,0,0,0,230,4.23,1969.62
TS048,tshirt,2026-09-07,21,339,0.0,339,0,0,13993,1296,153,162,55,42,5,50,10,5,2,2,0,0,1,8,40,8,4.62,8,0,0,0,0,238,4.25,2152.56
TS048,tshirt,2026-09-14,22,339,0.0,339,0,0,16249,1507,176,185,56,40,5,51,10,7,1,0,1,1,0,6,41,8,4.12,6,2,0,0,0,246,4.24,1961.72
TS048,tshirt,2026-09-21,23,339,0.0,339,0,1,18001,1688,174,218,80,55,10,70,17,10,2,2,0,1,2,12,53,9,4.33,7,2,0,0,0,255,4.25,1743.33
TS049,tshirt,2025-11-10,1,359,0.0,359,0,0,13144,697,52,41,9,9,1,8,1,0,1,0,0,0,0,1,7,0,,0,0,0,0,0,0,,651.65
TS049,tshirt,2025-11-17,2,359,0.0,359,0,0,9570,546,45,37,10,8,0,10,2,1,1,0,0,0,0,1,8,0,,0,0,0,0,0,0,,555.93
TS049,tshirt,2025-11-24,3,359,0.0,359,0,0,6384,358,39,27,7,5,2,5,1,0,1,0,0,0,0,0,4,1,3.0,0,1,0,0,0,1,3.0,63.56
TS049,tshirt,2025-12-01,4,359,0.0,359,0,0,4311,170,7,7,3,2,1,2,0,0,0,0,0,0,0,0,2,1,3.0,0,1,0,0,0,2,3.0,176.19
TS049,tshirt,2025-12-08,5,359,0.0,359,0,0,4103,147,14,8,3,2,0,3,1,1,0,0,0,0,0,1,2,0,,0,0,0,0,0,2,3.0,106.19
TS049,tshirt,2025-12-15,6,359,0.0,359,0,0,4951,173,16,13,6,6,2,4,1,0,0,1,0,0,0,1,3,0,,0,0,0,0,0,2,3.0,89.28
TS049,tshirt,2025-12-22,7,359,0.0,359,0,0,5508,204,14,10,3,2,0,3,1,1,0,0,0,0,0,0,2,0,,0,0,0,0,0,2,3.0,-42.63
TS049,tshirt,2025-12-29,8,359,0.0,359,0,0,4733,197,11,17,5,1,0,5,1,1,0,0,0,0,0,1,4,1,4.0,1,0,0,0,0,3,3.33,352.37
TS049,tshirt,2026-01-05,9,359,0.0,359,0,0,4828,209,20,17,5,2,2,3,1,0,1,0,0,0,0,1,2,1,5.0,1,0,0,0,0,4,3.75,-33.81
TS049,tshirt,2026-01-12,10,359,0.0,359,0,1,6349,340,29,17,6,4,0,6,0,0,0,0,0,0,0,0,6,0,,0,0,0,0,0,4,3.75,738.56
TS049,tshirt,2026-01-19,11,359,0.0,359,0,0,5308,275,19,27,10,7,0,10,1,1,0,0,0,0,0,0,9,3,4.67,3,0,0,0,0,7,4.14,819.02
TS049,tshirt,2026-01-26,12,359,0.0,359,0,0,7877,467,27,23,10,6,1,9,4,2,1,0,0,0,1,4,5,2,3.5,1,0,1,0,1,9,4.0,-14.54
TS049,tshirt,2026-02-02,13,359,0.0,359,0,0,6409,362,31,18,6,5,0,6,0,0,0,0,0,0,0,0,6,0,,0,0,0,0,0,9,4.0,738.56
TS049,tshirt,2026-02-09,14,359,0.0,359,0,0,6229,373,34,24,8,5,1,7,1,1,0,0,0,0,0,1,6,0,,0,0,0,0,0,9,4.0,528.56
TS049,tshirt,2026-02-16,15,359,0.0,359,0,0,5940,372,24,28,7,3,0,7,0,0,0,0,0,0,0,0,7,2,3.5,1,1,0,0,0,11,3.91,861.65
TS049,tshirt,2026-02-23,16,359,0.0,359,0,0,7165,404,35,22,7,7,1,6,2,1,0,1,0,0,0,1,4,2,3.5,1,1,0,0,0,13,3.85,-6.44
TS049,tshirt,2026-03-02,17,359,0.0,359,1,1,12100,699,68,47,12,5,0,12,6,2,1,1,1,0,1,6,6,1,4.0,1,0,0,0,0,14,3.86,-101.44
TS049,tshirt,2026-03-09,18,359,0.0,359,0,0,8427,503,35,37,10,7,0,10,3,2,0,1,0,0,0,1,7,1,4.0,1,0,0,0,0,15,3.87,144.03
TS049,tshirt,2026-03-16,19,359,0.0,359,0,0,8836,457,39,40,13,10,2,11,4,1,2,1,0,0,0,4,7,3,4.0,2,1,0,0,0,18,3.89,161.65
TS049,tshirt,2026-03-23,20,359,0.0,359,0,0,8820,568,59,41,10,5,1,9,1,1,0,0,0,0,0,1,8,4,3.75,3,1,0,0,0,22,3.86,774.74
TS049,tshirt,2026-03-30,21,359,0.0,359,0,0,8878,547,38,36,12,5,1,11,0,0,0,0,0,0,0,0,11,3,3.67,2,0,1,0,1,25,3.84,1284.02
TS049,tshirt,2026-04-06,22,359,0.0,359,0,0,10498,568,38,41,13,9,0,13,2,2,0,0,0,0,0,1,11,0,,0,0,0,0,0,25,3.84,925.21
TS049,tshirt,2026-04-13,23,359,0.0,359,0,0,14971,862,76,60,14,11,2,12,1,0,1,0,0,0,0,1,11,2,4.0,2,0,0,0,0,27,3.85,1074.02
TS049,tshirt,2026-04-20,24,359,0.0,359,0,0,10551,590,65,30,9,5,0,9,2,1,1,0,0,0,0,1,7,2,4.0,2,0,0,0,0,29,3.86,432.84
TS049,tshirt,2026-04-27,25,359,0.0,359,0,0,9236,592,47,54,16,12,0,16,5,1,0,2,0,1,1,5,11,0,,0,0,0,0,0,29,3.86,654.02
TS049,tshirt,2026-05-04,26,359,0.0,359,0,0,11059,671,55,49,14,9,0,14,2,0,1,0,0,0,1,2,12,2,5.0,2,0,0,0,0,31,3.94,1197.11
TS049,tshirt,2026-05-11,27,359,0.0,359,0,0,13739,821,70,58,22,13,2,20,6,2,1,1,0,2,0,3,14,4,3.0,1,2,1,1,0,35,3.83,296.86
TS049,tshirt,2026-05-18,28,359,0.0,359,0,0,12439,775,63,52,17,11,1,16,4,2,1,1,0,0,0,3,12,4,3.25,1,3,0,0,0,39,3.77,698.3
TS049,tshirt,2026-05-25,29,359,0.0,359,0,0,12937,783,63,48,16,9,1,15,2,1,0,0,1,0,0,1,13,2,4.5,2,0,0,0,0,41,3.8,1101.39
TS049,tshirt,2026-06-01,30,359,0.0,359,0,0,11605,691,51,43,11,8,3,8,2,0,1,1,0,0,0,2,6,1,3.0,0,1,0,0,0,42,3.79,248.56
TS049,tshirt,2026-06-08,31,359,0.0,359,0,0,10588,646,62,44,14,8,4,10,3,2,0,0,0,1,0,2,7,1,2.0,0,0,1,0,1,43,3.74,12.84
TS049,tshirt,2026-06-15,32,359,0.0,359,0,0,9807,538,42,37,12,6,2,10,3,3,0,0,0,0,0,2,7,3,4.33,3,0,0,0,0,46,3.78,152.84
TS049,tshirt,2026-06-22,33,359,0.0,359,0,1,11676,644,49,38,6,5,0,6,1,0,1,0,0,0,0,1,5,0,,0,0,0,0,0,46,3.78,475.46
TS049,tshirt,2026-06-29,34,359,0.0,359,0,0,7810,385,37,22,8,3,0,8,3,2,0,1,0,0,0,2,5,1,4.0,1,0,0,0,0,47,3.79,46.65
TS049,tshirt,2026-07-06,35,359,0.0,359,0,0,9733,574,50,40,11,9,0,11,4,1,1,2,0,0,0,3,7,1,4.0,1,0,0,0,0,48,3.79,152.84
TS049,tshirt,2026-07-13,36,359,0.0,359,0,0,8526,512,43,38,15,8,2,13,3,2,0,0,1,0,0,3,10,1,3.0,0,1,0,0,0,49,3.78,670.93
TS049,tshirt,2026-07-20,37,359,0.0,359,0,0,9988,581,50,44,12,6,2,10,3,2,0,1,0,0,0,3,7,1,5.0,1,0,0,0,0,50,3.8,301.65
TS049,tshirt,2026-07-27,38,359,0.0,359,0,0,7708,473,44,29,6,5,1,5,2,0,1,0,1,0,0,1,3,2,2.5,0,1,1,0,1,52,3.75,-129.53
TS049,tshirt,2026-08-03,39,359,0.0,359,0,0,8046,434,50,30,10,8,2,8,2,1,0,1,0,0,0,2,6,1,4.0,1,0,0,0,0,53,3.75,318.56
TS049,tshirt,2026-08-10,40,359,0.0,359,0,0,9679,557,59,41,12,8,1,11,3,1,0,1,0,1,0,2,8,2,3.0,1,0,1,0,1,55,3.73,345.93
TS049,tshirt,2026-08-17,41,359,0.0,359,0,0,8462,451,48,33,9,6,1,8,3,1,1,1,0,0,0,3,5,3,3.0,1,1,1,0,1,58,3.69,125.46
TS049,tshirt,2026-08-24,42,359,0.0,359,1,0,7617,420,37,41,13,11,1,12,1,1,0,0,0,0,0,0,11,3,3.33,1,1,1,1,0,61,3.67,995.21
TS049,tshirt,2026-08-31,43,359,0.0,359,0,0,7823,442,25,38,7,6,1,6,2,1,0,1,0,0,0,2,4,0,,0,0,0,0,0,61,3.67,142.37
TS049,tshirt,2026-09-07,44,359,0.0,359,0,0,7415,382,33,22,7,3,1,6,3,2,1,0,0,0,0,3,3,1,3.0,0,1,0,0,0,62,3.66,-120.72
TS049,tshirt,2026-09-14,45,359,0.0,359,0,0,9105,503,40,35,14,10,1,13,1,1,0,0,0,0,0,1,12,0,,0,0,0,0,0,62,3.66,1267.11
TS049,tshirt,2026-09-21,46,359,0.0,359,0,1,12582,693,75,47,11,8,1,10,5,3,2,0,0,0,0,3,5,3,4.0,2,1,0,0,0,65,3.68,-452.16
TS050,tshirt,2025-10-27,1,329,0.0,329,0,0,14160,577,42,15,1,1,1,0,0,0,0,0,0,0,0,0,0,0,,0,0,0,0,0,0,,-70.0
TS050,tshirt,2025-11-03,2,329,0.0,329,0,0,6202,222,13,7,3,3,1,2,2,1,1,0,0,0,0,1,0,0,,0,0,0,0,0,0,,-476.85
TS050,tshirt,2025-11-10,3,329,0.0,329,0,0,4654,179,10,8,1,0,0,1,0,0,0,0,0,0,0,0,1,0,,0,0,0,0,0,0,,116.48
TS050,tshirt,2025-11-17,4,329,0.0,329,0,0,2829,109,7,3,1,1,1,0,0,0,0,0,0,0,0,0,0,0,,0,0,0,0,0,0,,-70.0
TS050,tshirt,2025-11-24,5,329,0.0,329,0,0,3923,154,11,8,0,0,0,0,0,0,0,0,0,0,0,0,0,0,,0,0,0,0,0,0,,0.0
TS050,tshirt,2025-12-01,6,329,0.0,329,0,0,2936,113,7,2,0,0,0,0,0,0,0,0,0,0,0,0,0,0,,0,0,0,0,0,0,,0.0
TS050,tshirt,2025-12-08,7,329,0.0,329,0,0,2906,91,9,4,0,0,0,0,0,0,0,0,0,0,0,0,0,0,,0,0,0,0,0,0,,0.0
TS050,tshirt,2025-12-15,8,329,0.0,329,0,0,3138,100,5,3,1,1,0,1,0,0,0,0,0,0,0,0,1,0,,0,0,0,0,0,0,,116.48
TS051,tshirt,2026-05-04,1,289,0.0,289,0,0,16886,1179,102,115,41,31,7,34,11,3,2,3,1,1,1,8,23,5,4.6,5,0,0,0,0,5,4.6,-1936.9
TS051,tshirt,2026-05-11,2,289,0.0,289,0,0,25801,2431,201,258,101,70,11,90,18,9,1,1,3,3,1,15,72,11,4.36,9,2,0,0,0,16,4.44,-1861.06
TS051,tshirt,2026-05-18,3,329,0.0,329,0,0,22381,1838,177,175,56,37,4,52,13,4,3,2,1,3,0,10,39,4,3.75,2,1,1,0,1,20,4.3,-84.99
TS051,tshirt,2026-05-25,4,329,0.0,329,0,0,20397,1599,131,150,52,38,7,45,8,2,3,3,0,0,0,6,37,6,4.0,4,1,1,0,1,26,4.23,452.27
TS051,tshirt,2026-06-01,5,329,0.0,329,0,0,21659,1621,149,160,63,46,11,52,12,10,0,1,0,1,0,10,40,7,3.43,2,4,1,0,1,33,4.06,-191.66
TS051,tshirt,2026-06-08,6,329,0.0,329,0,0,19352,1429,133,125,48,28,5,43,18,5,5,3,2,2,1,13,25,4,4.0,3,1,0,0,0,37,4.05,-2125.95
TS051,tshirt,2026-06-15,7,329,0.0,329,0,0,17230,1230,105,120,55,40,4,51,8,5,0,2,1,0,0,6,43,7,3.43,5,0,2,0,2,44,3.95,1054.41
TS051,tshirt,2026-06-22,8,329,0.2,263,0,1,22175,1980,159,240,102,77,10,92,11,4,1,3,0,0,3,7,81,10,4.2,8,2,0,0,0,54,4.0,-2749.39
TS051,tshirt,2026-06-29,9,329,0.0,329,0,0,19747,1435,120,141,48,34,6,42,8,3,2,0,1,0,2,6,34,9,3.89,6,3,0,0,0,63,3.98,326.19
TS052,tshirt,2025-10-06,1,209,0.0,209,1,1,20532,1369,109,201,119,85,11,108,21,10,3,3,1,1,3,16,87,13,3.77,9,3,1,1,0,13,3.77,-494.69
TS052,tshirt,2025-10-13,2,209,0.0,209,1,0,51508,3714,280,505,284,189,35,249,47,20,3,9,4,7,4,31,202,44,3.89,32,7,5,1,4,57,3.86,-1946.95
TS052,tshirt,2025-10-20,3,209,0.0,209,1,0,25955,1994,140,290,162,112,24,138,26,13,4,4,1,1,3,22,112,24,3.83,15,8,1,0,1,81,3.85,-968.55
TS052,tshirt,2025-10-27,4,209,0.0,209,0,0,24243,1915,153,260,135,96,15,120,20,8,7,2,1,2,0,12,100,20,3.85,14,2,4,0,4,101,3.85,-350.44
TS052,tshirt,2025-11-03,5,209,0.0,209,0,0,17058,1351,106,193,103,70,12,91,15,4,4,3,2,0,2,8,76,10,3.4,3,6,1,0,1,111,3.81,-360.45
TS052,tshirt,2025-11-10,6,209,0.0,209,0,0,20901,1615,127,234,127,87,8,119,23,15,2,2,1,0,3,12,96,20,3.95,13,5,2,0,2,131,3.83,-709.54
TS052,tshirt,2025-11-17,7,209,0.0,209,0,0,18413,1412,116,229,124,83,15,109,30,12,8,5,1,0,4,23,79,18,3.5,11,1,6,0,6,149,3.79,-2544.56
TS052,tshirt,2025-11-24,8,209,0.0,209,0,0,17454,1279,95,174,105,74,16,89,19,7,6,2,1,2,1,13,70,17,3.94,12,2,3,0,3,166,3.81,-1365.14
TS053,tshirt,2025-10-13,1,309,0.0,309,1,0,14708,965,100,95,38,28,2,36,10,4,3,2,1,0,0,7,26,5,4.2,4,0,1,0,1,5,4.2,506.42
TS053,tshirt,2025-10-20,2,309,0.0,309,1,0,22425,1669,132,168,59,40,5,54,15,7,3,1,0,2,2,11,39,5,4.2,4,1,0,0,0,10,4.2,684.88
TS053,tshirt,2025-10-27,3,309,0.0,309,0,0,16970,1292,107,155,63,47,10,53,9,4,2,2,0,1,0,8,44,4,5.0,4,0,0,0,0,14,4.43,2035.28
TS053,tshirt,2025-11-03,4,309,0.0,309,0,0,13313,1080,109,130,52,35,6,46,13,2,5,4,1,0,1,10,33,9,3.67,6,1,2,1,1,23,4.13,462.79
TS053,tshirt,2025-11-10,5,309,0.0,309,0,0,13448,1056,99,117,50,36,8,42,6,1,2,2,0,0,1,4,36,8,3.75,5,3,0,0,0,31,4.03,1714.61
TS053,tshirt,2025-11-17,6,309,0.0,309,0,0,14992,1137,104,133,48,34,6,42,10,3,3,2,2,0,0,2,32,6,4.67,5,1,0,0,0,37,4.14,136.44
TS053,tshirt,2025-11-24,7,309,0.0,309,0,0,15812,1220,109,118,45,34,6,39,4,0,2,1,1,0,0,2,35,9,4.0,8,0,1,0,1,46,4.11,2040.85
TS053,tshirt,2025-12-01,8,309,0.0,309,0,0,11048,877,68,98,38,28,5,33,6,3,1,1,1,0,0,5,27,7,3.57,4,2,1,1,0,53,4.04,1211.22
TS053,tshirt,2025-12-08,9,309,0.0,309,0,0,14194,1041,94,96,31,25,5,26,2,2,0,0,0,0,0,1,24,7,4.43,6,1,0,0,0,60,4.08,1489.92
TS053,tshirt,2025-12-15,10,319,0.0,319,0,0,12789,1002,93,107,39,31,2,37,5,2,2,1,0,0,0,4,32,5,3.4,3,1,1,0,1,65,4.03,2334.82
TS053,tshirt,2025-12-22,11,319,0.0,319,0,0,11222,848,76,86,31,26,3,28,4,2,1,1,0,0,0,3,24,5,4.2,4,1,0,0,0,70,4.04,1578.49
TS053,tshirt,2025-12-29,12,319,0.0,319,0,0,10006,782,74,75,26,18,1,25,5,4,0,1,0,0,0,4,20,3,4.0,3,0,0,0,0,73,4.04,1165.32
TS053,tshirt,2026-01-05,13,319,0.0,319,0,0,10647,875,72,89,38,30,8,30,4,1,1,0,2,0,0,3,26,2,4.5,2,0,0,0,0,75,4.05,1435.07
TS053,tshirt,2026-01-12,14,319,0.0,319,0,1,14242,1054,95,111,41,28,4,37,8,2,3,1,1,0,1,6,29,8,3.62,6,0,2,0,2,83,4.01,1334.43
TS053,tshirt,2026-01-19,15,319,0.0,319,0,0,15440,1170,80,121,46,31,9,37,10,5,1,2,0,0,2,7,27,4,4.5,4,0,0,0,0,87,4.03,367.33
TS053,tshirt,2026-01-26,16,319,0.0,319,0,0,11389,806,53,102,39,29,5,34,8,1,2,2,0,2,1,6,26,6,3.67,3,2,1,0,1,93,4.01,954.55
TS053,tshirt,2026-02-02,17,319,0.0,319,0,0,11561,905,88,94,35,21,4,31,6,2,2,2,0,0,0,6,25,3,4.0,2,1,0,0,0,96,4.01,1462.3
TS053,tshirt,2026-02-09,18,319,0.0,319,0,0,12615,891,68,98,35,25,4,31,5,2,0,1,0,1,1,5,26,4,3.75,3,1,0,0,0,100,4.0,1705.59
TS053,tshirt,2026-02-16,19,319,0.0,319,0,0,12802,935,88,79,27,20,6,21,3,2,0,0,0,0,1,1,18,3,4.0,2,1,0,0,0,103,4.0,758.22
TS053,tshirt,2026-02-23,20,319,0.0,319,0,0,11681,866,64,86,31,22,3,28,3,1,2,0,0,0,0,1,25,5,3.8,2,3,0,0,0,108,3.99,1691.26
TS053,tshirt,2026-03-02,21,319,0.0,319,1,1,17447,1178,106,112,39,28,4,35,6,3,0,1,0,0,2,5,29,5,3.8,4,1,0,0,0,113,3.98,1744.95
TS053,tshirt,2026-03-09,22,319,0.0,319,0,0,13252,987,97,104,43,33,4,39,4,2,0,1,1,0,0,3,35,7,4.14,5,2,0,0,0,120,3.99,2644.7
TS053,tshirt,2026-03-16,23,319,0.0,319,0,0,14903,1144,113,121,46,31,4,42,7,5,1,1,0,0,0,6,35,5,4.0,4,0,1,1,0,125,3.99,2224.7
TS053,tshirt,2026-03-23,24,319,0.0,319,0,0,16181,1197,113,109,38,32,6,32,4,2,0,1,0,1,0,2,28,3,4.33,2,1,0,0,0,128,4.0,1651.14
TS053,tshirt,2026-03-30,25,319,0.0,319,0,0,17598,1394,117,156,45,26,3,42,12,4,3,1,1,2,1,8,30,8,3.5,4,2,2,1,1,136,3.97,686.68
TS053,tshirt,2026-04-06,26,319,0.0,319,0,0,15937,1155,105,112,45,33,5,40,10,6,0,2,0,1,1,6,30,3,4.33,2,1,0,0,0,139,3.98,826.68
TS053,tshirt,2026-04-13,27,319,0.0,319,0,0,14421,1053,89,105,39,33,4,35,6,4,0,1,0,0,1,4,29,6,3.83,4,2,0,0,0,145,3.97,1614.43
TS053,tshirt,2026-04-20,28,319,0.0,319,0,0,17446,1271,112,129,40,26,5,35,5,2,1,1,0,0,1,3,30,2,4.0,2,0,0,0,0,147,3.97,1787.72
TS053,tshirt,2026-04-27,29,319,0.0,319,0,0,14409,1017,101,112,35,28,2,33,1,0,1,0,0,0,0,1,32,8,4.25,7,1,0,0,0,155,3.99,3025.34
TS053,tshirt,2026-05-04,30,309,0.0,309,0,0,17241,1292,135,135,54,37,10,44,15,7,2,2,0,2,2,10,29,11,3.55,6,3,2,0,2,166,3.96,-733.32
TS053,tshirt,2026-05-11,31,309,0.0,309,0,0,15022,1137,97,115,37,25,5,32,7,3,2,2,0,0,0,5,25,4,3.75,2,2,0,0,0,170,3.95,753.17
TS053,tshirt,2026-05-18,32,309,0.0,309,0,0,14991,1062,105,112,47,40,9,38,7,4,0,1,1,0,1,5,31,4,4.75,4,0,0,0,0,174,3.97,1035.77
TS053,tshirt,2026-05-25,33,309,0.0,309,0,0,18494,1367,119,140,58,47,9,49,11,5,2,2,1,0,1,8,38,6,4.0,4,1,1,0,1,180,3.97,1001.63
TS053,tshirt,2026-06-01,34,309,0.0,309,0,0,18264,1401,127,163,55,36,4,51,8,4,2,1,0,1,0,6,43,12,4.08,9,2,1,0,1,192,3.98,2370.99
TS053,tshirt,2026-06-08,35,309,0.0,309,0,0,16986,1299,122,144,60,50,12,48,10,5,2,0,1,0,2,8,38,7,4.14,4,3,0,0,0,199,3.98,1062.15
TS053,tshirt,2026-06-15,36,309,0.0,309,0,0,20497,1469,142,165,64,46,5,59,12,3,5,0,1,2,1,7,47,6,3.5,3,1,2,0,2,205,3.97,1724.51
TS053,tshirt,2026-06-22,37,309,0.0,309,0,1,25197,1859,147,218,95,73,19,76,17,10,2,5,0,0,0,14,59,12,3.5,5,6,1,0,1,217,3.94,1430.76
TS053,tshirt,2026-06-29,38,309,0.0,309,0,0,16943,1300,130,126,48,34,6,42,5,3,0,1,0,1,0,2,37,5,3.8,3,1,1,0,1,222,3.94,1957.86
TS053,tshirt,2026-07-06,39,309,0.0,309,0,0,17372,1236,89,108,46,35,5,41,10,3,2,2,1,1,1,8,31,6,3.83,4,2,0,0,0,228,3.94,895.77
TS053,tshirt,2026-07-13,40,309,0.0,309,0,0,16048,1128,99,125,49,39,7,42,9,5,0,2,1,1,0,6,33,5,4.0,3,1,1,0,1,233,3.94,952.79
TS053,tshirt,2026-07-20,41,309,0.0,309,0,0,14951,1092,99,114,49,37,5,44,12,7,1,2,0,1,1,9,32,5,3.2,2,1,2,0,2,238,3.92,579.02
TS053,tshirt,2026-07-27,42,309,0.0,309,0,0,17427,1199,108,130,47,38,8,39,4,1,2,1,0,0,0,2,35,4,4.25,4,0,0,0,0,242,3.93,1900.85
TS053,tshirt,2026-08-03,43,309,0.0,309,0,0,11176,782,71,70,28,20,5,23,4,1,0,1,1,1,0,1,19,0,,0,0,0,0,0,242,3.93,480.04
TS053,tshirt,2026-08-10,44,309,0.0,309,0,0,14097,1028,80,108,33,24,4,29,5,2,1,1,0,1,0,4,24,4,3.75,2,2,0,0,0,246,3.93,1139.92
TS053,tshirt,2026-08-17,45,309,0.0,309,0,0,10596,769,67,86,31,21,4,27,4,4,0,0,0,0,0,3,23,2,4.0,1,1,0,0,0,248,3.93,1186.15
TS053,tshirt,2026-08-24,46,309,0.0,309,1,0,13562,972,80,102,39,33,1,38,6,3,0,0,0,1,2,2,32,9,3.67,4,3,2,1,1,257,3.92,1568.51
TS053,tshirt,2026-08-31,47,309,0.0,309,0,0,11707,852,84,80,33,22,1,32,3,1,0,0,0,2,0,2,29,7,4.14,6,0,1,0,1,264,3.92,2098.76
TS053,tshirt,2026-09-07,48,309,0.0,309,0,0,10379,713,67,64,25,20,3,22,6,2,1,0,0,1,2,1,16,4,3.75,3,1,0,0,0,268,3.92,-202.3
TS053,tshirt,2026-09-14,49,309,0.0,309,0,0,10552,742,69,83,30,20,6,24,2,0,2,0,0,0,0,2,22,1,3.0,0,1,0,0,0,269,3.92,1362.9
TS053,tshirt,2026-09-21,50,309,0.2,247,0,1,15907,1448,126,174,76,58,10,66,13,8,3,1,1,0,0,9,53,10,4.0,7,2,1,1,0,279,3.92,-1201.89
TS054,tshirt,2026-05-25,1,369,0.0,369,0,0,14186,311,23,15,3,2,1,2,1,0,0,0,1,0,0,0,1,1,3.0,0,1,0,0,0,1,3.0,-133.21
TS054,tshirt,2026-06-01,2,369,0.0,369,0,0,6257,129,12,4,0,0,0,0,0,0,0,0,0,0,0,0,0,0,,0,0,0,0,0,1,3.0,0.0
TS054,tshirt,2026-06-08,3,369,0.0,369,0,0,6092,107,7,6,0,0,0,0,0,0,0,0,0,0,0,0,0,0,,0,0,0,0,0,1,3.0,0.0
TS054,tshirt,2026-06-15,4,369,0.0,369,0,0,4796,88,6,3,0,0,0,0,0,0,0,0,0,0,0,0,0,0,,0,0,0,0,0,1,3.0,0.0
TS054,tshirt,2026-06-22,5,309,0.0,309,0,1,4697,118,5,9,2,1,1,1,1,0,1,0,0,0,0,1,0,0,,0,0,0,0,0,1,3.0,-210.0
TS054,tshirt,2026-06-29,6,309,0.0,309,0,0,3133,76,3,3,1,1,0,1,0,0,0,0,0,0,0,0,1,0,,0,0,0,0,0,1,3.0,121.96
TS054,tshirt,2026-07-06,7,309,0.0,309,0,0,3050,68,9,6,1,1,0,1,0,0,0,0,0,0,0,0,1,0,,0,0,0,0,0,1,3.0,121.96
TS055,tshirt,2026-01-12,1,329,0.1,296,0,1,13027,395,25,24,6,5,1,5,2,0,1,1,0,0,0,1,3,0,,0,0,0,0,0,0,,-95.82
TS055,tshirt,2026-01-19,2,329,0.0,329,0,0,5741,149,11,4,2,2,0,2,0,0,0,0,0,0,0,0,2,0,,0,0,0,0,0,0,,295.9
TS055,tshirt,2026-01-26,3,329,0.0,329,0,0,4179,92,8,5,0,0,0,0,0,0,0,0,0,0,0,0,0,0,,0,0,0,0,0,0,,0.0
TS055,tshirt,2026-02-02,4,329,0.0,329,0,0,4021,110,8,9,3,2,0,3,1,0,0,1,0,0,0,0,2,0,,0,0,0,0,0,0,,60.52
TS055,tshirt,2026-02-09,5,329,0.0,329,0,0,2978,83,6,5,1,1,0,1,1,0,0,0,0,0,1,1,0,0,,0,0,0,0,0,0,,-140.0
TS055,tshirt,2026-02-16,6,329,0.0,329,0,0,3944,94,2,5,1,0,0,1,0,0,0,0,0,0,0,0,1,0,,0,0,0,0,0,0,,147.95
TS056,tshirt,2026-07-20,1,309,0.0,309,0,0,12688,859,57,66,24,12,2,22,4,2,1,1,0,0,0,2,18,2,3.5,1,0,1,0,1,2,3.5,290.62
TS056,tshirt,2026-07-27,2,309,0.0,309,0,0,17578,1029,88,91,30,23,5,25,4,4,0,0,0,0,0,4,21,5,4.2,5,0,0,0,0,7,4.0,601.15
TS056,tshirt,2026-08-03,3,309,0.0,309,0,0,11870,803,61,60,21,13,3,18,4,3,1,0,0,0,0,4,14,2,3.5,1,1,0,0,0,9,3.89,237.44
TS056,tshirt,2026-08-10,4,309,0.0,309,0,0,9937,681,55,56,20,15,2,18,5,3,1,0,0,1,0,5,13,2,3.5,1,1,0,0,0,11,3.82,95.48
TS056,tshirt,2026-08-17,5,309,0.0,309,0,0,10398,715,60,59,21,15,3,18,6,3,0,1,0,0,2,4,12,3,3.33,1,2,0,0,0,14,3.71,-491.14
TS056,tshirt,2026-08-24,6,309,0.0,309,1,0,9742,641,56,53,16,12,1,15,3,2,0,0,0,0,1,3,12,1,4.0,1,0,0,0,0,15,3.73,373.52
TS056,tshirt,2026-08-31,7,309,0.0,309,0,0,8588,588,47,58,15,14,2,13,3,1,2,0,0,0,0,3,10,1,4.0,1,0,0,0,0,16,3.75,159.6
TS056,tshirt,2026-09-07,8,309,0.0,309,0,0,6747,451,30,36,10,8,1,9,0,0,0,0,0,0,0,0,9,2,4.5,2,0,0,0,0,18,3.83,577.64
TS056,tshirt,2026-09-14,9,309,0.0,309,0,0,8054,562,48,54,18,11,1,17,1,1,0,0,0,0,0,1,16,1,4.0,1,0,0,0,0,19,3.84,941.36
TS056,tshirt,2026-09-21,10,309,0.15,263,0,1,12328,1029,102,106,46,32,4,42,11,4,4,1,1,1,0,9,31,11,3.27,3,7,1,1,0,30,3.63,-1252.0
TS057,tshirt,2026-08-03,1,229,0.0,229,0,0,11695,1604,134,243,122,82,12,110,14,6,2,2,0,1,3,9,96,17,4.29,14,2,1,0,1,17,4.29,1688.94
TS057,tshirt,2026-08-10,2,229,0.0,229,0,0,38748,6778,545,1142,611,380,64,547,94,40,13,16,3,8,14,68,453,85,4.15,64,18,3,1,2,102,4.18,3310.41
TS057,tshirt,2026-08-17,3,229,0.0,229,0,0,22185,3862,344,671,352,214,45,307,50,24,8,10,2,2,4,38,257,46,4.2,37,8,1,0,1,148,4.18,2000.7
TS057,tshirt,2026-08-24,4,229,0.0,229,1,0,26323,4675,373,841,439,276,48,391,61,38,7,7,3,2,4,45,330,78,4.18,62,12,4,0,4,226,4.18,3645.11
TS057,tshirt,2026-08-31,5,229,0.0,229,0,0,14296,2518,195,434,234,141,23,211,30,10,3,6,2,4,5,19,181,18,4.56,17,1,0,0,0,244,4.21,2502.02
TS057,tshirt,2026-09-07,6,229,0.0,229,0,0,18810,3356,250,603,318,209,31,287,50,23,5,7,8,2,5,43,237,35,4.11,27,5,3,0,3,279,4.2,2426.77
TS057,tshirt,2026-09-14,7,229,0.0,229,0,0,15023,2601,216,457,236,151,23,213,44,20,6,7,4,5,2,31,169,33,4.03,25,3,5,1,4,312,4.18,-271.94
TS057,tshirt,2026-09-21,8,229,0.0,229,0,1,21863,3797,314,681,384,251,42,342,50,20,11,9,2,3,5,34,292,41,4.24,32,8,1,0,1,353,4.19,3637.6
TS058,tshirt,2026-04-20,1,329,0.0,329,0,0,13696,563,50,52,19,12,4,15,5,2,1,1,0,0,1,3,10,3,4.0,2,1,0,0,0,3,4.0,-195.75
TS058,tshirt,2026-04-27,2,329,0.0,329,0,0,20672,847,72,69,21,18,6,15,5,2,1,1,0,0,1,3,10,3,3.67,2,1,0,0,0,6,3.83,-335.75
TS058,tshirt,2026-05-04,3,329,0.0,329,0,0,11234,448,53,37,12,8,0,12,4,4,0,0,0,0,0,3,8,1,1.0,0,0,1,1,0,7,3.43,149.85
TS058,tshirt,2026-05-11,4,329,0.0,329,0,0,10807,390,42,27,9,7,2,7,2,1,0,1,0,0,0,2,5,0,,0,0,0,0,0,7,3.43,109.55
TS058,tshirt,2026-05-18,5,329,0.0,329,0,0,9480,337,26,34,9,7,1,8,0,0,0,0,0,0,0,0,8,0,,0,0,0,0,0,7,3.43,777.28
TS058,tshirt,2026-05-25,6,329,0.0,329,0,0,7451,226,17,10,2,2,0,2,0,0,0,0,0,0,0,0,2,0,,0,0,0,0,0,7,3.43,211.82
TS058,tshirt,2026-06-01,7,329,0.0,329,0,0,7889,270,20,25,5,5,0,5,1,1,0,0,0,0,0,1,4,2,4.5,2,0,0,0,0,9,3.67,283.64
TS058,tshirt,2026-06-08,8,329,0.0,329,0,0,6295,231,23,20,1,0,0,1,1,1,0,0,0,0,0,0,0,1,3.0,0,1,0,0,0,10,3.6,-277.42
TS058,tshirt,2026-06-15,9,329,0.0,329,0,0,6891,242,19,21,6,4,0,6,1,1,0,0,0,0,0,0,5,0,,0,0,0,0,0,10,3.6,252.12
TS058,tshirt,2026-06-22,10,319,0.2,255,0,1,7491,365,16,41,19,14,1,18,7,2,2,1,0,2,0,5,11,3,3.67,2,0,1,0,1,13,3.62,-935.08
TS058,tshirt,2026-06-29,11,319,0.0,319,0,0,8395,334,34,25,11,8,1,10,1,0,1,0,0,0,0,0,9,2,4.0,1,1,0,0,0,15,3.67,520.05
TS058,tshirt,2026-07-06,12,319,0.0,319,0,0,8867,374,31,36,16,11,2,14,4,1,2,0,0,0,1,2,10,1,5.0,1,0,0,0,0,16,3.75,-10.99
TS058,tshirt,2026-07-13,13,319,0.0,319,0,0,7643,348,39,32,11,6,0,11,1,1,0,0,0,0,0,1,10,3,3.67,2,1,0,0,0,19,3.74,823.86
TS058,tshirt,2026-07-20,14,319,0.0,319,0,0,10353,431,42,42,20,16,4,16,2,0,1,0,0,1,0,1,14,2,4.0,1,1,0,0,0,21,3.76,651.98
TS058,tshirt,2026-07-27,15,319,0.0,319,0,0,7879,326,34,34,15,10,5,10,2,2,0,0,0,0,0,2,8,0,,0,0,0,0,0,21,3.76,141.09
TS058,tshirt,2026-08-03,16,319,0.0,319,0,0,8422,370,40,28,7,4,1,6,1,0,0,1,0,0,0,1,5,0,,0,0,0,0,0,21,3.76,271.93
TS058,tshirt,2026-08-10,17,319,0.0,319,0,0,8031,355,29,25,6,4,0,6,3,1,1,0,0,1,0,2,3,1,5.0,1,0,0,0,0,22,3.82,-268.27
TS058,tshirt,2026-08-17,18,319,0.0,319,0,0,10648,433,41,42,16,9,2,14,2,1,0,1,0,0,0,2,12,2,3.5,1,1,0,0,0,24,3.79,736.63
TS058,tshirt,2026-08-24,19,319,0.0,319,1,0,9862,407,34,35,5,5,1,4,1,0,0,0,1,0,0,1,3,0,,0,0,0,0,0,24,3.79,79.16
TS058,tshirt,2026-08-31,20,309,0.0,309,0,0,8144,369,27,34,7,3,0,7,1,1,0,0,0,0,0,1,6,0,,0,0,0,0,0,24,3.79,381.17
TS058,tshirt,2026-09-07,21,309,0.0,309,0,0,6437,302,33,18,7,7,0,7,1,0,0,1,0,0,0,1,6,0,,0,0,0,0,0,24,3.79,381.17
TS058,tshirt,2026-09-14,22,309,0.0,309,0,0,6770,305,31,41,19,15,4,15,6,2,2,0,1,0,1,4,9,4,4.0,3,1,0,0,0,28,3.82,-613.09
TS058,tshirt,2026-09-21,23,309,0.0,309,0,1,12284,556,40,66,13,9,2,11,1,1,0,0,0,0,0,1,10,3,4.0,3,0,0,0,0,31,3.84,588.62
TS059,tshirt,2026-04-06,1,269,0.0,269,0,0,14698,996,74,93,39,29,5,34,12,6,2,0,1,2,1,6,22,5,2.8,1,2,2,1,1,5,2.8,-1484.31
TS059,tshirt,2026-04-13,2,269,0.0,269,0,0,16458,783,62,68,27,17,2,25,7,3,1,2,0,1,0,5,18,3,4.0,3,0,0,0,0,8,3.25,-304.64
TS059,tshirt,2026-04-20,3,269,0.0,269,0,0,13379,810,57,56,28,22,5,23,5,1,2,0,1,1,0,5,18,6,3.17,2,3,1,0,1,14,3.21,18.97
TS059,tshirt,2026-04-27,4,269,0.0,269,0,0,12516,751,47,49,24,16,6,18,5,1,1,1,0,1,1,3,13,2,4.0,2,0,0,0,0,16,3.31,-601.58
TS059,tshirt,2026-05-04,5,269,0.0,269,0,0,11203,751,64,63,25,14,3,22,7,3,1,2,1,0,0,5,15,6,3.83,4,2,0,0,0,22,3.45,-552.8
TS059,tshirt,2026-05-11,6,269,0.0,269,0,0,9997,617,46,56,23,16,6,17,6,1,2,0,1,0,2,2,11,3,3.67,1,2,0,0,0,25,3.48,-1113.96
TS059,tshirt,2026-05-18,7,269,0.0,269,0,0,12261,878,68,68,28,19,1,27,10,3,1,4,2,0,0,8,17,2,3.0,0,2,0,0,0,27,3.44,-714.03
TS059,tshirt,2026-05-25,8,269,0.0,269,0,0,13043,875,48,49,21,9,2,19,5,2,2,1,0,0,0,4,14,0,,0,0,0,0,0,27,3.44,-135.38
TS059,tshirt,2026-06-01,9,269,0.0,269,0,0,9328,597,43,51,24,15,6,18,5,2,0,1,0,1,1,5,13,1,2.0,0,0,1,0,1,28,3.39,-347.97
TS059,tshirt,2026-06-08,10,269,0.0,269,0,0,9398,625,42,51,16,9,0,16,5,0,3,1,0,1,0,2,11,6,3.0,2,2,2,0,2,34,3.32,-427.15
TS059,tshirt,2026-06-15,11,269,0.0,269,0,0,9516,626,49,52,18,12,1,17,5,2,0,0,2,0,1,3,12,2,3.0,1,0,1,0,1,36,3.31,-310.96
TS059,tshirt,2026-06-22,12,269,0.0,269,0,1,15570,1051,67,79,33,22,3,30,13,7,1,3,0,0,2,10,17,3,3.67,2,1,0,0,0,39,3.33,-1400.83
TS060,tshirt,2026-03-09,1,319,0.0,319,0,0,10876,329,18,14,4,3,1,3,2,2,0,0,0,0,0,0,1,0,,0,0,0,0,0,0,,-606.68
TS060,tshirt,2026-03-16,2,319,0.0,319,0,0,8055,224,23,9,3,3,0,3,2,0,1,0,0,1,0,1,1,0,,0,0,0,0,0,0,,-373.18
TS060,tshirt,2026-03-23,3,319,0.0,319,0,0,5258,176,14,9,3,3,0,3,2,0,0,2,0,0,0,1,1,0,,0,0,0,0,0,0,,-373.18
TS060,tshirt,2026-03-30,4,319,0.0,319,0,0,6290,200,15,10,2,2,1,1,1,0,1,0,0,0,0,1,0,0,,0,0,0,0,0,0,,-210.0
TS060,tshirt,2026-04-06,5,319,0.0,319,0,0,3965,144,9,5,1,1,0,1,0,0,0,0,0,0,0,0,1,1,4.0,1,0,0,0,0,1,4.0,70.31
TS060,tshirt,2026-04-13,6,319,0.0,319,0,0,5718,165,10,9,3,2,0,3,3,1,2,0,0,0,0,2,0,1,1.0,0,0,1,1,0,2,2.5,-583.5
TS060,tshirt,2026-04-20,7,319,0.0,319,0,0,5222,107,9,4,0,0,0,0,0,0,0,0,0,0,0,0,0,0,,0,0,0,0,0,2,2.5,0.0
TS060,tshirt,2026-04-27,8,319,0.0,319,0,0,4675,93,8,1,0,0,0,0,0,0,0,0,0,0,0,0,0,0,,0,0,0,0,0,2,2.5,0.0
TS061,tshirt,2025-12-29,1,299,0.0,299,0,0,8730,298,21,10,4,1,0,4,2,0,1,0,0,0,1,2,2,0,,0,0,0,0,0,0,,-131.84
TS061,tshirt,2026-01-05,2,299,0.0,299,0,0,5448,188,12,10,2,2,1,1,0,0,0,0,0,0,0,0,1,0,,0,0,0,0,0,0,,4.08
TS061,tshirt,2026-01-12,3,299,0.2,239,0,1,5038,220,9,11,6,4,0,6,4,1,0,1,0,1,1,3,2,2,1.5,0,0,2,1,1,2,1.5,-666.81
TS061,tshirt,2026-01-19,4,299,0.0,299,0,0,6496,104,10,5,3,2,0,3,1,0,1,0,0,0,0,1,2,1,2.0,0,0,1,1,0,3,1.67,8.16
TS061,tshirt,2026-01-26,5,299,0.0,299,0,0,3499,63,4,3,0,0,0,0,0,0,0,0,0,0,0,0,0,0,,0,0,0,0,0,3,1.67,0.0
TS061,tshirt,2026-02-02,6,299,0.0,299,0,0,3454,54,2,0,0,0,0,0,0,0,0,0,0,0,0,0,0,0,,0,0,0,0,0,3,1.67,0.0
TS061,tshirt,2026-02-09,7,299,0.0,299,0,0,3473,55,4,3,2,2,0,2,1,0,1,0,0,0,0,1,1,2,3.0,1,0,1,1,0,5,2.2,-65.92
TS062,tshirt,2026-03-23,1,329,0.0,329,0,0,11732,798,90,85,35,16,4,31,4,2,0,1,0,1,0,1,27,4,4.75,4,0,0,0,0,4,4.75,2075.95
TS062,tshirt,2026-03-30,2,329,0.0,329,0,0,19179,1765,181,215,72,42,11,61,12,8,1,1,1,0,1,8,49,14,4.0,10,4,0,0,0,18,4.17,3017.85
TS062,tshirt,2026-04-06,3,329,0.0,329,0,0,23243,1895,198,226,84,56,9,75,9,4,0,3,0,2,0,4,66,9,4.0,7,1,1,0,1,27,4.11,5522.09
TS062,tshirt,2026-04-13,4,329,0.0,329,0,0,20137,1575,147,184,60,31,8,52,11,5,2,3,1,0,0,7,41,9,4.44,8,1,0,0,0,36,4.19,2395.59
TS062,tshirt,2026-04-20,5,329,0.0,329,0,0,15379,1248,128,158,59,36,11,48,7,4,1,1,1,0,0,3,41,6,4.17,4,2,0,0,0,42,4.19,2745.59
TS062,tshirt,2026-04-27,6,329,0.0,329,0,0,18905,1590,176,190,75,37,3,72,13,9,2,2,0,0,0,12,59,7,4.0,4,2,1,1,0,49,4.16,5018.57
TS062,tshirt,2026-05-04,7,329,0.0,329,0,0,17047,1456,134,215,77,40,8,69,11,6,1,1,1,1,1,11,58,11,4.09,7,4,0,0,0,60,4.15,4948.84
TS062,tshirt,2026-05-11,8,329,0.0,329,0,0,24384,2079,203,269,108,54,10,98,22,9,5,3,1,1,3,17,76,14,3.79,8,5,1,0,1,74,4.08,4847.4
TS062,tshirt,2026-05-18,9,329,0.0,329,0,0,22117,1752,178,230,92,41,10,82,9,4,0,2,0,2,1,8,73,7,4.86,7,0,0,0,0,81,4.15,6790.02
TS062,tshirt,2026-05-25,10,329,0.0,329,0,0,32361,2630,264,324,120,60,15,105,16,6,1,4,1,0,4,12,89,19,4.16,14,5,0,0,0,100,4.15,7039.12
TS062,tshirt,2026-06-01,11,329,0.0,329,0,0,33831,2843,277,333,115,61,7,108,18,11,2,1,1,1,2,12,90,15,4.13,13,0,2,0,2,115,4.15,7197.05
TS062,tshirt,2026-06-08,12,329,0.0,329,0,0,16770,1415,132,165,52,28,5,47,8,5,2,0,0,0,1,7,39,10,3.5,5,3,2,0,2,125,4.1,3147.94
TS062,tshirt,2026-06-15,13,329,0.0,329,0,0,18461,1466,147,162,59,38,4,55,6,5,0,0,1,0,0,5,49,6,4.33,5,1,0,0,0,131,4.11,4713.25
TS062,tshirt,2026-06-22,14,329,0.1,296,0,1,19890,1846,154,221,112,59,13,99,14,7,1,3,0,0,3,8,85,23,4.09,16,7,0,0,0,154,4.1,4057.96
TS062,tshirt,2026-06-29,15,329,0.0,329,0,0,28770,2398,263,293,112,59,8,104,14,8,2,1,0,1,2,9,90,16,4.19,14,1,1,0,1,170,4.11,7808.85
TS062,tshirt,2026-07-06,16,329,0.0,329,0,0,17176,1338,146,186,76,40,7,69,9,4,1,1,0,2,1,8,60,17,4.24,14,2,1,0,1,187,4.12,5420.1
TS062,tshirt,2026-07-13,17,329,0.0,329,0,0,18461,1465,148,157,54,21,8,46,13,7,4,1,0,0,1,7,33,8,4.12,7,0,1,1,0,195,4.12,899.74
TS062,tshirt,2026-07-20,18,329,0.0,329,0,0,14814,1210,134,144,54,33,6,48,11,5,1,1,2,1,1,9,37,5,4.2,4,0,1,0,1,200,4.12,2293.07
TS062,tshirt,2026-07-27,19,329,0.0,329,0,0,22264,1861,190,221,82,47,9,73,20,7,5,3,3,1,1,13,53,9,4.56,9,0,0,0,0,209,4.14,2158.57
TS062,tshirt,2026-08-03,20,319,0.0,319,0,0,13750,1111,104,132,48,26,4,44,10,5,1,1,2,0,1,8,34,6,4.67,6,0,0,0,0,215,4.16,1884.67
TS062,tshirt,2026-08-10,21,319,0.0,319,0,0,18689,1596,158,200,75,33,11,64,17,9,3,4,0,0,1,13,47,8,3.38,3,3,2,0,2,223,4.13,1627.17
TS062,tshirt,2026-08-17,22,319,0.0,319,0,0,14058,1180,112,167,57,35,5,52,11,3,2,0,2,2,2,8,41,5,4.0,3,2,0,0,0,228,4.13,2336.92
TS062,tshirt,2026-08-24,23,319,0.0,319,1,0,18978,1540,147,210,83,49,12,71,13,6,3,2,1,0,1,12,58,9,4.33,8,0,1,0,1,237,4.14,3714.66
TS062,tshirt,2026-08-31,24,319,0.0,319,0,0,17256,1457,145,201,81,43,10,71,8,6,1,1,0,0,0,5,63,6,4.5,6,0,0,0,0,243,4.14,4871.09
TS062,tshirt,2026-09-07,25,319,0.0,319,0,0,13097,1085,104,125,49,33,4,45,11,4,0,1,1,2,3,8,34,8,3.62,6,1,1,1,0,251,4.13,1622.86
TS062,tshirt,2026-09-14,26,319,0.0,319,0,0,17062,1459,139,184,69,35,9,60,15,8,2,1,1,2,1,9,45,5,4.2,3,2,0,0,0,256,4.13,1579.55
TS062,tshirt,2026-09-21,27,319,0.0,319,0,1,27344,2251,263,307,115,58,10,105,24,12,2,4,2,1,3,17,81,14,4.0,10,3,1,0,1,270,4.12,4160.03
TS063,tshirt,2025-12-22,1,279,0.0,279,0,0,9165,1058,83,126,53,35,5,48,12,6,2,2,0,1,1,10,36,9,4.11,6,3,0,0,0,9,4.11,-218.78
TS063,tshirt,2025-12-29,2,279,0.0,279,0,0,33510,4113,331,515,234,147,28,206,32,14,6,4,1,5,2,21,174,34,4.0,26,5,3,0,3,43,4.02,2130.54
TS063,tshirt,2026-01-05,3,319,0.0,319,0,0,20956,2419,204,260,107,68,9,98,18,8,7,1,2,0,0,14,80,21,4.0,16,4,1,0,1,64,4.02,3983.76
TS063,tshirt,2026-01-12,4,319,0.0,319,0,1,24792,2889,239,334,149,93,13,136,30,16,4,5,0,2,3,22,106,10,3.9,7,3,0,0,0,74,4.0,3970.31
TS063,tshirt,2026-01-19,5,319,0.0,319,0,0,14284,1655,146,170,56,36,7,49,10,4,2,0,1,1,2,8,39,9,4.0,6,1,2,0,2,83,4.0,1580.82
TS063,tshirt,2026-01-26,6,319,0.0,319,0,0,18424,2226,206,252,99,57,10,89,23,11,3,4,2,1,2,16,66,20,3.85,15,3,2,0,2,103,3.97,1455.68
TS063,tshirt,2026-02-02,7,319,0.0,319,0,0,16080,1843,165,193,78,48,12,66,8,3,1,3,0,0,1,8,58,9,4.0,6,3,0,0,0,112,3.97,3611.45
TS063,tshirt,2026-02-09,8,319,0.0,319,0,0,11411,1329,114,158,75,46,6,69,12,7,1,2,1,0,1,7,57,11,4.27,10,0,1,0,1,123,4.0,2686.64
TS063,tshirt,2026-02-16,9,319,0.0,319,0,0,17786,2140,189,216,70,40,8,62,12,7,1,2,0,0,2,10,50,8,3.88,6,2,0,0,0,131,3.99,2287.48
TS063,tshirt,2026-02-23,10,319,0.0,319,0,0,16889,2023,162,218,84,54,14,70,12,5,0,4,1,1,1,9,58,12,3.83,7,5,0,0,0,143,3.98,2498.2
TS063,tshirt,2026-03-02,11,319,0.15,271,1,1,24250,3259,273,424,227,148,34,193,33,20,4,2,4,2,1,23,160,27,3.85,19,4,4,0,4,170,3.96,-322.26
TS063,tshirt,2026-03-09,12,319,0.0,319,0,0,15743,1760,153,185,70,42,7,63,8,5,1,0,1,1,0,4,55,7,4.29,7,0,0,0,0,177,3.97,3122.27
TS063,tshirt,2026-03-16,13,319,0.0,319,0,0,16006,1850,151,221,91,56,6,85,17,6,2,5,3,1,0,5,68,20,3.95,14,5,1,0,1,197,3.97,2079.05
TS063,tshirt,2026-03-23,14,319,0.0,319,0,0,16162,1875,181,212,97,59,14,83,11,7,1,1,0,1,1,8,72,10,4.7,10,0,0,0,0,207,4.0,3983.04
TS063,tshirt,2026-03-30,15,319,0.0,319,0,0,14657,1746,154,204,75,47,4,71,13,5,4,3,0,0,1,8,58,10,4.6,10,0,0,0,0,217,4.03,2782.7
TS063,tshirt,2026-04-06,16,319,0.0,319,0,0,26910,3246,288,367,135,82,22,113,28,12,10,2,1,2,1,20,85,17,3.59,9,5,3,0,3,234,4.0,1603.06
TS063,tshirt,2026-04-13,17,319,0.0,319,0,0,25266,2954,261,338,132,80,15,117,18,8,5,0,2,0,3,11,99,16,4.0,13,1,2,1,1,250,4.0,4975.64
TS063,tshirt,2026-04-20,18,319,0.0,319,0,0,25266,2892,258,335,134,86,15,119,21,11,2,4,0,1,3,16,98,16,3.75,8,7,1,0,1,266,3.98,4735.09
TS063,tshirt,2026-04-27,19,319,0.0,319,0,0,26751,3053,288,334,128,81,12,116,26,14,3,1,4,1,3,22,90,16,4.12,14,2,0,0,0,282,3.99,3614.36
TS063,tshirt,2026-05-04,20,319,0.0,319,0,0,23709,2774,240,293,124,73,14,110,23,10,3,4,0,2,4,14,87,16,3.88,10,4,2,1,1,298,3.99,2917.43
TS063,tshirt,2026-05-11,21,319,0.0,319,0,0,26317,3007,270,343,139,84,15,124,28,15,5,0,1,4,3,20,96,23,4.04,18,4,1,0,1,321,3.99,3149.72
TS063,tshirt,2026-05-18,22,319,0.0,319,0,0,21587,2519,237,296,121,76,14,107,29,7,8,2,3,5,4,18,78,18,3.83,12,4,2,0,2,339,3.98,937.39
TS063,tshirt,2026-05-25,23,319,0.0,319,0,0,24771,2697,248,313,114,73,13,101,22,10,5,2,1,2,2,16,79,11,3.55,5,3,3,0,3,350,3.97,2772.2
TS063,tshirt,2026-06-01,24,319,0.0,319,0,0,19551,2198,218,256,112,76,21,91,24,12,4,3,1,2,2,11,67,17,4.12,10,7,0,0,0,367,3.98,-184.76
TS063,tshirt,2026-06-08,25,319,0.0,319,0,0,19259,2241,193,226,96,68,13,83,17,8,4,2,2,1,0,11,66,13,4.15,9,4,0,0,0,380,3.98,2223.43
TS063,tshirt,2026-06-15,26,319,0.0,319,0,0,20359,2354,186,256,101,56,14,87,21,8,6,0,1,4,2,17,66,17,3.94,12,5,0,0,0,397,3.98,1868.93
TS063,tshirt,2026-06-22,27,319,0.0,319,0,1,30072,3380,295,419,173,110,16,157,40,19,5,5,4,3,4,31,117,30,3.73,19,8,3,1,2,427,3.96,3279.22
TS063,tshirt,2026-06-29,28,319,0.0,319,0,0,21184,2378,200,259,112,59,14,98,19,8,4,1,2,3,1,12,79,13,3.54,8,3,2,1,1,440,3.95,2984.45
TS063,tshirt,2026-07-06,29,319,0.0,319,0,0,15846,1755,166,222,83,54,10,73,12,2,2,4,2,1,1,10,61,10,4.2,9,0,1,0,1,450,3.96,3204.13
TS063,tshirt,2026-07-13,30,319,0.0,319,0,0,19321,2177,183,263,102,62,7,95,18,11,2,4,0,1,0,13,77,12,3.83,9,2,1,0,1,462,3.95,3697.83
TS063,tshirt,2026-07-20,31,319,0.0,319,0,0,17633,1943,189,206,92,58,8,84,23,13,3,3,1,0,3,17,61,13,3.46,7,3,3,1,2,475,3.94,1253.13
TS063,tshirt,2026-07-27,32,319,0.0,319,0,0,20672,2330,193,282,112,69,16,96,18,10,3,3,0,1,1,16,78,6,3.5,3,3,0,0,0,481,3.93,3577.14
TS063,tshirt,2026-08-03,33,319,0.0,319,0,0,26680,3021,261,318,121,76,18,103,19,7,5,2,3,1,1,10,84,10,3.8,8,1,1,1,0,491,3.93,2909.25
TS063,tshirt,2026-08-10,34,319,0.0,319,0,0,16260,1881,179,199,72,51,7,65,14,6,1,5,1,0,1,10,51,10,3.8,6,3,1,0,1,501,3.93,1898.04
TS063,tshirt,2026-08-17,35,319,0.0,319,0,0,17900,1916,148,206,77,51,9,68,13,6,1,3,2,0,1,8,55,10,4.6,9,1,0,0,0,511,3.94,2144.53
TS063,tshirt,2026-08-24,36,319,0.0,319,1,0,23101,2575,248,271,98,66,17,81,17,8,3,1,1,1,3,8,64,11,3.64,8,1,2,0,2,522,3.93,1338.06
TS063,tshirt,2026-08-31,37,319,0.0,319,0,0,15154,1705,135,178,80,47,12,68,16,4,4,4,2,1,1,10,52,3,3.0,1,1,1,0,1,525,3.93,1088.6
TS063,tshirt,2026-09-07,38,319,0.0,319,0,0,20671,2344,212,250,112,75,15,97,17,8,1,3,2,2,1,14,80,12,4.25,10,2,0,0,0,537,3.94,3841.51
TS063,tshirt,2026-09-14,39,319,0.0,319,0,0,21017,2385,201,267,112,75,7,105,24,14,3,3,2,1,1,18,81,15,3.8,10,5,0,0,0,552,3.93,3104.32
TS063,tshirt,2026-09-21,40,319,0.15,271,0,1,26996,3491,299,446,197,136,20,177,40,20,5,8,3,3,1,24,137,29,4.03,19,10,0,0,0,581,3.94,-2306.7
TS064,tshirt,2026-04-13,1,329,0.0,329,0,0,12908,659,44,44,18,13,1,17,1,1,0,0,0,0,0,1,16,4,4.5,4,0,0,0,0,4,4.5,1654.24
TS064,tshirt,2026-04-20,2,329,0.0,329,0,0,22632,1444,111,101,38,24,1,37,9,4,0,3,1,0,1,6,28,6,3.83,4,2,0,0,0,10,4.1,1551.96
TS064,tshirt,2026-04-27,3,329,0.0,329,0,0,14231,809,77,40,13,7,0,13,4,1,2,1,0,0,0,3,9,4,3.0,1,1,2,0,2,14,3.79,361.81
TS064,tshirt,2026-05-04,4,329,0.0,329,0,0,15713,813,59,56,15,11,1,14,2,1,1,0,0,0,0,2,12,2,3.5,1,1,0,0,0,16,3.75,1048.18
TS064,tshirt,2026-05-11,5,329,0.0,329,0,0,12289,645,45,44,19,14,1,18,4,1,1,2,0,0,0,2,14,2,3.0,1,0,1,1,0,18,3.67,747.57
TS064,tshirt,2026-05-18,6,329,0.0,329,0,0,12183,630,56,41,9,6,0,9,3,2,0,0,0,1,0,2,6,4,3.0,2,0,2,0,2,22,3.55,152.27
TS064,tshirt,2026-05-25,7,329,0.0,329,0,0,8813,465,35,36,15,10,2,13,1,0,1,0,0,0,0,1,12,2,4.5,2,0,0,0,0,24,3.62,1118.18
TS064,tshirt,2026-06-01,8,329,0.0,329,0,0,10495,510,43,32,9,3,0,9,2,0,1,1,0,0,0,1,7,0,,0,0,0,0,0,24,3.62,408.78
TS064,tshirt,2026-06-08,9,329,0.0,329,0,0,8024,435,24,30,10,8,2,8,2,1,0,0,0,0,1,2,6,1,4.0,1,0,0,0,0,25,3.64,279.09
TS064,tshirt,2026-06-15,10,319,0.0,319,0,0,9225,500,37,35,12,7,1,11,2,0,2,0,0,0,0,2,9,3,4.33,3,0,0,0,0,28,3.71,612.92
TS064,tshirt,2026-06-22,11,319,0.0,319,0,1,12040,662,51,48,17,13,1,16,6,4,1,0,0,0,1,5,10,3,4.67,3,0,0,0,0,31,3.81,33.09
TS064,tshirt,2026-06-29,12,319,0.0,319,0,0,10865,600,53,58,19,13,5,14,5,3,1,1,0,0,0,5,9,6,3.5,3,1,2,0,2,37,3.76,-87.08
TS064,tshirt,2026-07-06,13,319,0.0,319,0,0,9730,525,44,45,15,12,0,15,2,0,1,0,1,0,0,2,13,3,3.67,2,1,0,0,0,40,3.75,1110.88
TS064,tshirt,2026-07-13,14,319,0.0,319,0,0,11719,641,51,37,12,6,2,10,4,1,0,2,1,0,0,2,6,2,3.0,0,2,0,0,0,42,3.71,-311.69
TS064,tshirt,2026-07-20,15,319,0.0,319,0,0,10528,592,52,42,11,9,2,9,3,0,0,2,0,0,1,2,6,2,3.5,1,1,0,0,0,44,3.7,-44.87
TS064,tshirt,2026-07-27,16,319,0.0,319,0,0,7109,414,44,26,10,7,1,9,3,0,1,1,1,0,0,0,6,0,,0,0,0,0,0,44,3.7,-228.51
TS064,tshirt,2026-08-03,17,319,0.0,319,0,0,8844,509,35,36,12,10,2,10,4,1,2,0,1,0,0,4,6,0,,0,0,0,0,0,44,3.7,-58.05
TS064,tshirt,2026-08-10,18,319,0.0,319,0,0,6810,386,40,30,9,4,2,7,3,1,0,1,0,1,0,2,4,1,2.0,0,0,1,0,1,45,3.67,-258.86
TS064,tshirt,2026-08-17,19,319,0.0,319,0,0,9466,493,47,32,13,8,1,12,3,1,1,0,1,0,0,3,9,1,5.0,1,0,0,0,0,46,3.7,472.92
TS064,tshirt,2026-08-24,20,309,0.0,309,1,0,10974,623,56,40,10,7,2,8,3,2,0,1,0,0,0,2,5,0,,0,0,0,0,0,46,3.7,-199.48
TS064,tshirt,2026-08-31,21,309,0.0,309,0,0,9227,531,41,31,12,8,0,12,3,1,0,0,0,2,0,1,9,0,,0,0,0,0,0,46,3.7,203.57
TS064,tshirt,2026-09-07,22,309,0.0,309,0,0,6445,381,34,27,9,6,1,8,2,1,1,0,0,0,0,1,6,2,2.5,0,1,1,0,1,48,3.65,107.98
TS064,tshirt,2026-09-14,23,309,0.0,309,0,0,7719,414,24,36,12,11,3,9,2,0,1,0,0,0,1,2,7,3,3.33,1,2,0,0,0,51,3.63,192.27
TS064,tshirt,2026-09-21,24,309,0.1,278,0,1,8842,518,34,48,15,8,4,11,7,4,0,1,1,1,0,4,4,3,2.67,1,0,2,0,2,54,3.57,-1368.68
TS065,tshirt,2026-08-03,1,369,0.0,369,0,0,12955,572,50,31,7,7,0,7,2,1,1,0,0,0,0,1,5,0,,0,0,0,0,0,0,,353.83
TS065,tshirt,2026-08-10,2,369,0.0,369,0,0,8584,376,32,12,1,1,0,1,0,0,0,0,0,0,0,0,1,0,,0,0,0,0,0,0,,152.54
TS065,tshirt,2026-08-17,3,369,0.0,369,0,0,4198,162,13,4,3,2,0,3,0,0,0,0,0,0,0,0,3,0,,0,0,0,0,0,0,,457.63
TS065,tshirt,2026-08-24,4,369,0.0,369,1,0,5249,188,15,9,2,2,0,2,1,1,0,0,0,0,0,1,1,0,,0,0,0,0,0,0,,12.54
TS065,tshirt,2026-08-31,5,299,0.0,299,0,0,4663,256,17,21,3,3,0,3,0,0,0,0,0,0,0,0,3,0,,0,0,0,0,0,0,,257.63
TS065,tshirt,2026-09-07,6,299,0.0,299,0,0,3899,228,10,12,3,3,0,3,1,0,0,1,0,0,0,0,2,1,3.0,0,1,0,0,0,1,3.0,-97.13
TS065,tshirt,2026-09-14,7,299,0.0,299,0,0,4467,180,14,10,5,5,1,4,2,0,0,2,0,0,0,2,2,1,1.0,0,0,1,1,0,2,2.0,-178.25
TS065,tshirt,2026-09-21,8,299,0.0,299,0,1,5357,172,15,10,1,1,0,1,0,0,0,0,0,0,0,0,1,1,4.0,1,0,0,0,0,3,2.67,85.88
TS066,tshirt,2025-09-22,1,319,0.0,319,1,1,25671,935,76,52,16,10,2,14,6,4,1,0,0,1,0,4,8,2,2.0,0,0,2,1,1,2,2.0,-737.43
TS066,tshirt,2025-09-29,2,319,0.0,319,1,1,11807,222,17,13,3,2,0,3,1,0,1,0,0,0,0,0,2,0,,0,0,0,0,0,2,2.0,-160.75
TS066,tshirt,2025-10-06,3,319,0.0,319,1,1,12538,238,13,13,4,4,3,1,0,0,0,0,0,0,0,0,1,0,,0,0,0,0,0,2,2.0,-138.98
TS066,tshirt,2025-10-13,4,319,0.0,319,1,0,6843,125,8,8,4,2,0,4,1,1,0,0,0,0,0,1,3,0,,0,0,0,0,0,2,2.0,73.06
TS066,tshirt,2025-10-20,5,319,0.0,319,1,0,5501,113,9,6,1,1,0,1,0,0,0,0,0,0,0,0,1,0,,0,0,0,0,0,2,2.0,71.02
TS066,tshirt,2025-10-27,6,319,0.0,319,0,0,3910,80,8,3,1,1,0,1,0,0,0,0,0,0,0,0,1,0,,0,0,0,0,0,2,2.0,71.02
TS066,tshirt,2025-11-03,7,319,0.0,319,0,0,4585,94,10,3,2,2,0,2,0,0,0,0,0,0,0,0,2,0,,0,0,0,0,0,2,2.0,142.04
TS066,tshirt,2025-11-10,8,319,0.0,319,0,0,4244,77,8,6,1,0,0,1,0,0,0,0,0,0,0,0,1,0,,0,0,0,0,0,2,2.0,71.02
TS067,tshirt,2025-09-29,1,389,0.0,389,1,1,14091,209,18,6,1,1,0,1,0,0,0,0,0,0,0,0,1,0,,0,0,0,0,0,0,,181.57
TS067,tshirt,2025-10-06,2,389,0.0,389,1,1,9304,141,11,4,0,0,0,0,0,0,0,0,0,0,0,0,0,0,,0,0,0,0,0,0,,0.0
TS067,tshirt,2025-10-13,3,389,0.0,389,1,0,5748,84,7,2,0,0,0,0,0,0,0,0,0,0,0,0,0,0,,0,0,0,0,0,0,,0.0
TS067,tshirt,2025-10-20,4,389,0.0,389,1,0,5390,84,4,1,0,0,0,0,0,0,0,0,0,0,0,0,0,0,,0,0,0,0,0,0,,0.0
TS067,tshirt,2025-10-27,5,309,0.0,309,0,0,3453,71,4,2,1,1,0,1,0,0,0,0,0,0,0,0,1,0,,0,0,0,0,0,0,,105.38
TS067,tshirt,2025-11-03,6,309,0.0,309,0,0,3220,83,7,0,0,0,0,0,0,0,0,0,0,0,0,0,0,0,,0,0,0,0,0,0,,0.0
TS067,tshirt,2025-11-10,7,309,0.0,309,0,0,3082,72,6,2,0,0,0,0,0,0,0,0,0,0,0,0,0,0,,0,0,0,0,0,0,,0.0
TS067,tshirt,2025-11-17,8,309,0.0,309,0,0,3396,69,5,0,0,0,0,0,0,0,0,0,0,0,0,0,0,0,,0,0,0,0,0,0,,0.0
TS067,tshirt,2025-11-24,9,309,0.0,309,0,0,2808,61,3,1,1,0,0,1,1,0,1,0,0,0,0,1,0,0,,0,0,0,0,0,0,,-140.0
TS068,tshirt,2026-07-20,1,349,0.0,349,0,0,13454,727,69,52,11,5,0,11,4,0,1,3,0,0,0,3,7,4,3.0,1,2,1,1,0,4,3.0,100.01
TS068,tshirt,2026-07-27,2,349,0.0,349,0,0,10011,360,34,20,6,2,1,5,1,1,0,0,0,0,0,1,4,2,3.5,1,1,0,0,0,6,3.17,251.19
TS068,tshirt,2026-08-03,3,349,0.0,349,0,0,6888,266,24,16,8,3,1,7,0,0,0,0,0,0,0,0,7,1,4.0,1,0,0,0,0,7,3.29,737.09
TS068,tshirt,2026-08-10,4,349,0.0,349,0,0,6052,222,14,15,6,4,0,6,2,1,1,0,0,0,0,2,4,1,4.0,1,0,0,0,0,8,3.38,181.19
TS068,tshirt,2026-08-17,5,349,0.0,349,0,0,5074,226,13,15,3,2,1,2,0,0,0,0,0,0,0,0,2,0,,0,0,0,0,0,8,3.38,160.6
TS068,tshirt,2026-08-24,6,349,0.0,349,1,0,5743,224,17,23,6,6,1,5,2,1,0,0,0,1,0,2,3,0,,0,0,0,0,0,8,3.38,-4.11
TS068,tshirt,2026-08-31,7,349,0.0,349,0,0,7124,318,31,24,8,4,1,7,2,2,0,0,0,0,0,2,5,1,2.0,0,0,1,0,1,9,3.22,226.49
TS068,tshirt,2026-09-07,8,349,0.0,349,0,0,5027,210,24,14,6,4,1,5,1,1,0,0,0,0,0,0,4,1,4.0,1,0,0,0,0,10,3.3,104.11
TS068,tshirt,2026-09-14,9,349,0.0,349,0,0,6177,230,23,19,5,2,0,5,1,1,0,0,0,0,0,0,4,2,4.5,2,0,0,0,0,12,3.5,174.11
TS068,tshirt,2026-09-21,10,349,0.0,349,0,1,7681,352,37,27,6,5,2,4,2,1,1,0,0,0,0,1,2,2,3.0,1,0,1,0,1,14,3.43,-336.49
TS069,tshirt,2026-04-20,1,289,0.0,289,0,0,14945,597,55,48,18,10,2,16,3,1,0,1,0,1,0,3,13,1,5.0,1,0,0,0,0,1,5.0,389.65
TS069,tshirt,2026-04-27,2,289,0.0,289,0,0,20302,1214,99,102,38,22,4,34,10,7,3,0,0,0,0,8,24,4,3.5,2,2,0,0,0,5,3.8,-191.17
TS069,tshirt,2026-05-04,3,289,0.0,289,0,0,15496,611,41,54,22,17,4,18,6,1,0,2,0,1,2,3,12,6,3.5,3,1,2,0,2,11,3.64,-639.96
TS069,tshirt,2026-05-11,4,289,0.0,289,0,0,10161,378,27,41,11,7,2,9,3,1,1,0,0,0,1,1,6,2,3.5,1,0,1,0,1,13,3.62,-386.08
TS069,tshirt,2026-05-18,5,289,0.0,289,0,0,8323,273,30,27,10,7,0,10,1,1,0,0,0,0,0,0,9,2,3.5,1,1,0,0,0,15,3.6,385.26
TS069,tshirt,2026-05-25,6,289,0.0,289,0,0,9445,369,40,27,10,7,1,9,0,0,0,0,0,0,0,0,9,0,,0,0,0,0,0,15,3.6,587.45
TS069,tshirt,2026-06-01,7,289,0.0,289,0,0,10604,433,40,34,12,7,3,9,3,0,0,1,1,0,1,3,6,1,5.0,1,0,0,0,0,16,3.69,-191.7
TS069,tshirt,2026-06-08,8,289,0.0,289,0,0,8620,322,33,31,11,7,1,10,2,1,0,1,0,0,0,1,8,0,,0,0,0,0,0,16,3.69,102.21
TS069,tshirt,2026-06-15,9,289,0.0,289,0,0,10539,406,35,48,13,6,2,11,2,2,0,0,0,0,0,2,9,2,3.0,0,2,0,0,0,18,3.61,237.45
TS069,tshirt,2026-06-22,10,289,0.0,289,0,1,10029,417,36,29,8,4,0,8,2,0,1,1,0,0,0,2,6,0,,0,0,0,0,0,18,3.61,158.3
TS069,tshirt,2026-06-29,11,289,0.0,289,0,0,8665,314,24,28,12,7,2,10,3,1,0,2,0,0,0,1,7,0,,0,0,0,0,0,18,3.61,-313.03
TS069,tshirt,2026-07-06,12,289,0.0,289,0,0,6851,237,21,17,6,4,2,4,1,0,1,0,0,0,0,0,3,0,,0,0,0,0,0,18,3.61,-193.04
TS069,tshirt,2026-07-13,13,289,0.0,289,0,0,7051,240,19,17,4,4,0,4,1,0,1,0,0,0,0,0,3,0,,0,0,0,0,0,18,3.61,-53.04
TS069,tshirt,2026-07-20,14,289,0.0,289,0,0,7938,282,25,32,9,6,1,8,1,0,0,1,0,0,0,1,7,1,4.0,1,0,0,0,0,19,3.63,301.35
TS069,tshirt,2026-07-27,15,289,0.0,289,0,0,5734,235,22,17,3,1,1,2,0,0,0,0,0,0,0,0,2,0,,0,0,0,0,0,19,3.63,76.1
TS069,tshirt,2026-08-03,16,289,0.0,289,0,0,5468,213,13,19,4,3,1,3,1,1,0,0,0,0,0,0,2,0,,0,0,0,0,0,19,3.63,-196.09
TS069,tshirt,2026-08-10,17,289,0.0,289,0,0,6374,255,23,19,8,6,2,6,2,2,0,0,0,0,0,0,4,0,,0,0,0,0,0,19,3.63,-392.18
TS069,tshirt,2026-08-17,18,289,0.0,289,0,0,7309,290,25,27,9,5,1,8,2,2,0,0,0,0,0,1,6,0,,0,0,0,0,0,19,3.63,-43.89
TS069,tshirt,2026-08-24,19,289,0.0,289,1,0,8708,317,20,30,6,6,0,6,0,0,0,0,0,0,0,0,6,1,5.0,1,0,0,0,0,20,3.7,438.3
TS069,tshirt,2026-08-31,20,289,0.0,289,0,0,8016,327,33,28,9,7,0,9,2,2,0,0,0,0,0,2,7,1,3.0,0,1,0,0,0,21,3.67,231.35
TS069,tshirt,2026-09-07,21,289,0.0,289,0,0,7237,273,21,27,10,6,1,9,2,1,0,1,0,0,0,1,7,2,4.5,2,0,0,0,0,23,3.74,29.16
TS069,tshirt,2026-09-14,22,289,0.0,289,0,0,8720,353,45,25,14,11,3,11,1,0,1,0,0,0,0,1,10,5,4.6,5,0,0,0,0,28,3.89,380.5
TS069,tshirt,2026-09-21,23,289,0.0,289,0,1,9940,442,37,39,14,8,2,12,2,2,0,0,0,0,0,1,10,0,,0,0,0,0,0,28,3.89,178.31
TS070,tshirt,2025-09-22,1,329,0.0,329,1,1,20752,2560,253,317,138,110,16,122,16,8,3,4,0,0,1,15,106,22,3.95,17,4,1,0,1,22,3.95,8059.84
TS070,tshirt,2025-09-29,2,329,0.0,329,1,1,53725,7436,733,988,429,352,58,371,59,33,8,7,1,5,5,35,312,54,4.17,44,6,4,1,3,76,4.11,18464.54
TS070,tshirt,2025-10-06,3,329,0.15,280,1,1,49252,8383,794,1381,716,560,82,634,86,38,20,13,7,2,6,57,548,96,4.27,77,13,6,1,5,172,4.2,12483.92
TS070,tshirt,2025-10-13,4,329,0.0,329,1,0,21773,3379,311,466,224,180,26,198,24,12,4,3,2,3,0,12,174,28,4.32,25,3,0,0,0,200,4.21,12174.3
TS070,tshirt,2025-10-20,5,329,0.0,329,1,0,23032,3659,363,516,238,183,35,203,28,13,5,6,1,1,2,19,175,27,4.33,24,3,0,0,0,227,4.23,11496.29
TS070,tshirt,2025-10-27,6,329,0.0,329,0,0,23151,3618,340,518,196,162,21,175,27,16,2,4,2,0,3,20,148,26,4.12,19,5,2,0,2,253,4.22,9941.91
TS070,tshirt,2025-11-03,7,329,0.0,329,0,0,13111,2086,189,307,130,101,16,114,19,8,5,2,1,2,1,13,95,17,4.29,13,4,0,0,0,270,4.22,5769.16
TS070,tshirt,2025-11-10,8,329,0.0,329,0,0,17231,2760,257,370,156,126,16,140,26,11,3,6,1,2,3,18,114,18,4.28,16,2,0,0,0,288,4.23,6591.53
TS070,tshirt,2025-11-17,9,329,0.0,329,0,0,18978,2945,311,405,163,138,29,134,21,11,3,2,3,1,1,13,113,25,4.16,19,6,0,0,0,313,4.22,6272.53
TS070,tshirt,2025-11-24,10,329,0.0,329,0,0,21857,3371,311,497,209,173,21,188,27,11,5,3,3,1,4,13,161,25,4.32,20,4,1,0,1,338,4.23,10418.61
TS070,tshirt,2025-12-01,11,329,0.0,329,0,0,13227,2032,198,287,119,96,18,101,16,8,3,1,2,1,1,12,85,15,4.13,11,3,1,0,1,353,4.22,5227.81
TS070,tshirt,2025-12-08,12,329,0.0,329,0,0,15014,2334,240,324,123,94,14,109,15,9,3,0,1,2,0,10,94,22,4.18,17,5,0,0,0,375,4.22,6494.49
TS070,tshirt,2025-12-15,13,329,0.0,329,0,0,15945,2486,247,343,151,115,15,136,22,9,6,2,1,2,2,18,114,16,4.5,14,1,1,0,1,391,4.23,7758.86
TS070,tshirt,2025-12-22,14,329,0.0,329,0,0,17937,2720,260,358,139,106,22,117,18,3,3,2,2,3,5,15,99,20,3.95,14,4,2,0,2,411,4.22,6328.16
TS070,tshirt,2025-12-29,15,329,0.0,329,0,0,11056,1713,148,239,99,73,10,89,16,7,1,5,1,1,1,15,73,14,4.0,11,2,1,0,1,425,4.21,4882.79
TS070,tshirt,2026-01-05,16,329,0.0,329,0,0,15077,2350,204,338,139,109,22,117,22,10,3,3,3,1,2,15,95,17,4.18,13,4,0,0,0,442,4.21,4794.83
TS070,tshirt,2026-01-12,17,329,0.15,280,0,1,17846,3247,283,506,241,200,37,204,30,9,5,5,2,3,6,21,174,35,4.34,30,3,2,0,2,477,4.22,2847.29
TS070,tshirt,2026-01-19,18,329,0.0,329,0,0,15906,2471,234,342,151,114,26,125,21,11,4,2,1,3,0,12,104,17,4.12,12,3,2,0,2,494,4.22,5367.18
TS070,tshirt,2026-01-26,19,329,0.0,329,0,0,12624,1954,187,272,115,91,11,104,18,10,3,2,0,0,3,13,86,24,4.33,20,3,1,0,1,518,4.22,5412.48
TS070,tshirt,2026-02-02,20,319,0.0,319,0,0,13487,2181,204,313,124,94,10,114,13,7,3,2,0,1,0,6,101,16,4.31,14,2,0,0,0,534,4.22,6586.93
TS070,tshirt,2026-02-09,21,319,0.0,319,0,0,16330,2554,256,369,156,119,23,133,13,8,0,1,2,2,0,11,120,20,4.35,17,2,1,0,1,554,4.23,8238.67
TS070,tshirt,2026-02-16,22,319,0.0,319,0,0,20170,3215,282,450,179,150,24,155,23,8,3,6,3,2,1,14,132,24,4.04,16,5,3,0,3,578,4.22,7022.08
TS070,tshirt,2026-02-23,23,319,0.0,319,0,0,17239,2779,251,402,170,132,21,149,22,8,6,3,2,1,2,14,127,31,4.29,25,6,0,0,0,609,4.22,7009.03
TS070,tshirt,2026-03-02,24,319,0.2,255,1,1,37133,7017,621,1260,727,566,112,615,87,44,13,12,3,9,6,63,528,101,4.29,87,13,1,0,1,710,4.23,-2902.55
TS070,tshirt,2026-03-09,25,319,0.0,319,0,0,19223,3027,300,394,176,140,28,148,22,12,3,4,0,0,3,17,126,21,4.14,14,7,0,0,0,731,4.23,6822.54
TS070,tshirt,2026-03-16,26,319,0.0,319,0,0,23559,3740,327,558,244,199,36,208,29,12,2,6,4,2,3,22,179,31,3.97,25,3,3,1,2,762,4.22,10286.2
TS070,tshirt,2026-03-23,27,319,0.0,319,0,0,15542,2467,263,387,162,141,20,142,24,9,4,3,2,3,3,13,118,18,4.11,13,4,1,1,0,780,4.22,5500.73
TS070,tshirt,2026-03-30,28,319,0.0,319,0,0,18679,3029,283,428,183,157,26,157,18,10,1,3,1,0,3,16,139,28,4.39,27,1,0,0,0,808,4.22,9218.75
TS070,tshirt,2026-04-06,29,319,0.0,319,0,0,19979,3201,291,475,201,156,31,170,25,14,3,2,1,4,1,19,145,23,4.35,20,2,1,0,1,831,4.23,7948.29
TS070,tshirt,2026-04-13,30,319,0.0,319,0,0,24691,3920,422,553,227,172,29,198,39,19,9,6,2,1,2,32,159,28,3.96,19,6,3,0,3,859,4.22,7386.65
TS070,tshirt,2026-04-20,31,319,0.0,319,0,0,22502,3578,339,518,218,170,35,183,28,8,7,3,3,2,5,22,155,32,4.47,30,1,1,0,1,891,4.23,8243.07
TS070,tshirt,2026-04-27,32,319,0.0,319,0,0,22861,3760,411,524,215,177,33,182,21,7,2,3,2,5,2,16,161,34,4.26,28,4,2,1,1,925,4.23,10094.27
TS070,tshirt,2026-05-04,33,319,0.0,319,0,0,23392,3639,356,540,225,181,29,196,24,13,5,2,1,1,2,14,172,42,4.14,35,5,2,0,2,967,4.23,10376.86
TS070,tshirt,2026-05-11,34,319,0.0,319,0,0,25671,4122,397,610,251,191,39,212,29,19,2,4,2,1,1,17,183,32,4.38,27,4,1,0,1,999,4.23,9802.45
TS070,tshirt,2026-05-18,35,319,0.0,319,0,0,25585,4128,383,597,249,202,24,225,32,15,3,4,5,1,4,22,193,33,4.21,26,4,3,0,3,1032,4.23,11695.9
TS070,tshirt,2026-05-25,36,319,0.0,319,0,0,22797,3593,339,533,208,168,29,179,32,20,3,4,1,0,4,20,147,29,4.17,23,1,5,1,4,1061,4.23,6501.25
TS070,tshirt,2026-06-01,37,319,0.0,319,0,0,19663,3094,269,410,172,131,20,152,21,10,3,3,1,0,4,15,131,29,4.17,23,5,1,0,1,1090,4.23,7885.6
TS070,tshirt,2026-06-08,38,319,0.0,319,0,0,16736,2703,246,382,151,119,28,123,19,12,2,3,0,0,2,12,104,18,4.39,17,1,0,0,0,1108,4.23,4785.37
TS070,tshirt,2026-06-15,39,319,0.0,319,0,0,20504,3267,308,450,184,147,30,154,22,8,7,1,3,0,3,15,132,31,4.13,23,6,2,0,2,1139,4.23,7010.75
TS070,tshirt,2026-06-22,40,319,0.1,287,0,1,27724,4774,460,732,350,255,37,313,49,19,13,6,2,3,6,37,264,51,4.22,40,10,1,0,1,1190,4.23,7154.44
TS070,tshirt,2026-06-29,41,319,0.0,319,0,0,15111,2356,233,335,135,105,12,123,15,6,1,4,0,4,0,7,108,10,4.4,9,1,0,0,0,1200,4.23,6728.95
TS070,tshirt,2026-07-06,42,319,0.0,319,0,0,16442,2491,221,374,159,130,24,135,18,2,7,1,3,4,1,8,117,12,4.17,9,2,1,0,1,1212,4.23,6095.58
TS070,tshirt,2026-07-13,43,319,0.0,319,0,0,20394,3173,291,454,185,138,23,162,22,11,3,4,1,1,2,14,140,18,4.0,12,5,1,0,1,1230,4.22,8162.24
TS070,tshirt,2026-07-20,44,319,0.0,319,0,0,21765,3410,327,448,177,132,16,161,35,14,7,3,1,5,5,24,126,23,4.26,18,4,1,0,1,1253,4.22,5036.55
TS070,tshirt,2026-07-27,45,319,0.0,319,0,0,16520,2642,270,343,135,107,12,123,18,8,3,2,2,1,2,13,105,15,4.13,10,5,0,0,0,1268,4.22,6413.51
TS070,tshirt,2026-08-03,46,319,0.0,319,0,0,17813,2795,266,388,161,130,18,143,24,12,5,2,1,4,0,14,119,28,4.11,19,8,1,1,0,1296,4.22,5874.54
TS070,tshirt,2026-08-10,47,319,0.0,319,0,0,17457,2672,228,373,152,114,22,130,19,10,3,2,3,0,1,14,111,16,3.94,12,2,2,0,2,1312,4.22,6170.38
TS070,tshirt,2026-08-17,48,319,0.0,319,0,0,21430,3351,340,467,186,146,28,158,24,10,4,4,2,3,1,20,134,30,4.17,24,6,0,0,0,1342,4.22,7472.7
TS070,tshirt,2026-08-24,49,319,0.0,319,1,0,26334,4083,400,608,292,235,40,252,43,22,5,8,2,3,3,32,209,34,4.21,28,5,1,0,1,1376,4.22,10493.21
TS070,tshirt,2026-08-31,50,319,0.0,319,0,0,19192,2967,269,377,149,117,17,132,13,6,0,2,1,2,2,7,119,15,4.33,13,1,1,1,0,1391,4.22,8021.87
TS070,tshirt,2026-09-07,51,319,0.0,319,0,0,18587,2951,319,410,166,130,27,139,21,11,5,1,2,1,1,17,118,26,4.23,20,5,1,0,1,1417,4.22,6371.05
TS070,tshirt,2026-09-14,52,319,0.0,319,0,0,19947,3068,315,429,203,154,31,172,25,14,2,2,1,2,4,22,147,22,4.41,20,1,1,1,0,1439,4.22,8550.24
TS070,tshirt,2026-09-21,53,319,0.1,287,0,1,20939,3513,341,531,228,184,29,199,29,15,5,4,0,1,4,20,170,34,4.12,26,4,4,1,3,1473,4.22,4431.29
TS071,tshirt,2026-07-27,1,289,0.0,289,0,0,10731,282,19,9,0,0,0,0,0,0,0,0,0,0,0,0,0,0,,0,0,0,0,0,0,,0.0
TS071,tshirt,2026-08-03,2,289,0.0,289,0,0,4626,142,5,3,2,1,0,2,1,0,0,0,1,0,0,0,1,0,,0,0,0,0,0,0,,-63.63
TS071,tshirt,2026-08-10,3,289,0.0,289,0,0,3674,101,5,6,2,0,0,2,1,0,0,1,0,0,0,1,1,0,,0,0,0,0,0,0,,0.8
TS071,tshirt,2026-08-17,4,289,0.0,289,0,0,4190,109,8,6,1,1,0,1,1,0,0,1,0,0,0,1,0,0,,0,0,0,0,0,0,,-140.0
TS071,tshirt,2026-08-24,5,289,0.0,289,1,0,4343,107,7,9,4,2,0,4,2,1,1,0,0,0,0,2,2,0,,0,0,0,0,0,0,,1.61
TS071,tshirt,2026-08-31,6,289,0.0,289,0,0,4567,115,5,5,2,2,0,2,1,0,0,0,1,0,0,1,1,0,,0,0,0,0,0,0,,0.8
TS071,tshirt,2026-09-07,7,289,0.0,289,0,0,3324,100,6,4,2,1,0,2,1,1,0,0,0,0,0,1,1,0,,0,0,0,0,0,0,,0.8
TS071,tshirt,2026-09-14,8,329,0.0,329,0,0,3734,81,4,2,1,1,0,1,1,0,1,0,0,0,0,1,0,0,,0,0,0,0,0,0,,-140.0
TS071,tshirt,2026-09-21,9,329,0.2,263,0,1,4731,131,7,4,2,1,0,2,1,0,0,1,0,0,0,1,1,0,,0,0,0,0,0,0,,-23.96
TS072,tshirt,2025-10-06,1,339,0.2,271,1,1,22165,1424,82,107,57,32,9,48,14,6,0,2,2,1,3,11,34,6,3.67,3,3,0,0,0,6,3.67,-1531.33
TS072,tshirt,2025-10-13,2,339,0.0,339,1,0,27379,1255,95,80,23,10,3,20,7,3,2,1,0,0,1,7,13,2,3.0,1,0,1,0,1,8,3.5,222.13
TS072,tshirt,2025-10-20,3,339,0.0,339,1,0,11811,546,50,30,12,6,1,11,2,0,2,0,0,0,0,2,9,3,3.0,1,1,1,0,1,11,3.36,627.63
TS072,tshirt,2025-10-27,4,339,0.0,339,0,0,11082,471,38,33,16,12,1,15,4,3,1,0,0,0,0,2,11,0,,0,0,0,0,0,11,3.36,276.42
TS072,tshirt,2025-11-03,5,339,0.0,339,0,0,7630,335,30,15,5,4,2,3,0,0,0,0,0,0,0,0,3,1,5.0,1,0,0,0,0,12,3.5,185.88
TS072,tshirt,2025-11-10,6,339,0.0,339,0,0,7688,320,24,15,4,3,0,4,3,1,0,2,0,0,0,3,1,0,,0,0,0,0,0,12,3.5,-311.37
TS072,tshirt,2025-11-17,7,339,0.0,339,0,0,5531,260,24,18,9,5,1,8,2,0,1,0,0,1,0,2,6,1,3.0,0,1,0,0,0,13,3.46,301.75
TS072,tshirt,2025-11-24,8,339,0.0,339,0,0,8239,369,25,19,6,6,1,5,1,1,0,0,0,0,0,1,4,1,5.0,1,0,0,0,0,14,3.57,224.5
TS072,tshirt,2025-12-01,9,339,0.0,339,0,0,5607,253,23,17,3,2,0,3,0,0,0,0,0,0,0,0,3,0,,0,0,0,0,0,14,3.57,325.88
TS072,tshirt,2025-12-08,10,329,0.0,329,0,0,4947,229,20,14,3,2,0,3,0,0,0,0,0,0,0,0,3,0,,0,0,0,0,0,14,3.57,297.31
TS072,tshirt,2025-12-15,11,329,0.0,329,0,0,6247,302,15,20,9,5,1,8,3,2,0,0,1,0,0,2,5,0,,0,0,0,0,0,14,3.57,-138.72
TS072,tshirt,2025-12-22,12,329,0.0,329,0,0,6190,307,22,27,10,6,4,6,1,1,0,0,0,0,0,1,5,1,3.0,0,1,0,0,0,15,3.53,75.51
TS072,tshirt,2025-12-29,13,329,0.0,329,0,0,5785,268,28,22,6,4,0,6,1,0,1,0,0,0,0,0,5,1,2.0,0,0,1,1,0,16,3.44,211.28
TS072,tshirt,2026-01-05,14,329,0.0,329,0,0,5729,228,19,15,1,1,1,0,0,0,0,0,0,0,0,0,0,0,,0,0,0,0,0,16,3.44,-70.0
TS072,tshirt,2026-01-12,15,329,0.0,329,0,1,7393,365,31,29,13,10,1,12,1,0,0,1,0,0,0,1,11,4,3.25,2,0,2,0,2,20,3.4,880.12
TS072,tshirt,2026-01-19,16,329,0.0,329,0,0,5544,268,23,23,11,7,1,10,2,0,2,0,0,0,0,2,8,0,,0,0,0,0,0,20,3.4,442.82
TS072,tshirt,2026-01-26,17,329,0.0,329,0,0,6607,273,19,12,4,4,0,4,2,0,0,1,0,0,1,1,2,0,,0,0,0,0,0,20,3.4,-226.03
TS072,tshirt,2026-02-02,18,329,0.0,329,0,0,5478,251,27,24,6,3,1,5,0,0,0,0,0,0,0,0,5,0,,0,0,0,0,0,20,3.4,425.51
TS072,tshirt,2026-02-09,19,329,0.0,329,0,0,7265,338,29,14,7,5,2,5,2,1,0,1,0,0,0,0,3,1,5.0,1,0,0,0,0,21,3.48,-411.16
TS072,tshirt,2026-02-16,20,319,0.0,319,0,0,6788,341,22,30,9,6,1,8,2,1,1,0,0,0,0,0,6,2,3.0,1,0,1,0,1,23,3.43,-100.99
TS072,tshirt,2026-02-23,21,319,0.0,319,0,0,5780,284,20,16,6,5,2,4,2,0,0,1,0,1,0,2,2,0,,0,0,0,0,0,23,3.43,-240.84
TS072,tshirt,2026-03-02,22,319,0.2,255,1,1,15081,880,55,86,37,23,4,33,9,4,0,3,0,2,0,8,24,7,3.29,5,0,2,1,1,30,3.4,-997.21
TS072,tshirt,2026-03-09,23,319,0.0,319,0,0,8510,454,34,25,6,3,2,4,0,0,0,0,0,0,0,0,4,0,,0,0,0,0,0,30,3.4,218.31
TS072,tshirt,2026-03-16,24,319,0.0,319,0,0,7031,359,27,19,7,4,1,6,2,1,1,0,0,0,0,0,4,1,4.0,1,0,0,0,0,31,3.42,-280.15
TS072,tshirt,2026-03-23,25,319,0.0,319,0,0,8283,403,29,26,8,7,0,8,2,1,0,1,0,0,0,1,6,2,3.0,0,2,0,0,0,33,3.39,113.24
TS072,tshirt,2026-03-30,26,319,0.0,319,0,0,7618,385,34,23,6,4,2,4,1,1,0,0,0,0,0,1,3,3,4.0,2,1,0,0,0,36,3.44,-11.27
TS072,tshirt,2026-04-06,27,319,0.0,319,0,0,9467,450,34,41,15,9,2,13,3,1,1,1,0,0,0,1,10,2,3.5,1,1,0,0,0,38,3.45,47.32
TS072,tshirt,2026-04-13,28,319,0.0,319,0,0,10286,560,34,39,12,7,2,10,2,1,0,0,0,1,0,1,8,2,3.0,1,0,1,0,1,40,3.42,152.39
TS072,tshirt,2026-04-20,29,319,0.0,319,0,0,8505,395,24,26,5,5,1,4,1,0,1,0,0,0,0,1,3,0,,0,0,0,0,0,40,3.42,58.73
TS072,tshirt,2026-04-27,30,329,0.0,329,0,0,8450,386,32,26,5,3,1,4,1,1,0,0,0,0,0,1,3,0,,0,0,0,0,0,40,3.42,87.31
TS072,tshirt,2026-05-04,31,329,0.0,329,0,0,8526,393,31,32,10,8,0,10,2,1,0,0,0,0,1,2,8,0,,0,0,0,0,0,40,3.42,512.82
TS072,tshirt,2026-05-11,32,329,0.0,329,0,0,10505,498,35,35,9,5,2,7,1,1,0,0,0,0,0,1,6,2,3.5,1,1,0,0,0,42,3.43,314.61
TS072,tshirt,2026-05-18,33,329,0.0,329,0,0,7665,339,25,26,8,6,0,8,1,0,1,0,0,0,0,1,7,2,3.5,1,1,0,0,0,44,3.43,553.71
TS072,tshirt,2026-05-25,34,329,0.0,329,0,0,10187,508,44,37,8,6,0,8,2,1,0,0,0,1,0,0,6,0,,0,0,0,0,0,44,3.43,26.15
TS072,tshirt,2026-06-01,35,329,0.0,329,0,0,7651,383,20,26,13,10,4,9,3,1,1,0,1,0,0,0,6,1,4.0,1,0,0,0,0,45,3.44,-538.08
TS072,tshirt,2026-06-08,36,329,0.0,329,0,0,9010,461,36,31,9,5,2,7,2,0,0,2,0,0,0,2,5,1,5.0,1,0,0,0,0,46,3.48,75.51
TS072,tshirt,2026-06-15,37,329,0.0,329,0,0,8664,411,23,25,8,6,2,6,1,1,0,0,0,0,0,1,5,1,5.0,1,0,0,0,0,47,3.51,215.51
TS072,tshirt,2026-06-22,38,329,0.2,263,0,1,11321,650,46,56,16,11,3,13,2,1,1,0,0,0,0,0,11,2,3.5,1,1,0,0,0,49,3.51,-379.77
TS072,tshirt,2026-06-29,39,329,0.0,329,0,0,7544,401,27,34,13,5,0,13,2,2,0,0,0,0,0,2,11,3,2.67,1,0,2,2,0,52,3.46,810.12
TS072,tshirt,2026-07-06,40,319,0.0,319,0,0,8003,381,29,33,14,9,3,11,1,0,0,1,0,0,0,1,10,2,3.5,1,1,0,0,0,54,3.46,545.78
TS072,tshirt,2026-07-13,41,319,0.0,319,0,0,8401,408,26,21,7,4,0,7,4,1,2,1,0,0,0,3,3,0,,0,0,0,0,0,54,3.46,-435.5
TS072,tshirt,2026-07-20,42,319,0.0,319,0,0,10608,505,28,26,8,6,0,8,2,0,0,1,0,0,1,2,6,1,2.0,0,0,1,0,1,55,3.44,257.47
TS072,tshirt,2026-07-27,43,319,0.0,319,0,0,9190,472,32,29,11,9,0,11,4,1,1,0,0,1,1,2,7,1,3.0,0,1,0,0,0,56,3.43,-221.42
TS072,tshirt,2026-08-03,44,319,0.0,319,0,0,7361,382,30,28,11,5,0,11,3,1,1,1,0,0,0,2,8,4,3.5,2,2,0,0,0,60,3.43,152.39
TS072,tshirt,2026-08-10,45,319,0.0,319,0,0,5939,296,20,22,6,3,1,5,0,0,0,0,0,0,0,0,5,1,4.0,1,0,0,0,0,61,3.44,377.89
TS072,tshirt,2026-08-17,46,319,0.0,319,0,0,7265,406,32,37,11,8,1,10,4,2,0,1,0,0,1,3,6,1,5.0,1,0,0,0,0,62,3.47,-236.76
TS072,tshirt,2026-08-24,47,319,0.0,319,1,0,11781,571,49,36,12,7,2,10,3,1,1,1,0,0,0,2,7,2,4.0,1,1,0,0,0,64,3.48,-77.18
TS072,tshirt,2026-08-31,48,319,0.0,319,0,0,6264,286,24,25,2,0,0,2,0,0,0,0,0,0,0,0,2,0,,0,0,0,0,0,64,3.48,179.16
TS072,tshirt,2026-09-07,49,319,0.0,319,0,0,6608,307,27,22,8,4,2,6,1,0,0,0,0,0,1,1,5,0,,0,0,0,0,0,64,3.48,167.89
TS072,tshirt,2026-09-14,50,309,0.0,309,0,0,8758,396,20,32,11,6,1,10,2,0,1,0,0,1,0,2,8,0,,0,0,0,0,0,64,3.48,290.43
TS072,tshirt,2026-09-21,51,309,0.2,247,0,1,8735,552,44,56,28,20,5,23,6,1,1,0,1,1,2,5,17,3,3.33,1,2,0,0,0,67,3.48,-977.12
TS073,tshirt,2026-03-02,1,269,0.2,215,1,1,14847,1101,81,115,56,42,8,48,14,5,3,1,0,3,2,10,34,5,3.6,3,1,1,0,1,5,3.6,-2569.55
TS073,tshirt,2026-03-09,2,269,0.0,269,0,0,23175,1298,109,144,58,46,8,50,7,5,1,0,1,0,0,7,43,7,4.0,6,0,1,0,1,12,3.83,1225.34
TS073,tshirt,2026-03-16,3,269,0.0,269,0,0,18978,1216,100,141,55,42,6,49,10,2,4,1,1,0,2,7,39,6,3.0,2,1,3,1,2,18,3.56,322.45
TS073,tshirt,2026-03-23,4,269,0.0,269,0,0,17694,1060,92,120,50,34,4,46,11,6,3,1,1,0,0,9,35,7,3.71,5,2,0,0,0,25,3.6,187.09
TS073,tshirt,2026-03-30,5,269,0.0,269,0,0,15731,989,78,139,69,51,12,57,12,4,2,2,1,1,2,12,45,10,3.7,6,3,1,0,1,35,3.63,373.96
TS073,tshirt,2026-04-06,6,269,0.0,269,0,0,17834,1084,93,119,60,47,4,56,12,7,2,3,0,0,0,5,44,9,3.67,6,2,1,1,0,44,3.64,16.48
TS073,tshirt,2026-04-13,7,269,0.0,269,0,0,18083,1144,111,122,46,39,5,41,9,5,1,0,0,1,2,3,32,7,3.57,3,4,0,0,0,51,3.63,-283.36
TS073,tshirt,2026-04-20,8,269,0.0,269,0,0,16100,990,72,108,44,34,5,39,9,4,3,0,2,0,0,4,30,9,3.89,7,1,1,0,1,60,3.67,-290.1
TS073,tshirt,2026-04-27,9,269,0.0,269,0,0,13985,876,70,88,37,31,9,28,9,7,1,0,0,0,1,7,19,2,3.5,1,0,1,0,1,62,3.66,-911.87
TS073,tshirt,2026-05-04,10,269,0.0,269,0,0,22283,1435,122,164,63,52,8,55,10,4,0,3,0,1,2,9,45,5,3.4,1,4,0,0,0,67,3.64,812.08
TS073,tshirt,2026-05-11,11,269,0.0,269,0,0,19341,1265,97,136,59,47,8,51,13,6,2,1,2,1,1,9,38,5,4.2,4,0,1,0,1,72,3.68,-423.74
TS073,tshirt,2026-05-18,12,269,0.0,269,0,0,16084,998,92,84,28,21,6,22,5,3,1,1,0,0,0,3,17,4,4.25,3,1,0,0,0,76,3.71,-270.49
TS073,tshirt,2026-05-25,13,269,0.0,269,0,0,16100,1034,89,108,53,41,9,44,10,3,5,0,1,0,1,6,34,4,3.5,1,3,0,0,0,80,3.7,-330.98
TS073,tshirt,2026-06-01,14,269,0.0,269,0,0,16786,1102,94,115,45,39,11,34,6,3,1,1,0,0,1,0,28,8,3.62,5,2,1,0,1,88,3.69,-540.6
TS073,tshirt,2026-06-08,15,269,0.0,269,0,0,16870,1096,88,122,51,39,4,47,9,4,2,2,1,0,0,6,38,14,3.71,9,1,4,0,4,102,3.7,538.14
TS073,tshirt,2026-06-15,16,269,0.0,269,0,0,14217,901,67,100,44,31,3,41,5,4,0,0,0,1,0,4,36,11,4.09,7,4,0,0,0,113,3.73,1283.28
TS073,tshirt,2026-06-22,17,269,0.2,215,0,1,14145,1075,83,151,75,50,7,68,15,8,5,1,0,0,1,10,53,9,4.0,7,1,1,0,1,122,3.75,-2516.68
TS073,tshirt,2026-06-29,18,269,0.0,269,0,0,16593,1064,83,118,41,28,6,35,4,0,0,1,0,2,1,2,31,3,3.67,2,1,0,0,0,125,3.75,769.85
TS073,tshirt,2026-07-06,19,269,0.0,269,0,0,12983,791,65,97,46,36,6,40,8,3,3,1,1,0,0,6,32,4,3.75,3,1,0,0,0,129,3.75,274.16
TS073,tshirt,2026-07-13,20,269,0.0,269,0,0,16522,1094,83,114,45,35,3,42,6,2,3,1,0,0,0,4,36,9,3.78,5,3,1,0,1,138,3.75,1021.4
TS073,tshirt,2026-07-20,21,269,0.0,269,0,0,18511,1226,105,150,64,46,9,55,12,4,2,3,2,0,1,9,43,9,3.33,5,1,3,0,3,147,3.73,89.7
TS073,tshirt,2026-07-27,22,269,0.0,269,0,0,12095,783,52,88,44,37,7,37,5,3,0,1,0,0,1,3,32,6,3.67,4,1,1,0,1,153,3.73,624.16
TS073,tshirt,2026-08-03,23,269,0.0,269,0,0,14700,919,83,90,35,26,7,28,5,3,1,0,0,1,0,5,23,3,4.0,2,1,0,0,0,156,3.73,289.13
TS073,tshirt,2026-08-10,24,269,0.0,269,0,0,12941,868,64,78,20,13,2,18,1,1,0,0,0,0,0,0,17,3,4.0,3,0,0,0,0,159,3.74,691.39
TS073,tshirt,2026-08-17,25,269,0.0,269,0,0,10740,680,59,54,22,17,2,20,4,2,1,0,1,0,0,1,16,4,3.25,2,0,2,1,1,163,3.72,-36.68
TS073,tshirt,2026-08-24,26,269,0.0,269,1,0,12211,804,60,83,33,27,4,29,2,0,0,1,1,0,0,2,27,4,4.75,4,0,0,0,0,167,3.75,1176.37
TS073,tshirt,2026-08-31,27,269,0.0,269,0,0,11994,797,63,88,31,21,3,28,3,1,0,1,1,0,0,2,25,3,3.67,2,1,0,0,0,170,3.75,855.87
TS073,tshirt,2026-09-07,28,269,0.0,269,0,0,15958,1008,85,100,35,28,8,27,5,4,0,1,0,0,0,3,22,2,5.0,2,0,0,0,0,172,3.76,-88.94
TS073,tshirt,2026-09-14,29,269,0.0,269,0,0,9387,618,50,67,28,22,0,28,7,5,0,1,0,0,1,5,21,3,3.0,1,0,2,0,2,175,3.75,126.75
TS073,tshirt,2026-09-21,30,269,0.15,229,0,1,14770,1072,71,163,93,73,11,82,14,8,3,2,0,1,0,9,68,17,3.76,10,6,1,0,1,192,3.75,-1556.79
TS074,tshirt,2026-07-20,1,309,0.0,309,0,0,9375,454,42,35,11,8,2,9,3,0,0,2,0,1,0,2,6,0,,0,0,0,0,0,0,,6.82
TS074,tshirt,2026-07-27,2,309,0.0,309,0,0,9749,437,38,27,8,5,2,6,1,1,0,0,0,0,0,1,5,1,3.0,0,1,0,0,0,1,3.0,285.08
TS074,tshirt,2026-08-03,3,309,0.0,309,0,0,7422,248,21,19,6,4,3,3,0,0,0,0,0,0,0,0,3,1,4.0,1,0,0,0,0,2,3.5,129.05
TS074,tshirt,2026-08-10,4,309,0.0,309,0,0,6240,258,26,18,8,7,2,6,0,0,0,0,0,0,0,0,6,2,4.0,2,0,0,0,0,4,3.75,538.09
TS074,tshirt,2026-08-17,5,309,0.0,309,0,0,7714,344,25,30,13,10,2,11,4,2,1,0,0,0,1,4,7,0,,0,0,0,0,0,4,3.75,91.11
TS074,tshirt,2026-08-24,6,309,0.0,309,1,0,8084,420,28,27,11,8,1,10,2,1,1,0,0,0,0,1,8,1,4.0,1,0,0,0,0,5,3.8,442.85
TS074,tshirt,2026-08-31,7,309,0.0,309,0,0,5976,305,29,18,4,4,1,3,0,0,0,0,0,0,0,0,3,1,4.0,1,0,0,0,0,6,3.83,269.05
TS074,tshirt,2026-09-07,8,309,0.0,309,0,0,6698,331,35,32,11,7,1,10,4,1,1,1,0,1,0,3,6,1,4.0,1,0,0,0,0,7,3.86,-63.18
TS074,tshirt,2026-09-14,9,309,0.0,309,0,0,5431,276,29,27,14,7,0,14,2,0,0,0,0,0,2,1,12,2,4.5,2,0,0,0,0,9,4.0,964.91
TS074,tshirt,2026-09-21,10,299,0.15,254,0,1,11140,716,47,76,35,24,1,34,9,3,3,2,0,0,1,4,25,3,3.33,2,0,1,0,1,12,3.83,-370.49
TS075,tshirt,2026-01-26,1,379,0.0,379,0,0,8634,299,19,9,1,0,0,1,1,0,0,1,0,0,0,1,0,0,,0,0,0,0,0,0,,-140.0
TS075,tshirt,2026-02-02,2,379,0.0,379,0,0,5321,184,8,4,0,0,0,0,0,0,0,0,0,0,0,0,0,0,,0,0,0,0,0,0,,0.0
TS075,tshirt,2026-02-09,3,379,0.0,379,0,0,4286,151,4,5,0,0,0,0,0,0,0,0,0,0,0,0,0,0,,0,0,0,0,0,0,,0.0
TS075,tshirt,2026-02-16,4,379,0.0,379,0,0,4845,161,8,5,1,1,0,1,1,1,0,0,0,0,0,1,0,0,,0,0,0,0,0,0,,-140.0
TS075,tshirt,2026-02-23,5,319,0.0,319,0,0,2592,124,5,5,1,1,0,1,1,0,0,1,0,0,0,0,0,0,,0,0,0,0,0,0,,-227.77
TS075,tshirt,2026-03-02,6,319,0.15,271,1,1,5570,292,9,11,5,3,0,5,1,0,1,0,0,0,0,0,4,0,,0,0,0,0,0,0,,173.54
TS075,tshirt,2026-03-09,7,319,0.0,319,0,0,5135,226,17,10,4,4,0,4,4,1,1,1,1,0,0,2,0,0,,0,0,0,0,0,0,,-735.54
TS075,tshirt,2026-03-16,8,319,0.0,319,0,0,4248,190,12,1,0,0,0,0,0,0,0,0,0,0,0,0,0,0,,0,0,0,0,0,0,,0.0
TS075,tshirt,2026-03-23,9,319,0.0,319,0,0,4218,175,10,7,0,0,0,0,0,0,0,0,0,0,0,0,0,0,,0,0,0,0,0,0,,0.0
TS075,tshirt,2026-03-30,10,319,0.0,319,0,0,4324,188,6,5,1,1,0,1,1,1,0,0,0,0,0,1,0,0,,0,0,0,0,0,0,,-140.0
TS075,tshirt,2026-04-06,11,319,0.0,319,0,0,4756,202,16,8,0,0,0,0,0,0,0,0,0,0,0,0,0,0,,0,0,0,0,0,0,,0.0
TS075,tshirt,2026-04-13,12,319,0.0,319,0,0,4642,206,14,9,2,2,0,2,1,0,0,0,1,0,0,0,1,0,,0,0,0,0,0,0,,-81.73
TS075,tshirt,2026-04-20,13,319,0.0,319,0,0,4791,193,9,5,1,0,0,1,1,0,1,0,0,0,0,1,0,0,,0,0,0,0,0,0,,-140.0
TS075,tshirt,2026-04-27,14,319,0.0,319,0,0,5280,214,11,6,2,1,0,2,1,0,1,0,0,0,0,1,1,0,,0,0,0,0,0,0,,6.04
TS075,tshirt,2026-05-04,15,319,0.0,319,0,0,4859,223,10,7,1,0,0,1,0,0,0,0,0,0,0,0,1,0,,0,0,0,0,0,0,,146.04
TS075,tshirt,2026-05-11,16,319,0.0,319,0,0,5587,264,11,9,2,0,0,2,1,1,0,0,0,0,0,1,1,1,1.0,0,0,1,0,1,1,1.0,6.04
TS075,tshirt,2026-05-18,17,319,0.0,319,0,0,4370,68,2,2,0,0,0,0,0,0,0,0,0,0,0,0,0,0,,0,0,0,0,0,1,1.0,0.0
TS075,tshirt,2026-05-25,18,319,0.0,319,0,0,4139,64,2,2,0,0,0,0,0,0,0,0,0,0,0,0,0,0,,0,0,0,0,0,1,1.0,0.0
TS075,tshirt,2026-06-01,19,319,0.0,319,0,0,3738,60,1,3,1,1,0,1,1,0,0,1,0,0,0,1,0,0,,0,0,0,0,0,1,1.0,-140.0
TS075,tshirt,2026-06-08,20,319,0.0,319,0,0,4592,68,3,2,1,1,0,1,0,0,0,0,0,0,0,0,1,1,4.0,1,0,0,0,0,2,2.5,146.04
TS076,tshirt,2026-08-03,1,289,0.0,289,0,0,8786,533,36,37,14,10,2,12,2,2,0,0,0,0,0,2,10,3,3.67,2,1,0,0,0,3,3.67,343.68
TS076,tshirt,2026-08-10,2,289,0.0,289,0,0,12080,681,41,43,16,14,3,13,1,0,1,0,0,0,0,1,12,0,,0,0,0,0,0,3,3.67,566.42
TS076,tshirt,2026-08-17,3,289,0.0,289,0,0,10518,542,33,41,15,11,2,13,3,1,2,0,0,0,0,0,10,3,3.33,2,0,1,0,1,6,3.5,-182.93
TS076,tshirt,2026-08-24,4,289,0.0,289,1,0,9799,532,33,39,8,5,1,7,2,1,0,0,1,0,0,2,5,1,2.0,0,0,1,1,0,7,3.29,31.84
TS076,tshirt,2026-08-31,5,289,0.0,289,0,0,6026,291,25,30,12,12,0,12,3,1,1,0,1,0,0,1,9,2,3.5,1,1,0,0,0,9,3.33,9.57
TS076,tshirt,2026-09-07,6,289,0.0,289,0,0,8030,410,27,32,14,11,2,12,3,1,0,0,0,2,0,2,9,1,3.0,0,1,0,0,0,10,3.3,-1.56
TS076,tshirt,2026-09-14,7,289,0.0,289,0,0,5554,272,18,21,11,5,2,9,4,3,0,1,0,0,0,2,5,0,,0,0,0,0,0,10,3.3,-575.9
TS076,tshirt,2026-09-21,8,289,0.15,246,0,1,11347,624,45,49,26,14,2,24,10,3,4,0,2,1,0,8,14,3,3.0,1,1,1,0,1,13,3.23,-1301.92
TS077,tshirt,2026-01-05,1,319,0.0,319,0,0,11747,686,52,50,22,15,2,20,8,4,1,1,0,1,1,5,12,3,2.67,1,0,2,0,2,3,2.67,-964.26
TS077,tshirt,2026-01-12,2,319,0.2,255,0,1,16302,803,58,65,32,23,4,28,4,2,1,1,0,0,0,2,24,3,3.0,1,1,1,1,0,6,2.83,-1042.05
TS077,tshirt,2026-01-19,3,319,0.0,319,0,0,5980,271,25,12,3,1,0,3,1,0,0,1,0,0,0,1,2,0,,0,0,0,0,0,6,2.83,-7.04
TS077,tshirt,2026-01-26,4,319,0.0,319,0,0,8563,356,32,20,6,5,0,6,0,0,0,0,0,0,0,0,6,2,4.0,2,0,0,0,0,8,3.12,398.87
TS077,tshirt,2026-02-02,5,319,0.0,319,0,0,6007,257,18,19,7,4,1,6,3,3,0,0,0,0,0,1,3,0,,0,0,0,0,0,8,3.12,-625.23
TS077,tshirt,2026-02-09,6,319,0.0,319,0,0,6301,315,21,18,6,2,0,6,1,0,0,0,1,0,0,1,5,0,,0,0,0,0,0,8,3.12,192.39
TS077,tshirt,2026-02-16,7,319,0.0,319,0,0,5261,241,20,17,5,3,2,3,0,0,0,0,0,0,0,0,3,1,4.0,1,0,0,0,0,9,3.22,59.43
TS077,tshirt,2026-02-23,8,319,0.0,319,0,0,5535,274,24,19,3,1,0,3,1,0,0,1,0,0,0,1,2,1,3.0,0,1,0,0,0,10,3.2,-7.04
TS077,tshirt,2026-03-02,9,319,0.0,319,1,1,10127,509,34,24,7,4,0,7,4,1,0,3,0,0,0,2,3,2,4.0,2,0,0,0,0,12,3.33,-695.23
TS077,tshirt,2026-03-09,10,319,0.0,319,0,0,6937,352,31,20,4,2,1,3,0,0,0,0,0,0,0,0,3,0,,0,0,0,0,0,12,3.33,129.43
TS078,tshirt,2025-09-22,1,279,0.0,279,1,1,17815,1154,76,95,39,25,4,35,6,2,3,0,0,1,0,5,29,4,4.25,4,0,0,0,0,4,4.25,380.66
TS078,tshirt,2025-09-29,2,279,0.2,223,1,1,27248,2468,174,302,169,109,14,155,36,20,1,6,1,3,5,22,119,24,3.67,16,5,3,1,2,28,3.75,-7586.09
TS078,tshirt,2025-10-06,3,329,0.1,296,1,1,31918,2074,174,192,88,54,8,80,16,5,3,2,2,2,2,12,64,20,3.55,11,7,2,0,2,48,3.67,1298.44
TS078,tshirt,2025-10-13,4,329,0.0,329,1,0,25802,1546,130,148,52,32,6,46,17,8,4,2,1,0,2,10,29,8,3.88,6,1,1,0,1,56,3.7,-753.4
TS078,tshirt,2025-10-20,5,329,0.0,329,1,0,14912,815,70,72,28,13,3,25,4,3,0,1,0,0,0,3,21,5,4.2,4,1,0,0,0,61,3.74,1278.29
TS078,tshirt,2025-10-27,6,329,0.0,329,0,0,16880,1024,87,83,28,20,4,24,4,1,0,2,1,0,0,4,20,7,4.14,5,2,0,0,0,68,3.78,1243.3
TS078,tshirt,2025-11-03,7,329,0.0,329,0,0,12260,738,59,61,18,10,3,15,3,1,0,1,0,0,1,2,12,3,3.67,2,1,0,0,0,71,3.77,480.81
TS078,tshirt,2025-11-10,8,329,0.0,329,0,0,9729,581,41,46,10,6,0,10,3,1,2,0,0,0,0,1,7,0,,0,0,0,0,0,71,3.77,30.82
TS078,tshirt,2025-11-17,9,329,0.0,329,0,0,7406,449,46,47,14,10,3,11,4,1,1,1,0,0,1,3,7,1,3.0,0,1,0,0,0,72,3.76,-180.02
TS078,tshirt,2025-11-24,10,329,0.0,329,0,0,9775,600,53,51,21,14,4,17,3,1,0,2,0,0,0,2,14,3,2.67,0,2,1,0,1,75,3.72,619.14
TS078,tshirt,2025-12-01,11,329,0.0,329,0,0,8467,495,43,37,9,4,0,9,2,1,0,1,0,0,0,2,7,0,,0,0,0,0,0,75,3.72,449.15
TS078,tshirt,2025-12-08,12,329,0.0,329,0,0,9290,528,57,37,15,10,3,12,2,2,0,0,0,0,0,1,10,2,3.5,1,1,0,0,0,77,3.71,412.48
TS078,tshirt,2025-12-15,13,329,0.0,329,0,0,8128,447,32,20,7,5,1,6,0,0,0,0,0,0,0,0,6,1,5.0,1,0,0,0,0,78,3.73,554.99
TS078,tshirt,2025-12-22,14,329,0.0,329,0,0,8009,477,52,41,16,7,1,15,4,0,1,1,0,0,2,3,11,3,5.0,3,0,0,0,0,81,3.78,376.64
TS078,tshirt,2025-12-29,15,329,0.0,329,0,0,8549,520,42,38,13,7,2,11,1,1,0,0,0,0,0,1,10,0,,0,0,0,0,0,81,3.78,761.65
TS078,tshirt,2026-01-05,16,329,0.0,329,0,0,6676,418,34,40,16,11,3,13,2,1,1,0,0,0,0,2,11,2,4.5,2,0,0,0,0,83,3.8,655.81
TS078,tshirt,2026-01-12,17,329,0.15,280,0,1,12688,838,61,91,35,20,5,30,4,1,2,0,0,1,0,3,26,6,2.83,2,2,2,1,1,89,3.73,445.78
TS078,tshirt,2026-01-19,18,329,0.0,329,0,0,11118,642,56,49,15,8,2,13,2,1,0,1,0,0,0,2,11,0,,0,0,0,0,0,89,3.73,725.81
TS078,tshirt,2026-01-26,19,329,0.0,329,0,0,9022,535,51,41,19,9,0,19,5,3,0,1,1,0,0,4,14,2,3.5,1,1,0,0,0,91,3.73,619.14
TS078,tshirt,2026-02-02,20,329,0.0,329,0,0,9139,500,49,36,7,5,0,7,2,1,0,1,0,0,0,1,5,2,3.5,1,1,0,0,0,93,3.72,101.66
TS078,tshirt,2026-02-09,21,329,0.0,329,0,0,8918,490,41,41,15,12,1,14,2,1,0,0,0,1,0,2,12,1,5.0,1,0,0,0,0,94,3.73,899.98
TS078,tshirt,2026-02-16,22,329,0.0,329,0,0,7345,431,35,50,17,11,1,16,3,0,1,0,0,1,1,3,13,1,2.0,0,0,1,1,0,95,3.72,864.14
TS078,tshirt,2026-02-23,23,329,0.0,329,0,0,8679,508,44,30,8,7,1,7,3,2,0,1,0,0,0,3,4,0,,0,0,0,0,0,95,3.72,-73.34
TS078,tshirt,2026-03-02,24,329,0.1,296,1,1,12585,824,62,74,26,14,3,23,6,4,0,1,0,0,1,4,17,3,4.33,3,0,0,0,0,98,3.73,-91.82
TS078,tshirt,2026-03-09,25,329,0.0,329,0,0,9332,524,39,40,12,8,1,11,2,1,1,0,0,0,0,1,9,1,4.0,1,0,0,0,0,99,3.74,448.31
TS078,tshirt,2026-03-16,26,329,0.0,329,0,0,12083,723,52,53,18,14,0,18,4,0,3,1,0,0,0,3,14,3,3.67,2,1,0,0,0,102,3.74,759.14
TS078,tshirt,2026-03-23,27,329,0.0,329,0,0,9514,538,58,44,14,9,1,13,1,0,0,0,0,0,1,1,12,2,4.0,2,0,0,0,0,104,3.74,1039.98
TS078,tshirt,2026-03-30,28,329,0.0,329,0,0,8897,533,44,41,10,5,0,10,1,1,0,0,0,0,0,1,9,1,4.0,1,0,0,0,0,105,3.74,797.48
TS078,tshirt,2026-04-06,29,329,0.0,329,0,0,11881,649,51,47,20,14,4,16,5,2,0,1,2,0,0,4,11,2,4.0,2,0,0,0,0,107,3.75,26.64
TS078,tshirt,2026-04-13,30,329,0.0,329,0,0,11229,695,61,66,27,21,7,20,7,4,1,1,0,1,0,6,13,4,4.0,4,0,0,0,0,111,3.76,-255.03
TS078,tshirt,2026-04-20,31,329,0.0,329,0,0,15181,864,77,84,29,19,3,26,9,3,0,5,1,0,0,5,17,4,3.75,2,1,1,0,1,115,3.76,-255.87
TS078,tshirt,2026-04-27,32,329,0.0,329,0,0,12903,729,70,59,20,14,2,18,3,3,0,0,0,0,0,3,15,4,3.5,2,1,1,0,1,119,3.75,1002.47
TS078,tshirt,2026-05-04,33,329,0.0,329,0,0,13429,766,72,63,22,13,1,21,4,2,2,0,0,0,0,3,17,4,4.25,3,1,0,0,0,123,3.76,1001.63
TS078,tshirt,2026-05-11,34,329,0.0,329,0,0,14343,831,75,58,20,12,5,15,4,2,0,0,2,0,0,4,11,3,3.0,1,1,1,1,0,126,3.75,235.81
TS078,tshirt,2026-05-18,35,329,0.0,329,0,0,9933,558,62,43,11,7,1,10,2,1,0,0,0,0,1,1,8,1,4.0,1,0,0,0,0,127,3.75,344.15
TS078,tshirt,2026-05-25,36,329,0.0,329,0,0,13719,840,64,68,26,11,2,24,7,4,1,1,0,0,1,6,17,1,3.0,0,1,0,0,0,128,3.74,511.63
TS078,tshirt,2026-06-01,37,329,0.0,329,0,0,11255,621,61,47,21,12,2,19,3,2,0,0,1,0,0,2,16,4,3.5,2,2,0,0,0,132,3.73,967.47
TS078,tshirt,2026-06-08,38,329,0.0,329,0,0,13998,786,61,51,15,10,0,15,4,2,2,0,0,0,0,4,11,2,3.5,1,1,0,0,0,134,3.73,585.81
TS078,tshirt,2026-06-15,39,329,0.0,329,0,0,13562,768,78,65,19,13,3,16,1,1,0,0,0,0,0,0,15,3,4.0,2,1,0,0,0,137,3.74,1073.3
TS078,tshirt,2026-06-22,40,329,0.2,263,0,1,14529,1046,84,106,46,33,9,37,11,7,0,1,0,1,2,7,26,4,4.0,3,1,0,0,0,141,3.74,-1652.68
TS078,tshirt,2026-06-29,41,329,0.0,329,0,0,13966,796,59,62,26,16,6,20,6,1,3,2,0,0,0,4,14,2,4.5,2,0,0,0,0,143,3.76,-80.03
TS078,tshirt,2026-07-06,42,329,0.0,329,0,0,11419,643,71,57,17,10,2,15,2,1,1,0,0,0,0,2,13,1,4.0,1,0,0,0,0,144,3.76,934.14
TS078,tshirt,2026-07-13,43,329,0.0,329,0,0,10260,600,50,54,22,13,5,17,4,3,0,1,0,0,0,4,13,3,3.33,1,2,0,0,0,147,3.75,444.14
TS078,tshirt,2026-07-20,44,329,0.0,329,0,0,10856,635,52,44,9,3,0,9,1,0,0,1,0,0,0,1,8,1,4.0,1,0,0,0,0,148,3.75,693.32
TS078,tshirt,2026-07-27,45,329,0.0,329,0,0,10296,596,51,66,19,14,0,19,6,1,2,2,1,0,0,3,13,1,3.0,0,1,0,0,0,149,3.74,96.64
TS078,tshirt,2026-08-03,46,329,0.0,329,0,0,12322,713,67,61,22,15,5,17,3,1,1,1,0,0,0,3,14,4,3.5,2,2,0,0,0,153,3.74,688.31
TS078,tshirt,2026-08-10,47,329,0.0,329,0,0,9999,534,51,44,16,12,5,11,3,2,0,0,0,0,1,3,8,4,3.75,2,2,0,0,0,157,3.74,63.32
TS078,tshirt,2026-08-17,48,329,0.0,329,0,0,11527,659,56,48,17,10,1,16,3,1,2,0,0,0,0,2,13,4,3.25,3,0,1,0,1,161,3.73,724.97
TS078,tshirt,2026-08-24,49,329,0.0,329,1,0,10538,575,50,53,23,15,1,22,4,2,1,1,0,0,0,3,18,4,4.0,3,1,0,0,0,165,3.73,1105.8
TS078,tshirt,2026-08-31,50,329,0.0,329,0,0,9472,566,46,49,17,12,2,15,2,2,0,0,0,0,0,2,13,1,4.0,1,0,0,0,0,166,3.73,934.14
TS078,tshirt,2026-09-07,51,329,0.0,329,0,0,6410,333,37,21,9,5,1,8,2,2,0,0,0,0,0,2,6,1,4.0,1,0,0,0,0,167,3.74,274.99
TS078,tshirt,2026-09-14,52,329,0.0,329,0,0,9383,548,56,32,7,4,1,6,1,1,0,0,0,0,0,0,5,0,,0,0,0,0,0,167,3.74,171.66
TS078,tshirt,2026-09-21,53,329,0.0,329,0,1,11652,650,62,44,10,4,0,10,1,0,0,1,0,0,0,1,9,0,,0,0,0,0,0,167,3.74,797.48
TS079,tshirt,2026-08-03,1,319,0.0,319,0,0,12605,424,33,24,7,7,1,6,3,2,0,0,0,1,0,1,3,1,5.0,1,0,0,0,0,1,5.0,-380.12
TS079,tshirt,2026-08-10,2,319,0.0,319,0,0,7473,357,38,26,10,6,1,9,3,2,1,0,0,0,0,2,6,0,,0,0,0,0,0,1,5.0,84.69
TS079,tshirt,2026-08-17,3,319,0.0,319,0,0,7185,377,37,22,9,8,2,7,1,1,0,0,0,0,0,1,6,0,,0,0,0,0,0,1,5.0,413.0
TS079,tshirt,2026-08-24,4,319,0.0,319,1,0,9074,423,42,33,10,7,1,9,2,0,1,1,0,0,0,0,7,1,3.0,0,1,0,0,0,2,4.0,221.89
TS079,tshirt,2026-08-31,5,319,0.0,319,0,0,7015,250,19,17,8,8,1,7,1,1,0,0,0,0,0,1,6,2,4.0,1,1,0,0,0,4,4.0,483.0
TS079,tshirt,2026-09-07,6,319,0.0,319,0,0,7824,273,23,15,6,5,1,5,2,0,0,1,0,0,1,2,3,0,,0,0,0,0,0,4,4.0,-3.5
TS079,tshirt,2026-09-14,7,319,0.0,319,0,0,6110,209,22,22,6,5,1,5,3,2,0,1,0,0,0,3,2,1,3.0,0,1,0,0,0,5,3.8,-259.0
TS079,tshirt,2026-09-21,8,319,0.0,319,0,1,8291,275,23,21,4,3,1,3,0,0,0,0,0,0,0,0,3,0,,0,0,0,0,0,5,3.8,276.5
TS080,tshirt,2026-02-23,1,279,0.0,279,0,0,8083,299,20,23,6,3,0,6,1,0,0,0,0,1,0,0,5,1,2.0,0,0,1,0,1,1,2.0,121.86
TS080,tshirt,2026-03-02,2,279,0.0,279,1,1,11502,229,17,14,7,6,1,6,1,0,0,1,0,0,0,1,5,0,,0,0,0,0,0,1,2.0,171.32
TS080,tshirt,2026-03-09,3,279,0.0,279,0,0,6114,118,13,10,4,3,2,2,1,0,0,0,1,0,0,1,1,0,,0,0,0,0,0,1,2.0,-203.74
TS080,tshirt,2026-03-16,4,279,0.0,279,0,0,6123,118,6,7,3,2,1,2,1,1,0,0,0,0,0,1,1,0,,0,0,0,0,0,1,2.0,-133.74
TS080,tshirt,2026-03-23,5,279,0.0,279,0,0,4424,105,13,5,1,1,0,1,0,0,0,0,0,0,0,0,1,0,,0,0,0,0,0,1,2.0,76.26
TS080,tshirt,2026-03-30,6,279,0.0,279,0,0,5347,110,6,4,1,1,0,1,0,0,0,0,0,0,0,0,1,0,,0,0,0,0,0,1,2.0,76.26
TS080,tshirt,2026-04-06,7,279,0.0,279,0,0,5174,106,11,8,4,2,0,4,0,0,0,0,0,0,0,0,4,1,5.0,1,0,0,0,0,2,3.5,305.05
TS080,tshirt,2026-04-13,8,279,0.0,279,0,0,5163,176,13,15,8,6,0,8,3,2,0,0,0,0,1,2,5,1,3.0,0,1,0,0,0,3,3.33,-158.14
TS080,tshirt,2026-04-20,9,279,0.0,279,0,0,6125,200,19,9,2,2,0,2,0,0,0,0,0,0,0,0,2,1,3.0,0,1,0,0,0,4,3.25,152.53
TS080,tshirt,2026-04-27,10,279,0.0,279,0,0,5802,171,13,11,3,3,0,3,2,1,0,0,1,0,0,1,1,1,4.0,1,0,0,0,0,5,3.4,-323.19
TS080,tshirt,2026-05-04,11,279,0.0,279,0,0,7271,254,11,17,5,5,1,4,3,2,1,0,0,0,0,3,1,1,3.0,0,1,0,0,0,6,3.33,-413.74
TS080,tshirt,2026-05-11,12,279,0.0,279,0,0,8911,309,26,23,10,4,1,9,3,2,1,0,0,0,0,2,6,0,,0,0,0,0,0,6,3.33,-151.87
TS080,tshirt,2026-05-18,13,279,0.0,279,0,0,7461,220,23,10,4,3,1,3,2,0,0,1,0,1,0,1,1,1,2.0,0,0,1,0,1,7,3.14,-393.19
TS080,tshirt,2026-05-25,14,279,0.0,279,0,0,6339,194,7,17,6,6,0,6,2,1,1,0,0,0,0,2,4,1,5.0,1,0,0,0,0,8,3.38,25.05
TS080,tshirt,2026-06-01,15,279,0.0,279,0,0,6786,217,13,15,4,1,1,3,1,1,0,0,0,0,0,1,2,2,2.5,0,1,1,0,1,10,3.2,-57.47
TS080,tshirt,2026-06-08,16,279,0.0,279,0,0,5413,160,11,12,2,1,0,2,0,0,0,0,0,0,0,0,2,0,,0,0,0,0,0,10,3.2,152.53
TS080,tshirt,2026-06-15,17,279,0.0,279,0,0,6113,193,6,19,9,6,1,8,3,1,0,1,0,0,1,1,5,3,3.33,2,0,1,0,1,13,3.23,-347.59
TS080,tshirt,2026-06-22,18,279,0.0,279,0,1,8438,253,22,18,5,3,0,5,1,1,0,0,0,0,0,1,4,0,,0,0,0,0,0,13,3.23,165.05
TS080,tshirt,2026-06-29,19,279,0.0,279,0,0,6278,198,16,13,6,2,0,6,3,0,1,0,0,2,0,1,3,0,,0,0,0,0,0,13,3.23,-430.11
TS080,tshirt,2026-07-06,20,279,0.0,279,0,0,5689,184,8,20,9,7,0,9,3,0,1,0,1,0,1,3,6,0,,0,0,0,0,0,13,3.23,37.58
TS080,tshirt,2026-07-13,21,279,0.0,279,0,0,5831,194,15,10,1,1,0,1,0,0,0,0,0,0,0,0,1,0,,0,0,0,0,0,13,3.23,76.26
TS080,tshirt,2026-07-20,22,279,0.0,279,0,0,5417,180,16,6,2,1,0,2,1,1,0,0,0,0,0,0,1,0,,0,0,0,0,0,13,3.23,-183.19
TS080,tshirt,2026-07-27,23,279,0.0,279,0,0,4857,147,14,18,7,6,0,7,2,2,0,0,0,0,0,2,5,1,3.0,0,1,0,0,0,14,3.21,101.32
TS080,tshirt,2026-08-03,24,279,0.0,279,0,0,5046,164,14,20,9,7,0,9,3,1,2,0,0,0,0,2,6,1,3.0,0,1,0,0,0,15,3.2,-81.87
TS080,tshirt,2026-08-10,25,279,0.0,279,0,0,7669,246,15,17,4,4,0,4,1,0,0,0,0,0,1,1,3,0,,0,0,0,0,0,15,3.2,88.79
TS080,tshirt,2026-08-17,26,279,0.0,279,0,0,4894,165,12,6,1,1,0,1,0,0,0,0,0,0,0,0,1,0,,0,0,0,0,0,15,3.2,76.26
TS080,tshirt,2026-08-24,27,279,0.0,279,1,0,5082,171,22,9,2,2,1,1,0,0,0,0,0,0,0,0,1,0,,0,0,0,0,0,15,3.2,6.26
TS080,tshirt,2026-08-31,28,279,0.0,279,0,0,4732,146,12,7,1,0,0,1,0,0,0,0,0,0,0,0,1,0,,0,0,0,0,0,15,3.2,76.26
TS080,tshirt,2026-09-07,29,279,0.0,279,0,0,4126,115,6,7,2,2,0,2,2,0,0,1,0,1,0,2,0,1,2.0,0,0,1,0,1,16,3.12,-280.0
TS080,tshirt,2026-09-14,30,279,0.0,279,0,0,4827,150,13,10,1,1,0,1,0,0,0,0,0,0,0,0,1,0,,0,0,0,0,0,16,3.12,76.26
TS080,tshirt,2026-09-21,31,279,0.0,279,0,1,6892,210,22,11,2,2,0,2,1,0,0,0,0,0,1,1,1,0,,0,0,0,0,0,16,3.12,-63.74
TS081,tshirt,2025-11-10,1,349,0.0,349,0,0,12301,441,40,30,9,5,1,8,1,0,0,0,1,0,0,1,7,5,3.4,3,1,1,0,1,5,3.4,658.81
TS081,tshirt,2025-11-17,2,349,0.0,349,0,0,8125,282,23,32,5,3,0,5,3,1,1,0,1,0,0,2,2,1,3.0,0,1,0,0,0,6,3.33,-310.03
TS081,tshirt,2025-11-24,3,349,0.0,349,0,0,6267,192,14,13,6,4,0,6,1,1,0,0,0,0,0,1,5,1,5.0,1,0,0,0,0,7,3.57,480.58
TS081,tshirt,2025-12-01,4,349,0.0,349,0,0,5768,208,22,21,7,5,0,7,1,0,0,0,0,1,0,1,6,2,4.0,1,1,0,0,0,9,3.67,604.7
TS081,tshirt,2025-12-08,5,349,0.0,349,0,0,5831,206,19,18,8,5,1,7,1,0,0,1,0,0,0,0,6,1,4.0,1,0,0,0,0,10,3.7,396.43
TS081,tshirt,2025-12-15,6,349,0.0,349,0,0,6943,243,18,21,4,3,1,3,0,0,0,0,0,0,0,0,3,1,4.0,1,0,0,0,0,11,3.73,302.35
TS081,tshirt,2025-12-22,7,349,0.0,349,0,0,6191,241,15,21,9,6,0,9,1,0,0,0,0,0,1,1,8,3,4.33,2,1,0,0,0,14,3.86,852.93
TS081,tshirt,2025-12-29,8,349,0.0,349,0,0,4850,179,23,13,3,2,0,3,0,0,0,0,0,0,0,0,3,1,4.0,1,0,0,0,0,15,3.87,372.35
TS081,tshirt,2026-01-05,9,349,0.0,349,0,0,6770,288,26,19,5,2,1,4,2,2,0,0,0,0,0,2,2,0,,0,0,0,0,0,15,3.87,-101.77
TS081,tshirt,2026-01-12,10,349,0.1,314,0,1,8071,349,32,34,9,6,1,8,0,0,0,0,0,0,0,0,8,2,4.0,2,0,0,0,0,17,3.88,656.26
TS081,tshirt,2026-01-19,11,349,0.0,349,0,0,8144,344,38,27,7,6,0,7,1,1,0,0,0,0,0,0,6,2,3.5,1,1,0,0,0,19,3.84,466.43
TS081,tshirt,2026-01-26,12,349,0.0,349,0,0,6262,245,26,18,2,0,0,2,0,0,0,0,0,0,0,0,2,1,5.0,1,0,0,0,0,20,3.9,248.23
TS081,tshirt,2026-02-02,13,349,0.0,349,0,0,8325,320,43,21,6,3,1,5,0,0,0,0,0,0,0,0,5,1,5.0,1,0,0,0,0,21,3.95,550.58
TS081,tshirt,2026-02-09,14,349,0.0,349,0,0,7392,339,34,21,9,8,1,8,1,0,0,0,0,1,0,0,7,0,,0,0,0,0,0,21,3.95,520.55
TS081,tshirt,2026-02-16,15,349,0.0,349,0,0,8809,348,37,41,12,7,2,10,1,1,0,0,0,0,0,1,9,0,,0,0,0,0,0,21,3.95,837.05
TS081,tshirt,2026-02-23,16,349,0.0,349,0,0,8436,317,36,26,9,1,0,9,2,1,0,0,0,1,0,2,7,0,,0,0,0,0,0,21,3.95,588.81
TS081,tshirt,2026-03-02,17,349,0.0,349,1,1,14423,634,53,57,18,14,4,14,2,1,0,1,0,0,0,2,12,0,,0,0,0,0,0,21,3.95,929.4
TS081,tshirt,2026-03-09,18,349,0.0,349,0,0,10986,498,50,44,12,9,1,11,5,2,1,1,0,1,0,4,6,3,3.67,2,1,0,0,0,24,3.92,-163.57
TS081,tshirt,2026-03-16,19,349,0.0,349,0,0,8009,355,27,29,9,8,0,9,3,1,1,1,0,0,0,2,6,2,4.0,1,1,0,0,0,26,3.92,186.43
TS081,tshirt,2026-03-23,20,349,0.0,349,0,0,9498,415,40,40,8,3,0,8,1,1,0,0,0,0,0,1,7,3,3.67,1,2,0,0,0,29,3.9,728.81
TS081,tshirt,2026-03-30,21,349,0.0,349,0,0,8059,355,35,28,9,5,1,8,1,0,1,0,0,0,0,0,7,0,,0,0,0,0,0,29,3.9,520.55
TS081,tshirt,2026-04-06,22,349,0.0,349,0,0,10553,449,33,31,14,4,1,13,1,0,0,1,0,0,0,1,12,2,3.0,0,2,0,0,0,31,3.84,1279.4
TS081,tshirt,2026-04-13,23,349,0.0,349,0,0,10502,435,49,23,8,4,1,7,0,0,0,0,0,0,0,0,7,0,,0,0,0,0,0,31,3.84,798.81
TS081,tshirt,2026-04-20,24,349,0.0,349,0,0,13205,535,56,39,11,7,0,11,3,1,0,1,0,1,0,1,8,3,3.33,1,2,0,0,0,34,3.79,296.4
TS081,tshirt,2026-04-27,25,349,0.0,349,0,0,10833,465,49,45,15,10,1,14,1,0,1,0,0,0,0,1,13,4,4.5,4,0,0,0,0,38,3.87,1403.51
TS081,tshirt,2026-05-04,26,349,0.0,349,0,0,11868,489,45,47,16,11,2,14,5,1,0,2,1,0,1,5,9,2,3.5,1,0,1,0,1,40,3.85,277.05
TS081,tshirt,2026-05-11,27,349,0.0,349,0,0,16731,683,74,67,24,15,3,21,6,2,0,1,0,2,1,3,15,3,4.33,3,0,0,0,0,43,3.88,396.95
TS081,tshirt,2026-05-18,28,349,0.0,349,0,0,13925,576,61,55,15,11,2,13,6,2,2,0,1,1,0,4,7,2,3.5,1,1,0,0,0,45,3.87,-387.71
TS081,tshirt,2026-05-25,29,349,0.0,349,0,0,11143,429,55,32,8,5,3,5,2,0,0,0,1,0,1,1,3,0,,0,0,0,0,0,45,3.87,-255.92
TS081,tshirt,2026-06-01,30,349,0.0,349,0,0,10103,426,52,37,13,7,2,11,1,1,0,0,0,0,0,0,10,2,4.0,1,1,0,0,0,47,3.87,822.9
TS081,tshirt,2026-06-08,31,349,0.0,349,0,0,9372,415,32,30,11,5,1,10,3,1,1,0,0,0,1,3,7,1,3.0,0,1,0,0,0,48,3.85,378.81
TS081,tshirt,2026-06-15,32,349,0.0,349,0,0,13856,553,53,43,14,13,4,10,1,0,0,0,0,0,1,0,9,1,3.0,0,1,0,0,0,49,3.84,558.78
TS081,tshirt,2026-06-22,33,349,0.2,279,0,1,13906,755,64,80,35,23,3,32,9,2,3,1,2,0,1,6,23,3,4.0,2,1,0,0,0,52,3.85,-563.45
TS081,tshirt,2026-06-29,34,349,0.0,349,0,0,11543,442,41,29,11,6,2,9,3,2,0,1,0,0,0,1,6,3,3.0,1,1,1,0,1,55,3.8,-91.83
TS081,tshirt,2026-07-06,35,349,0.0,349,0,0,11399,456,54,25,8,4,0,8,1,0,0,1,0,0,0,0,7,0,,0,0,0,0,0,55,3.8,590.55
TS081,tshirt,2026-07-13,36,349,0.0,349,0,0,11693,467,46,30,9,5,0,9,2,0,0,0,0,2,0,1,7,1,2.0,0,0,1,1,0,56,3.77,450.55
TS081,tshirt,2026-07-20,37,349,0.0,349,0,0,9928,377,41,40,12,8,1,11,2,0,0,0,0,1,1,2,9,1,4.0,1,0,0,0,0,57,3.77,767.05
TS081,tshirt,2026-07-27,38,349,0.0,349,0,0,8675,314,30,29,10,10,1,9,1,0,0,1,0,0,0,1,8,0,,0,0,0,0,0,57,3.77,782.93
TS081,tshirt,2026-08-03,39,349,0.0,349,0,0,8341,305,42,24,4,1,0,4,1,0,0,0,1,0,0,1,3,0,,0,0,0,0,0,57,3.77,232.35
TS081,tshirt,2026-08-10,40,349,0.0,349,0,0,7978,322,35,34,11,6,0,11,3,1,0,1,0,0,1,3,8,1,4.0,1,0,0,0,0,58,3.78,572.93
TS081,tshirt,2026-08-17,41,349,0.0,349,0,0,8544,330,36,29,11,7,3,8,0,0,0,0,0,0,0,0,8,0,,0,0,0,0,0,58,3.78,782.93
TS081,tshirt,2026-08-24,42,349,0.0,349,1,0,10278,412,32,35,15,9,4,11,1,1,0,0,0,0,0,1,10,0,,0,0,0,0,0,58,3.78,821.16
TS081,tshirt,2026-08-31,43,349,0.0,349,0,0,9496,391,33,36,10,6,2,8,0,0,0,0,0,0,0,0,8,0,,0,0,0,0,0,58,3.78,852.93
TS081,tshirt,2026-09-07,44,349,0.0,349,0,0,8055,319,39,21,6,3,0,6,2,2,0,0,0,0,0,2,4,0,,0,0,0,0,0,58,3.78,216.47
TS081,tshirt,2026-09-14,45,349,0.0,349,0,0,10595,418,43,34,12,7,0,12,3,1,1,0,1,0,0,3,9,2,4.0,2,0,0,0,0,60,3.78,697.05
TS081,tshirt,2026-09-21,46,349,0.2,279,0,1,11248,563,50,45,21,17,5,16,2,1,0,1,0,0,0,1,14,4,4.0,3,1,0,0,0,64,3.8,36.03
TS082,tshirt,2026-04-13,1,289,0.0,289,0,0,12312,744,75,94,42,34,6,36,4,1,1,1,0,0,1,4,32,7,4.14,5,2,0,0,0,7,4.14,2425.53
TS082,tshirt,2026-04-20,2,289,0.0,289,0,0,31722,2152,192,250,99,71,12,87,12,10,0,0,0,1,1,9,75,8,4.0,7,0,1,1,0,15,4.07,5165.27
TS082,tshirt,2026-04-27,3,309,0.0,309,0,0,23166,1389,144,162,64,47,6,58,11,6,0,2,1,2,0,10,47,8,4.62,8,0,0,0,0,23,4.26,3838.3
TS082,tshirt,2026-05-04,4,309,0.0,309,0,0,21565,1471,138,157,54,41,3,51,8,5,0,1,0,2,0,7,43,7,4.29,6,1,0,0,0,30,4.27,3966.42
TS082,tshirt,2026-05-11,5,309,0.0,309,0,0,21152,1504,154,186,75,62,11,64,12,4,2,2,1,2,1,8,52,7,4.43,6,1,0,0,0,37,4.3,3679.21
TS082,tshirt,2026-05-18,6,309,0.0,309,0,0,24066,1835,185,232,100,70,15,85,17,11,2,0,1,1,2,11,68,12,4.33,11,0,1,0,1,49,4.31,4509.11
TS082,tshirt,2026-05-25,7,309,0.0,309,0,0,22909,1750,164,210,78,66,12,66,4,3,0,1,0,0,0,2,62,12,4.17,8,3,1,0,1,61,4.28,6181.54
TS082,tshirt,2026-06-01,8,309,0.0,309,0,0,19418,1446,145,183,79,56,15,64,14,8,2,2,1,1,0,11,50,8,3.75,6,1,1,0,1,69,4.22,2967.08
TS082,tshirt,2026-06-08,9,309,0.0,309,0,0,20405,1477,144,188,74,52,9,65,6,5,1,0,0,0,0,5,59,4,4.0,4,0,0,0,0,73,4.21,5833.95
TS082,tshirt,2026-06-15,10,309,0.0,309,0,0,25676,1884,167,242,104,76,16,88,13,7,1,3,0,0,2,7,75,12,4.42,11,1,0,0,0,85,4.24,5877.4
TS082,tshirt,2026-06-22,11,309,0.2,247,0,1,24177,2072,181,304,153,115,23,130,22,8,3,4,5,1,1,15,108,18,4.11,13,4,1,1,0,103,4.21,1791.97
TS082,tshirt,2026-06-29,12,309,0.0,309,0,0,20854,1506,142,177,71,53,8,63,14,8,1,1,0,2,2,10,49,11,4.09,8,2,1,0,1,114,4.2,3232.8
TS082,tshirt,2026-07-06,13,309,0.0,309,0,0,15188,1020,107,120,44,36,5,39,1,0,0,0,0,1,0,1,38,10,4.0,7,2,1,0,1,124,4.19,4277.88
TS082,tshirt,2026-07-13,14,309,0.0,309,0,0,18162,1265,105,161,55,42,8,47,8,4,2,1,0,1,0,5,39,7,4.43,6,0,1,0,1,131,4.2,2916.91
TS082,tshirt,2026-07-20,15,309,0.0,309,0,0,16323,1122,104,140,51,39,5,46,8,2,1,2,0,0,3,6,38,3,3.33,1,2,0,0,0,134,4.18,3100.25
TS082,tshirt,2026-07-27,16,309,0.0,309,0,0,16707,1162,115,130,45,38,7,38,11,3,2,2,1,1,2,7,27,8,4.12,6,2,0,0,0,142,4.18,962.44
TS082,tshirt,2026-08-03,17,309,0.0,309,0,0,17451,1163,108,139,50,35,1,49,8,3,2,0,1,1,1,4,41,8,4.12,7,0,1,0,1,150,4.17,3559.03
TS082,tshirt,2026-08-10,18,309,0.0,309,0,0,11428,773,67,96,35,25,3,32,3,1,0,1,1,0,0,1,29,5,3.6,3,1,1,0,1,155,4.15,2811.02
TS082,tshirt,2026-08-17,19,309,0.0,309,0,0,18077,1258,123,144,51,43,8,43,6,2,0,1,1,1,1,2,37,3,4.67,3,0,0,0,0,158,4.16,2847.15
TS082,tshirt,2026-08-24,20,309,0.0,309,1,0,20122,1447,140,150,62,47,9,53,2,1,0,0,0,0,1,2,51,4,3.5,3,0,1,0,1,162,4.15,5489.0
TS082,tshirt,2026-08-31,21,309,0.0,309,0,0,13527,887,75,106,41,30,3,38,4,2,0,1,1,0,0,3,34,5,4.4,4,1,0,0,0,167,4.16,3397.18
TS082,tshirt,2026-09-07,22,309,0.0,309,0,0,16618,1100,117,116,42,32,7,35,5,2,2,0,0,1,0,3,30,6,4.17,4,2,0,0,0,173,4.16,2376.49
TS082,tshirt,2026-09-14,23,309,0.0,309,0,0,10806,725,60,84,34,28,3,31,7,4,1,1,0,0,1,5,24,6,3.67,4,0,2,0,2,179,4.14,1623.66
TS082,tshirt,2026-09-21,24,309,0.0,309,0,1,19419,1286,124,139,64,47,9,55,7,4,2,0,0,0,1,4,48,12,4.5,10,2,0,0,0,191,4.16,4116.14
TS083,tshirt,2025-09-01,1,319,0.0,319,0,0,10555,679,61,48,14,9,1,13,4,1,1,0,0,2,0,3,9,3,3.67,2,1,0,0,0,3,3.67,675.52
TS083,tshirt,2025-09-08,2,319,0.0,319,0,0,11884,765,49,62,19,16,4,15,2,2,0,0,0,0,0,1,13,0,,0,0,0,0,0,3,3.67,1361.26
TS083,tshirt,2025-09-15,3,319,0.0,319,0,0,9504,573,50,41,10,8,0,10,2,2,0,0,0,0,0,2,8,2,4.5,2,0,0,0,0,5,4.0,951.47
TS083,tshirt,2025-09-22,4,319,0.1,287,1,1,15607,1180,97,115,49,36,8,41,7,3,3,1,0,0,0,5,34,2,3.0,0,2,0,0,0,7,3.71,2497.79
TS083,tshirt,2025-09-29,5,319,0.0,319,1,1,9655,573,49,38,11,8,0,11,2,1,0,0,0,0,1,2,9,1,4.0,1,0,0,0,0,8,3.75,1105.4
TS083,tshirt,2025-10-06,6,319,0.0,319,1,1,17200,1092,89,106,46,28,6,40,9,4,1,1,2,0,1,4,31,3,4.0,2,1,0,0,0,11,3.82,2692.55
TS083,tshirt,2025-10-13,7,319,0.0,319,1,0,13933,923,80,86,35,31,5,30,6,4,0,0,1,0,1,6,24,1,3.0,0,1,0,0,0,12,3.75,2504.4
TS083,tshirt,2025-10-20,8,319,0.0,319,1,0,12492,798,62,49,20,16,3,17,4,1,0,1,2,0,0,1,13,1,5.0,1,0,0,0,0,13,3.85,991.5
TS083,tshirt,2025-10-27,9,319,0.0,319,0,0,12096,830,76,63,22,18,2,20,5,3,0,0,0,0,2,4,15,3,3.33,1,1,1,0,1,16,3.75,1389.12
TS083,tshirt,2025-11-03,10,319,0.0,319,0,0,9904,661,60,60,30,26,4,26,5,2,2,0,0,1,0,4,21,3,4.33,3,0,0,0,0,19,3.84,2172.72
TS083,tshirt,2025-11-10,11,319,0.0,319,0,0,9930,655,50,72,27,17,3,24,8,3,1,0,2,0,2,6,16,5,4.0,4,0,1,1,0,24,3.88,973.18
TS083,tshirt,2025-11-17,12,319,0.0,319,0,0,13396,979,75,92,35,28,6,29,9,6,1,1,1,0,0,8,20,3,3.33,1,2,0,0,0,27,3.81,1318.79
TS083,tshirt,2025-11-24,13,319,0.0,319,0,0,13231,923,78,62,21,14,1,20,4,1,2,0,1,0,0,3,16,7,3.86,5,2,0,0,0,34,3.82,1753.06
TS083,tshirt,2025-12-01,14,319,0.0,319,0,0,12544,947,73,89,32,25,7,25,10,5,2,0,0,2,1,5,15,5,3.8,4,0,1,0,1,39,3.82,19.62
TS083,tshirt,2025-12-08,15,319,0.0,319,0,0,13304,942,78,80,28,23,3,25,6,2,0,1,1,1,1,5,19,1,3.0,0,1,0,0,0,40,3.8,1794.86
TS083,tshirt,2025-12-15,16,319,0.0,319,0,0,13325,945,75,78,22,16,5,17,3,1,1,0,1,0,0,2,14,2,3.5,1,1,0,0,0,42,3.79,1305.19
TS083,tshirt,2025-12-22,17,319,0.0,319,0,0,7593,539,47,36,13,10,2,11,4,1,1,1,0,1,0,3,7,1,3.0,0,1,0,0,0,43,3.77,297.66
TS083,tshirt,2025-12-29,18,319,0.0,319,0,0,10019,683,54,62,24,17,4,20,8,4,3,1,0,0,0,5,12,3,3.0,1,1,1,1,0,46,3.72,207.57
TS083,tshirt,2026-01-05,19,319,0.0,319,0,0,9532,626,41,51,14,8,0,14,1,0,1,0,0,0,0,0,13,3,4.33,3,0,0,0,0,49,3.76,1781.26
TS083,tshirt,2026-01-12,20,319,0.15,271,0,1,14774,1151,74,125,54,37,5,49,9,5,2,0,0,1,1,8,40,8,4.0,6,2,0,0,0,57,3.79,2638.88
TS083,tshirt,2026-01-19,21,319,0.0,319,0,0,7895,576,50,47,16,14,3,13,3,1,0,0,1,0,1,2,10,2,4.0,2,0,0,0,0,59,3.8,829.46
TS083,tshirt,2026-01-26,22,319,0.0,319,0,0,11107,733,58,71,26,21,4,22,2,1,0,0,1,0,0,2,20,2,4.5,2,0,0,0,0,61,3.82,2518.67
TS083,tshirt,2026-02-02,23,319,0.0,319,0,0,10361,680,45,59,19,17,0,19,6,2,1,0,2,1,0,2,13,4,3.25,2,1,1,0,1,65,3.78,841.63
TS083,tshirt,2026-02-09,24,319,0.0,319,0,0,10504,725,58,69,29,22,1,28,9,3,3,2,0,0,1,6,19,3,3.67,2,1,0,0,0,68,3.78,1355.1
TS083,tshirt,2026-02-16,25,319,0.0,319,0,0,13026,870,72,75,16,9,2,14,3,1,0,2,0,0,0,2,11,4,4.25,3,0,1,0,1,72,3.81,1053.39
TS083,tshirt,2026-02-23,26,319,0.0,319,0,0,13448,911,77,76,30,23,5,25,7,1,2,1,2,0,1,6,18,3,3.67,2,1,0,0,0,75,3.8,1360.92
TS083,tshirt,2026-03-02,27,319,0.0,319,1,1,27030,1787,135,155,66,50,9,57,13,6,2,4,0,0,1,8,44,7,4.0,5,2,0,0,0,82,3.82,3923.68
TS083,tshirt,2026-03-09,28,319,0.0,319,0,0,14567,1081,86,96,34,29,4,30,7,3,2,2,0,0,0,3,23,7,3.71,4,2,1,0,1,89,3.81,1960.96
TS083,tshirt,2026-03-16,29,319,0.0,319,0,0,11680,771,54,54,15,12,2,13,4,3,0,0,1,0,0,2,9,3,3.67,2,1,0,0,0,92,3.8,525.65
TS083,tshirt,2026-03-23,30,309,0.0,309,0,0,12502,847,60,89,30,20,2,28,5,3,0,1,1,0,0,3,23,3,4.0,2,0,1,0,1,95,3.81,2321.67
TS083,tshirt,2026-03-30,31,309,0.0,309,0,0,9570,678,52,54,13,11,0,13,1,1,0,0,0,0,0,1,12,3,3.67,1,2,0,0,0,98,3.81,1592.91
TS083,tshirt,2026-04-06,32,309,0.0,309,0,0,13887,986,77,90,35,27,5,30,12,8,1,2,0,0,1,9,18,4,2.25,0,2,2,0,2,102,3.75,329.74
TS083,tshirt,2026-04-13,33,309,0.0,309,0,0,11823,811,70,69,32,28,5,27,9,6,2,0,0,0,1,8,18,2,4.0,2,0,0,0,0,104,3.75,909.49
TS083,tshirt,2026-04-20,34,309,0.0,309,0,0,14888,1049,83,71,28,20,4,24,6,4,1,1,0,0,0,3,18,7,4.0,6,1,0,0,0,111,3.77,1239.74
TS083,tshirt,2026-04-27,35,309,0.0,309,0,0,12547,815,76,74,27,21,7,20,6,2,1,1,1,1,0,3,14,4,3.5,2,1,1,1,0,115,3.76,452.1
TS083,tshirt,2026-05-04,36,309,0.0,309,0,0,12612,886,77,67,19,12,2,17,4,3,0,0,0,0,1,3,13,1,5.0,1,0,0,0,0,116,3.77,1097.45
TS083,tshirt,2026-05-11,37,309,0.0,309,0,0,14237,945,88,83,27,21,4,23,7,2,1,0,2,1,1,5,16,4,2.75,1,2,1,1,0,120,3.73,890.8
TS083,tshirt,2026-05-18,38,309,0.0,309,0,0,14080,1008,69,97,32,19,1,31,6,2,2,0,0,1,1,4,25,6,4.0,4,2,0,0,0,126,3.75,2540.48
TS083,tshirt,2026-05-25,39,309,0.0,309,0,0,13088,900,77,78,26,22,4,22,4,2,0,1,0,1,0,3,18,2,4.5,2,0,0,0,0,128,3.76,1679.49
TS083,tshirt,2026-06-01,40,309,0.0,309,0,0,12979,902,74,79,29,19,2,27,4,1,1,1,0,1,0,4,23,6,3.83,4,1,1,0,1,134,3.76,2621.42
TS083,tshirt,2026-06-08,41,309,0.0,309,0,0,12208,795,69,49,22,18,3,19,4,3,1,0,0,0,0,1,15,2,4.5,2,0,0,0,0,136,3.77,1156.51
TS083,tshirt,2026-06-15,42,309,0.0,309,0,0,12317,842,61,67,23,18,4,19,4,2,0,2,0,0,0,3,15,1,3.0,0,1,0,0,0,137,3.77,1246.27
TS083,tshirt,2026-06-22,43,309,0.0,309,0,1,15870,1112,97,92,32,28,3,29,14,4,4,4,1,0,1,7,15,4,2.75,1,1,2,0,2,141,3.74,-562.99
TS083,tshirt,2026-06-29,44,309,0.0,309,0,0,12327,819,59,58,21,16,3,18,4,1,2,1,0,0,0,3,14,1,4.0,1,0,0,0,0,142,3.74,1171.86
TS083,tshirt,2026-07-06,45,309,0.0,309,0,0,10179,679,59,60,15,12,5,10,3,1,0,1,1,0,0,2,7,0,,0,0,0,0,0,142,3.74,160.99
TS083,tshirt,2026-07-13,46,309,0.0,309,0,0,10801,730,67,67,28,22,4,24,6,2,1,2,1,0,0,5,18,0,,0,0,0,0,0,142,3.74,1399.49
TS083,tshirt,2026-07-20,47,309,0.0,309,0,0,12747,826,82,78,27,23,4,23,7,5,2,0,0,0,0,6,16,4,3.5,2,1,1,0,1,146,3.73,970.68
TS083,tshirt,2026-07-27,48,309,0.0,309,0,0,12108,808,57,80,31,24,3,28,6,2,2,1,0,1,0,4,22,4,3.5,2,2,0,0,0,150,3.73,1967.26
TS083,tshirt,2026-08-03,49,309,0.0,309,0,0,10209,683,49,61,23,15,3,20,4,2,0,1,0,0,1,2,16,6,4.17,4,2,0,0,0,156,3.74,1380.8
TS083,tshirt,2026-08-10,50,309,0.0,309,0,0,12803,889,64,81,30,20,1,29,7,3,4,0,0,0,0,7,22,6,3.83,3,3,0,0,0,162,3.75,2127.01
TS083,tshirt,2026-08-17,51,309,0.0,309,0,0,11930,844,66,80,25,19,2,23,7,2,2,0,1,1,1,5,16,5,2.0,0,1,4,0,4,167,3.69,1030.8
TS083,tshirt,2026-08-24,52,309,0.0,309,1,0,9964,678,64,50,19,12,1,18,3,2,0,1,0,0,0,0,15,1,3.0,0,1,0,0,0,168,3.69,1436.51
TS083,tshirt,2026-08-31,53,309,0.0,309,0,0,11438,765,48,69,23,19,2,21,2,1,0,0,1,0,0,2,19,7,4.43,6,1,0,0,0,175,3.72,2323.78
TS083,tshirt,2026-09-07,54,309,0.0,309,0,0,9706,670,48,47,13,11,2,11,3,1,0,1,0,0,1,2,8,3,3.0,1,1,1,0,1,178,3.71,515.4
TS083,tshirt,2026-09-14,55,309,0.0,309,0,0,9985,673,64,53,22,19,5,17,3,2,1,0,0,0,0,3,14,1,5.0,1,0,0,0,0,179,3.72,1251.73
TS083,tshirt,2026-09-21,56,309,0.0,309,0,1,14218,988,89,82,32,23,8,24,5,2,2,0,0,0,1,3,19,5,4.2,4,1,0,0,0,184,3.73,1324.03
TS084,tshirt,2025-11-03,1,329,0.0,329,0,0,8877,230,20,13,1,1,0,1,0,0,0,0,0,0,0,0,1,0,,0,0,0,0,0,0,,125.36
TS084,tshirt,2025-11-10,2,329,0.0,329,0,0,6325,179,15,12,2,2,0,2,1,0,0,0,0,0,1,0,1,0,,0,0,0,0,0,0,,-132.61
TS084,tshirt,2025-11-17,3,329,0.0,329,0,0,4109,94,4,8,3,2,2,1,0,0,0,0,0,0,0,0,1,0,,0,0,0,0,0,0,,-14.64
TS084,tshirt,2025-11-24,4,329,0.0,329,0,0,6234,158,15,11,3,3,0,3,1,0,0,0,0,1,0,1,2,0,,0,0,0,0,0,0,,110.72
TS084,tshirt,2025-12-01,5,329,0.0,329,0,0,3653,106,10,3,1,1,1,0,0,0,0,0,0,0,0,0,0,0,,0,0,0,0,0,0,,-70.0
TS084,tshirt,2025-12-08,6,329,0.0,329,0,0,2836,86,8,4,4,3,1,3,2,1,0,0,0,0,1,1,1,0,,0,0,0,0,0,0,,-342.61
TS084,tshirt,2025-12-15,7,329,0.0,329,0,0,4107,107,10,3,1,1,0,1,1,0,1,0,0,0,0,1,0,0,,0,0,0,0,0,0,,-140.0
TS084,tshirt,2025-12-22,8,329,0.0,329,0,0,3368,71,6,4,1,1,0,1,0,0,0,0,0,0,0,0,1,0,,0,0,0,0,0,0,,125.36
TS084,tshirt,2025-12-29,9,329,0.0,329,0,0,4109,89,2,2,0,0,0,0,0,0,0,0,0,0,0,0,0,0,,0,0,0,0,0,0,,0.0
TS084,tshirt,2026-01-05,10,329,0.0,329,0,0,3282,76,5,2,0,0,0,0,0,0,0,0,0,0,0,0,0,0,,0,0,0,0,0,0,,0.0
TS084,tshirt,2026-01-12,11,329,0.1,296,0,1,3855,134,11,6,1,1,0,1,0,0,0,0,0,0,0,0,1,0,,0,0,0,0,0,0,,93.93
TS085,tshirt,2025-09-08,1,399,0.0,399,0,0,7863,182,10,7,1,1,1,0,0,0,0,0,0,0,0,0,0,0,,0,0,0,0,0,0,,-70.0
TS085,tshirt,2025-09-15,2,399,0.0,399,0,0,5585,113,6,4,1,1,0,1,1,0,0,1,0,0,0,1,0,1,1.0,0,0,1,0,1,1,1.0,-140.0
TS085,tshirt,2025-09-22,3,399,0.2,319,1,1,8007,97,13,8,2,1,0,2,0,0,0,0,0,0,0,0,2,0,,0,0,0,0,0,1,1.0,165.97
TS085,tshirt,2025-09-29,4,399,0.0,399,1,1,4964,52,7,2,0,0,0,0,0,0,0,0,0,0,0,0,0,0,,0,0,0,0,0,1,1.0,0.0
TS085,tshirt,2025-10-06,5,319,0.0,319,1,1,5006,62,3,7,2,1,0,2,1,0,1,0,0,0,0,1,1,0,,0,0,0,0,0,1,1.0,-57.02
TS085,tshirt,2025-10-13,6,319,0.0,319,1,0,3965,40,5,2,0,0,0,0,0,0,0,0,0,0,0,0,0,0,,0,0,0,0,0,1,1.0,0.0
TS085,tshirt,2025-10-20,7,319,0.0,319,1,0,4221,45,1,3,1,1,0,1,0,0,0,0,0,0,0,0,1,0,,0,0,0,0,0,1,1.0,82.98
TS085,tshirt,2025-10-27,8,319,0.0,319,0,0,4045,40,4,2,0,0,0,0,0,0,0,0,0,0,0,0,0,0,,0,0,0,0,0,1,1.0,0.0
TS086,tshirt,2025-11-17,1,319,0.0,319,0,0,9527,759,57,60,17,9,1,16,5,0,2,2,0,0,1,3,11,0,,0,0,0,0,0,0,,156.66
TS086,tshirt,2025-11-24,2,319,0.0,319,0,0,12531,985,65,54,14,6,1,13,1,0,0,0,0,0,1,0,12,1,4.0,1,0,0,0,0,1,4.0,950.47
TS086,tshirt,2025-12-01,3,319,0.0,319,0,0,8101,701,59,42,16,13,3,13,2,2,0,0,0,0,0,2,11,1,5.0,1,0,0,0,0,2,4.5,689.77
TS086,tshirt,2025-12-08,4,319,0.0,319,0,0,10137,1049,83,90,27,17,3,24,5,3,1,1,0,0,0,3,19,4,3.25,2,1,1,1,0,6,3.67,874.67
TS086,tshirt,2025-12-15,5,319,0.0,319,0,0,8697,651,64,49,15,13,2,13,2,1,0,1,0,0,0,2,11,0,,0,0,0,0,0,6,3.67,759.77
TS086,tshirt,2025-12-22,6,319,0.0,319,0,0,8345,652,49,49,10,8,1,9,2,1,1,0,0,0,0,1,7,0,,0,0,0,0,0,6,3.67,274.21
TS086,tshirt,2025-12-29,7,319,0.0,319,0,0,7859,593,38,43,20,15,1,19,3,1,1,0,0,0,1,3,16,2,3.0,0,2,0,0,0,8,3.5,1226.03
TS086,tshirt,2026-01-05,8,319,0.0,319,0,0,9479,674,51,45,22,14,1,21,4,3,0,0,0,1,0,2,17,6,2.5,0,4,2,0,2,14,3.07,940.17
TS086,tshirt,2026-01-12,9,319,0.0,319,0,1,6942,472,41,34,16,13,1,15,4,1,1,1,0,0,1,4,11,5,3.6,4,0,1,0,1,19,3.21,549.77
TS086,tshirt,2026-01-19,10,319,0.0,319,0,0,6633,440,43,36,11,4,1,10,1,1,0,0,0,0,0,1,9,2,5.0,2,0,0,0,0,21,3.38,755.27
TS086,tshirt,2026-01-26,11,319,0.0,319,0,0,5987,430,30,31,12,8,1,11,3,2,1,0,0,0,0,2,8,3,3.33,1,2,0,0,0,24,3.38,241.46
TS086,tshirt,2026-02-02,12,319,0.0,319,0,0,7548,580,31,43,12,6,2,10,2,2,0,0,0,0,0,2,8,1,5.0,1,0,0,0,0,25,3.44,438.02
TS086,tshirt,2026-02-09,13,319,0.0,319,0,0,8149,637,49,51,19,13,0,19,2,0,1,0,1,0,0,2,17,1,4.0,1,0,0,0,0,26,3.46,1543.28
TS086,tshirt,2026-02-16,14,319,0.0,319,0,0,8981,659,49,58,32,23,5,27,9,3,2,0,1,0,3,6,18,4,3.75,2,2,0,0,0,30,3.5,-59.14
TS086,tshirt,2026-02-23,15,319,0.0,319,0,0,12902,1045,80,85,25,21,5,20,5,4,0,1,0,0,0,4,15,3,4.33,3,0,0,0,0,33,3.58,432.22
TS086,tshirt,2026-03-02,16,319,0.2,255,1,1,16237,1614,101,162,68,47,7,61,14,4,3,6,0,0,1,9,47,6,4.33,6,0,0,0,0,39,3.69,-906.7
TS086,tshirt,2026-03-09,17,319,0.0,319,0,0,15493,1322,85,110,38,36,8,30,6,2,2,1,0,1,0,5,24,1,2.0,0,0,1,1,0,40,3.65,1047.49
TS086,tshirt,2026-03-16,18,319,0.0,319,0,0,17452,1435,113,115,37,28,7,30,6,2,2,0,1,1,0,5,24,6,4.33,6,0,0,0,0,46,3.74,1117.49
TS086,tshirt,2026-03-23,19,319,0.0,319,0,0,16174,1422,97,105,37,21,0,37,6,3,0,2,0,0,1,2,31,3,3.33,2,0,1,1,0,49,3.71,1978.58
TS086,tshirt,2026-03-30,20,319,0.0,319,0,0,12088,948,69,64,26,20,6,20,10,5,0,3,0,2,0,6,10,3,3.0,1,1,1,0,1,52,3.67,-1253.71
TS086,tshirt,2026-04-06,21,319,0.0,319,0,0,15928,1330,94,118,47,37,9,38,6,3,0,1,0,0,2,2,32,1,4.0,1,0,0,0,0,53,3.68,1455.83
TS086,tshirt,2026-04-13,22,319,0.0,319,0,0,13322,1087,89,106,44,32,7,37,9,1,2,2,2,2,0,7,28,6,3.67,3,2,1,0,1,59,3.68,999.94
TS086,tshirt,2026-04-20,23,319,0.0,319,0,0,16258,1314,112,103,38,23,4,34,7,3,2,0,2,0,0,4,27,6,4.33,6,0,0,0,0,65,3.74,1256.13
TS086,tshirt,2026-04-27,24,319,0.0,319,0,0,22208,1905,154,151,64,53,12,52,11,8,3,0,0,0,0,7,41,10,4.1,8,2,0,0,0,75,3.79,1511.1
TS086,tshirt,2026-05-04,25,319,0.0,319,0,0,15717,1346,96,95,36,25,3,33,11,1,5,4,0,0,1,8,22,0,,0,0,0,0,0,75,3.79,229.87
TS086,tshirt,2026-05-11,26,319,0.0,319,0,0,15880,1386,105,108,37,25,3,34,13,9,3,1,0,0,0,10,21,7,3.29,3,2,2,0,2,82,3.74,-157.38
TS086,tshirt,2026-05-18,27,319,0.0,319,0,0,13521,1166,81,88,26,18,4,22,3,1,0,2,0,0,0,3,19,2,3.0,0,2,0,0,0,84,3.73,1337.79
TS086,tshirt,2026-05-25,28,319,0.0,319,0,0,15924,1387,110,91,37,24,3,34,9,3,0,2,1,0,3,7,25,8,4.0,6,2,0,0,0,92,3.75,958.19
TS086,tshirt,2026-06-01,29,319,0.0,319,0,0,12546,1035,81,67,30,23,2,28,5,3,1,1,0,0,0,1,23,4,2.75,0,3,1,0,1,96,3.71,1120.57
TS086,tshirt,2026-06-08,30,309,0.0,309,0,0,16603,1505,118,115,42,29,6,36,14,7,5,1,0,0,1,10,22,3,3.0,1,1,1,0,1,99,3.69,-736.21
TS086,tshirt,2026-06-15,31,309,0.0,309,0,0,15022,1329,97,111,35,28,3,32,9,5,1,1,1,0,1,5,23,5,3.8,3,1,1,0,1,104,3.69,271.52
TS086,tshirt,2026-06-22,32,309,0.15,263,0,1,18798,1893,123,184,86,61,13,73,21,8,6,1,2,3,1,14,52,7,3.0,1,4,2,0,2,111,3.65,-1932.13
TS086,tshirt,2026-06-29,33,309,0.0,309,0,0,15724,1287,105,128,48,32,7,41,14,5,4,3,1,1,0,9,27,1,3.0,0,1,0,0,0,112,3.64,-444.13
TS086,tshirt,2026-07-06,34,309,0.0,309,0,0,12676,1085,88,84,29,24,2,27,7,1,3,1,2,0,0,3,20,4,4.0,4,0,0,0,0,116,3.66,328.33
TS086,tshirt,2026-07-13,35,309,0.0,309,0,0,13971,1183,81,88,36,26,5,31,8,4,1,2,0,1,0,6,23,4,3.5,2,1,1,0,1,120,3.65,524.63
TS086,tshirt,2026-07-20,36,309,0.0,309,0,0,16110,1425,126,103,37,29,7,30,10,6,1,2,0,0,1,5,20,8,4.0,6,2,0,0,0,128,3.67,-568.22
TS086,tshirt,2026-07-27,37,309,0.0,309,0,0,13336,1090,79,77,24,18,5,19,7,5,1,1,0,0,0,5,12,3,2.0,0,0,3,0,3,131,3.63,-410.38
TS086,tshirt,2026-08-03,38,309,0.0,309,0,0,11573,999,91,80,21,18,7,14,5,1,2,0,2,0,0,4,9,2,2.0,0,0,2,2,0,133,3.61,-437.0
TS086,tshirt,2026-08-10,39,309,0.0,309,0,0,7989,647,42,59,22,19,6,16,3,1,0,0,1,1,0,3,13,3,3.33,1,2,0,0,0,136,3.6,430.47
TS086,tshirt,2026-08-17,40,309,0.0,309,0,0,10219,838,73,63,16,8,1,15,5,2,1,1,1,0,0,2,10,5,3.8,3,2,0,0,0,141,3.61,-172.39
TS086,tshirt,2026-08-24,41,309,0.0,309,1,0,12926,1128,79,95,32,24,5,27,7,3,3,0,1,0,0,6,20,2,3.5,1,1,0,0,0,143,3.61,498.01
TS086,tshirt,2026-08-31,42,309,0.0,309,0,0,10106,836,52,73,25,19,3,22,7,3,2,0,0,2,0,6,15,3,3.33,1,2,0,0,0,146,3.6,149.37
TS086,tshirt,2026-09-07,43,309,0.0,309,0,0,7732,640,45,51,16,12,2,14,4,0,2,0,0,2,0,3,10,2,3.0,0,2,0,0,0,148,3.59,150.72
TS086,tshirt,2026-09-14,44,309,0.0,309,0,0,10163,810,67,54,23,16,4,19,7,1,1,0,1,1,3,6,12,1,4.0,1,0,0,0,0,149,3.6,-213.82
TS086,tshirt,2026-09-21,45,309,0.2,247,0,1,12169,1240,77,135,63,45,10,53,12,8,1,2,1,0,0,9,41,8,3.62,5,1,2,1,1,157,3.6,-1173.77
TS087,tshirt,2026-02-16,1,309,0.0,309,0,0,10110,281,19,8,1,0,0,1,0,0,0,0,0,0,0,0,1,0,,0,0,0,0,0,0,,89.39
TS087,tshirt,2026-02-23,2,309,0.0,309,0,0,5413,138,12,3,0,0,0,0,0,0,0,0,0,0,0,0,0,0,,0,0,0,0,0,0,,0.0
TS087,tshirt,2026-03-02,3,309,0.0,309,1,1,7882,216,14,8,6,4,1,5,2,1,0,1,0,0,0,2,3,1,1.0,0,0,1,1,0,1,1.0,-81.84
TS087,tshirt,2026-03-09,4,309,0.0,309,0,0,5835,47,2,1,0,0,0,0,0,0,0,0,0,0,0,0,0,0,,0,0,0,0,0,1,1.0,0.0
TS087,tshirt,2026-03-16,5,309,0.0,309,0,0,3754,30,2,1,0,0,0,0,0,0,0,0,0,0,0,0,0,0,,0,0,0,0,0,1,1.0,0.0
TS087,tshirt,2026-03-23,6,309,0.0,309,0,0,3686,39,4,2,1,1,0,1,0,0,0,0,0,0,0,0,1,0,,0,0,0,0,0,1,1.0,89.39
TS087,tshirt,2026-03-30,7,309,0.0,309,0,0,4164,40,4,1,0,0,0,0,0,0,0,0,0,0,0,0,0,0,,0,0,0,0,0,1,1.0,0.0
TS088,tshirt,2025-09-22,1,279,0.2,223,1,1,16197,1588,105,164,91,72,17,74,18,5,4,2,1,3,3,14,56,16,3.75,9,7,0,0,0,16,3.75,-2746.42
TS088,tshirt,2025-09-29,2,329,0.15,280,1,1,57908,4972,370,424,193,145,26,167,44,15,8,8,3,7,3,29,123,25,3.68,13,9,3,0,3,41,3.71,87.56
TS088,tshirt,2025-10-06,3,329,0.0,329,1,1,35097,2605,191,197,69,47,4,65,15,4,4,1,1,5,0,9,50,6,3.67,4,1,1,1,0,47,3.7,3244.23
TS088,tshirt,2025-10-13,4,329,0.0,329,1,0,23134,1742,145,137,56,41,5,51,16,6,2,5,0,2,1,15,35,5,3.2,2,2,1,0,1,52,3.65,1720.81
TS088,tshirt,2025-10-20,5,329,0.0,329,1,0,11849,873,71,66,27,17,3,24,6,0,1,3,0,1,1,5,18,2,3.5,1,1,0,0,0,54,3.65,1110.24
TS088,tshirt,2025-10-27,6,329,0.0,329,0,0,13969,1002,87,81,26,16,2,24,8,3,3,1,0,0,1,6,16,6,3.17,2,3,1,1,0,60,3.6,530.41
TS088,tshirt,2025-11-03,7,329,0.0,329,0,0,8465,622,55,48,16,12,2,14,4,1,1,1,1,0,0,3,10,2,4.5,2,0,0,0,0,62,3.63,448.21
TS088,tshirt,2025-11-10,8,329,0.0,329,0,0,10275,750,43,60,16,10,2,14,1,0,1,0,0,0,0,1,13,1,4.0,1,0,0,0,0,63,3.63,1364.55
TS088,tshirt,2025-11-17,9,329,0.0,329,0,0,9549,701,43,62,29,19,0,29,4,2,2,0,0,0,0,3,25,1,5.0,1,0,0,0,0,64,3.66,2485.77
TS088,tshirt,2025-11-24,10,329,0.0,329,0,0,13484,1008,75,72,22,15,1,21,12,3,5,3,0,0,1,7,9,4,3.0,2,0,2,0,2,68,3.62,-1195.61
TS088,tshirt,2025-12-01,11,329,0.0,329,0,0,8284,643,57,57,18,12,0,18,4,3,1,0,0,0,0,4,14,1,2.0,0,0,1,0,1,69,3.59,1211.06
TS088,tshirt,2025-12-08,12,329,0.0,329,0,0,7890,547,42,35,17,7,0,17,4,1,0,1,1,0,1,2,13,3,4.33,3,0,0,0,0,72,3.62,850.89
TS088,tshirt,2025-12-15,13,329,0.0,329,0,0,10236,735,67,66,23,12,1,22,2,1,1,0,0,0,0,2,20,1,3.0,0,1,0,0,0,73,3.62,2180.08
TS088,tshirt,2025-12-22,14,329,0.0,329,0,0,8622,594,27,54,16,11,3,13,2,0,2,0,0,0,0,2,11,3,4.67,3,0,0,0,0,76,3.66,901.54
TS088,tshirt,2025-12-29,15,329,0.0,329,0,0,12291,896,76,67,20,15,3,17,5,4,0,0,0,1,0,4,12,1,2.0,0,0,1,0,1,77,3.64,491.22
TS088,tshirt,2026-01-05,16,329,0.0,329,0,0,8349,598,55,47,10,7,1,9,3,0,1,0,0,1,1,1,6,1,4.0,1,0,0,0,0,78,3.64,35.37
TS088,tshirt,2026-01-12,17,329,0.0,329,0,1,12413,867,60,59,20,15,3,17,4,0,3,1,0,0,0,2,13,3,3.0,1,1,1,0,1,81,3.62,640.89
TS088,tshirt,2026-01-19,18,329,0.0,329,0,0,9264,673,72,37,12,6,0,12,4,1,1,1,1,0,0,3,8,5,3.8,3,1,1,1,0,86,3.63,335.2
TS088,tshirt,2026-01-26,19,329,0.0,329,0,0,7299,529,47,46,13,11,3,10,3,2,0,1,0,0,0,2,7,2,3.5,1,1,0,0,0,88,3.62,138.7
TS088,tshirt,2026-02-02,20,329,0.0,329,0,0,7740,584,52,41,11,6,2,9,0,0,0,0,0,0,0,0,9,1,3.0,0,1,0,0,0,89,3.62,998.54
TS088,tshirt,2026-02-09,21,329,0.0,329,0,0,11143,765,68,49,17,12,4,13,4,2,1,0,0,1,0,3,9,2,4.0,2,0,0,0,0,91,3.63,181.71
TS088,tshirt,2026-02-16,22,329,0.0,329,0,0,9649,663,49,41,14,7,1,13,4,2,0,0,1,1,0,4,9,2,4.0,1,1,0,0,0,93,3.63,508.54
TS088,tshirt,2026-02-23,23,329,0.0,329,0,0,9151,662,55,41,13,7,2,11,4,1,2,0,0,1,0,2,7,0,,0,0,0,0,0,93,3.63,-48.13
TS088,tshirt,2026-03-02,24,329,0.1,296,1,1,12483,995,78,72,31,21,5,26,5,1,0,2,1,1,0,5,21,2,3.5,1,1,0,0,0,95,3.63,946.58
TS088,tshirt,2026-03-09,25,329,0.0,329,0,0,10365,723,57,54,13,9,1,12,3,2,0,1,0,0,0,3,9,0,,0,0,0,0,0,95,3.63,648.54
TS088,tshirt,2026-03-16,26,329,0.0,329,0,0,8769,667,49,57,21,17,3,18,6,1,2,2,0,0,1,2,12,1,5.0,1,0,0,0,0,96,3.65,0.73
TS088,tshirt,2026-03-23,27,329,0.0,329,0,0,8615,628,51,37,15,12,2,13,4,2,1,1,0,0,0,4,9,1,5.0,1,0,0,0,0,97,3.66,438.54
TS088,tshirt,2026-03-30,28,329,0.0,329,0,0,13239,913,75,79,29,21,3,26,8,4,2,1,0,1,0,5,18,5,2.8,0,4,1,0,1,102,3.62,596.58
TS088,tshirt,2026-04-06,29,329,0.0,329,0,0,11352,794,46,60,20,13,3,17,5,2,3,0,0,0,0,3,12,2,3.5,1,1,0,0,0,104,3.62,374.39
TS088,tshirt,2026-04-13,30,329,0.0,329,0,0,11119,752,50,45,17,11,0,17,4,1,2,1,0,0,0,2,13,0,,0,0,0,0,0,104,3.62,850.89
TS088,tshirt,2026-04-20,31,329,0.0,329,0,0,14539,1033,91,84,24,19,4,20,3,2,1,0,0,0,0,3,17,5,3.4,3,1,1,0,1,109,3.61,1450.57
TS088,tshirt,2026-04-27,32,329,0.0,329,0,0,8217,564,38,46,11,7,0,11,2,1,0,0,0,0,1,2,9,1,4.0,1,0,0,0,0,110,3.61,858.54
TS088,tshirt,2026-05-04,33,329,0.0,329,0,0,9699,642,41,46,16,8,0,16,3,1,1,1,0,0,0,2,13,1,4.0,1,0,0,0,0,111,3.61,1107.72
TS088,tshirt,2026-05-11,34,329,0.0,329,0,0,9805,695,60,42,14,11,3,11,1,1,0,0,0,0,0,0,10,3,3.67,2,1,0,0,0,114,3.61,798.21
TS088,tshirt,2026-05-18,35,329,0.0,329,0,0,11657,824,55,53,25,19,3,22,5,3,1,1,0,0,0,3,17,1,4.0,1,0,0,0,0,115,3.62,1006.91
TS088,tshirt,2026-05-25,36,329,0.0,329,0,0,19255,1422,104,83,24,17,2,22,4,1,1,1,1,0,0,4,18,6,3.33,2,3,1,0,1,121,3.6,1577.07
TS088,tshirt,2026-06-01,37,329,0.0,329,0,0,9941,725,59,54,26,23,2,24,7,2,1,2,0,0,2,2,17,1,4.0,1,0,0,0,0,122,3.61,446.42
TS088,tshirt,2026-06-08,38,329,0.0,329,0,0,9509,641,41,50,19,17,1,18,8,1,5,2,0,0,0,6,10,2,4.0,1,1,0,0,0,124,3.61,-158.62
TS088,tshirt,2026-06-15,39,329,0.0,329,0,0,10685,790,52,60,17,10,3,14,3,1,1,0,1,0,0,2,11,3,3.33,1,2,0,0,0,127,3.61,644.72
TS088,tshirt,2026-06-22,40,329,0.15,280,0,1,16975,1407,114,122,43,31,10,33,9,3,1,3,1,0,1,6,24,4,2.75,1,1,2,0,2,131,3.58,-394.39
TS088,tshirt,2026-06-29,41,329,0.0,329,0,0,9313,647,53,54,17,13,2,15,6,4,1,0,0,1,0,6,9,0,,0,0,0,0,0,131,3.58,158.54
TS088,tshirt,2026-07-06,42,329,0.0,329,0,0,11828,852,73,53,16,13,2,14,2,0,1,1,0,0,0,2,12,2,3.0,0,2,0,0,0,133,3.57,1098.05
TS088,tshirt,2026-07-13,43,329,0.0,329,0,0,7988,571,49,51,21,15,5,16,1,1,0,0,0,0,0,1,15,2,4.0,2,0,0,0,0,135,3.58,1407.56
TS088,tshirt,2026-07-20,44,329,0.0,329,0,0,11393,778,58,55,20,13,2,18,8,1,3,2,0,0,2,7,10,3,3.0,0,3,0,0,0,138,3.57,-111.79
TS088,tshirt,2026-07-27,45,329,0.0,329,0,0,8898,558,42,40,9,8,2,7,1,0,0,0,0,0,1,1,6,1,4.0,1,0,0,0,0,139,3.57,479.02
TS088,tshirt,2026-08-03,46,329,0.0,329,0,0,8013,539,45,43,9,6,1,8,3,1,1,1,0,0,0,2,5,2,2.5,0,1,1,1,0,141,3.55,25.69
TS088,tshirt,2026-08-10,47,329,0.0,329,0,0,9423,645,54,39,17,12,3,14,3,0,2,1,0,0,0,2,11,5,3.4,2,3,0,0,0,146,3.55,644.72
TS088,tshirt,2026-08-17,48,329,0.0,329,0,0,8502,564,44,34,12,7,1,11,6,1,3,0,1,0,1,3,5,2,3.0,1,0,1,0,1,148,3.54,-627.97
TS088,tshirt,2026-08-24,49,329,0.0,329,1,0,9137,625,46,44,18,15,2,16,3,0,2,1,0,0,0,2,13,4,4.25,3,1,0,0,0,152,3.56,967.72
TS088,tshirt,2026-08-31,50,329,0.0,329,0,0,8420,597,58,48,12,6,2,10,2,0,1,1,0,0,0,1,8,1,2.0,0,0,1,0,1,153,3.55,475.2
TS088,tshirt,2026-09-07,51,329,0.0,329,0,0,9649,665,36,44,16,13,1,15,5,1,2,0,0,0,2,5,10,1,4.0,1,0,0,0,0,154,3.55,495.04
TS088,tshirt,2026-09-14,52,329,0.0,329,0,0,8313,601,52,41,17,10,4,13,4,1,3,0,0,0,0,3,9,1,5.0,1,0,0,0,0,155,3.56,181.71
TS088,tshirt,2026-09-21,53,329,0.2,263,0,1,11385,958,56,78,36,24,2,34,11,5,4,0,2,0,0,8,23,6,3.67,4,2,0,0,0,161,3.57,-566.61
TS089,tshirt,2026-05-04,1,299,0.0,299,0,0,13861,780,55,55,21,13,0,21,3,2,0,0,1,0,0,2,18,3,4.0,3,0,0,0,0,3,4.0,884.33
TS089,tshirt,2026-05-11,2,299,0.0,299,0,0,17017,1071,90,113,47,34,7,40,13,7,3,1,0,1,1,10,27,5,3.6,3,2,0,0,0,8,3.75,-555.73
TS089,tshirt,2026-05-18,3,299,0.0,299,0,0,12216,736,62,66,22,14,3,19,2,0,2,0,0,0,0,2,17,4,4.5,4,0,0,0,0,12,4.0,869.18
TS089,tshirt,2026-05-25,4,299,0.0,299,0,0,16857,1041,102,98,36,30,6,30,11,5,1,3,1,0,1,7,19,1,5.0,1,0,0,0,0,13,4.08,-980.15
TS089,tshirt,2026-06-01,5,299,0.0,299,0,0,19715,1323,106,105,45,35,7,38,9,5,0,4,0,0,0,7,29,7,3.43,2,4,1,0,1,20,3.85,298.99
TS089,tshirt,2026-06-08,6,299,0.0,299,0,0,14631,978,86,93,33,23,5,28,6,3,1,1,0,1,0,4,22,5,4.2,4,1,0,0,0,25,3.92,299.32
TS089,tshirt,2026-06-15,7,299,0.0,299,0,0,14930,1000,92,96,32,23,3,29,9,6,0,0,0,1,2,7,20,2,3.0,0,2,0,0,0,27,3.85,-140.58
TS089,tshirt,2026-06-22,8,299,0.0,299,0,1,17052,1123,92,104,41,31,4,37,13,7,2,0,0,2,2,11,24,8,4.0,8,0,0,0,0,35,3.89,-450.77
TS089,tshirt,2026-06-29,9,299,0.0,299,0,0,15734,1094,95,90,27,20,6,21,3,1,0,2,0,0,0,2,18,4,4.25,4,0,0,0,0,39,3.92,464.33
TS089,tshirt,2026-07-06,10,299,0.0,299,0,0,12317,786,55,57,16,13,1,15,4,1,1,1,0,0,1,3,11,2,3.0,0,2,0,0,0,41,3.88,114.66
TS089,tshirt,2026-07-13,11,299,0.0,299,0,0,10234,710,67,74,29,21,4,25,2,1,1,0,0,0,0,2,23,7,4.29,6,1,0,0,0,48,3.94,1278.9
TS089,tshirt,2026-07-20,12,299,0.0,299,0,0,14893,1021,80,89,36,28,8,28,4,1,1,2,0,0,0,3,24,5,4.0,4,1,0,0,0,53,3.94,664.04
TS089,tshirt,2026-07-27,13,299,0.0,299,0,0,12375,828,88,87,26,18,5,21,5,3,1,0,0,1,0,3,16,3,4.33,3,0,0,0,0,56,3.96,-40.39
TS089,tshirt,2026-08-03,14,299,0.0,299,0,0,10223,691,59,56,19,11,1,18,2,1,1,0,0,0,0,2,16,3,4.33,2,1,0,0,0,59,3.98,929.23
TS089,tshirt,2026-08-10,15,299,0.0,299,0,0,9894,666,57,66,30,28,2,28,5,2,1,1,0,1,0,3,23,2,4.5,2,0,0,0,0,61,4.0,729.28
TS089,tshirt,2026-08-17,16,299,0.0,299,0,0,11995,834,79,93,37,26,7,30,6,0,4,0,1,0,1,4,24,5,4.2,4,1,0,0,0,66,4.02,319.23
TS089,tshirt,2026-08-24,17,299,0.0,299,1,0,15031,1026,87,98,38,29,4,34,7,1,1,2,0,2,1,4,27,5,3.6,3,1,1,1,0,71,3.99,494.27
TS089,tshirt,2026-08-31,18,299,0.0,299,0,0,13686,921,74,87,39,28,3,36,8,6,2,0,0,0,0,6,28,5,3.6,3,1,1,0,1,76,3.96,639.04
TS089,tshirt,2026-09-07,19,299,0.0,299,0,0,13804,958,85,92,37,30,5,32,5,3,0,0,0,0,2,3,27,8,4.0,6,2,0,0,0,84,3.96,839.08
TS089,tshirt,2026-09-14,20,299,0.0,299,0,0,12945,877,78,72,29,20,3,26,5,1,1,1,0,1,1,3,21,2,4.0,1,1,0,0,0,86,3.97,499.37
TS089,tshirt,2026-09-21,21,299,0.0,299,0,1,13849,937,86,95,28,16,1,27,8,3,2,1,0,1,1,5,19,4,4.25,3,1,0,0,0,90,3.98,-75.34
TS090,tshirt,2026-06-08,1,309,0.0,309,0,0,13776,696,59,57,22,16,1,21,5,2,3,0,0,0,0,3,16,3,4.67,3,0,0,0,0,3,4.67,485.39
TS090,tshirt,2026-06-15,2,309,0.0,309,0,0,14002,976,80,63,22,16,4,18,4,1,0,0,2,0,1,3,14,1,5.0,1,0,0,0,0,4,4.75,355.68
TS090,tshirt,2026-06-22,3,309,0.15,263,0,1,16435,1420,117,161,77,48,8,69,20,6,5,4,2,1,2,17,49,15,3.33,8,3,4,3,1,19,3.63,-1256.96
TS090,tshirt,2026-06-29,4,309,0.0,309,0,0,17751,871,60,66,31,26,7,24,4,1,1,1,0,1,0,3,20,3,4.33,2,1,0,0,0,22,3.73,713.67
TS090,tshirt,2026-07-06,5,309,0.0,309,0,0,10091,544,41,37,12,8,0,12,3,3,0,0,0,0,0,1,9,2,4.0,2,0,0,0,0,24,3.75,172.74
TS090,tshirt,2026-07-13,6,309,0.0,309,0,0,13232,703,55,61,16,11,2,14,3,0,0,3,0,0,0,1,11,0,,0,0,0,0,0,24,3.75,222.07
TS090,tshirt,2026-07-20,7,309,0.0,309,0,0,8182,444,40,45,20,10,3,17,1,1,0,0,0,0,0,0,16,2,4.0,2,0,0,0,0,26,3.77,1035.01
TS090,tshirt,2026-07-27,8,309,0.0,309,0,0,10768,589,57,48,22,14,2,20,5,2,1,0,0,0,2,3,15,6,3.17,3,1,2,0,2,32,3.66,320.73
TS090,tshirt,2026-08-03,9,309,0.0,309,0,0,7534,396,40,28,11,7,0,11,2,0,2,0,0,0,0,2,9,0,,0,0,0,0,0,32,3.66,571.98
TS090,tshirt,2026-08-10,10,309,0.0,309,0,0,7193,360,34,27,11,4,2,9,3,1,0,0,1,0,1,2,6,1,3.0,0,1,0,0,0,33,3.64,-121.63
TS090,tshirt,2026-08-17,11,309,0.0,309,0,0,6403,302,26,25,9,4,1,8,1,1,0,0,0,0,0,0,7,1,4.0,1,0,0,0,0,34,3.65,323.03
TS090,tshirt,2026-08-24,12,309,0.0,309,1,0,11113,539,56,54,14,10,3,11,2,1,1,0,0,0,0,2,9,0,,0,0,0,0,0,34,3.65,361.98
TS090,tshirt,2026-08-31,13,309,0.0,309,0,0,9650,506,47,42,16,11,0,16,3,0,0,2,0,0,1,1,13,1,4.0,1,0,0,0,0,35,3.66,551.4
TS090,tshirt,2026-09-07,14,309,0.0,309,0,0,11029,580,46,55,18,11,2,16,1,0,1,0,0,0,0,0,15,2,4.5,2,0,0,0,0,37,3.7,1010.35
TS090,tshirt,2026-09-14,15,309,0.0,309,0,0,9243,468,42,32,9,6,1,8,1,0,0,0,0,1,0,1,7,0,,0,0,0,0,0,37,3.7,452.65
TS090,tshirt,2026-09-21,16,309,0.2,247,0,1,10660,690,56,77,34,27,4,30,6,3,2,0,0,0,1,5,24,6,3.67,4,1,1,0,1,43,3.7,-394.81
TS091,tshirt,2026-04-27,1,299,0.0,299,0,0,15559,490,31,23,6,3,0,6,2,1,0,1,0,0,0,1,4,2,3.0,0,2,0,0,0,2,3.0,174.39
TS091,tshirt,2026-05-04,2,299,0.0,299,0,0,8091,229,16,10,4,2,1,3,3,2,1,0,0,0,0,2,0,1,2.0,0,0,1,0,1,3,2.67,-570.93
TS091,tshirt,2026-05-11,3,299,0.0,299,0,0,7160,170,12,6,1,1,0,1,1,1,0,0,0,0,0,1,0,0,,0,0,0,0,0,3,2.67,-140.0
TS091,tshirt,2026-05-18,4,299,0.0,299,0,0,6217,152,8,9,2,1,0,2,2,0,1,0,0,0,1,2,0,0,,0,0,0,0,0,3,2.67,-280.0
TS091,tshirt,2026-05-25,5,299,0.0,299,0,0,4644,116,9,3,0,0,0,0,0,0,0,0,0,0,0,0,0,0,,0,0,0,0,0,3,2.67,0.0
TS091,tshirt,2026-06-01,6,299,0.0,299,0,0,3704,73,3,2,0,0,0,0,0,0,0,0,0,0,0,0,0,0,,0,0,0,0,0,3,2.67,0.0
TS092,tshirt,2025-09-15,1,309,0.0,309,0,0,10118,316,30,34,15,9,1,14,4,2,0,0,0,1,1,2,10,1,4.0,1,0,0,0,0,1,4.0,44.18
TS092,tshirt,2025-09-22,2,309,0.0,309,1,1,15524,463,46,34,15,14,2,13,4,2,1,0,0,1,0,2,9,4,3.25,2,1,1,1,0,5,3.4,-119.38
TS092,tshirt,2025-09-29,3,309,0.0,309,1,1,16744,419,36,37,12,7,4,8,1,0,1,0,0,0,0,1,7,1,4.0,1,0,0,0,0,6,3.5,234.94
TS092,tshirt,2025-10-06,4,309,0.0,309,1,1,14431,343,30,20,9,7,3,6,2,1,0,1,0,0,0,2,4,1,1.0,0,0,1,0,1,7,3.14,-115.75
TS092,tshirt,2025-10-13,5,309,0.0,309,1,0,7641,166,14,13,7,4,1,6,2,0,1,1,0,0,0,1,4,0,,0,0,0,0,0,7,3.14,-106.47
TS092,tshirt,2025-10-20,6,309,0.0,309,1,0,8598,230,28,18,6,2,1,5,0,0,0,0,0,0,0,0,5,0,,0,0,0,0,0,7,3.14,397.81
TS092,tshirt,2025-10-27,7,309,0.0,309,0,0,4815,109,11,12,3,1,0,3,0,0,0,0,0,0,0,0,3,1,2.0,0,0,1,0,1,8,3.0,280.69
TS092,tshirt,2025-11-03,8,309,0.0,309,0,0,4872,113,6,6,3,3,0,3,1,1,0,0,0,0,0,1,2,2,3.5,1,1,0,0,0,10,3.1,47.12
TS092,tshirt,2025-11-10,9,309,0.0,309,0,0,4839,118,11,7,2,1,0,2,0,0,0,0,0,0,0,0,2,0,,0,0,0,0,0,10,3.1,187.12
TS092,tshirt,2025-11-17,10,309,0.0,309,0,0,3845,90,8,5,1,0,0,1,1,1,0,0,0,0,0,1,0,0,,0,0,0,0,0,10,3.1,-140.0
TS092,tshirt,2025-11-24,11,309,0.0,309,0,0,3989,93,8,8,1,1,1,0,0,0,0,0,0,0,0,0,0,0,,0,0,0,0,0,10,3.1,-70.0
TS092,tshirt,2025-12-01,12,309,0.0,309,0,0,3265,78,5,6,3,1,0,3,0,0,0,0,0,0,0,0,3,0,,0,0,0,0,0,10,3.1,280.69
TS092,tshirt,2025-12-08,13,309,0.0,309,0,0,2720,78,8,9,4,4,0,4,0,0,0,0,0,0,0,0,4,0,,0,0,0,0,0,10,3.1,374.25
TS092,tshirt,2025-12-15,14,309,0.0,309,0,0,3941,92,6,7,1,0,0,1,1,1,0,0,0,0,0,1,0,0,,0,0,0,0,0,10,3.1,-140.0
TS092,tshirt,2025-12-22,15,309,0.0,309,0,0,3766,93,8,8,4,2,2,2,0,0,0,0,0,0,0,0,2,0,,0,0,0,0,0,10,3.1,47.12
TS092,tshirt,2025-12-29,16,309,0.0,309,0,0,3380,70,5,4,0,0,0,0,0,0,0,0,0,0,0,0,0,0,,0,0,0,0,0,10,3.1,0.0
TS092,tshirt,2026-01-05,17,309,0.0,309,0,0,4297,97,9,6,3,1,0,3,1,0,0,1,0,0,0,0,2,0,,0,0,0,0,0,10,3.1,-83.6
TS092,tshirt,2026-01-12,18,309,0.0,309,0,1,7208,135,17,6,2,2,0,2,0,0,0,0,0,0,0,0,2,0,,0,0,0,0,0,10,3.1,187.12
TS092,tshirt,2026-01-19,19,309,0.0,309,0,0,3858,70,6,4,2,1,1,1,0,0,0,0,0,0,0,0,1,0,,0,0,0,0,0,10,3.1,23.56
TS092,tshirt,2026-01-26,20,309,0.0,309,0,0,4038,102,6,4,0,0,0,0,0,0,0,0,0,0,0,0,0,0,,0,0,0,0,0,10,3.1,0.0
TS092,tshirt,2026-02-02,21,309,0.0,309,0,0,3637,83,7,8,5,3,0,5,3,0,0,1,0,1,1,2,2,1,3.0,0,1,0,0,0,11,3.09,-363.6
TS092,tshirt,2026-02-09,22,309,0.0,309,0,0,4117,104,12,8,4,2,0,4,1,1,0,0,0,0,0,0,3,1,4.0,1,0,0,0,0,12,3.17,9.96
TS092,tshirt,2026-02-16,23,309,0.0,309,0,0,5529,131,6,7,3,3,1,2,1,0,1,0,0,0,0,1,1,0,,0,0,0,0,0,12,3.17,-116.44
TS092,tshirt,2026-02-23,24,309,0.0,309,0,0,4109,92,6,9,4,2,0,4,1,1,0,0,0,0,0,1,3,1,5.0,1,0,0,0,0,13,3.31,140.69
TS092,tshirt,2026-03-02,25,309,0.0,309,1,1,10964,270,25,16,9,5,2,7,3,1,1,0,1,0,0,3,4,0,,0,0,0,0,0,13,3.31,-185.75
TS092,tshirt,2026-03-09,26,309,0.0,309,0,0,7728,164,11,13,4,3,1,3,2,1,0,1,0,0,0,2,1,0,,0,0,0,0,0,13,3.31,-256.44
TS092,tshirt,2026-03-16,27,309,0.0,309,0,0,4595,121,9,10,4,4,0,4,2,1,0,0,0,0,1,1,2,0,,0,0,0,0,0,13,3.31,-223.6
TS092,tshirt,2026-03-23,28,309,0.0,309,0,0,7480,185,17,15,4,2,0,4,2,0,0,1,0,1,0,2,2,0,,0,0,0,0,0,13,3.31,-92.88
TS092,tshirt,2026-03-30,29,309,0.0,309,0,0,4669,125,13,9,3,2,1,2,1,0,0,1,0,0,0,0,1,1,4.0,1,0,0,0,0,14,3.36,-247.16
TS092,tshirt,2026-04-06,30,309,0.0,309,0,0,5648,155,12,6,2,1,0,2,0,0,0,0,0,0,0,0,2,0,,0,0,0,0,0,14,3.36,187.12
TS092,tshirt,2026-04-13,31,309,0.0,309,0,0,6116,170,6,17,7,4,1,6,4,3,0,0,0,0,1,1,2,3,3.33,2,0,1,0,1,17,3.35,-835.04
TS092,tshirt,2026-04-20,32,309,0.0,309,0,0,7777,193,9,14,4,1,0,4,1,1,0,0,0,0,0,0,3,0,,0,0,0,0,0,17,3.35,9.96
TS092,tshirt,2026-04-27,33,309,0.0,309,0,0,6433,156,13,19,6,3,1,5,2,0,0,1,0,1,0,2,3,1,4.0,1,0,0,0,0,18,3.39,-69.31
TS092,tshirt,2026-05-04,34,309,0.0,309,0,0,5212,114,13,2,1,1,0,1,0,0,0,0,0,0,0,0,1,0,,0,0,0,0,0,18,3.39,93.56
TS092,tshirt,2026-05-11,35,309,0.0,309,0,0,6417,175,20,6,1,1,0,1,1,0,0,0,1,0,0,0,0,0,,0,0,0,0,0,18,3.39,-270.72
TS092,tshirt,2026-05-18,36,309,0.0,309,0,0,6321,187,15,9,3,3,1,2,1,0,1,0,0,0,0,1,1,0,,0,0,0,0,0,18,3.39,-116.44
TS092,tshirt,2026-05-25,37,309,0.0,309,0,0,5350,158,17,12,6,6,1,5,1,0,0,1,0,0,0,0,4,1,5.0,1,0,0,0,0,19,3.47,33.53
TS092,tshirt,2026-06-01,38,309,0.0,309,0,0,6191,142,14,14,6,4,0,6,2,1,1,0,0,0,0,2,4,0,,0,0,0,0,0,19,3.47,94.25
TS092,tshirt,2026-06-08,39,309,0.0,309,0,0,7504,213,21,18,5,3,0,5,0,0,0,0,0,0,0,0,5,0,,0,0,0,0,0,19,3.47,467.81
TS092,tshirt,2026-06-15,40,309,0.0,309,0,0,6560,160,15,11,3,3,1,2,0,0,0,0,0,0,0,0,2,0,,0,0,0,0,0,19,3.47,117.12
TS092,tshirt,2026-06-22,41,309,0.0,309,0,1,9209,256,26,18,7,4,0,7,2,0,2,0,0,0,0,2,5,1,3.0,0,1,0,0,0,20,3.45,187.81
TS092,tshirt,2026-06-29,42,309,0.0,309,0,0,8654,243,25,19,11,6,0,11,2,2,0,0,0,0,0,2,9,1,5.0,1,0,0,0,0,21,3.52,562.06
TS092,tshirt,2026-07-06,43,309,0.0,309,0,0,7337,191,20,9,5,3,1,4,0,0,0,0,0,0,0,0,4,0,,0,0,0,0,0,21,3.52,304.25
TS092,tshirt,2026-07-13,44,309,0.0,309,0,0,6658,219,22,7,2,1,0,2,0,0,0,0,0,0,0,0,2,0,,0,0,0,0,0,21,3.52,187.12
TS092,tshirt,2026-07-20,45,309,0.0,309,0,0,6029,160,18,12,7,6,0,7,3,2,0,1,0,0,0,1,4,1,5.0,1,0,0,0,0,22,3.59,-307.2
TS092,tshirt,2026-07-27,46,309,0.0,309,0,0,6844,197,14,22,12,11,3,9,3,3,0,0,0,0,0,1,6,1,5.0,1,0,0,0,0,23,3.65,-330.07
TS092,tshirt,2026-08-03,47,309,0.0,309,0,0,7504,201,15,12,3,3,0,3,0,0,0,0,0,0,0,0,3,0,,0,0,0,0,0,23,3.65,280.69
TS092,tshirt,2026-08-10,48,309,0.0,309,0,0,6406,156,14,11,1,1,0,1,0,0,0,0,0,0,0,0,1,1,3.0,0,1,0,0,0,24,3.62,93.56
TS092,tshirt,2026-08-17,49,309,0.0,309,0,0,6156,165,15,15,4,1,0,4,0,0,0,0,0,0,0,0,4,0,,0,0,0,0,0,24,3.62,374.25
TS092,tshirt,2026-08-24,50,309,0.0,309,1,0,8780,228,20,20,4,2,1,3,1,1,0,0,0,0,0,1,2,2,3.0,1,0,1,0,1,26,3.58,-22.88
TS092,tshirt,2026-08-31,51,309,0.0,309,0,0,4946,126,10,11,4,3,0,4,1,1,0,0,0,0,0,1,3,2,4.0,2,0,0,0,0,28,3.61,140.69
TS092,tshirt,2026-09-07,52,309,0.0,309,0,0,8172,216,19,11,6,4,1,5,1,1,0,0,0,0,0,1,4,1,5.0,1,0,0,0,0,29,3.66,164.25
TS092,tshirt,2026-09-14,53,309,0.0,309,0,0,6084,185,24,13,4,2,0,4,1,1,0,0,0,0,0,1,3,0,,0,0,0,0,0,29,3.66,140.69
TS092,tshirt,2026-09-21,54,309,0.0,309,0,1,7621,190,23,18,3,2,0,3,2,1,0,0,1,0,0,2,1,1,4.0,1,0,0,0,0,30,3.67,-186.44
TS093,tshirt,2026-07-27,1,319,0.0,319,0,0,11148,399,28,30,9,5,0,9,5,1,0,0,1,2,1,3,4,2,1.5,0,0,2,0,2,2,1.5,-430.46
TS093,tshirt,2026-08-03,2,319,0.0,319,0,0,6362,121,3,8,3,1,0,3,2,1,0,1,0,0,0,1,1,1,2.0,0,0,1,1,0,3,1.67,-268.09
TS093,tshirt,2026-08-10,3,319,0.0,319,0,0,5347,84,8,6,2,2,0,2,1,0,0,1,0,0,0,1,1,0,,0,0,0,0,0,3,1.67,-17.14
TS093,tshirt,2026-08-17,4,319,0.0,319,0,0,6520,107,9,11,3,1,1,2,1,0,0,1,0,0,0,1,1,0,,0,0,0,0,0,3,1.67,-87.14
TS093,tshirt,2026-08-24,5,319,0.0,319,1,0,3542,48,3,3,0,0,0,0,0,0,0,0,0,0,0,0,0,0,,0,0,0,0,0,3,1.67,0.0
TS093,tshirt,2026-08-31,6,319,0.0,319,0,0,2908,34,2,2,1,1,1,0,0,0,0,0,0,0,0,0,0,0,,0,0,0,0,0,3,1.67,-70.0
TS093,tshirt,2026-09-07,7,319,0.0,319,0,0,3731,66,2,4,0,0,0,0,0,0,0,0,0,0,0,0,0,0,,0,0,0,0,0,3,1.67,0.0
TS094,tshirt,2026-03-30,1,329,0.0,329,0,0,13739,911,73,83,28,21,4,24,4,3,1,0,0,0,0,3,20,0,,0,0,0,0,0,0,,1686.97
TS094,tshirt,2026-04-06,2,329,0.0,329,0,0,21892,1319,120,105,33,25,5,28,6,2,1,1,0,1,1,5,22,6,4.0,5,1,0,0,0,6,4.0,1600.81
TS094,tshirt,2026-04-13,3,329,0.0,329,0,0,15218,1041,90,101,41,31,6,35,10,3,3,1,3,0,0,7,25,8,3.5,4,3,1,1,0,14,3.71,1143.74
TS094,tshirt,2026-04-20,4,329,0.0,329,0,0,16534,1045,90,92,30,25,8,22,4,2,1,1,0,0,0,1,18,4,4.5,4,0,0,0,0,18,3.89,920.3
TS094,tshirt,2026-04-27,5,329,0.0,329,0,0,12531,873,69,73,23,19,2,21,2,2,0,0,0,0,0,1,19,4,3.75,3,0,1,0,1,22,3.86,1975.05
TS094,tshirt,2026-05-04,6,329,0.0,329,0,0,15594,1066,85,86,31,25,5,26,6,3,2,1,0,0,0,4,20,7,3.86,4,2,1,1,0,29,3.86,1225.56
TS094,tshirt,2026-05-11,7,329,0.0,329,0,0,19934,1439,121,144,43,30,8,35,5,3,1,1,0,0,0,5,30,5,4.0,3,2,0,0,0,34,3.88,2697.58
TS094,tshirt,2026-05-18,8,329,0.0,329,0,0,13913,1000,82,96,36,20,5,31,4,1,1,1,0,0,1,2,27,4,3.5,2,1,1,0,1,38,3.84,2428.99
TS094,tshirt,2026-05-25,9,329,0.0,329,0,0,15262,1055,107,82,25,21,7,18,3,0,1,2,0,0,0,3,15,3,3.0,2,0,1,0,1,41,3.78,1068.79
TS094,tshirt,2026-06-01,10,319,0.0,319,0,0,12416,868,79,78,25,13,2,23,4,2,1,0,0,0,1,2,19,2,5.0,2,0,0,0,0,43,3.84,1402.68
TS094,tshirt,2026-06-08,11,319,0.0,319,0,0,10747,787,66,63,26,21,5,21,3,2,0,0,0,0,1,2,18,3,4.33,2,1,0,0,0,46,3.87,1321.7
TS094,tshirt,2026-06-15,12,319,0.0,319,0,0,14106,993,82,97,39,26,4,35,6,2,1,1,0,1,1,3,29,4,4.0,3,1,0,0,0,50,3.88,2095.22
TS094,tshirt,2026-06-22,13,319,0.0,319,0,1,12661,947,74,98,36,24,2,34,10,5,2,0,2,1,0,7,24,9,3.78,6,3,0,0,0,59,3.86,1063.25
TS094,tshirt,2026-06-29,14,319,0.0,319,0,0,17950,1307,123,108,41,34,5,36,7,2,1,3,0,0,1,4,29,8,3.5,5,2,1,0,1,67,3.82,1885.22
TS094,tshirt,2026-07-06,15,319,0.0,319,0,0,11353,853,66,86,35,24,4,31,4,2,0,1,1,0,0,1,27,1,4.0,1,0,0,0,0,68,3.82,2130.43
TS094,tshirt,2026-07-13,16,319,0.0,319,0,0,10613,735,57,60,22,16,1,21,2,1,0,1,0,0,0,2,19,5,4.2,4,1,0,0,0,73,3.85,1975.51
TS094,tshirt,2026-07-20,17,319,0.0,319,0,0,10246,751,74,76,30,24,0,30,6,2,1,1,0,2,0,5,24,3,4.0,2,1,0,0,0,76,3.86,1986.08
TS094,tshirt,2026-07-27,18,319,0.0,319,0,0,11738,820,74,86,22,20,1,21,3,1,0,0,1,1,0,3,18,4,3.5,2,1,1,0,1,80,3.84,1713.12
TS094,tshirt,2026-08-03,19,319,0.0,319,0,0,13502,1018,100,108,39,30,3,36,4,1,1,0,1,1,0,4,32,4,4.25,4,0,0,0,0,84,3.86,3146.65
TS094,tshirt,2026-08-10,20,309,0.0,309,0,0,12300,838,58,71,31,26,2,29,3,1,1,0,0,0,1,3,26,5,4.6,4,1,0,0,0,89,3.9,2374.66
TS094,tshirt,2026-08-17,21,309,0.0,309,0,0,10771,778,74,83,34,26,6,28,3,1,0,2,0,0,0,0,25,2,5.0,2,0,0,0,0,91,3.92,1647.55
TS094,tshirt,2026-08-24,22,309,0.0,309,1,0,9866,675,42,72,28,19,3,25,7,5,2,0,0,0,0,3,18,5,3.6,3,1,1,0,1,96,3.91,396.03
TS094,tshirt,2026-08-31,23,309,0.0,309,0,0,14991,1080,89,113,43,30,9,34,8,6,0,0,0,2,0,7,26,1,3.0,0,1,0,0,0,97,3.9,1073.25
TS094,tshirt,2026-09-07,24,309,0.0,309,0,0,11487,843,79,77,35,29,6,29,9,5,1,1,0,2,0,7,20,4,3.5,3,0,1,0,1,101,3.88,354.6
TS094,tshirt,2026-09-14,25,309,0.0,309,0,0,13900,1001,102,92,23,18,2,21,4,1,1,1,0,0,1,2,17,4,4.25,3,1,0,0,0,105,3.9,995.99
TS094,tshirt,2026-09-21,26,309,0.0,309,0,1,17319,1263,101,122,52,37,8,44,14,6,7,0,0,1,0,10,30,5,4.2,4,1,0,0,0,110,3.91,420.49
TS095,tshirt,2026-01-26,1,299,0.0,299,0,0,7820,541,56,66,25,21,6,19,2,2,0,0,0,0,0,1,17,0,,0,0,0,0,0,0,,312.45
TS095,tshirt,2026-02-02,2,299,0.0,299,0,0,17401,1207,107,155,64,38,12,52,7,5,1,0,0,0,1,7,45,8,4.88,8,0,0,0,0,8,4.88,1248.04
TS095,tshirt,2026-02-09,3,299,0.0,299,0,0,22077,2329,231,324,154,88,20,134,20,10,1,3,1,0,5,12,114,14,3.64,8,5,1,0,1,22,4.09,2399.71
TS095,tshirt,2026-02-16,4,299,0.0,299,0,0,21566,1767,174,292,123,89,20,103,10,6,2,2,0,0,0,7,93,6,4.83,6,0,0,0,0,28,4.25,3100.87
TS095,tshirt,2026-02-23,5,299,0.0,299,0,0,16202,1392,136,218,91,62,13,78,11,4,2,0,3,0,2,7,67,10,4.0,7,1,2,1,1,38,4.18,1531.64
TS095,tshirt,2026-03-02,6,299,0.0,299,1,1,23823,2002,180,283,129,70,5,124,17,7,2,3,3,1,1,12,107,16,4.38,13,3,0,0,0,54,4.24,3832.2
TS095,tshirt,2026-03-09,7,299,0.0,299,0,0,21062,1926,211,274,121,77,14,107,13,7,0,3,1,1,1,8,94,11,4.45,9,2,0,0,0,65,4.28,2875.88
TS095,tshirt,2026-03-16,8,299,0.0,299,0,0,18521,1671,143,252,107,56,7,100,10,3,2,3,1,1,0,5,90,10,4.6,10,0,0,0,0,75,4.32,3513.17
TS095,tshirt,2026-03-23,9,299,0.0,299,0,0,23987,2242,244,314,134,78,15,119,14,7,2,1,0,2,2,10,105,18,4.72,16,2,0,0,0,93,4.4,3562.43
TS095,tshirt,2026-03-30,10,299,0.0,299,0,0,24428,2241,218,333,134,80,11,123,14,4,3,2,1,3,1,8,109,22,4.5,19,3,0,0,0,115,4.42,3821.98
TS095,tshirt,2026-04-06,11,299,0.0,299,0,0,21334,2060,210,332,137,92,19,118,17,10,2,2,1,2,0,14,101,11,4.27,9,2,0,0,0,126,4.4,2736.3
TS095,tshirt,2026-04-13,12,299,0.0,299,0,0,25655,2433,233,398,181,131,26,155,23,14,2,3,2,1,1,16,132,24,4.33,21,2,1,0,1,150,4.39,2933.5
TS095,tshirt,2026-04-20,13,299,0.0,299,0,0,23903,2253,228,335,144,99,24,120,12,7,3,0,0,1,1,8,108,14,4.14,10,4,0,0,0,164,4.37,3416.97
TS095,tshirt,2026-04-27,14,299,0.0,299,0,0,22413,2131,208,324,145,95,23,122,20,12,4,2,1,0,1,17,102,19,4.16,15,3,1,0,1,183,4.35,2104.48
TS095,tshirt,2026-05-04,15,299,0.0,299,0,0,21808,1989,208,326,143,86,13,130,18,6,4,4,2,1,1,14,112,22,4.45,20,2,0,0,0,205,4.36,3619.68
TS095,tshirt,2026-05-11,16,299,0.0,299,0,0,29447,2606,280,417,182,115,25,157,14,10,1,0,1,1,1,10,143,25,4.56,23,2,0,0,0,230,4.38,5453.22
TS095,tshirt,2026-05-18,17,299,0.0,299,0,0,22976,2281,237,354,149,90,17,132,16,7,1,3,0,1,4,11,116,16,4.12,11,4,1,0,1,246,4.37,3745.81
TS095,tshirt,2026-05-25,18,299,0.0,299,0,0,27050,2512,233,368,144,88,12,132,24,16,0,3,2,0,3,16,108,23,4.0,15,6,2,0,2,269,4.33,1990.63
TS095,tshirt,2026-06-01,19,299,0.0,299,0,0,24291,2234,234,343,149,99,25,124,15,9,0,2,2,1,1,10,109,12,4.42,11,0,1,0,1,281,4.34,2848.56
TS095,tshirt,2026-06-08,20,299,0.0,299,0,0,27079,2500,273,352,136,87,12,124,22,9,3,2,1,3,4,13,102,13,4.08,10,2,1,0,1,294,4.33,1714.98
TS095,tshirt,2026-06-15,21,299,0.0,299,0,0,26376,2431,252,392,165,96,15,150,15,5,2,3,1,1,3,10,135,21,4.29,19,1,1,1,0,315,4.32,5321.21
TS095,tshirt,2026-06-22,22,299,0.0,299,0,1,29500,2779,284,427,174,104,16,158,24,11,4,3,1,4,1,15,134,26,4.54,23,2,1,0,1,341,4.34,3336.7
TS095,tshirt,2026-06-29,23,299,0.0,299,0,0,19434,1738,182,285,130,89,8,122,21,4,4,6,2,3,2,16,101,23,4.35,20,2,1,0,1,364,4.34,2653.13
TS095,tshirt,2026-07-06,24,299,0.0,299,0,0,20487,1789,184,285,125,74,15,110,17,8,3,1,2,1,2,10,93,19,4.11,13,4,2,0,2,383,4.33,1884.54
TS095,tshirt,2026-07-13,25,299,0.0,299,0,0,19093,1710,172,255,110,70,14,96,10,4,1,2,1,0,2,9,86,9,4.56,9,0,0,0,0,392,4.33,3336.78
TS095,tshirt,2026-07-20,26,299,0.0,299,0,0,19876,1791,204,261,94,60,9,85,11,3,3,2,1,2,0,9,74,10,4.3,7,2,1,0,1,402,4.33,2582.06
TS095,tshirt,2026-07-27,27,299,0.0,299,0,0,19828,1816,174,262,108,66,11,97,11,7,1,1,1,1,0,5,86,16,4.38,13,2,1,0,1,418,4.33,2673.87
TS095,tshirt,2026-08-03,28,299,0.0,299,0,0,26171,2396,259,350,147,95,13,134,25,18,2,1,0,0,4,21,109,21,4.19,16,3,2,0,2,439,4.33,2435.14
TS095,tshirt,2026-08-10,29,299,0.0,299,0,0,22169,1973,210,283,120,73,16,104,9,4,1,1,2,0,1,7,95,16,4.25,12,4,0,0,0,455,4.33,3803.81
TS095,tshirt,2026-08-17,30,299,0.0,299,0,0,19496,1788,172,235,104,58,7,97,13,9,0,2,1,1,0,9,84,17,4.47,16,1,0,0,0,472,4.33,2830.68
TS095,tshirt,2026-08-24,31,299,0.0,299,1,0,23650,2147,229,311,137,86,23,114,18,8,2,3,3,1,1,12,96,16,4.12,12,4,0,0,0,488,4.32,1535.66
TS095,tshirt,2026-08-31,32,299,0.0,299,0,0,17255,1542,172,226,93,64,10,83,11,3,1,3,1,1,2,9,72,12,4.33,10,2,0,0,0,500,4.32,2375.7
TS095,tshirt,2026-09-07,33,299,0.0,299,0,0,13667,1201,137,174,74,49,8,66,10,4,3,1,1,0,1,8,56,15,4.07,11,4,0,0,0,515,4.32,1564.84
TS095,tshirt,2026-09-14,34,299,0.0,299,0,0,15104,1386,134,216,84,52,7,77,13,1,4,3,1,3,1,10,64,12,4.08,9,1,2,0,2,527,4.31,1613.69
TS095,tshirt,2026-09-21,35,299,0.0,299,0,1,32199,2837,301,420,163,103,20,143,17,7,5,2,0,2,1,13,126,14,4.43,13,1,0,0,0,541,4.31,4224.18
TS096,tshirt,2025-10-27,1,339,0.0,339,0,0,9300,317,31,27,7,5,0,7,1,1,0,0,0,0,0,1,6,2,4.5,2,0,0,0,0,2,4.5,548.94
TS096,tshirt,2025-11-03,2,339,0.0,339,0,0,15673,666,61,51,18,8,0,18,2,0,1,1,0,0,0,0,16,3,4.67,3,0,0,0,0,5,4.6,1281.12
TS096,tshirt,2025-11-10,3,339,0.0,339,0,0,10600,484,39,47,17,10,2,15,2,1,0,1,0,0,0,1,13,3,4.33,3,0,0,0,0,8,4.5,934.68
TS096,tshirt,2025-11-17,4,339,0.0,339,0,0,12134,542,52,37,11,8,1,10,1,0,0,1,0,0,0,0,9,0,,0,0,0,0,0,8,4.5,685.38
TS096,tshirt,2025-11-24,5,339,0.0,339,0,0,7452,319,28,32,14,10,2,12,3,3,0,0,0,0,0,2,9,1,4.0,1,0,0,0,0,9,4.44,335.38
TS096,tshirt,2025-12-01,6,339,0.0,339,0,0,8093,337,31,24,12,10,2,10,4,1,1,1,0,1,0,4,6,1,2.0,0,0,1,0,1,10,4.2,-11.06
TS096,tshirt,2025-12-08,7,339,0.0,339,0,0,8058,290,28,24,10,5,1,9,1,1,0,0,0,0,0,1,8,4,4.0,3,1,0,0,0,14,4.14,708.59
TS096,tshirt,2025-12-15,8,339,0.0,339,0,0,11037,412,41,33,11,3,2,9,5,2,1,0,1,1,0,2,4,2,4.0,2,0,0,0,0,16,4.12,-794.8
TS096,tshirt,2025-12-22,9,339,0.0,339,0,0,7150,293,33,20,9,5,0,9,0,0,0,0,0,0,0,0,9,1,4.0,1,0,0,0,0,17,4.12,1033.42
TS096,tshirt,2025-12-29,10,329,0.0,329,0,0,4926,204,25,16,8,6,2,6,1,1,0,0,0,0,0,1,5,0,,0,0,0,0,0,17,4.12,246.5
TS096,tshirt,2026-01-05,11,329,0.0,329,0,0,7227,305,29,26,10,7,0,10,3,2,1,0,0,0,0,2,7,3,3.0,1,1,1,0,1,20,3.95,179.07
TS096,tshirt,2026-01-12,12,329,0.2,263,0,1,10070,470,36,40,23,14,2,21,6,3,1,1,0,1,0,3,15,3,3.33,1,2,0,0,0,23,3.87,-757.46
TS096,tshirt,2026-01-19,13,329,0.0,329,0,0,8421,307,22,22,6,3,0,6,2,1,0,0,1,0,0,2,4,2,4.5,2,0,0,0,0,25,3.92,141.2
TS096,tshirt,2026-01-26,14,329,0.0,329,0,0,8775,316,33,35,9,5,0,9,4,2,1,1,0,0,0,1,5,1,4.0,1,0,0,0,0,26,3.92,-447.6
TS096,tshirt,2026-02-02,15,329,0.0,329,0,0,9438,363,32,37,11,6,1,10,1,0,0,0,0,1,0,0,9,1,3.0,0,1,0,0,0,27,3.89,599.67
TS096,tshirt,2026-02-09,16,329,0.0,329,0,0,8649,339,34,29,8,8,0,8,2,0,0,2,0,0,0,2,6,0,,0,0,0,0,0,27,3.89,351.8
TS096,tshirt,2026-02-16,17,329,0.0,329,0,0,7390,297,28,23,4,4,0,4,0,0,0,0,0,0,0,0,4,0,,0,0,0,0,0,27,3.89,421.2
TS096,tshirt,2026-02-23,18,329,0.0,329,0,0,7560,304,24,27,4,4,0,4,0,0,0,0,0,0,0,0,4,0,,0,0,0,0,0,27,3.89,421.2
TS096,tshirt,2026-03-02,19,329,0.15,280,1,1,11554,516,36,57,26,19,3,23,7,2,2,2,1,0,0,6,16,0,,0,0,0,0,0,27,3.89,-389.9
TS096,tshirt,2026-03-09,20,319,0.0,319,0,0,8705,346,37,29,7,6,1,6,2,2,0,0,0,0,0,2,4,1,3.0,0,1,0,0,0,28,3.86,33.11
TS096,tshirt,2026-03-16,21,319,0.0,319,0,0,8735,296,29,19,5,4,2,3,0,0,0,0,0,0,0,0,3,0,,0,0,0,0,0,28,3.86,147.33
TS096,tshirt,2026-03-23,22,319,0.0,319,0,0,7034,259,23,18,7,6,1,6,1,1,0,0,0,0,0,0,5,2,4.0,1,1,0,0,0,30,3.87,130.85
TS096,tshirt,2026-03-30,23,319,0.0,319,0,0,8271,314,29,29,14,11,1,13,3,1,0,1,0,0,1,3,10,2,3.5,1,1,0,0,0,32,3.84,467.76
TS096,tshirt,2026-04-06,24,319,0.0,319,0,0,10298,395,37,39,14,8,1,13,2,1,0,1,0,0,0,0,11,2,4.5,2,0,0,0,0,34,3.88,427.47
TS096,tshirt,2026-04-13,25,319,0.0,319,0,0,10327,393,35,37,15,9,1,14,3,2,0,0,0,0,1,3,11,2,3.5,1,0,1,1,0,36,3.86,563.54
TS096,tshirt,2026-04-20,26,319,0.0,319,0,0,10218,408,30,37,9,7,2,7,1,1,0,0,0,0,0,1,6,0,,0,0,0,0,0,36,3.86,294.66
TS096,tshirt,2026-04-27,27,319,0.0,319,0,0,12113,477,48,41,14,8,1,13,3,0,1,0,0,1,1,1,10,2,4.5,2,0,0,0,0,38,3.89,191.7
TS096,tshirt,2026-05-04,28,319,0.0,319,0,0,14211,549,51,42,18,11,3,15,2,0,0,0,0,0,2,2,13,3,4.0,2,1,0,0,0,41,3.9,755.09
TS096,tshirt,2026-05-11,29,319,0.0,319,0,0,13628,552,58,55,20,13,4,16,4,2,2,0,0,0,0,2,12,3,4.33,2,1,0,0,0,44,3.93,33.25
TS096,tshirt,2026-05-18,30,309,0.0,309,0,0,11935,461,51,46,21,13,1,20,4,1,2,1,0,0,0,4,16,2,4.5,2,0,0,0,0,46,3.96,750.04
TS096,tshirt,2026-05-25,31,309,0.0,309,0,0,15568,631,52,50,22,13,0,22,6,2,1,1,1,0,1,3,16,3,4.0,3,0,0,0,0,49,3.96,125.94
TS096,tshirt,2026-06-01,32,309,0.0,309,0,0,10774,448,45,47,22,11,3,19,6,5,0,1,0,0,0,3,13,4,3.5,2,1,1,0,1,53,3.92,-342.82
TS096,tshirt,2026-06-08,33,309,0.0,309,0,0,11975,460,39,43,13,10,3,10,3,0,1,1,1,0,0,3,7,1,4.0,1,0,0,0,0,54,3.93,-26.23
TS096,tshirt,2026-06-15,34,309,0.0,309,0,0,10235,396,27,28,18,13,1,17,3,1,1,1,0,0,0,2,14,2,3.5,1,1,0,0,0,56,3.91,579.5
TS096,tshirt,2026-06-22,35,309,0.1,278,0,1,16112,711,66,70,25,15,4,21,6,4,1,1,0,0,0,4,15,3,3.33,1,1,1,1,0,59,3.88,-545.14
TS096,tshirt,2026-06-29,36,309,0.0,309,0,0,12990,540,47,49,20,10,6,14,4,2,0,0,0,0,2,3,10,5,3.6,2,3,0,0,0,64,3.86,-255.51
TS096,tshirt,2026-07-06,37,309,0.0,309,0,0,11495,404,31,39,8,5,2,6,3,3,0,0,0,0,0,2,3,2,2.5,0,1,1,0,1,66,3.82,-439.28
TS096,tshirt,2026-07-13,38,309,0.0,309,0,0,10988,432,43,37,15,8,1,14,1,1,0,0,0,0,0,1,13,3,5.0,3,0,0,0,0,69,3.87,911.28
TS096,tshirt,2026-07-20,39,309,0.0,309,0,0,9455,330,26,30,12,7,2,10,2,2,0,0,0,0,0,2,8,0,,0,0,0,0,0,69,3.87,270.02
TS096,tshirt,2026-07-27,40,309,0.0,309,0,0,6767,235,22,22,7,4,2,5,0,0,0,0,0,0,0,0,5,0,,0,0,0,0,0,69,3.87,291.26
TS096,tshirt,2026-08-03,41,309,0.0,309,0,0,9987,406,40,38,15,9,3,12,5,1,1,2,0,1,0,4,7,5,3.6,3,2,0,0,0,74,3.85,-444.27
TS096,tshirt,2026-08-10,42,309,0.0,309,0,0,10482,421,38,40,12,5,0,12,1,1,0,0,0,0,0,0,11,2,4.5,2,0,0,0,0,76,3.87,670.74
TS096,tshirt,2026-08-17,43,309,0.0,309,0,0,8936,343,37,23,8,6,2,6,1,1,0,0,0,0,0,0,5,0,,0,0,0,0,0,76,3.87,13.23
TS096,tshirt,2026-08-24,44,309,0.0,309,1,0,12492,497,55,40,21,14,3,18,3,3,0,0,0,0,0,3,15,1,4.0,1,0,0,0,0,77,3.87,663.79
TS096,tshirt,2026-08-31,45,309,0.0,309,0,0,9173,370,50,41,12,6,1,11,3,2,1,0,0,0,0,2,8,0,,0,0,0,0,0,77,3.87,61.99
TS096,tshirt,2026-09-07,46,309,0.0,309,0,0,8421,322,31,36,14,8,1,13,6,4,0,1,1,0,0,4,7,4,4.0,3,0,1,1,0,81,3.88,-582.3
TS096,tshirt,2026-09-14,47,309,0.0,309,0,0,9777,402,45,36,7,4,2,5,0,0,0,0,0,0,0,0,5,1,4.0,1,0,0,0,0,82,3.88,291.26
TS096,tshirt,2026-09-21,48,309,0.15,263,0,1,10326,451,39,50,21,10,5,16,5,3,1,1,0,0,0,5,11,4,3.0,2,1,1,0,1,86,3.84,-583.13
TS097,tshirt,2025-11-24,1,359,0.0,359,0,0,13311,413,45,18,5,0,0,5,2,1,1,0,0,0,0,2,3,0,,0,0,0,0,0,0,,118.72
TS097,tshirt,2025-12-01,2,359,0.0,359,0,0,6004,203,17,12,6,5,2,4,0,0,0,0,0,0,0,0,4,1,4.0,1,0,0,0,0,1,4.0,391.63
TS097,tshirt,2025-12-08,3,359,0.0,359,0,0,4734,167,24,5,1,0,0,1,0,0,0,0,0,0,0,0,1,0,,0,0,0,0,0,1,4.0,132.91
TS097,tshirt,2025-12-15,4,359,0.0,359,0,0,5806,200,20,10,2,2,0,2,0,0,0,0,0,0,0,0,2,1,5.0,1,0,0,0,0,2,4.5,265.82
TS097,tshirt,2025-12-22,5,319,0.0,319,0,0,4607,212,16,16,4,1,0,4,0,0,0,0,0,0,0,0,4,1,4.0,1,0,0,0,0,3,4.33,379.25
TS097,tshirt,2025-12-29,6,319,0.0,319,0,0,5061,269,30,24,5,5,0,5,2,0,1,1,0,0,0,1,3,1,4.0,1,0,0,0,0,4,4.25,-134.56
TS097,tshirt,2026-01-05,7,319,0.0,319,0,0,5933,236,20,19,8,4,1,7,2,0,0,1,0,0,1,1,5,1,3.0,0,1,0,0,0,5,4.0,-14.93
TS097,tshirt,2026-01-12,8,319,0.0,319,0,1,7366,289,19,14,4,2,0,4,1,1,0,0,0,0,0,0,3,1,2.0,0,0,1,1,0,6,3.67,5.44
TS097,tshirt,2026-01-19,9,319,0.0,319,0,0,6295,242,18,15,6,4,1,5,0,0,0,0,0,0,0,0,5,0,,0,0,0,0,0,6,3.67,404.06
TS097,tshirt,2026-01-26,10,319,0.0,319,0,0,6113,210,17,19,8,6,1,7,1,1,0,0,0,0,0,0,6,0,,0,0,0,0,0,6,3.67,219.88
TS097,tshirt,2026-02-02,11,319,0.0,319,0,0,6963,276,18,27,6,3,1,5,0,0,0,0,0,0,0,0,5,1,3.0,0,1,0,0,0,7,3.57,404.06
TS097,tshirt,2026-02-09,12,319,0.0,319,0,0,5493,186,21,13,4,3,0,4,1,1,0,0,0,0,0,1,3,0,,0,0,0,0,0,7,3.57,144.44
TS097,tshirt,2026-02-16,13,319,0.0,319,0,0,7848,284,18,26,7,4,1,6,1,1,0,0,0,0,0,1,5,2,3.0,1,0,1,0,1,9,3.44,264.06
TS097,tshirt,2026-02-23,14,319,0.0,319,0,0,5784,194,16,14,6,3,0,6,1,1,0,0,0,0,0,1,5,2,2.5,0,1,1,0,1,11,3.27,334.06
TS097,tshirt,2026-03-02,15,319,0.0,319,1,1,7498,244,16,15,4,1,0,4,1,1,0,0,0,0,0,1,3,1,4.0,1,0,0,0,0,12,3.33,144.44
TS097,tshirt,2026-03-09,16,319,0.0,319,0,0,7066,225,25,18,5,4,0,5,1,0,0,1,0,0,0,1,4,2,3.0,0,2,0,0,0,14,3.29,239.25
TS097,tshirt,2026-03-16,17,319,0.0,319,0,0,6407,186,17,9,4,1,0,4,1,0,0,1,0,0,0,0,3,1,2.0,0,0,1,1,0,15,3.2,5.44
TS097,tshirt,2026-03-23,18,319,0.0,319,0,0,5155,181,9,11,2,1,1,1,0,0,0,0,0,0,0,0,1,0,,0,0,0,0,0,15,3.2,24.81
TS097,tshirt,2026-03-30,19,319,0.0,319,0,0,6681,211,23,21,6,5,1,5,0,0,0,0,0,0,0,0,5,1,4.0,1,0,0,0,0,16,3.25,404.06
TS097,tshirt,2026-04-06,20,319,0.0,319,0,0,7422,245,28,18,8,6,0,8,3,1,0,1,1,0,0,3,5,3,4.0,2,1,0,0,0,19,3.37,54.06
TS097,tshirt,2026-04-13,21,319,0.0,319,0,0,8728,300,25,21,4,4,1,3,1,1,0,0,0,0,0,0,2,0,,0,0,0,0,0,19,3.37,-159.37
TS097,tshirt,2026-04-20,22,319,0.0,319,0,0,7062,241,10,20,6,5,1,5,0,0,0,0,0,0,0,0,5,1,4.0,1,0,0,0,0,20,3.4,404.06
TS097,tshirt,2026-04-27,23,319,0.0,319,0,0,5340,195,16,14,7,5,1,6,3,0,0,1,1,1,0,3,3,1,2.0,0,0,1,1,0,21,3.33,-205.56
TS097,tshirt,2026-05-04,24,319,0.0,319,0,0,8002,260,22,23,11,7,1,10,1,0,1,0,0,0,0,1,9,4,3.5,2,2,0,0,0,25,3.36,643.32
TS097,tshirt,2026-05-11,25,319,0.0,319,0,0,8621,308,18,18,10,7,1,9,3,0,2,0,0,0,1,2,6,1,5.0,1,0,0,0,0,26,3.42,-60.12
TS097,tshirt,2026-05-18,26,319,0.0,319,0,0,10602,368,27,31,13,10,1,12,6,1,2,0,2,0,1,4,6,3,3.67,2,0,1,1,0,29,3.45,-619.12
TS097,tshirt,2026-05-25,27,319,0.0,319,0,0,9902,354,37,26,8,6,1,7,2,1,1,0,0,0,0,1,5,4,4.0,3,1,0,0,0,33,3.52,-14.93
TS097,tshirt,2026-06-01,28,319,0.0,319,0,0,11336,413,30,38,13,9,3,10,1,0,0,0,1,0,0,1,9,0,,0,0,0,0,0,33,3.52,503.32
TS097,tshirt,2026-06-08,29,319,0.0,319,0,0,9214,369,26,31,8,7,4,4,0,0,0,0,0,0,0,0,4,0,,0,0,0,0,0,33,3.52,99.25
TS097,tshirt,2026-06-15,30,319,0.0,319,0,0,8111,303,30,22,6,4,1,5,2,1,0,0,1,0,0,0,3,1,5.0,1,0,0,0,0,34,3.56,-343.55
TS097,tshirt,2026-06-22,31,319,0.0,319,0,1,12633,462,39,45,14,10,0,14,4,1,1,1,0,0,1,2,10,3,3.0,2,0,1,0,1,37,3.51,110.14
TS097,tshirt,2026-06-29,32,319,0.0,319,0,0,12397,458,50,42,14,8,1,13,1,1,0,0,0,0,0,1,12,2,3.5,1,1,0,0,0,39,3.51,927.75
TS097,tshirt,2026-07-06,33,319,0.0,319,0,0,9862,338,20,20,7,6,0,7,2,0,0,2,0,0,0,1,5,1,4.0,1,0,0,0,0,40,3.52,55.07
TS097,tshirt,2026-07-13,34,319,0.0,319,0,0,6879,243,23,29,11,7,2,9,3,1,0,2,0,0,0,2,6,1,4.0,1,0,0,0,0,41,3.54,-130.12
TS097,tshirt,2026-07-20,35,319,0.0,319,0,0,13038,472,47,34,14,8,0,14,4,2,0,0,1,0,1,3,10,3,3.67,1,2,0,0,0,44,3.55,249.13
TS097,tshirt,2026-07-27,36,319,0.0,319,0,0,9412,353,30,26,5,2,0,5,1,1,0,0,0,0,0,0,4,0,,0,0,0,0,0,44,3.55,100.25
TS097,tshirt,2026-08-03,37,319,0.0,319,0,0,7212,278,27,26,5,2,0,5,2,0,1,0,1,0,0,0,3,2,2.5,0,1,1,1,0,46,3.5,-273.55
TS097,tshirt,2026-08-10,38,319,0.0,319,0,0,7473,239,23,14,3,2,0,3,0,0,0,0,0,0,0,0,3,0,,0,0,0,0,0,46,3.5,284.44
TS097,tshirt,2026-08-17,39,319,0.0,319,0,0,6621,219,23,15,4,2,1,3,1,1,0,0,0,0,0,1,2,0,,0,0,0,0,0,46,3.5,-20.37
TS097,tshirt,2026-08-24,40,319,0.0,319,1,0,6997,241,16,9,6,5,0,6,2,1,0,0,0,0,1,1,4,0,,0,0,0,0,0,46,3.5,-39.75
TS097,tshirt,2026-08-31,41,319,0.0,319,0,0,5853,209,23,15,9,7,2,7,2,1,1,0,0,0,0,1,5,0,,0,0,0,0,0,46,3.5,-84.93
TS097,tshirt,2026-09-07,42,319,0.0,319,0,0,5347,187,14,15,7,4,0,7,0,0,0,0,0,0,0,0,7,0,,0,0,0,0,0,46,3.5,663.69
TS097,tshirt,2026-09-14,43,319,0.0,319,0,0,6538,225,18,16,3,2,1,2,0,0,0,0,0,0,0,0,2,1,4.0,1,0,0,0,0,47,3.51,119.63
TS097,tshirt,2026-09-21,44,319,0.2,255,0,1,7981,381,31,48,10,7,1,9,2,2,0,0,0,0,0,2,7,2,3.0,0,2,0,0,0,49,3.49,-112.98
TS098,tshirt,2026-04-13,1,229,0.0,229,0,0,16670,953,44,61,20,15,3,17,5,3,1,1,0,0,0,3,12,3,2.67,1,1,1,0,1,3,2.67,-486.41
TS098,tshirt,2026-04-20,2,229,0.0,229,0,0,14205,599,34,27,13,12,3,10,3,0,0,1,1,0,1,2,7,1,4.0,1,0,0,0,0,4,3.0,-366.79
TS098,tshirt,2026-04-27,3,229,0.0,229,0,0,8627,363,17,22,11,8,1,10,4,0,3,0,1,0,0,1,6,2,2.0,0,1,1,0,1,6,2.67,-611.57
TS098,tshirt,2026-05-04,4,229,0.0,229,0,0,7447,312,19,25,10,8,6,4,1,0,0,0,0,0,1,0,3,1,2.0,0,0,1,0,1,7,2.57,-502.44
TS098,tshirt,2026-05-11,5,229,0.0,229,0,0,9119,378,25,23,13,7,5,8,2,0,1,0,0,0,1,2,6,0,,0,0,0,0,0,7,2.57,-321.52
TS098,tshirt,2026-05-18,6,229,0.0,229,0,0,9166,379,24,14,3,2,0,3,1,0,1,0,0,0,0,1,2,0,,0,0,0,0,0,7,2.57,-37.17
TS098,tshirt,2026-05-25,7,229,0.0,229,0,0,4876,179,13,18,6,4,0,6,1,0,1,0,0,0,0,1,5,0,,0,0,0,0,0,7,2.57,117.06
TS098,tshirt,2026-06-01,8,229,0.0,229,0,0,6892,252,11,16,5,4,0,5,3,1,0,1,0,1,0,0,2,2,3.0,0,2,0,0,0,9,2.67,-607.22
TS098,tshirt,2026-06-08,9,229,0.0,229,0,0,5842,223,8,12,4,0,0,4,1,0,0,0,0,0,1,1,3,1,3.0,0,1,0,0,0,10,2.7,14.24
TS098,tshirt,2026-06-15,10,229,0.0,229,0,0,6187,257,18,26,9,5,1,8,2,0,1,1,0,0,0,2,6,3,2.0,0,1,2,0,2,13,2.54,-41.52
TS098,tshirt,2026-06-22,11,229,0.0,229,0,1,9194,347,20,20,10,9,3,7,1,1,0,0,0,0,0,1,6,1,2.0,0,0,1,0,1,14,2.5,-41.52
TS098,tshirt,2026-06-29,12,229,0.0,229,0,0,6056,245,15,18,11,8,0,11,4,2,1,1,0,0,0,3,7,2,2.5,0,1,1,0,1,16,2.5,-296.79
TS098,tshirt,2026-07-06,13,229,0.0,229,0,0,7094,272,14,12,3,1,0,3,0,0,0,0,0,0,0,0,3,1,3.0,0,1,0,0,0,17,2.53,154.24
TS098,tshirt,2026-07-13,14,229,0.0,229,0,0,6574,269,14,18,6,5,2,4,2,1,1,0,0,0,0,0,2,1,2.0,0,0,1,0,1,18,2.5,-510.54
TS098,tshirt,2026-07-20,15,229,0.0,229,0,0,5107,200,8,14,5,2,1,4,1,0,0,0,0,1,0,1,3,0,,0,0,0,0,0,18,2.5,-55.76
TS098,tshirt,2026-07-27,16,229,0.0,229,0,0,6085,252,8,12,4,4,0,4,2,2,0,0,0,0,0,2,2,0,,0,0,0,0,0,18,2.5,-177.17
TS098,tshirt,2026-08-03,17,229,0.0,229,0,0,4454,189,9,8,3,1,1,2,0,0,0,0,0,0,0,0,2,0,,0,0,0,0,0,18,2.5,32.83
TS098,tshirt,2026-08-10,18,229,0.0,229,0,0,4576,218,9,17,9,8,1,8,1,1,0,0,0,0,0,1,7,2,3.0,1,0,1,0,1,20,2.55,149.89
TS098,tshirt,2026-08-17,19,229,0.0,229,0,0,6864,273,16,20,6,4,0,6,2,0,1,1,0,0,0,1,4,0,,0,0,0,0,0,20,2.55,-171.03
TS098,tshirt,2026-08-24,20,229,0.0,229,1,0,5562,246,15,16,7,6,1,6,1,0,1,0,0,0,0,1,5,2,3.5,1,1,0,0,0,22,2.64,47.06
TS098,tshirt,2026-08-31,21,229,0.0,229,0,0,5154,185,9,7,4,2,0,4,1,1,0,0,0,0,0,1,3,0,,0,0,0,0,0,22,2.64,14.24
TS098,tshirt,2026-09-07,22,229,0.0,229,0,0,4664,187,8,6,2,2,0,2,2,1,1,0,0,0,0,1,0,0,,0,0,0,0,0,22,2.64,-376.68
TS098,tshirt,2026-09-14,23,229,0.0,229,0,0,4050,173,12,11,5,5,1,4,2,0,0,2,0,0,0,1,2,0,,0,0,0,0,0,22,2.64,-343.86
TS098,tshirt,2026-09-21,24,229,0.0,229,0,1,4427,168,7,6,3,1,0,3,0,0,0,0,0,0,0,0,3,1,4.0,1,0,0,0,0,23,2.7,154.24
TS099,tshirt,2026-08-03,1,299,0.0,299,0,0,9808,405,31,26,7,4,1,6,0,0,0,0,0,0,0,0,6,1,4.0,1,0,0,0,0,1,4.0,504.53
TS099,tshirt,2026-08-10,2,299,0.0,299,0,0,9841,467,38,35,5,4,0,5,2,2,0,0,0,0,0,1,3,1,3.0,0,1,0,0,0,2,3.5,-111.74
TS099,tshirt,2026-08-17,3,299,0.0,299,0,0,7018,282,23,21,10,5,2,8,2,1,0,0,0,0,1,1,6,2,3.5,1,1,0,0,0,4,3.5,35.52
TS099,tshirt,2026-08-24,4,299,0.0,299,1,0,8886,372,31,37,16,7,3,13,1,0,0,1,0,0,0,1,12,1,5.0,1,0,0,0,0,5,3.8,799.06
TS099,tshirt,2026-08-31,5,299,0.0,299,0,0,8435,362,26,28,10,5,0,10,0,0,0,0,0,0,0,0,10,2,3.5,1,1,0,0,0,7,3.71,957.55
TS099,tshirt,2026-09-07,6,299,0.0,299,0,0,8147,375,31,21,4,2,0,4,2,1,0,0,1,0,0,2,2,1,2.0,0,0,1,0,1,8,3.5,-88.49
TS099,tshirt,2026-09-14,7,299,0.0,299,0,0,5959,246,15,18,3,2,1,2,0,0,0,0,0,0,0,0,2,0,,0,0,0,0,0,8,3.5,121.51
TS099,tshirt,2026-09-21,8,299,0.15,254,0,1,6210,302,20,11,8,5,1,7,3,0,1,0,1,1,0,2,4,1,2.0,0,0,1,1,0,9,3.33,-397.41
TS100,tshirt,2026-08-03,1,399,0.0,399,0,0,9676,611,39,38,7,5,1,6,4,0,3,1,0,0,0,2,2,0,,0,0,0,0,0,0,,-704.9
TS100,tshirt,2026-08-10,2,399,0.0,399,0,0,10186,661,55,25,7,6,2,5,2,1,0,0,1,0,0,1,3,0,,0,0,0,0,0,0,,-184.9
TS100,tshirt,2026-08-17,3,399,0.0,399,0,0,6148,362,25,15,3,3,0,3,1,0,0,1,0,0,0,1,2,1,3.0,0,1,0,0,0,1,3.0,132.55
TS100,tshirt,2026-08-24,4,399,0.0,399,1,0,5823,292,28,11,3,3,1,2,2,0,1,0,0,0,1,2,0,0,,0,0,0,0,0,1,3.0,-350.0
TS100,tshirt,2026-08-31,5,399,0.0,399,0,0,3824,151,12,5,1,1,0,1,1,1,0,0,0,0,0,0,0,0,,0,0,0,0,0,1,3.0,-313.72
TS100,tshirt,2026-09-07,6,399,0.0,399,0,0,3297,152,8,5,0,0,0,0,0,0,0,0,0,0,0,0,0,0,,0,0,0,0,0,1,3.0,0.0
TS100,tshirt,2026-09-14,7,399,0.0,399,0,0,3568,160,12,6,0,0,0,0,0,0,0,0,0,0,0,0,0,0,,0,0,0,0,0,1,3.0,0.0
TS100,tshirt,2026-09-21,8,399,0.0,399,0,1,5011,248,19,8,0,0,0,0,0,0,0,0,0,0,0,0,0,0,,0,0,0,0,0,1,3.0,0.0
TS101,tshirt,2026-03-02,1,329,0.1,296,1,1,17530,768,44,42,19,17,1,18,7,2,0,2,0,2,1,5,11,2,3.0,1,0,1,0,1,2,3.0,-65.64
TS101,tshirt,2026-03-09,2,329,0.0,329,0,0,10199,293,18,16,5,5,0,5,2,1,0,0,1,0,0,1,3,2,4.0,2,0,0,0,0,4,3.5,35.66
TS101,tshirt,2026-03-16,3,329,0.0,329,0,0,9401,318,31,19,6,4,2,4,0,0,0,0,0,0,0,0,4,1,3.0,0,1,0,0,0,5,3.4,419.0
TS101,tshirt,2026-03-23,4,329,0.0,329,0,0,5709,204,8,12,4,2,0,4,2,1,1,0,0,0,0,2,2,2,2.5,0,1,1,0,1,7,3.14,-0.5
TS101,tshirt,2026-03-30,5,329,0.0,329,0,0,4974,177,20,18,6,5,1,5,2,0,0,1,0,1,0,1,3,2,2.5,0,1,1,1,0,9,3.0,-34.34
TS101,tshirt,2026-04-06,6,329,0.0,329,0,0,6076,174,9,9,3,2,0,3,2,1,1,0,0,0,0,2,1,0,,0,0,0,0,0,9,3.0,-140.25
TS101,tshirt,2026-04-13,7,329,0.0,329,0,0,8558,287,9,7,3,3,0,3,2,1,0,0,1,0,0,1,1,0,,0,0,0,0,0,9,3.0,-243.83
TS101,tshirt,2026-04-20,8,329,0.0,329,0,0,5217,142,9,8,1,0,0,1,1,0,1,0,0,0,0,1,0,0,,0,0,0,0,0,9,3.0,-140.0
TS101,tshirt,2026-04-27,9,329,0.0,329,0,0,5925,174,15,11,5,3,0,5,2,1,1,0,0,0,0,2,3,1,3.0,0,1,0,0,0,10,3.0,139.25
TS101,tshirt,2026-05-04,10,319,0.0,319,0,0,5094,170,16,4,1,1,0,1,0,0,0,0,0,0,0,0,1,1,2.0,0,0,1,0,1,11,2.91,130.23
TS101,tshirt,2026-05-11,11,319,0.0,319,0,0,7141,232,16,6,3,3,0,3,2,0,1,1,0,0,0,1,1,1,5.0,1,0,0,0,0,12,3.08,-253.36
TS101,tshirt,2026-05-18,12,319,0.0,319,0,0,4607,136,12,8,1,1,0,1,1,0,0,1,0,0,0,1,0,0,,0,0,0,0,0,12,3.08,-140.0
TS101,tshirt,2026-05-25,13,319,0.0,319,0,0,4851,154,15,7,1,0,0,1,1,1,0,0,0,0,0,0,0,1,1.0,0,0,1,0,1,13,2.92,-243.58
TS101,tshirt,2026-06-01,14,319,0.0,319,0,0,4516,129,15,6,1,0,0,1,0,0,0,0,0,0,0,0,1,0,,0,0,0,0,0,13,2.92,130.23
TS101,tshirt,2026-06-08,15,319,0.0,319,0,0,3862,128,9,6,2,2,0,2,1,0,0,0,0,0,1,0,1,0,,0,0,0,0,0,13,2.92,-113.36
TS102,tshirt,2026-07-20,1,329,0.0,329,0,0,12260,753,61,46,11,10,2,9,2,2,0,0,0,0,0,1,7,2,4.0,1,1,0,0,0,2,4.0,390.76
TS102,tshirt,2026-07-27,2,329,0.0,329,0,0,11477,719,71,42,18,15,3,15,4,2,1,0,0,1,0,3,11,2,3.0,0,2,0,0,0,4,3.5,567.81
TS102,tshirt,2026-08-03,3,329,0.0,329,0,0,9570,520,33,31,12,10,2,10,1,0,0,0,1,0,0,1,9,3,4.0,2,1,0,0,0,7,3.71,905.85
TS102,tshirt,2026-08-10,4,329,0.0,329,0,0,8564,481,36,36,17,12,1,16,2,2,0,0,0,0,0,1,14,2,3.5,1,1,0,0,0,9,3.67,1383.09
TS102,tshirt,2026-08-17,5,329,0.0,329,0,0,9009,537,43,36,12,12,1,11,0,0,0,0,0,0,0,0,11,4,4.5,4,0,0,0,0,13,3.92,1379.38
TS102,tshirt,2026-08-24,6,329,0.0,329,1,0,10310,686,43,54,19,18,2,17,3,1,0,1,1,0,0,2,14,5,4.0,5,0,0,0,0,18,3.94,1173.09
TS102,tshirt,2026-08-31,7,329,0.0,329,0,0,8313,593,46,29,8,6,0,8,1,0,0,1,0,0,0,1,7,0,,0,0,0,0,0,18,3.94,782.33
TS102,tshirt,2026-09-07,8,329,0.0,329,0,0,6827,451,35,37,13,10,4,9,2,1,0,1,0,0,0,2,7,1,5.0,1,0,0,0,0,19,4.0,362.33
TS102,tshirt,2026-09-14,9,329,0.0,329,0,0,6606,429,32,28,12,10,2,10,4,2,1,0,0,1,0,2,6,1,4.0,1,0,0,0,0,20,4.0,-132.57
TS102,tshirt,2026-09-21,10,319,0.0,319,0,1,12764,913,79,91,22,19,1,21,9,0,1,4,0,2,2,6,12,2,4.0,2,0,0,0,0,22,4.0,-197.86
TS103,tshirt,2026-04-06,1,389,0.0,389,0,0,15369,257,15,4,0,0,0,0,0,0,0,0,0,0,0,0,0,0,,0,0,0,0,0,0,,0.0
TS103,tshirt,2026-04-13,2,389,0.0,389,0,0,7295,121,6,4,1,0,0,1,1,0,1,0,0,0,0,1,0,0,,0,0,0,0,0,0,,-140.0
TS103,tshirt,2026-04-20,3,389,0.0,389,0,0,5556,94,7,5,2,2,0,2,2,2,0,0,0,0,0,0,0,0,,0,0,0,0,0,0,,-498.52
TS103,tshirt,2026-04-27,4,389,0.0,389,0,0,5541,69,5,2,1,1,0,1,0,0,0,0,0,0,0,0,1,0,,0,0,0,0,0,0,,191.22
TS103,tshirt,2026-05-04,5,299,0.0,299,0,0,5131,130,8,4,3,2,0,3,1,1,0,0,0,0,0,0,2,0,,0,0,0,0,0,0,,-38.25
TS103,tshirt,2026-05-11,6,299,0.0,299,0,0,4571,90,3,6,1,1,0,1,1,0,0,1,0,0,0,1,0,0,,0,0,0,0,0,0,,-140.0
TS103,tshirt,2026-05-18,7,299,0.0,299,0,0,5788,143,4,5,2,2,0,2,2,1,0,1,0,0,0,2,0,0,,0,0,0,0,0,0,,-280.0
TS103,tshirt,2026-05-25,8,299,0.0,299,0,0,5790,133,9,6,4,3,0,4,3,0,1,2,0,0,0,3,1,0,,0,0,0,0,0,0,,-314.5
TS103,tshirt,2026-06-01,9,299,0.0,299,0,0,5545,133,8,4,1,1,0,1,1,1,0,0,0,0,0,0,0,0,,0,0,0,0,0,0,,-249.26
TS103,tshirt,2026-06-08,10,299,0.0,299,0,0,4890,128,8,6,1,1,0,1,1,0,1,0,0,0,0,1,0,1,2.0,0,0,1,1,0,1,2.0,-140.0
TS103,tshirt,2026-06-15,11,299,0.0,299,0,0,4787,58,5,2,0,0,0,0,0,0,0,0,0,0,0,0,0,0,,0,0,0,0,0,1,2.0,0.0
TS103,tshirt,2026-06-22,12,299,0.0,299,0,1,6017,91,6,6,3,2,0,3,3,3,0,0,0,0,0,0,0,0,,0,0,0,0,0,1,2.0,-747.77
TS104,tshirt,2026-04-13,1,369,0.0,369,0,0,12028,650,53,32,9,8,1,8,2,1,1,0,0,0,0,2,6,1,5.0,1,0,0,0,0,1,5.0,582.06
TS104,tshirt,2026-04-20,2,369,0.0,369,0,0,9846,791,61,42,9,3,1,8,4,2,2,0,0,0,0,3,4,0,,0,0,0,0,0,1,5.0,-134.71
TS104,tshirt,2026-04-27,3,369,0.0,369,0,0,7803,659,56,33,8,5,3,5,2,1,0,0,0,1,0,2,3,1,5.0,1,0,0,0,0,2,5.0,-23.97
TS104,tshirt,2026-05-04,4,369,0.0,369,0,0,9710,839,65,54,15,11,5,10,4,2,1,0,1,0,0,3,6,2,4.0,1,1,0,0,0,4,4.5,-104.03
TS104,tshirt,2026-05-11,5,369,0.0,369,0,0,11093,759,62,42,11,4,0,11,3,2,0,1,0,0,0,2,8,1,3.0,0,1,0,0,0,5,4.2,696.66
TS104,tshirt,2026-05-18,6,369,0.0,369,0,0,9052,598,50,29,11,8,1,10,1,1,0,0,0,0,0,1,9,1,2.0,0,0,1,0,1,6,3.83,1188.09
TS104,tshirt,2026-05-25,7,369,0.0,369,0,0,9372,497,39,34,7,6,0,7,5,1,3,0,0,1,0,5,2,1,1.0,0,0,1,0,1,7,3.43,-389.31
TS104,tshirt,2026-06-01,8,369,0.0,369,0,0,7261,351,36,15,2,1,0,2,0,0,0,0,0,0,0,0,2,0,,0,0,0,0,0,7,3.43,310.69
TS104,tshirt,2026-06-08,9,369,0.0,369,0,0,5662,289,20,13,1,0,0,1,1,0,0,1,0,0,0,1,0,0,,0,0,0,0,0,7,3.43,-140.0
TS104,tshirt,2026-06-15,10,369,0.0,369,0,0,5675,321,27,21,5,2,0,5,0,0,0,0,0,0,0,0,5,1,3.0,0,1,0,0,0,8,3.38,776.71
TS104,tshirt,2026-06-22,11,369,0.1,332,0,1,6905,393,27,28,9,6,1,8,5,4,0,1,0,0,0,3,3,1,3.0,0,1,0,0,0,9,3.33,-661.86
TS104,tshirt,2026-06-29,12,369,0.0,369,0,0,5848,269,22,17,3,2,1,2,0,0,0,0,0,0,0,0,2,0,,0,0,0,0,0,9,3.33,240.69
TS104,tshirt,2026-07-06,13,369,0.0,369,0,0,7151,320,30,22,7,7,2,5,1,0,0,1,0,0,0,1,4,0,,0,0,0,0,0,9,3.33,341.37
TS104,tshirt,2026-07-13,14,369,0.0,369,0,0,6165,286,33,11,2,2,0,2,1,1,0,0,0,0,0,1,1,1,2.0,0,0,1,0,1,10,3.2,15.34
TS104,tshirt,2026-07-20,15,369,0.0,369,0,0,4710,211,18,13,3,3,0,3,1,1,0,0,0,0,0,1,2,1,3.0,0,1,0,0,0,11,3.18,170.69
TS104,tshirt,2026-07-27,16,369,0.0,369,0,0,4994,244,18,11,2,2,0,2,1,1,0,0,0,0,0,1,1,0,,0,0,0,0,0,11,3.18,15.34
TS104,tshirt,2026-08-03,17,369,0.0,369,0,0,4955,222,18,9,3,2,0,3,0,0,0,0,0,0,0,0,3,1,4.0,1,0,0,0,0,12,3.25,466.03
TS104,tshirt,2026-08-10,18,369,0.0,369,0,0,5080,205,17,9,4,2,0,4,3,1,0,1,1,0,0,2,1,1,3.0,0,1,0,0,0,13,3.23,-390.74
TS104,tshirt,2026-08-17,19,369,0.0,369,0,0,4848,225,24,17,8,7,1,7,1,1,0,0,0,0,0,1,6,1,3.0,0,1,0,0,0,14,3.21,722.06
TS104,tshirt,2026-08-24,20,369,0.0,369,1,0,8093,404,35,24,8,4,3,5,1,0,0,0,0,0,1,0,4,1,2.0,0,0,1,1,0,15,3.13,145.29
TS104,tshirt,2026-08-31,21,369,0.0,369,0,0,5385,233,11,11,3,2,0,3,1,0,0,0,0,1,0,1,2,1,3.0,0,1,0,0,0,16,3.12,170.69
TS104,tshirt,2026-09-07,22,369,0.0,369,0,0,4848,203,19,14,5,3,1,4,2,0,1,1,0,0,0,1,2,1,2.0,0,0,1,1,0,17,3.06,-165.4
TS104,tshirt,2026-09-14,23,369,0.0,369,0,0,5215,230,21,10,4,3,1,3,2,0,0,1,0,1,0,2,1,0,,0,0,0,0,0,17,3.06,-194.66
TS104,tshirt,2026-09-21,24,369,0.2,295,0,1,5321,302,20,27,12,4,0,12,5,2,1,0,1,0,1,3,7,4,3.5,1,3,0,0,0,21,3.14,-358.1
TS105,tshirt,2026-02-09,1,279,0.0,279,0,0,13410,950,56,77,33,26,7,26,10,3,0,1,0,2,4,9,16,3,3.67,2,0,1,0,1,3,3.67,-638.05
TS105,tshirt,2026-02-16,2,279,0.0,279,0,0,15015,1048,74,73,29,19,2,27,6,4,1,0,0,0,1,3,21,3,4.33,3,0,0,0,0,6,4.0,476.62
TS105,tshirt,2026-02-23,3,279,0.0,279,0,0,10026,765,45,52,20,12,2,18,6,1,1,3,0,0,1,5,12,2,4.0,2,0,0,0,0,8,4.0,-68.67
TS105,tshirt,2026-03-02,4,279,0.0,279,1,1,22475,1839,105,146,54,46,6,48,14,5,5,1,0,2,1,9,34,8,3.0,2,4,2,0,2,16,3.5,-37.45
TS105,tshirt,2026-03-09,5,279,0.0,279,0,0,9628,687,37,53,27,21,5,22,12,4,2,5,0,0,1,9,10,4,3.25,2,1,1,0,1,20,3.45,-1510.1
TS105,tshirt,2026-03-16,6,279,0.0,279,0,0,11019,744,41,64,19,14,1,18,5,3,2,0,0,0,0,2,13,6,3.33,3,1,2,1,1,26,3.42,5.37
TS105,tshirt,2026-03-23,7,279,0.0,279,0,0,9802,639,32,34,13,6,1,12,2,0,0,2,0,0,0,1,10,4,3.75,3,1,0,0,0,30,3.47,391.01
TS105,tshirt,2026-03-30,8,279,0.0,279,0,0,9943,728,46,53,20,14,2,18,6,1,3,1,1,0,0,5,12,3,3.33,1,2,0,0,0,33,3.45,-68.67
TS105,tshirt,2026-04-06,9,279,0.0,279,0,0,7917,572,44,35,17,16,3,14,6,2,1,1,0,0,2,5,8,1,1.0,0,0,1,1,0,34,3.38,-479.3
TS105,tshirt,2026-04-13,10,279,0.0,279,0,0,13444,940,51,68,22,14,4,18,8,4,3,0,0,0,1,8,10,2,2.5,0,1,1,0,1,36,3.33,-548.43
TS105,tshirt,2026-04-20,11,279,0.0,279,0,0,15428,984,58,81,29,20,3,26,7,1,1,2,0,2,1,6,19,4,3.0,2,0,2,0,2,40,3.3,317.42
TS105,tshirt,2026-04-27,12,279,0.0,279,0,0,10042,632,43,48,23,19,3,20,6,1,3,1,0,1,0,3,14,2,3.0,1,0,1,0,1,42,3.29,-189.48
TS105,tshirt,2026-05-04,13,279,0.0,279,0,0,9587,587,39,38,14,11,1,13,2,1,0,1,0,0,0,1,11,2,4.0,2,0,0,0,0,44,3.32,476.17
TS105,tshirt,2026-05-11,14,279,0.0,279,0,0,13778,862,66,72,34,26,8,26,12,4,6,0,0,1,1,7,14,5,3.0,2,1,2,0,2,49,3.29,-1600.59
TS105,tshirt,2026-05-18,15,279,0.0,279,0,0,12507,827,50,65,24,20,1,23,5,3,0,1,0,1,0,3,18,1,3.0,0,1,0,0,0,50,3.28,541.71
TS105,tshirt,2026-05-25,16,279,0.0,279,0,0,8539,542,41,32,14,8,1,13,7,1,1,2,1,1,1,4,6,4,3.25,1,3,0,0,0,54,3.28,-870.73
TS106,tshirt,2025-09-15,1,319,0.0,319,0,0,12234,842,84,59,24,15,2,22,5,3,0,1,0,1,0,4,17,2,3.5,1,1,0,0,0,2,3.5,824.1
TS106,tshirt,2025-09-22,2,319,0.0,319,1,1,30990,1880,167,165,60,46,9,51,7,4,2,0,0,0,1,6,44,10,4.3,9,1,0,0,0,12,4.17,2900.97
TS106,tshirt,2025-09-29,3,319,0.0,319,1,1,17727,1404,126,141,55,42,10,45,7,0,1,3,1,1,1,6,38,6,3.83,3,3,0,0,0,18,4.06,2198.33
TS106,tshirt,2025-10-06,4,319,0.0,319,1,1,24602,1955,170,189,85,68,8,77,11,3,5,2,0,0,1,10,66,10,4.2,8,1,1,1,0,28,4.11,4730.64
TS106,tshirt,2025-10-13,5,319,0.0,319,1,0,19904,1666,132,175,92,66,12,80,14,5,1,4,1,2,1,8,66,5,4.4,5,0,0,0,0,33,4.15,3388.79
TS106,tshirt,2025-10-20,6,319,0.0,319,1,0,21379,1756,152,182,69,53,12,57,8,6,1,1,0,0,0,4,49,5,4.2,4,1,0,0,0,38,4.16,2693.06
TS106,tshirt,2025-10-27,7,319,0.0,319,0,0,16475,1396,124,114,37,32,5,32,10,5,2,1,1,0,1,4,22,2,3.0,1,0,1,1,0,40,4.1,-200.55
TS106,tshirt,2025-11-03,8,319,0.0,319,0,0,13411,1095,98,119,45,41,7,38,10,7,2,0,0,1,0,6,28,4,4.25,4,0,0,0,0,44,4.11,548.83
TS106,tshirt,2025-11-10,9,319,0.0,319,0,0,13577,1128,92,116,42,32,2,40,11,3,1,1,3,1,2,6,29,8,4.12,6,2,0,0,0,52,4.12,735.9
TS106,tshirt,2025-11-17,10,319,0.0,319,0,0,10988,890,78,85,25,21,3,22,3,1,0,2,0,0,0,3,19,4,2.75,1,2,1,0,1,56,4.02,1373.35
TS106,tshirt,2025-11-24,11,319,0.0,319,0,0,14963,1163,117,113,53,42,11,42,6,2,1,1,1,0,1,5,36,4,4.0,3,1,0,0,0,60,4.02,2057.45
TS106,tshirt,2025-12-01,12,319,0.0,319,0,0,10299,882,74,103,40,32,4,36,6,4,0,0,1,0,1,5,30,6,4.33,5,1,0,0,0,66,4.05,1914.82
TS106,tshirt,2025-12-08,13,319,0.0,319,0,0,10294,820,54,84,29,25,3,26,5,2,0,2,0,0,1,4,21,2,2.0,0,1,1,1,0,68,3.99,1175.86
TS106,tshirt,2025-12-15,14,319,0.0,319,0,0,12168,961,88,94,28,20,1,27,3,1,0,1,1,0,0,3,24,5,4.4,5,0,0,0,0,73,4.01,2040.55
TS106,tshirt,2025-12-22,15,319,0.0,319,0,0,8500,696,60,69,29,19,5,24,6,1,1,4,0,0,0,4,18,1,4.0,1,0,0,0,0,74,4.01,451.17
TS106,tshirt,2025-12-29,16,319,0.0,319,0,0,15301,1186,108,99,35,21,5,30,9,5,2,2,0,0,0,3,21,6,4.17,5,1,0,0,0,80,4.03,-165.99
TS106,tshirt,2026-01-05,17,319,0.0,319,0,0,9025,707,55,84,33,27,2,31,6,3,1,1,1,0,0,4,25,5,4.0,4,1,0,0,0,85,4.02,1399.25
TS106,tshirt,2026-01-12,18,319,0.0,319,0,1,14568,1167,93,113,40,29,5,35,8,4,1,0,0,3,0,6,27,6,3.5,4,1,1,0,1,91,3.99,1120.13
TS106,tshirt,2026-01-19,19,319,0.0,319,0,0,12180,947,75,81,30,25,4,26,2,0,0,0,1,0,1,1,24,6,3.67,4,2,0,0,0,97,3.97,1842.18
TS106,tshirt,2026-01-26,20,319,0.0,319,0,0,9913,778,79,68,25,19,5,20,3,1,1,0,0,0,1,3,17,2,5.0,2,0,0,0,0,99,3.99,1022.47
TS106,tshirt,2026-02-02,21,319,0.0,319,0,0,12131,925,94,84,32,23,3,29,6,3,1,0,1,0,1,4,23,3,4.0,2,1,0,0,0,102,3.99,1118.37
TS106,tshirt,2026-02-09,22,319,0.0,319,0,0,10640,860,79,103,36,28,3,33,9,6,0,0,1,1,1,4,24,6,3.0,3,0,3,0,3,108,3.94,418.7
TS106,tshirt,2026-02-16,23,319,0.0,319,0,0,12490,931,73,79,25,19,4,21,6,3,0,1,1,0,1,3,15,4,4.5,4,0,0,0,0,112,3.96,76.48
TS106,tshirt,2026-02-23,24,319,0.0,319,0,0,12638,1000,88,93,35,28,5,30,6,4,2,0,0,0,0,5,24,4,3.5,2,2,0,0,0,116,3.94,1212.18
TS106,tshirt,2026-03-02,25,319,0.0,319,1,1,18167,1381,133,145,56,41,5,51,7,1,3,1,0,2,0,4,44,6,4.5,6,0,0,0,0,122,3.97,2924.23
TS106,tshirt,2026-03-09,26,319,0.0,319,0,0,15233,1126,95,108,40,31,10,30,8,4,1,1,0,1,1,7,22,5,3.8,3,1,1,0,1,127,3.96,371.3
TS106,tshirt,2026-03-16,27,319,0.0,319,0,0,17497,1339,120,116,36,24,5,31,7,1,3,2,0,1,0,4,24,4,3.0,1,2,1,0,1,131,3.93,815.44
TS106,tshirt,2026-03-23,28,319,0.0,319,0,0,11139,810,71,76,26,20,8,18,3,1,1,1,0,0,0,3,15,0,,0,0,0,0,0,131,3.93,601.59
TS106,tshirt,2026-03-30,29,319,0.0,319,0,0,12773,963,85,83,34,27,3,31,6,4,0,0,0,0,2,3,25,6,3.67,4,1,1,0,1,137,3.92,1200.88
TS106,tshirt,2026-04-06,30,319,0.0,319,0,0,18553,1327,109,131,49,40,4,45,13,9,2,0,1,0,1,9,32,4,4.25,3,1,0,0,0,141,3.93,760.59
TS106,tshirt,2026-04-13,31,319,0.0,319,0,0,16795,1308,109,109,35,26,6,29,6,5,0,1,0,0,0,4,23,9,3.33,5,1,3,0,3,150,3.89,908.37
TS106,tshirt,2026-04-20,32,319,0.0,319,0,0,13140,929,73,90,38,32,2,36,4,1,1,1,0,0,1,3,32,7,4.71,6,1,0,0,0,157,3.93,2545.7
TS106,tshirt,2026-04-27,33,319,0.0,319,0,0,18537,1438,137,160,53,44,9,44,7,3,3,1,0,0,0,6,37,8,4.38,8,0,0,0,0,165,3.95,2162.89
TS106,tshirt,2026-05-04,34,319,0.0,319,0,0,16497,1247,105,125,52,40,7,45,14,7,4,1,0,1,1,12,31,7,3.71,4,1,2,0,2,172,3.94,561.89
TS106,tshirt,2026-05-11,35,319,0.0,319,0,0,21324,1591,130,151,54,44,1,53,10,3,1,2,1,1,2,8,43,5,4.0,4,1,0,0,0,177,3.94,2807.16
TS106,tshirt,2026-05-18,36,319,0.0,319,0,0,14840,1141,107,121,38,28,2,36,8,2,3,1,0,1,1,5,28,3,4.67,3,0,0,0,0,180,3.96,1307.2
TS106,tshirt,2026-05-25,37,319,0.0,319,0,0,16468,1230,101,106,40,28,7,33,5,2,1,1,0,0,1,5,28,5,4.2,4,1,0,0,0,185,3.96,1762.31
TS106,tshirt,2026-06-01,38,319,0.0,319,0,0,17378,1329,113,111,37,30,5,32,4,2,0,2,0,0,0,3,28,6,4.17,4,2,0,0,0,191,3.97,1913.94
TS106,tshirt,2026-06-08,39,319,0.0,319,0,0,15742,1160,106,111,36,30,4,32,6,1,0,4,0,0,1,5,26,6,3.83,4,1,1,0,1,197,3.96,1493.06
TS106,tshirt,2026-06-15,40,319,0.0,319,0,0,20471,1557,138,150,53,45,4,49,7,1,1,3,2,0,0,5,42,5,4.2,4,1,0,0,0,202,3.97,2911.72
TS106,tshirt,2026-06-22,41,319,0.0,319,0,1,18710,1452,145,149,51,39,5,46,10,4,1,2,3,0,0,7,36,7,4.0,6,1,0,0,0,209,3.97,1660.71
TS106,tshirt,2026-06-29,42,319,0.0,319,0,0,16851,1281,134,127,43,36,1,42,12,4,0,4,2,1,1,9,30,5,4.0,4,1,0,0,0,214,3.97,1028.08
TS106,tshirt,2026-07-06,43,319,0.0,319,0,0,11620,835,76,66,32,22,2,30,5,4,1,0,0,0,0,3,25,7,4.43,6,1,0,0,0,221,3.99,1539.25
TS106,tshirt,2026-07-13,44,319,0.0,319,0,0,16477,1273,103,135,39,34,5,34,9,4,1,1,2,0,1,5,25,6,3.67,4,1,1,1,0,227,3.98,512.51
TS106,tshirt,2026-07-20,45,319,0.0,319,0,0,13371,1009,103,97,39,26,5,34,3,2,1,0,0,0,0,1,31,5,3.8,4,1,0,0,0,232,3.97,2241.89
TS106,tshirt,2026-07-27,46,319,0.0,319,0,0,12275,891,71,95,28,19,7,21,7,5,0,1,1,0,0,5,14,4,4.0,3,1,0,0,0,236,3.97,-250.59
TS106,tshirt,2026-08-03,47,319,0.0,319,0,0,11645,894,82,86,29,23,6,23,3,3,0,0,0,0,0,2,20,6,4.17,4,2,0,0,0,242,3.98,1140.42
TS106,tshirt,2026-08-10,48,319,0.0,319,0,0,11764,937,92,85,31,22,4,27,7,3,1,1,0,0,2,5,20,3,3.33,1,1,1,0,1,245,3.97,592.05
TS106,tshirt,2026-08-17,49,319,0.0,319,0,0,14713,1115,120,112,33,27,6,27,5,3,1,1,0,0,0,2,22,2,2.0,0,0,2,0,2,247,3.96,814.56
TS106,tshirt,2026-08-24,50,319,0.0,319,1,0,15982,1197,101,92,34,23,4,30,7,4,1,0,0,0,2,5,23,2,5.0,2,0,0,0,0,249,3.96,908.37
TS106,tshirt,2026-08-31,51,319,0.0,319,0,0,10704,810,75,72,20,18,3,17,3,2,0,0,1,0,0,3,14,4,3.5,2,2,0,0,0,253,3.96,846.15
TS106,tshirt,2026-09-07,52,319,0.0,319,0,0,9816,716,58,87,36,30,7,29,9,6,0,0,1,1,1,7,20,5,3.2,2,2,1,0,1,258,3.94,102.05
TS106,tshirt,2026-09-14,53,319,0.0,319,0,0,11344,837,78,93,33,27,0,33,11,6,2,0,3,0,0,11,22,4,4.25,3,1,0,0,0,262,3.95,779.67
TS106,tshirt,2026-09-21,54,319,0.0,319,0,1,16450,1201,109,111,32,28,1,31,10,4,4,2,0,0,0,8,21,4,3.25,3,0,1,0,1,266,3.94,487.49
TS107,tshirt,2026-03-30,1,299,0.0,299,0,0,13875,1374,142,171,80,46,14,66,4,2,0,1,1,0,0,4,62,7,4.29,6,1,0,0,0,7,4.29,4972.08
TS107,tshirt,2026-04-06,2,299,0.0,299,0,0,37080,4638,459,640,268,159,34,234,31,14,5,3,3,3,3,22,203,43,4.44,39,2,2,0,2,50,4.42,13614.25
TS107,tshirt,2026-04-13,3,299,0.0,299,0,0,26308,3642,320,560,224,142,15,209,39,12,9,7,3,2,6,27,170,25,4.28,22,3,0,0,0,75,4.37,10028.96
TS107,tshirt,2026-04-20,4,299,0.0,299,0,0,29230,3963,373,614,252,149,21,231,36,15,8,3,2,4,4,24,195,38,4.18,29,8,1,1,0,113,4.31,12654.8
TS107,tshirt,2026-04-27,5,299,0.0,299,0,0,21689,2955,298,448,220,140,34,186,22,9,2,2,3,4,2,15,164,35,4.06,26,7,2,0,2,148,4.25,10997.4
TS107,tshirt,2026-05-04,6,299,0.0,299,0,0,23122,3037,295,466,208,138,26,182,41,23,6,3,2,4,3,25,141,35,3.86,21,9,5,0,5,183,4.17,5494.07
TS107,tshirt,2026-05-11,7,299,0.0,299,0,0,28894,3775,364,600,257,165,26,231,37,19,6,5,4,1,2,25,194,38,4.18,30,6,2,0,2,221,4.18,12059.76
TS107,tshirt,2026-05-18,8,299,0.0,299,0,0,28994,3638,354,556,246,158,28,218,32,16,3,6,2,2,3,23,186,29,3.86,19,9,1,0,1,250,4.14,12108.68
TS107,tshirt,2026-05-25,9,299,0.0,299,0,0,34242,4240,418,648,280,170,34,246,35,18,5,3,5,1,3,24,211,37,4.19,31,6,0,0,0,287,4.15,13675.06
TS107,tshirt,2026-06-01,10,309,0.0,309,0,0,21422,2681,239,394,173,111,12,161,21,7,3,3,0,3,5,17,140,15,4.33,13,1,1,0,1,302,4.16,11819.11
TS107,tshirt,2026-06-08,11,309,0.0,309,0,0,15687,1950,204,309,138,83,14,124,22,11,4,4,1,0,2,15,102,19,4.21,14,3,2,0,2,321,4.16,6856.75
TS107,tshirt,2026-06-15,12,309,0.0,309,0,0,24097,2920,301,396,166,95,10,156,24,14,2,4,2,1,1,20,132,29,4.52,26,3,0,0,0,350,4.19,10622.65
TS107,tshirt,2026-06-22,13,309,0.2,247,0,1,27588,4098,405,749,395,239,36,359,57,27,10,8,5,4,3,36,302,62,4.23,50,11,1,0,1,412,4.19,3959.64
TS107,tshirt,2026-06-29,14,309,0.0,309,0,0,19653,2516,264,386,170,105,24,146,21,8,3,1,2,3,4,12,125,25,4.4,21,3,1,0,1,437,4.21,8712.11
TS107,tshirt,2026-07-06,15,309,0.0,309,0,0,20503,2461,253,345,162,93,11,151,20,10,2,2,4,0,2,14,131,22,4.55,21,1,0,0,0,459,4.22,10778.64
TS107,tshirt,2026-07-13,16,309,0.0,309,0,0,16362,2115,221,312,141,95,12,129,15,8,1,2,0,2,2,11,114,15,4.07,12,3,0,0,0,474,4.22,9680.62
TS107,tshirt,2026-07-20,17,309,0.0,309,0,0,19744,2495,256,374,171,112,19,152,22,16,2,1,0,2,1,14,130,26,4.46,23,3,0,0,0,500,4.23,9604.63
TS107,tshirt,2026-07-27,18,309,0.0,309,0,0,24283,3101,317,449,187,113,25,162,31,11,7,1,2,4,6,21,131,18,4.22,15,3,0,0,0,518,4.23,7819.73
TS107,tshirt,2026-08-03,19,309,0.0,309,0,0,13145,1552,145,229,94,62,11,83,11,5,2,1,1,1,1,7,72,10,4.3,8,1,1,0,1,528,4.23,5499.21
TS107,tshirt,2026-08-10,20,309,0.0,309,0,0,18923,2392,235,358,155,99,11,144,29,16,4,2,1,4,2,15,115,29,4.38,25,4,0,0,0,557,4.24,6807.9
TS107,tshirt,2026-08-17,21,309,0.0,309,0,0,18089,2211,200,347,138,80,16,122,14,7,2,0,2,0,3,9,108,14,4.64,13,1,0,0,0,571,4.25,8743.55
TS107,tshirt,2026-08-24,22,309,0.0,309,1,0,18194,2280,219,333,155,93,23,132,16,8,2,2,1,1,2,10,116,23,4.26,19,4,0,0,0,594,4.25,8780.28
TS107,tshirt,2026-08-31,23,309,0.0,309,0,0,19689,2487,260,349,154,93,14,140,19,6,2,5,0,3,3,14,121,21,4.52,19,1,1,1,0,615,4.26,9672.79
TS107,tshirt,2026-09-07,24,309,0.0,309,0,0,17781,2278,214,328,144,93,13,131,15,10,2,1,0,1,1,11,116,22,4.36,19,2,1,0,1,637,4.26,9839.74
TS107,tshirt,2026-09-14,25,309,0.0,309,0,0,15863,2115,200,307,127,78,17,110,20,11,3,2,2,2,0,17,90,19,4.0,13,4,2,0,2,656,4.25,5990.97
TS107,tshirt,2026-09-21,26,309,0.1,278,0,1,28073,3970,383,615,291,185,28,263,41,24,6,4,0,6,1,26,222,43,4.33,34,5,4,1,3,699,4.26,9531.52
TS108,tshirt,2025-11-24,1,279,0.0,279,0,0,8258,282,24,18,7,6,1,6,2,0,2,0,0,0,0,2,4,1,4.0,1,0,0,0,0,1,4.0,-4.28
TS108,tshirt,2025-12-01,2,279,0.0,279,0,0,12975,482,42,25,8,5,1,7,2,1,1,0,0,0,0,2,5,0,,0,0,0,0,0,1,4.0,82.15
TS108,tshirt,2025-12-08,3,279,0.0,279,0,0,6233,251,19,17,4,4,2,2,1,0,1,0,0,0,0,1,1,1,4.0,1,0,0,0,0,2,4.0,-193.57
TS108,tshirt,2025-12-15,4,279,0.0,279,0,0,5268,210,14,17,7,4,1,6,1,1,0,0,0,0,0,1,5,1,5.0,1,0,0,0,0,3,4.33,222.15
TS108,tshirt,2025-12-22,5,279,0.0,279,0,0,6518,259,24,14,4,1,0,4,0,0,0,0,0,0,0,0,4,0,,0,0,0,0,0,3,4.33,345.72
TS108,tshirt,2025-12-29,6,279,0.0,279,0,0,6008,256,16,28,14,9,1,13,5,4,0,0,1,0,0,5,8,2,3.0,0,2,0,0,0,5,3.8,-78.55
TS108,tshirt,2026-01-05,7,279,0.0,279,0,0,6470,221,15,20,8,3,0,8,1,1,0,0,0,0,0,1,7,1,5.0,1,0,0,0,0,6,4.0,465.02
TS108,tshirt,2026-01-12,8,339,0.1,305,0,1,9387,325,29,15,6,5,1,5,2,1,1,0,0,0,0,1,3,1,3.0,0,1,0,0,0,7,3.86,-125.71
TS108,tshirt,2026-01-19,9,339,0.0,339,0,0,6632,206,13,9,0,0,0,0,0,0,0,0,0,0,0,0,0,0,,0,0,0,0,0,7,3.86,0.0
TS108,tshirt,2026-01-26,10,339,0.0,339,0,0,6233,162,12,13,8,7,0,8,5,2,3,0,0,0,0,4,3,1,2.0,0,0,1,1,0,8,3.62,-378.56
TS108,tshirt,2026-02-02,11,339,0.0,339,0,0,5354,163,12,7,2,2,0,2,0,0,0,0,0,0,0,0,2,0,,0,0,0,0,0,8,3.62,287.15
TS108,tshirt,2026-02-09,12,339,0.0,339,0,0,7076,203,17,11,2,1,0,2,0,0,0,0,0,0,0,0,2,0,,0,0,0,0,0,8,3.62,287.15
TS108,tshirt,2026-02-16,13,339,0.0,339,0,0,5261,147,12,15,3,2,0,3,3,2,0,0,1,0,0,3,0,0,,0,0,0,0,0,8,3.62,-420.0
TS108,tshirt,2026-02-23,14,339,0.0,339,0,0,4198,111,7,7,2,0,0,2,1,1,0,0,0,0,0,0,1,0,,0,0,0,0,0,8,3.62,-105.71
TS108,tshirt,2026-03-02,15,339,0.0,339,1,1,8817,260,28,10,2,2,1,1,0,0,0,0,0,0,0,0,1,0,,0,0,0,0,0,8,3.62,73.57
TS108,tshirt,2026-03-09,16,339,0.0,339,0,0,4666,116,12,7,2,1,0,2,0,0,0,0,0,0,0,0,2,0,,0,0,0,0,0,8,3.62,287.15
TS108,tshirt,2026-03-16,17,339,0.0,339,0,0,6241,174,18,12,3,2,1,2,0,0,0,0,0,0,0,0,2,0,,0,0,0,0,0,8,3.62,217.15
TS108,tshirt,2026-03-23,18,339,0.0,339,0,0,4886,101,4,5,1,0,0,1,0,0,0,0,0,0,0,0,1,0,,0,0,0,0,0,8,3.62,143.57
TS108,tshirt,2026-03-30,19,339,0.0,339,0,0,6317,178,18,11,1,0,0,1,0,0,0,0,0,0,0,0,1,0,,0,0,0,0,0,8,3.62,143.57
TS108,tshirt,2026-04-06,20,339,0.0,339,0,0,6952,165,15,11,4,3,0,4,1,1,0,0,0,0,0,0,3,0,,0,0,0,0,0,8,3.62,181.44
TS108,tshirt,2026-04-13,21,339,0.0,339,0,0,6898,186,20,10,3,3,0,3,0,0,0,0,0,0,0,0,3,1,4.0,1,0,0,0,0,9,3.67,430.72
TS108,tshirt,2026-04-20,22,339,0.0,339,0,0,5988,163,16,8,2,1,0,2,0,0,0,0,0,0,0,0,2,1,5.0,1,0,0,0,0,10,3.8,287.15
TS108,tshirt,2026-04-27,23,339,0.0,339,0,0,5989,184,16,14,4,4,1,3,1,0,1,0,0,0,0,1,2,0,,0,0,0,0,0,10,3.8,77.15
TS108,tshirt,2026-05-04,24,339,0.0,339,0,0,8099,246,20,19,4,2,1,3,2,2,0,0,0,0,0,1,1,0,,0,0,0,0,0,10,3.8,-315.71
TS108,tshirt,2026-05-11,25,339,0.0,339,0,0,7896,241,17,14,5,2,2,3,1,0,0,0,1,0,0,1,2,0,,0,0,0,0,0,10,3.8,7.15
TS108,tshirt,2026-05-18,26,339,0.0,339,0,0,7500,235,15,16,4,3,1,3,0,0,0,0,0,0,0,0,3,0,,0,0,0,0,0,10,3.8,360.72
TS108,tshirt,2026-05-25,27,339,0.0,339,0,0,8799,250,24,17,3,2,0,3,1,0,1,0,0,0,0,1,2,0,,0,0,0,0,0,10,3.8,147.15
TS108,tshirt,2026-06-01,28,339,0.0,339,0,0,10063,291,22,18,6,1,1,5,1,0,0,1,0,0,0,1,4,0,,0,0,0,0,0,10,3.8,364.29
TS108,tshirt,2026-06-08,29,339,0.0,339,0,0,6501,180,16,14,6,2,0,6,3,1,0,2,0,0,0,2,3,1,3.0,0,1,0,0,0,11,3.73,-98.56
TS108,tshirt,2026-06-15,30,339,0.0,339,0,0,7893,229,15,15,5,5,2,3,0,0,0,0,0,0,0,0,3,0,,0,0,0,0,0,11,3.73,290.72
TS108,tshirt,2026-06-22,31,339,0.0,339,0,1,10033,277,25,20,7,2,1,6,2,2,0,0,0,0,0,1,4,1,2.0,0,0,1,0,1,12,3.58,115.01
TS108,tshirt,2026-06-29,32,339,0.0,339,0,0,8905,216,18,10,2,1,0,2,1,0,1,0,0,0,0,0,1,1,4.0,1,0,0,0,0,13,3.62,-105.71
TS108,tshirt,2026-07-06,33,339,0.0,339,0,0,6605,186,12,12,3,2,2,1,0,0,0,0,0,0,0,0,1,0,,0,0,0,0,0,13,3.62,3.57
TS108,tshirt,2026-07-13,34,339,0.0,339,0,0,6524,171,17,14,5,4,1,4,0,0,0,0,0,0,0,0,4,0,,0,0,0,0,0,13,3.62,504.29
TS108,tshirt,2026-07-20,35,339,0.0,339,0,0,7123,171,20,5,2,1,0,2,1,0,0,1,0,0,0,1,1,0,,0,0,0,0,0,13,3.62,3.57
TS108,tshirt,2026-07-27,36,339,0.0,339,0,0,6021,168,12,7,2,1,0,2,0,0,0,0,0,0,0,0,2,0,,0,0,0,0,0,13,3.62,287.15
TS108,tshirt,2026-08-03,37,339,0.0,339,0,0,7347,204,18,12,3,1,1,2,0,0,0,0,0,0,0,0,2,0,,0,0,0,0,0,13,3.62,217.15
TS108,tshirt,2026-08-10,38,339,0.0,339,0,0,4492,131,14,9,1,0,0,1,0,0,0,0,0,0,0,0,1,0,,0,0,0,0,0,13,3.62,143.57
TS108,tshirt,2026-08-17,39,339,0.0,339,0,0,5304,117,8,10,3,3,0,3,1,0,0,1,0,0,0,1,2,0,,0,0,0,0,0,13,3.62,147.15
TS108,tshirt,2026-08-24,40,339,0.0,339,1,0,6304,187,18,11,3,1,0,3,2,1,0,0,1,0,0,2,1,1,3.0,0,1,0,0,0,14,3.57,-136.43
TS108,tshirt,2026-08-31,41,339,0.0,339,0,0,4921,133,14,6,3,2,1,2,2,1,0,1,0,0,0,1,0,0,,0,0,0,0,0,14,3.57,-459.28
TS108,tshirt,2026-09-07,42,339,0.0,339,0,0,6726,179,8,12,3,2,1,2,0,0,0,0,0,0,0,0,2,1,4.0,1,0,0,0,0,15,3.6,217.15
TS108,tshirt,2026-09-14,43,339,0.0,339,0,0,6121,175,9,11,4,2,0,4,2,1,1,0,0,0,0,1,2,0,,0,0,0,0,0,15,3.6,-102.14
TS108,tshirt,2026-09-21,44,339,0.1,305,0,1,10799,317,31,19,5,3,0,5,0,0,0,0,0,0,0,0,5,1,5.0,1,0,0,0,0,16,3.69,555.96
TS109,tshirt,2025-09-15,1,279,0.0,279,0,0,11286,638,57,77,36,28,3,33,11,5,0,2,0,3,1,9,22,3,3.67,2,1,0,0,0,3,3.67,-161.34
TS109,tshirt,2025-09-22,2,279,0.0,279,1,1,23856,1222,95,109,43,34,6,37,8,5,1,1,0,1,0,5,29,4,5.0,4,0,0,0,0,7,4.43,512.97
TS109,tshirt,2025-09-29,3,279,0.0,279,1,1,26663,1788,139,187,68,51,11,57,4,4,0,0,0,0,0,4,53,7,3.86,4,2,1,0,1,14,4.14,3042.69
TS109,tshirt,2025-10-06,4,279,0.0,279,1,1,31309,1893,160,216,78,56,7,71,11,7,2,1,0,1,0,8,60,20,3.55,10,7,3,1,2,34,3.79,2580.59
TS109,tshirt,2025-10-13,5,279,0.0,279,1,0,14270,824,59,84,30,21,5,25,3,1,1,0,0,1,0,2,22,2,3.0,1,0,1,0,1,36,3.75,931.87
TS109,tshirt,2025-10-20,6,279,0.0,279,1,0,14499,837,59,100,46,34,5,41,5,3,0,1,0,0,1,2,36,8,3.75,4,4,0,0,0,44,3.75,1580.5
TS109,tshirt,2025-10-27,7,279,0.0,279,0,0,14844,833,62,106,38,32,7,31,10,4,1,4,0,1,0,7,21,7,3.57,4,2,1,0,1,51,3.73,-497.06
TS109,tshirt,2025-11-03,8,279,0.0,279,0,0,10089,541,42,53,28,23,6,22,5,3,1,1,0,0,0,3,17,5,3.6,2,2,1,0,1,56,3.71,56.14
TS109,tshirt,2025-11-10,9,279,0.0,279,0,0,9590,584,51,69,27,17,1,26,4,3,0,0,1,0,0,3,22,3,4.33,3,0,0,0,0,59,3.75,1071.87
TS109,tshirt,2025-11-17,10,279,0.0,279,0,0,13963,795,66,90,38,31,8,30,5,3,0,0,0,2,0,4,25,4,4.5,3,1,0,0,0,63,3.79,689.38
TS109,tshirt,2025-11-24,11,279,0.0,279,0,0,13380,733,69,83,38,31,9,29,3,1,1,1,0,0,0,0,26,3,4.0,2,0,1,0,1,66,3.8,755.46
TS109,tshirt,2025-12-01,12,279,0.0,279,0,0,9518,541,49,53,23,14,2,21,3,1,0,0,2,0,0,2,18,1,5.0,1,0,0,0,0,67,3.82,811.86
TS109,tshirt,2025-12-08,13,279,0.0,279,0,0,9552,535,45,62,26,22,4,22,4,2,0,2,0,0,0,4,18,1,4.0,1,0,0,0,0,68,3.82,645.07
TS109,tshirt,2025-12-15,14,279,0.0,279,0,0,10045,573,50,53,20,15,2,18,5,2,1,1,1,0,0,4,13,3,4.67,3,0,0,0,0,71,3.86,119.34
TS109,tshirt,2025-12-22,15,279,0.0,279,0,0,12338,757,64,79,28,20,4,24,2,2,0,0,0,0,0,1,22,6,4.0,5,1,0,0,0,77,3.87,1141.87
TS109,tshirt,2025-12-29,16,279,0.0,279,0,0,8700,486,39,55,23,16,3,20,4,2,1,0,0,0,1,2,16,4,3.25,2,1,1,0,1,81,3.84,323.64
TS109,tshirt,2026-01-05,17,279,0.0,279,0,0,11721,716,63,84,29,21,5,24,3,2,1,0,0,0,0,2,21,2,4.5,2,0,0,0,0,83,3.86,849.37
TS109,tshirt,2026-01-12,18,279,0.0,279,0,1,11863,698,48,87,38,26,2,36,8,5,0,1,1,0,1,6,28,5,3.8,4,0,1,0,1,88,3.85,823.68
TS109,tshirt,2026-01-19,19,279,0.0,279,0,0,9989,595,51,69,29,23,4,25,5,4,0,1,0,0,0,1,20,5,3.8,3,2,0,0,0,93,3.85,217.23
TS109,tshirt,2026-01-26,20,279,0.0,279,0,0,9199,507,45,47,23,21,4,19,6,1,2,2,1,0,0,5,13,0,,0,0,0,0,0,93,3.85,-160.66
TS109,tshirt,2026-02-02,21,279,0.0,279,0,0,10957,679,58,86,38,33,8,30,7,4,1,1,1,0,0,6,23,2,4.0,2,0,0,0,0,95,3.85,244.37
TS109,tshirt,2026-02-09,22,279,0.0,279,0,0,12486,747,79,86,32,26,5,27,7,4,2,1,0,0,0,6,20,3,4.33,3,0,0,0,0,98,3.87,206.86
TS109,tshirt,2026-02-16,23,279,0.0,279,0,0,10708,658,61,57,21,14,2,19,3,3,0,0,0,0,0,3,16,2,4.5,2,0,0,0,0,100,3.88,760.06
TS109,tshirt,2026-02-23,24,279,0.0,279,0,0,11662,670,55,86,38,28,3,35,6,2,0,3,1,0,0,5,29,6,3.33,3,1,2,1,1,106,3.85,1229.4
TS109,tshirt,2026-03-02,25,279,0.0,279,1,1,20296,1195,100,134,55,40,9,46,14,2,5,2,2,2,1,8,32,10,4.0,9,0,1,0,1,116,3.86,-629.15
TS109,tshirt,2026-03-09,26,279,0.0,279,0,0,13402,760,68,91,36,31,3,33,6,2,1,1,1,1,0,6,27,3,4.33,2,1,0,0,0,119,3.87,1177.6
TS109,tshirt,2026-03-16,27,279,0.0,279,0,0,14506,856,62,96,36,25,3,33,12,5,0,5,0,2,0,7,21,3,3.33,1,2,0,0,0,122,3.86,-723.48
TS109,tshirt,2026-03-23,28,279,0.0,279,0,0,19039,1104,72,111,45,30,5,40,7,2,1,1,2,1,0,7,33,10,3.6,5,4,1,0,1,132,3.84,1392.62
TS109,tshirt,2026-03-30,29,279,0.0,279,0,0,15665,907,86,110,55,35,5,50,8,3,1,3,0,0,1,8,42,10,3.5,6,1,3,0,3,142,3.82,1995.15
TS109,tshirt,2026-04-06,30,279,0.0,279,0,0,18478,1074,86,111,49,41,12,37,10,3,6,1,0,0,0,5,27,5,3.4,2,2,1,0,1,147,3.8,-578.45
TS109,tshirt,2026-04-13,31,279,0.0,279,0,0,16841,1019,81,119,55,47,6,49,12,5,2,4,1,0,0,8,37,1,4.0,1,0,0,0,0,148,3.8,499.79
TS109,tshirt,2026-04-20,32,279,0.0,279,0,0,17397,1018,80,108,53,38,8,45,11,3,6,1,1,0,0,9,34,5,3.4,2,2,1,0,1,153,3.79,478.7
TS109,tshirt,2026-04-27,33,279,0.0,279,0,0,12854,756,65,85,30,22,3,27,8,3,2,1,1,1,0,7,19,5,3.2,2,2,1,0,1,158,3.77,124.36
TS109,tshirt,2026-05-04,34,279,0.0,279,0,0,19146,1103,89,112,47,34,1,46,8,3,0,4,0,0,1,7,38,5,4.2,4,1,0,0,0,163,3.79,1831.93
TS109,tshirt,2026-05-11,35,279,0.0,279,0,0,17911,1065,86,97,45,37,9,36,10,5,1,1,1,1,1,9,26,3,3.67,2,0,1,0,1,166,3.78,1.88
TS109,tshirt,2026-05-18,36,279,0.0,279,0,0,12357,724,61,70,28,23,4,24,2,2,0,0,0,0,0,1,22,3,3.67,2,1,0,0,0,169,3.78,1141.87
TS109,tshirt,2026-05-25,37,279,0.0,279,0,0,16495,931,74,94,36,26,8,28,3,1,0,1,0,1,0,2,25,3,3.67,2,1,0,0,0,172,3.78,969.38
TS109,tshirt,2026-06-01,38,279,0.0,279,0,0,17959,1019,97,104,49,35,7,42,9,4,1,0,0,0,4,8,33,9,4.22,8,1,0,0,0,181,3.8,859.41
TS109,tshirt,2026-06-08,39,279,0.0,279,0,0,13935,791,57,77,36,29,2,34,9,7,0,1,0,0,1,7,25,10,4.1,7,3,0,0,0,191,3.82,436.17
TS109,tshirt,2026-06-15,40,279,0.0,279,0,0,16892,946,74,96,29,24,1,28,9,4,0,2,3,0,0,4,19,6,3.83,3,3,0,0,0,197,3.82,-328.48
TS109,tshirt,2026-06-22,41,279,0.0,279,0,1,18359,1051,98,96,45,31,6,39,5,3,0,1,1,0,0,3,34,7,4.29,5,2,0,0,0,204,3.83,1458.7
TS109,tshirt,2026-06-29,42,279,0.0,279,0,0,11473,658,56,57,23,15,2,21,4,2,1,1,0,0,0,3,17,5,4.0,5,0,0,0,0,209,3.84,589.35
TS109,tshirt,2026-07-06,43,279,0.0,279,0,0,11290,613,49,59,27,17,2,25,6,5,0,0,0,1,0,5,19,2,3.5,1,0,1,0,1,211,3.83,474.36
TS109,tshirt,2026-07-13,44,279,0.0,279,0,0,11073,634,53,65,28,18,5,23,5,4,1,0,0,0,0,4,18,4,4.75,4,0,0,0,0,215,3.85,321.86
TS109,tshirt,2026-07-20,45,279,0.0,279,0,0,13663,826,68,84,29,17,4,25,4,2,1,1,0,0,0,2,21,3,4.0,2,0,1,0,1,218,3.85,666.16
TS109,tshirt,2026-07-27,46,279,0.0,279,0,0,11100,648,56,56,23,16,5,18,4,1,0,0,1,0,2,2,14,4,4.25,4,0,0,0,0,222,3.86,18.63
TS109,tshirt,2026-08-03,47,279,0.0,279,0,0,10773,610,58,59,19,15,0,19,5,1,0,1,2,0,1,4,14,1,5.0,1,0,0,0,0,223,3.87,341.84
TS109,tshirt,2026-08-10,48,279,0.0,279,0,0,16172,923,81,97,38,22,2,36,4,1,1,1,0,1,0,4,32,3,4.0,2,1,0,0,0,226,3.87,1940.12
TS109,tshirt,2026-08-17,49,279,0.0,279,0,0,12746,712,60,85,37,32,8,29,4,1,1,0,0,0,2,4,25,3,4.0,2,1,0,0,0,229,3.87,942.59
TS109,tshirt,2026-08-24,50,279,0.0,279,1,0,13354,779,62,75,30,20,5,25,9,4,2,1,0,1,1,6,16,2,2.5,0,1,1,0,1,231,3.86,-629.57
TS109,tshirt,2026-08-31,51,279,0.0,279,0,0,12979,735,70,77,32,23,5,27,8,4,2,1,0,1,0,4,19,4,4.0,3,1,0,0,0,235,3.86,-355.27
TS109,tshirt,2026-09-07,52,279,0.0,279,0,0,9592,551,42,56,18,14,2,16,2,2,0,0,0,0,0,0,14,4,4.5,3,1,0,0,0,239,3.87,508.63
TS109,tshirt,2026-09-14,53,279,0.0,279,0,0,12286,695,60,74,27,22,3,24,6,6,0,0,0,0,0,4,18,3,4.0,2,1,0,0,0,242,3.87,208.64
TS109,tshirt,2026-09-21,54,279,0.0,279,0,1,16494,958,78,88,39,24,2,37,5,4,0,0,0,0,1,4,32,8,4.0,5,3,0,0,0,250,3.88,1686.91
TS110,tshirt,2025-12-29,1,249,0.0,249,0,0,8466,636,56,108,46,37,7,39,6,2,2,2,0,0,0,5,33,4,4.75,4,0,0,0,0,4,4.75,469.62
TS110,tshirt,2026-01-05,2,249,0.0,249,0,0,29155,3222,291,454,215,159,43,172,27,14,2,4,1,1,5,20,145,23,4.26,19,3,1,0,1,27,4.33,832.57
TS110,tshirt,2026-01-12,3,249,0.0,249,0,1,27512,2934,275,459,212,180,33,179,29,16,6,2,2,0,3,19,150,17,4.06,12,4,1,0,1,44,4.23,1213.9
TS110,tshirt,2026-01-19,4,249,0.0,249,0,0,20695,2120,177,359,189,154,26,163,30,16,4,4,3,2,1,24,133,21,3.9,14,4,3,1,2,65,4.12,1017.71
TS110,tshirt,2026-01-26,5,249,0.0,249,0,0,16072,1585,131,263,140,113,22,118,21,13,3,0,3,2,0,14,97,11,4.36,9,2,0,0,0,76,4.16,365.97
TS110,tshirt,2026-02-02,6,249,0.0,249,0,0,16919,1709,155,291,154,123,25,129,15,9,1,4,0,0,1,9,114,20,4.3,17,3,0,0,0,96,4.19,2088.64
TS110,tshirt,2026-02-09,7,249,0.0,249,0,0,12860,1299,111,225,117,97,18,99,20,5,9,2,2,0,2,16,79,17,4.41,15,2,0,0,0,113,4.22,72.63
TS110,tshirt,2026-02-16,8,249,0.0,249,0,0,21839,2153,195,354,162,130,23,139,18,9,4,1,0,1,3,14,121,16,4.31,13,3,0,0,0,129,4.23,2432.16
TS110,tshirt,2026-02-23,9,249,0.0,249,0,0,19065,1848,182,335,181,153,35,146,16,8,2,2,1,1,2,9,130,21,4.29,15,5,1,1,0,150,4.24,2064.88
TS110,tshirt,2026-03-02,10,249,0.0,249,1,1,31451,3141,306,534,258,200,38,220,38,23,6,4,1,2,2,27,182,39,4.49,36,3,0,0,0,189,4.29,1345.67
TS110,tshirt,2026-03-09,11,249,0.0,249,0,0,17912,1807,146,283,141,114,24,117,21,15,3,1,0,1,1,17,96,23,4.22,17,5,1,0,1,212,4.28,496.01
TS110,tshirt,2026-03-16,12,249,0.0,249,0,0,23483,2447,214,400,212,175,29,183,23,13,5,1,3,1,0,18,160,26,4.35,21,3,2,0,2,238,4.29,3458.85
TS110,tshirt,2026-03-23,13,249,0.0,249,0,0,19398,2019,177,336,166,128,24,142,20,11,4,3,1,1,0,15,122,27,4.22,23,3,1,0,1,265,4.28,2030.71
TS110,tshirt,2026-03-30,14,249,0.0,249,0,0,14910,1486,122,275,146,117,20,126,22,17,1,1,0,2,1,11,104,15,4.27,12,3,0,0,0,280,4.28,333.7
TS110,tshirt,2026-04-06,15,249,0.0,249,0,0,26619,2739,232,464,225,181,34,191,33,15,6,3,2,2,5,27,158,29,4.21,21,7,1,0,1,309,4.28,1483.86
TS110,tshirt,2026-04-13,16,249,0.0,249,0,0,29563,2935,238,476,233,192,34,199,35,19,3,7,2,2,2,26,164,40,4.03,30,8,2,0,2,349,4.25,1223.04
TS110,tshirt,2026-04-20,17,249,0.0,249,0,0,22399,2310,200,427,190,155,26,164,28,16,4,5,0,1,2,22,136,26,4.31,25,0,1,0,1,375,4.25,1471.25
TS110,tshirt,2026-04-27,18,249,0.0,249,0,0,27630,2771,237,437,220,182,37,183,29,19,4,4,1,0,1,13,154,31,4.26,27,2,2,1,1,406,4.25,509.51
TS110,tshirt,2026-05-04,19,249,0.0,249,0,0,31170,3090,249,508,253,203,32,221,28,10,4,4,5,2,3,20,193,18,4.39,15,3,0,0,0,424,4.26,4129.87
TS110,tshirt,2026-05-11,20,249,0.0,249,0,0,19429,2038,192,329,158,135,21,137,23,14,3,1,2,2,1,17,114,20,4.55,18,2,0,0,0,444,4.27,1248.64
TS110,tshirt,2026-05-18,21,249,0.0,249,0,0,33238,3398,321,569,254,215,36,218,37,15,6,7,3,2,4,27,181,36,4.19,28,5,3,0,3,480,4.26,1677.12
TS110,tshirt,2026-05-25,22,249,0.0,249,0,0,21260,2235,213,388,186,154,23,163,26,16,2,2,2,2,2,17,137,16,4.31,14,2,0,0,0,496,4.27,1691.21
TS110,tshirt,2026-06-01,23,249,0.0,249,0,0,26067,2583,223,431,203,159,24,179,27,14,5,4,0,1,3,23,152,24,4.33,22,1,1,0,1,520,4.27,2895.38
TS110,tshirt,2026-06-08,24,249,0.0,249,0,0,25248,2538,232,393,195,151,28,167,23,10,3,3,1,3,3,16,144,22,4.14,17,3,2,0,2,542,4.26,2384.72
TS110,tshirt,2026-06-15,25,249,0.0,249,0,0,22277,2192,217,365,173,144,20,153,16,6,1,5,2,1,1,12,137,21,4.29,18,3,0,0,0,563,4.26,3847.69
TS110,tshirt,2026-06-22,26,249,0.0,249,0,1,29745,3025,270,523,241,203,35,206,26,8,5,6,0,1,6,17,180,35,4.26,30,4,1,0,1,598,4.26,3338.58
TS110,tshirt,2026-06-29,27,249,0.0,249,0,0,23320,2371,230,392,200,158,24,176,26,13,4,4,0,3,2,20,150,26,4.04,19,5,2,1,1,624,4.25,2701.09
TS110,tshirt,2026-07-06,28,249,0.0,249,0,0,18232,1844,158,296,135,115,17,118,16,10,1,3,0,1,1,11,102,15,4.67,14,1,0,0,0,639,4.26,1923.79
TS110,tshirt,2026-07-13,29,249,0.0,249,0,0,16685,1636,139,300,160,134,22,138,22,14,1,2,1,2,2,12,116,24,4.33,19,5,0,0,0,663,4.27,997.15
TS110,tshirt,2026-07-20,30,249,0.0,249,0,0,18823,1959,199,342,164,137,25,139,17,8,3,2,0,2,2,11,122,19,4.63,18,1,0,0,0,682,4.28,2271.41
TS110,tshirt,2026-07-27,31,249,0.0,249,0,0,22094,2288,208,340,168,143,24,144,25,13,5,3,0,2,2,16,119,24,4.04,18,3,3,1,2,706,4.27,719.98
TS110,tshirt,2026-08-03,32,249,0.0,249,0,0,17795,1743,152,290,136,109,17,119,15,6,5,1,1,0,2,12,104,18,4.17,15,2,1,1,0,724,4.27,2398.08
TS110,tshirt,2026-08-10,33,249,0.0,249,0,0,16727,1698,169,248,112,90,15,97,14,5,3,2,2,0,2,8,83,17,3.94,10,5,2,0,2,741,4.26,1135.42
TS110,tshirt,2026-08-17,34,249,0.0,249,0,0,18215,1806,167,303,144,124,21,123,26,10,1,6,3,1,5,19,97,17,4.0,11,6,0,0,0,758,4.25,-264.03
TS110,tshirt,2026-08-24,35,249,0.0,249,1,0,18960,1903,189,327,172,140,20,152,24,12,4,4,2,0,2,18,128,26,4.15,19,6,1,0,1,784,4.25,1988.48
TS110,tshirt,2026-08-31,36,249,0.0,249,0,0,17994,1817,182,286,136,110,22,114,18,10,2,2,0,4,0,17,96,25,4.4,24,1,0,0,0,809,4.25,1383.9
TS110,tshirt,2026-09-07,37,249,0.0,249,0,0,18921,1835,154,315,131,116,16,115,22,13,3,5,1,0,0,18,93,14,4.14,11,2,1,0,1,823,4.25,742.47
TS110,tshirt,2026-09-14,38,249,0.0,249,0,0,23502,2433,202,366,184,154,27,157,34,15,6,6,2,2,3,26,123,16,4.56,15,1,0,0,0,839,4.26,-409.34
TS110,tshirt,2026-09-21,39,249,0.0,249,0,1,20164,2057,191,353,172,135,15,157,24,13,5,1,0,3,2,15,133,28,4.14,23,3,2,0,2,867,4.25,2299.82
TS111,tshirt,2025-09-29,1,329,0.2,263,1,1,16325,1211,97,123,60,44,12,48,4,2,0,1,1,0,0,3,44,11,3.64,6,3,2,0,2,11,3.64,304.39
TS111,tshirt,2025-10-06,2,329,0.2,263,1,1,36295,2620,204,328,170,123,22,148,21,8,6,4,0,2,1,15,127,29,4.17,23,5,1,0,1,40,4.03,7.97
TS111,tshirt,2025-10-13,3,329,0.0,329,1,0,22318,1530,113,147,40,30,3,37,9,3,2,1,0,1,2,5,28,5,4.2,4,0,1,1,0,45,4.04,908.45
TS111,tshirt,2025-10-20,4,329,0.0,329,1,0,21882,1569,129,161,67,45,8,59,9,5,1,0,0,1,2,9,50,9,3.78,5,4,0,0,0,54,4.0,3417.15
TS111,tshirt,2025-10-27,5,329,0.0,329,0,0,16453,1139,99,116,42,24,4,38,9,3,1,0,2,1,2,6,29,3,4.33,2,1,0,0,0,57,4.02,1081.78
TS111,tshirt,2025-11-03,6,329,0.0,329,0,0,10884,801,70,94,37,29,2,35,5,2,1,1,0,1,0,3,30,6,3.33,2,3,1,0,1,63,3.95,2025.11
TS111,tshirt,2025-11-10,7,329,0.0,329,0,0,14539,1008,97,96,34,24,6,28,5,2,0,1,1,0,1,3,23,5,3.4,2,3,0,0,0,68,3.91,1011.91
TS111,tshirt,2025-11-17,8,329,0.0,329,0,0,13653,944,81,98,37,27,6,31,7,3,0,1,1,2,0,6,24,6,4.0,4,1,1,1,0,74,3.92,975.24
TS111,tshirt,2025-11-24,9,329,0.0,329,0,0,14213,967,82,72,15,10,1,14,2,1,0,0,1,0,0,2,12,1,4.0,1,0,0,0,0,75,3.92,906.92
TS111,tshirt,2025-12-01,10,329,0.0,329,0,0,11683,792,57,81,33,20,2,31,9,4,3,1,1,0,0,6,22,4,4.0,3,1,0,0,0,79,3.92,488.58
TS111,tshirt,2025-12-08,11,329,0.0,329,0,0,14068,953,91,93,32,24,4,28,7,5,0,2,0,0,0,3,21,6,3.67,4,1,1,0,1,85,3.91,385.24
TS111,tshirt,2025-12-15,12,329,0.0,329,0,0,11825,778,70,65,24,17,4,20,1,1,0,0,0,0,0,1,19,3,4.33,3,0,0,0,0,88,3.92,1570.12
TS111,tshirt,2025-12-22,13,329,0.0,329,0,0,9620,697,67,69,22,14,3,19,1,1,0,0,0,0,0,0,18,1,4.0,1,0,0,0,0,89,3.92,1396.79
TS111,tshirt,2025-12-29,14,329,0.0,329,0,0,9688,679,59,72,24,20,2,22,4,3,0,0,0,0,1,3,18,3,4.33,3,0,0,0,0,92,3.93,1046.79
TS111,tshirt,2026-01-05,15,329,0.0,329,0,0,7394,528,49,54,18,12,0,18,2,0,1,0,0,0,1,2,16,2,2.5,0,1,1,0,1,94,3.9,1395.89
TS111,tshirt,2026-01-12,16,329,0.0,329,0,1,14109,986,103,101,37,26,6,31,7,3,3,0,1,0,0,6,24,5,4.2,4,1,0,0,0,99,3.92,975.24
TS111,tshirt,2026-01-19,17,329,0.0,329,0,0,9546,620,64,63,20,14,1,19,7,1,2,1,1,2,0,5,12,2,3.5,1,1,0,0,0,101,3.91,-70.26
TS111,tshirt,2026-01-26,18,329,0.0,329,0,0,11475,768,54,61,22,14,2,20,5,2,0,0,1,1,1,4,15,4,4.25,3,1,0,0,0,105,3.92,592.56
TS111,tshirt,2026-02-02,19,329,0.0,329,0,0,8700,562,67,52,22,14,3,19,1,1,0,0,0,0,0,1,18,2,5.0,2,0,0,0,0,107,3.94,1535.38
TS111,tshirt,2026-02-09,20,319,0.0,319,0,0,10939,806,65,78,21,17,1,20,6,4,1,0,0,1,0,4,14,3,4.33,2,1,0,0,0,110,3.95,145.89
TS111,tshirt,2026-02-16,21,319,0.0,319,0,0,10807,829,90,80,23,16,2,21,3,2,0,1,0,0,0,2,18,4,4.25,3,1,0,0,0,114,3.96,1015.36
TS111,tshirt,2026-02-23,22,319,0.0,319,0,0,11854,825,68,85,38,23,6,32,6,2,1,0,1,0,2,5,26,3,4.33,3,0,0,0,0,117,3.97,1077.11
TS111,tshirt,2026-03-02,23,319,0.1,287,1,1,20248,1583,113,161,62,40,11,51,16,6,3,4,0,2,1,11,35,10,3.9,7,2,1,0,1,127,3.97,-1436.94
TS111,tshirt,2026-03-09,24,319,0.0,319,0,0,19341,1398,115,142,64,44,8,56,13,5,1,6,0,0,1,8,43,11,3.82,7,3,1,0,1,138,3.96,1021.48
TS111,tshirt,2026-03-16,25,319,0.0,319,0,0,15689,1170,103,134,52,37,9,43,12,8,2,0,0,0,2,7,31,11,4.27,9,1,1,1,0,149,3.98,-51.15
TS111,tshirt,2026-03-23,26,319,0.0,319,0,0,17244,1266,118,135,46,34,4,42,8,4,1,1,0,0,2,5,34,8,4.12,5,3,0,0,0,157,3.99,1421.68
TS111,tshirt,2026-03-30,27,319,0.0,319,0,0,15049,1104,103,110,46,30,6,40,10,4,1,1,3,1,0,6,30,5,4.2,4,1,0,0,0,162,3.99,482.22
TS111,tshirt,2026-04-06,28,319,0.0,319,0,0,21970,1543,128,146,53,35,7,46,7,1,1,1,1,1,2,4,39,5,3.8,4,1,0,0,0,167,3.99,1827.78
TS111,tshirt,2026-04-13,29,319,0.0,319,0,0,14839,1103,103,101,38,28,6,32,3,2,1,0,0,0,0,1,29,7,3.86,5,2,0,0,0,174,3.98,1644.18
TS111,tshirt,2026-04-20,30,309,0.0,309,0,0,13064,934,78,106,34,23,3,31,5,2,1,1,1,0,0,4,26,6,4.5,5,1,0,0,0,180,4.0,1179.49
TS111,tshirt,2026-04-27,31,309,0.0,309,0,0,12969,931,74,98,34,23,2,32,9,3,1,3,1,1,0,6,23,5,4.6,4,1,0,0,0,185,4.02,155.22
TS111,tshirt,2026-05-04,32,309,0.0,309,0,0,16778,1282,110,138,52,44,9,43,11,4,3,0,2,1,1,8,32,9,3.67,5,4,0,0,0,194,4.0,156.48
TS111,tshirt,2026-05-11,33,309,0.0,309,0,0,20351,1454,141,174,79,58,15,64,15,7,2,1,2,2,1,13,49,8,3.38,4,1,3,0,3,202,3.98,771.9
TS111,tshirt,2026-05-18,34,309,0.0,309,0,0,21465,1609,165,178,73,57,13,60,11,4,4,2,1,0,0,7,49,11,3.64,7,3,1,0,1,213,3.96,1194.72
TS111,tshirt,2026-05-25,35,309,0.0,309,0,0,17227,1291,121,131,44,30,8,36,13,7,3,2,0,1,0,11,23,6,3.83,4,2,0,0,0,219,3.95,-686.19
TS111,tshirt,2026-06-01,36,309,0.0,309,0,0,18529,1270,107,123,48,34,4,44,8,4,0,1,0,1,2,6,36,5,4.0,4,1,0,0,0,224,3.96,1407.86
TS111,tshirt,2026-06-08,37,309,0.0,309,0,0,16823,1225,111,123,57,32,3,54,13,6,2,2,0,1,2,10,41,8,3.75,5,3,0,0,0,232,3.95,1067.74
TS111,tshirt,2026-06-15,38,309,0.0,309,0,0,15406,1081,109,123,46,31,6,40,7,4,1,1,0,0,1,4,33,7,4.0,5,2,0,0,0,239,3.95,1012.18
TS111,tshirt,2026-06-22,39,309,0.1,278,0,1,22085,1742,129,217,98,66,9,89,18,12,1,2,1,0,2,12,71,7,3.86,5,2,0,0,0,246,3.95,6.65
TS111,tshirt,2026-06-29,40,319,0.0,319,0,0,16976,1153,131,129,57,41,9,48,14,4,1,2,2,2,3,12,34,5,3.8,4,0,1,0,1,251,3.94,370.27
TS111,tshirt,2026-07-06,41,319,0.0,319,0,0,16502,1196,110,115,49,26,5,44,6,2,0,3,0,1,0,3,38,7,4.29,7,0,0,0,0,258,3.95,2012.56
TS111,tshirt,2026-07-13,42,319,0.0,319,0,0,18769,1350,119,146,52,37,7,45,10,4,1,2,0,1,2,9,35,7,4.43,6,1,0,0,0,265,3.97,1304.08
TS111,tshirt,2026-07-20,43,319,0.0,319,0,0,17115,1146,107,108,40,25,4,36,8,4,1,1,1,1,0,8,28,4,4.75,4,0,0,0,0,269,3.98,1266.14
TS111,tshirt,2026-07-27,44,319,0.0,319,0,0,14308,1019,101,100,35,21,6,29,7,2,0,2,0,1,2,5,22,5,3.4,2,2,1,1,0,274,3.97,417.64
TS111,tshirt,2026-08-03,45,319,0.0,319,0,0,13055,954,91,88,33,23,5,28,2,1,0,1,0,0,0,1,26,3,4.67,3,0,0,0,0,277,3.97,1707.11
TS111,tshirt,2026-08-10,46,319,0.0,319,0,0,13803,906,98,86,34,21,2,32,8,2,2,1,0,0,3,7,24,4,4.0,2,2,0,0,0,281,3.98,886.67
TS111,tshirt,2026-08-17,47,319,0.0,319,0,0,11811,827,75,92,32,23,3,29,6,4,1,1,0,0,0,6,23,3,4.33,3,0,0,0,0,284,3.98,1140.04
TS111,tshirt,2026-08-24,48,319,0.0,319,1,0,13980,987,84,102,32,24,6,26,6,2,2,1,0,0,1,4,20,4,2.5,2,0,2,0,2,288,3.96,367.2
TS111,tshirt,2026-08-31,49,319,0.0,319,0,0,12693,940,69,81,31,19,5,26,6,2,1,1,0,0,2,3,20,5,3.8,3,1,1,1,0,293,3.96,298.61
TS111,tshirt,2026-09-07,50,309,0.0,309,0,0,9463,639,51,55,19,14,3,16,5,1,1,1,1,1,0,4,11,4,3.25,1,3,0,0,0,297,3.95,-105.94
TS111,tshirt,2026-09-14,51,309,0.0,309,0,0,11543,817,67,73,29,22,5,24,7,2,1,2,1,0,1,4,17,2,3.0,1,0,1,0,1,299,3.94,-288.95
TS111,tshirt,2026-09-21,52,309,0.2,247,0,1,15704,1390,121,192,94,70,14,80,15,5,1,3,0,5,1,12,65,9,4.11,8,0,1,0,1,308,3.94,-1763.66
TS112,tshirt,2025-09-08,1,389,0.0,389,0,0,9186,302,21,10,2,2,0,2,1,1,0,0,0,0,0,0,1,0,,0,0,0,0,0,0,,-101.12
TS112,tshirt,2025-09-15,2,389,0.0,389,0,0,6054,219,14,7,1,0,0,1,1,1,0,0,0,0,0,1,0,0,,0,0,0,0,0,0,,-140.0
TS112,tshirt,2025-09-22,3,389,0.15,331,1,1,4744,221,18,13,3,2,0,3,1,0,0,1,0,0,0,1,2,0,,0,0,0,0,0,0,,88.88
TS112,tshirt,2025-09-29,4,389,0.1,350,1,1,6476,248,9,14,4,4,0,4,2,2,0,0,0,0,0,1,2,0,,0,0,0,0,0,0,,-145.73
TS112,tshirt,2025-10-06,5,319,0.2,255,1,1,7117,361,26,26,8,7,1,7,1,0,1,0,0,0,0,1,6,1,4.0,1,0,0,0,0,1,4.0,42.36
TS112,tshirt,2025-10-13,6,319,0.0,319,1,0,7221,368,24,20,6,2,1,5,1,1,0,0,0,0,0,0,4,2,1.5,0,0,2,0,2,3,2.33,71.25
TS112,tshirt,2025-10-20,7,319,0.0,319,1,0,5471,138,12,7,4,4,1,3,2,0,0,2,0,0,0,2,1,0,,0,0,0,0,0,3,2.33,-246.99
TS112,tshirt,2025-10-27,8,319,0.0,319,0,0,5188,135,14,5,0,0,0,0,0,0,0,0,0,0,0,0,0,0,,0,0,0,0,0,3,2.33,0.0
TS112,tshirt,2025-11-03,9,319,0.0,319,0,0,3610,85,6,8,3,2,0,3,0,0,0,0,0,0,0,0,3,0,,0,0,0,0,0,3,2.33,309.04
TS112,tshirt,2025-11-10,10,319,0.0,319,0,0,3916,111,4,8,3,0,0,3,1,1,0,0,0,0,0,0,2,0,,0,0,0,0,0,3,2.33,-64.77
TS112,tshirt,2025-11-17,11,319,0.0,319,0,0,3019,75,8,3,2,2,0,2,1,0,0,0,0,0,1,1,1,1,2.0,0,0,1,0,1,4,2.25,-36.99
TS112,tshirt,2025-11-24,12,319,0.0,319,0,0,4514,133,11,6,4,4,1,3,0,0,0,0,0,0,0,0,3,0,,0,0,0,0,0,4,2.25,239.04
TS112,tshirt,2025-12-01,13,319,0.0,319,0,0,3439,79,2,2,1,1,0,1,0,0,0,0,0,0,0,0,1,0,,0,0,0,0,0,4,2.25,103.01
TS112,tshirt,2025-12-08,14,319,0.0,319,0,0,4966,93,9,4,1,0,0,1,1,1,0,0,0,0,0,1,0,0,,0,0,0,0,0,4,2.25,-140.0
TS112,tshirt,2025-12-15,15,319,0.0,319,0,0,3143,81,3,2,0,0,0,0,0,0,0,0,0,0,0,0,0,0,,0,0,0,0,0,4,2.25,0.0
TS112,tshirt,2025-12-22,16,319,0.0,319,0,0,2178,60,6,2,0,0,0,0,0,0,0,0,0,0,0,0,0,0,,0,0,0,0,0,4,2.25,0.0
TS112,tshirt,2025-12-29,17,319,0.0,319,0,0,2824,74,5,6,1,0,0,1,1,1,0,0,0,0,0,1,0,1,2.0,0,0,1,0,1,5,2.2,-140.0
TS113,tshirt,2026-07-20,1,269,0.0,269,0,0,14644,658,54,51,18,14,2,16,6,2,3,0,0,0,1,3,10,0,,0,0,0,0,0,0,,-299.74
TS113,tshirt,2026-07-27,2,269,0.0,269,0,0,10556,465,30,30,12,6,1,11,6,2,2,1,0,0,1,5,5,1,2.0,0,0,1,0,1,1,2.0,-524.42
TS113,tshirt,2026-08-03,3,269,0.0,269,0,0,6913,158,11,18,7,4,3,4,2,0,1,1,0,0,0,1,2,0,,0,0,0,0,0,1,2.0,-390.31
TS113,tshirt,2026-08-10,4,269,0.0,269,0,0,7584,154,18,15,3,1,0,3,0,0,0,0,0,0,0,0,3,0,,0,0,0,0,0,1,2.0,285.89
TS113,tshirt,2026-08-17,5,269,0.0,269,0,0,4245,102,9,5,0,0,0,0,0,0,0,0,0,0,0,0,0,0,,0,0,0,0,0,1,2.0,0.0
TS113,tshirt,2026-08-24,6,269,0.0,269,1,0,4216,118,9,7,4,3,0,4,2,1,1,0,0,0,0,2,2,0,,0,0,0,0,0,1,2.0,-89.41
TS113,tshirt,2026-08-31,7,269,0.0,269,0,0,3746,84,10,10,3,1,0,3,0,0,0,0,0,0,0,0,3,1,4.0,1,0,0,0,0,2,3.0,285.89
TS113,tshirt,2026-09-07,8,269,0.0,269,0,0,3242,106,6,10,1,1,0,1,0,0,0,0,0,0,0,0,1,0,,0,0,0,0,0,2,3.0,95.3
TS113,tshirt,2026-09-14,9,269,0.0,269,0,0,3555,114,9,13,4,4,1,3,2,1,0,1,0,0,0,2,1,1,1.0,0,0,1,0,1,3,2.33,-254.7
TS113,tshirt,2026-09-21,10,269,0.0,269,0,1,6225,149,16,12,5,3,0,5,0,0,0,0,0,0,0,0,5,2,3.0,0,2,0,0,0,5,2.6,476.48
TS114,tshirt,2026-04-20,1,309,0.0,309,0,0,14753,877,77,55,15,12,3,12,2,0,1,0,0,0,1,2,10,2,4.0,1,1,0,0,0,2,4.0,410.13
TS114,tshirt,2026-04-27,2,309,0.0,309,0,0,11757,723,64,65,20,17,2,18,7,6,1,0,0,0,0,5,11,3,4.33,2,1,0,0,0,5,4.2,-398.41
TS114,tshirt,2026-05-04,3,309,0.0,309,0,0,16588,1042,97,111,42,34,7,35,6,5,1,0,0,0,0,2,29,5,4.6,5,0,0,0,0,10,4.4,743.28
TS114,tshirt,2026-05-11,4,309,0.0,309,0,0,12854,941,75,99,40,34,8,32,5,2,2,1,0,0,0,2,27,7,4.0,5,1,1,1,0,17,4.24,767.52
TS114,tshirt,2026-05-18,5,309,0.0,309,0,0,14923,1056,89,114,41,30,6,35,8,5,1,1,1,0,0,7,27,6,4.0,5,0,1,0,1,23,4.17,756.07
TS114,tshirt,2026-05-25,6,309,0.0,309,0,0,17428,1260,120,117,35,29,6,29,2,1,1,0,0,0,0,1,27,6,4.0,5,1,0,0,0,29,4.14,1596.07
TS114,tshirt,2026-06-01,7,309,0.0,309,0,0,16603,1190,104,110,41,34,5,36,5,0,2,2,1,0,0,4,31,6,4.67,5,1,0,0,0,35,4.23,1606.12
TS114,tshirt,2026-06-08,8,309,0.0,309,0,0,17979,1327,114,128,42,34,4,38,12,3,2,4,1,2,0,9,26,8,3.62,5,3,0,0,0,43,4.12,-22.49
TS114,tshirt,2026-06-15,9,309,0.0,309,0,0,15190,1119,89,99,35,33,8,27,5,1,3,1,0,0,0,3,22,3,4.33,3,0,0,0,0,46,4.13,451.73
TS114,tshirt,2026-06-22,10,309,0.0,309,0,1,16532,1201,115,109,44,35,5,39,6,3,3,0,0,0,0,5,33,5,3.6,3,2,0,0,0,51,4.08,1646.15
TS114,tshirt,2026-06-29,11,309,0.0,309,0,0,14135,963,97,106,43,32,7,36,4,2,0,2,0,0,0,3,32,5,4.0,3,2,0,0,0,56,4.07,1696.13
TS114,tshirt,2026-07-06,12,309,0.0,309,0,0,14879,1042,86,96,36,31,4,32,7,3,0,1,1,2,0,7,25,7,3.57,5,0,2,1,1,63,4.02,990.32
TS114,tshirt,2026-07-13,13,309,0.0,309,0,0,16475,1120,87,95,36,30,4,32,6,2,1,0,1,2,0,6,26,1,4.0,1,0,0,0,0,64,4.02,1220.33
TS114,tshirt,2026-07-20,14,309,0.0,309,0,0,12117,780,57,86,30,24,1,29,6,2,0,0,1,2,1,5,23,3,3.67,2,1,0,0,0,67,4.0,1026.02
TS114,tshirt,2026-07-27,15,309,0.0,309,0,0,13444,928,81,90,31,24,4,27,3,0,1,2,0,0,0,3,24,7,4.29,5,2,0,0,0,74,4.03,1460.3
TS114,tshirt,2026-08-03,16,309,0.0,309,0,0,15961,1037,93,107,40,30,2,38,8,4,1,1,1,1,0,3,30,3,3.0,1,1,1,0,1,77,3.99,769.02
TS114,tshirt,2026-08-10,17,309,0.0,309,0,0,12335,819,77,87,38,27,3,35,7,3,0,2,0,1,1,5,28,4,3.75,3,1,0,0,0,81,3.98,1061.81
TS114,tshirt,2026-08-17,18,309,0.0,309,0,0,14231,909,68,97,37,31,3,34,6,4,0,1,0,0,1,5,28,4,3.75,2,2,0,0,0,85,3.96,1336.08
TS114,tshirt,2026-08-24,19,309,0.0,309,1,0,12644,819,61,86,36,33,1,35,4,1,0,3,0,0,0,3,31,7,3.86,5,1,1,0,1,92,3.96,2026.12
TS114,tshirt,2026-08-31,20,309,0.0,309,0,0,12880,851,78,78,30,23,2,28,4,2,0,1,0,0,1,3,24,3,3.67,2,1,0,0,0,95,3.95,1326.03
TS114,tshirt,2026-09-07,21,309,0.0,309,0,0,15801,1061,100,100,43,36,9,34,7,2,1,2,1,0,1,6,27,2,4.0,2,0,0,0,0,97,3.95,686.07
TS114,tshirt,2026-09-14,22,309,0.0,309,0,0,7101,482,38,35,16,12,1,15,2,1,1,0,0,0,0,2,13,2,3.5,1,1,0,0,0,99,3.94,820.17
TS114,tshirt,2026-09-21,23,309,0.0,309,0,1,17867,1182,111,117,52,45,6,46,8,3,0,0,2,2,1,4,38,11,3.91,6,5,0,0,0,110,3.94,1343.39
TS115,tshirt,2026-02-02,1,289,0.0,289,0,0,11209,683,46,44,22,17,2,20,8,3,3,0,1,0,1,6,12,2,4.0,2,0,0,0,0,2,4.0,31.61
TS115,tshirt,2026-02-09,2,289,0.0,289,0,0,12323,783,59,62,28,20,2,26,8,3,3,1,0,0,1,7,18,1,3.0,0,1,0,0,0,3,3.67,844.74
TS115,tshirt,2026-02-16,3,289,0.0,289,0,0,13401,811,61,58,23,17,4,19,6,2,2,1,1,0,0,5,13,4,4.0,3,1,0,0,0,7,3.86,376.85
TS115,tshirt,2026-02-23,4,289,0.0,289,0,0,14884,981,69,85,31,20,6,25,6,2,4,0,0,0,0,5,19,6,3.83,4,1,1,0,1,13,3.85,966.32
TS115,tshirt,2026-03-02,5,289,0.0,289,1,1,14202,934,61,78,39,29,4,35,7,1,2,2,1,0,1,4,28,4,3.0,2,0,2,0,2,17,3.65,1893.2
TS115,tshirt,2026-03-09,6,339,0.0,339,0,0,16609,873,61,61,17,11,3,14,5,1,1,1,0,1,1,3,9,2,4.0,2,0,0,0,0,19,3.68,445.45
TS115,tshirt,2026-03-16,7,339,0.0,339,0,0,9998,532,44,28,8,6,1,7,0,0,0,0,0,0,0,0,7,0,,0,0,0,0,0,19,3.68,1114.38
TS115,tshirt,2026-03-23,8,339,0.0,339,0,0,9185,479,38,36,11,6,0,11,4,2,2,0,0,0,0,3,7,0,,0,0,0,0,0,19,3.68,540.72
TS115,tshirt,2026-03-30,9,339,0.0,339,0,0,6495,340,30,16,4,4,1,3,0,0,0,0,0,0,0,0,3,1,4.0,1,0,0,0,0,20,3.7,437.59
TS115,tshirt,2026-04-06,10,339,0.0,339,0,0,8229,394,37,19,4,1,0,4,2,1,0,0,0,0,1,2,2,1,1.0,0,0,1,1,0,21,3.57,58.39
TS115,tshirt,2026-04-13,11,339,0.0,339,0,0,8396,422,27,23,7,5,1,6,3,0,1,0,0,2,0,2,3,1,3.0,0,1,0,0,0,22,3.55,-66.07
TS115,tshirt,2026-04-20,12,339,0.0,339,0,0,7951,392,25,17,7,4,0,7,1,0,0,1,0,0,0,1,6,1,3.0,0,1,0,0,0,23,3.52,875.18
TS115,tshirt,2026-04-27,13,339,0.0,339,0,0,10072,469,36,33,13,10,2,11,5,1,1,2,0,0,1,4,6,2,3.0,0,2,0,0,0,25,3.48,91.52
TS115,tshirt,2026-05-04,14,339,0.0,339,0,0,8811,457,34,27,9,3,2,7,4,0,2,1,1,0,0,3,3,1,2.0,0,0,1,1,0,26,3.42,-276.07
TS115,tshirt,2026-05-11,15,339,0.0,339,0,0,9501,474,43,33,8,5,0,8,1,0,0,0,0,0,1,1,7,0,,0,0,0,0,0,26,3.42,1044.38
TS115,tshirt,2026-05-18,16,339,0.0,339,0,0,6619,354,22,22,9,9,3,6,2,1,1,0,0,0,0,2,4,1,3.0,0,1,0,0,0,27,3.41,186.79
TS115,tshirt,2026-05-25,17,339,0.0,339,0,0,9476,466,40,26,11,8,1,10,1,1,0,0,0,0,0,1,9,2,2.0,0,1,1,0,1,29,3.31,1312.77
TS115,tshirt,2026-06-01,18,339,0.0,339,0,0,7971,414,21,22,6,1,0,6,3,0,1,1,0,1,0,3,3,1,2.0,0,0,1,1,0,30,3.27,87.59
TS115,tshirt,2026-06-08,19,339,0.0,339,0,0,9173,436,43,25,6,4,0,6,1,0,1,0,0,0,0,0,5,1,4.0,1,0,0,0,0,31,3.29,622.32
TS115,tshirt,2026-06-15,20,339,0.0,339,0,0,6780,327,23,20,6,3,3,3,1,1,0,0,0,0,0,0,2,1,4.0,1,0,0,0,0,32,3.31,-95.27
TS115,tshirt,2026-06-22,21,339,0.1,305,0,1,9582,527,45,30,12,9,1,11,4,2,2,0,0,0,0,3,7,1,3.0,0,1,0,0,0,33,3.3,244.05
TS115,tshirt,2026-06-29,22,339,0.0,339,0,0,8275,416,25,19,3,2,0,3,1,0,0,1,0,0,0,1,2,0,,0,0,0,0,0,33,3.3,198.39
TS115,tshirt,2026-07-06,23,339,0.0,339,0,0,6742,332,27,16,6,4,0,6,1,1,0,0,0,0,0,1,5,0,,0,0,0,0,0,33,3.3,705.98
TS115,tshirt,2026-07-13,24,339,0.0,339,0,0,8045,391,27,22,9,9,3,6,1,1,0,0,0,0,0,1,5,0,,0,0,0,0,0,33,3.3,495.98
TS115,tshirt,2026-07-20,25,339,0.0,339,0,0,6753,295,27,12,3,1,1,2,0,0,0,0,0,0,0,0,2,1,4.0,1,0,0,0,0,34,3.32,268.39
TS115,tshirt,2026-07-27,26,339,0.0,339,0,0,7492,358,29,25,4,2,0,4,1,1,0,0,0,0,0,1,3,0,,0,0,0,0,0,34,3.32,367.59
TS115,tshirt,2026-08-03,27,339,0.0,339,0,0,4659,187,13,12,5,5,2,3,1,1,0,0,0,0,0,1,2,0,,0,0,0,0,0,34,3.32,58.39
TS115,tshirt,2026-08-10,28,339,0.0,339,0,0,6342,299,26,13,1,1,1,0,0,0,0,0,0,0,0,0,0,0,,0,0,0,0,0,34,3.32,-70.0
TS115,tshirt,2026-08-17,29,339,0.0,339,0,0,5452,259,24,15,6,6,1,5,1,0,0,0,0,0,1,0,4,2,4.0,1,1,0,0,0,36,3.36,383.13
TS115,tshirt,2026-08-24,30,339,0.0,339,1,0,6663,336,32,23,6,5,0,6,4,0,2,2,0,0,0,1,2,1,3.0,0,1,0,0,0,37,3.35,-472.59
TS115,tshirt,2026-08-31,31,339,0.0,339,0,0,5830,243,17,12,6,3,2,4,3,2,1,0,0,0,0,1,1,0,,0,0,0,0,0,37,3.35,-558.12
TS115,tshirt,2026-09-07,32,339,0.0,339,0,0,6010,250,20,12,2,1,0,2,1,1,0,0,0,0,0,0,1,0,,0,0,0,0,0,37,3.35,-54.46
TS115,tshirt,2026-09-14,33,339,0.0,339,0,0,6368,298,25,17,10,8,2,8,2,1,1,0,0,0,0,1,6,1,3.0,0,1,0,0,0,38,3.34,511.52
TS115,tshirt,2026-09-21,34,339,0.0,339,0,1,7782,361,17,30,11,8,1,10,4,2,1,1,0,0,0,1,6,2,3.5,1,1,0,0,0,40,3.35,134.2
TS116,tshirt,2026-04-06,1,279,0.0,279,0,0,15127,845,70,77,30,19,5,25,7,2,3,1,0,0,1,4,18,9,3.78,6,2,1,0,1,9,3.78,163.1
TS116,tshirt,2026-04-13,2,279,0.0,279,0,0,22089,1245,104,114,50,37,6,44,12,5,3,2,1,1,0,8,32,9,3.56,4,3,2,1,1,18,3.67,683.27
TS116,tshirt,2026-04-20,3,339,0.0,339,0,0,22252,1056,89,79,22,11,3,19,10,1,3,2,0,3,1,9,9,1,5.0,1,0,0,0,0,19,3.74,-300.84
TS116,tshirt,2026-04-27,4,339,0.0,339,0,0,19755,962,74,85,33,26,2,31,9,3,2,2,0,0,2,4,22,1,4.0,1,0,0,0,0,20,3.75,1553.17
TS116,tshirt,2026-05-04,5,339,0.0,339,0,0,12593,580,63,40,14,11,5,9,5,2,1,1,0,1,0,2,4,3,2.33,0,1,2,1,1,23,3.57,-715.16
TS116,tshirt,2026-05-11,6,339,0.0,339,0,0,10948,489,41,33,8,2,1,7,1,0,0,1,0,0,0,1,6,3,3.67,2,1,0,0,0,26,3.58,727.21
TS116,tshirt,2026-05-18,7,339,0.0,339,0,0,9171,413,38,38,10,7,3,7,0,0,0,0,0,0,0,0,7,0,,0,0,0,0,0,26,3.58,883.41
TS116,tshirt,2026-05-25,8,339,0.0,339,0,0,10467,488,36,46,22,15,7,15,7,4,2,0,0,0,1,4,8,1,3.0,0,1,0,0,0,27,3.56,-510.35
TS116,tshirt,2026-06-01,9,339,0.0,339,0,0,9045,403,37,40,13,9,0,13,3,1,0,2,0,0,0,3,10,1,4.0,1,0,0,0,0,28,3.57,1142.02
TS116,tshirt,2026-06-08,10,339,0.0,339,0,0,9660,442,47,31,9,6,2,7,1,1,0,0,0,0,0,1,6,0,,0,0,0,0,0,28,3.57,657.21
TS116,tshirt,2026-06-15,11,339,0.0,339,0,0,8893,379,26,24,5,4,1,4,1,0,0,0,0,0,1,1,3,1,4.0,1,0,0,0,0,29,3.59,258.61
TS116,tshirt,2026-06-22,12,339,0.0,339,0,1,12190,536,43,43,12,7,0,12,7,2,2,2,0,0,1,3,5,1,4.0,1,0,0,0,0,30,3.6,-585.61
TS116,tshirt,2026-06-29,13,339,0.0,339,0,0,8445,385,34,31,11,9,1,10,3,1,1,0,1,0,0,3,7,1,5.0,1,0,0,0,0,31,3.65,603.41
TS116,tshirt,2026-07-06,14,339,0.0,339,0,0,7906,351,28,28,6,3,0,6,1,0,0,1,0,0,0,1,5,1,2.0,0,0,1,0,1,32,3.59,641.01
TS116,tshirt,2026-07-13,15,339,0.0,339,0,0,8687,395,28,25,5,2,0,5,3,1,2,0,0,0,0,2,2,0,,0,0,0,0,0,32,3.59,-204.25
TS116,tshirt,2026-07-20,16,339,0.0,339,0,0,7307,332,25,20,6,4,3,3,1,0,1,0,0,0,0,1,2,0,,0,0,0,0,0,32,3.59,-37.6
TS116,tshirt,2026-07-27,17,339,0.0,339,0,0,7658,347,25,31,11,7,1,10,4,1,2,0,0,1,0,4,6,1,5.0,1,0,0,0,0,33,3.64,307.21
TS116,tshirt,2026-08-03,18,339,0.0,339,0,0,8262,404,39,30,11,10,3,8,1,0,1,0,0,0,0,1,7,2,4.0,2,0,0,0,0,35,3.66,743.41
TS116,tshirt,2026-08-10,19,339,0.0,339,0,0,8642,369,47,32,9,7,1,8,2,1,0,0,0,1,0,1,6,1,3.0,0,1,0,0,0,36,3.64,490.56
TS116,tshirt,2026-08-17,20,339,0.0,339,0,0,7046,325,30,25,12,7,2,10,3,3,0,0,0,0,0,3,7,1,2.0,0,0,1,1,0,37,3.59,533.41
TS116,tshirt,2026-08-24,21,339,0.0,339,1,0,9108,404,34,29,7,7,2,5,1,1,0,0,0,0,0,0,4,3,4.33,3,0,0,0,0,40,3.65,248.15
TS116,tshirt,2026-08-31,22,339,0.0,339,0,0,7396,339,28,24,8,5,0,8,2,1,1,0,0,0,0,0,6,1,5.0,1,0,0,0,0,41,3.68,463.9
TS116,tshirt,2026-09-07,23,339,0.0,339,0,0,6260,291,25,19,11,7,1,10,0,0,0,0,0,0,0,0,10,1,5.0,1,0,0,0,0,42,3.71,1492.02
TS116,tshirt,2026-09-14,24,339,0.0,339,0,0,10230,487,36,46,14,10,2,12,2,1,1,0,0,0,0,1,10,2,4.5,2,0,0,0,0,44,3.75,1045.37
TS116,tshirt,2026-09-21,25,339,0.0,339,0,1,9987,477,53,26,8,7,2,6,1,0,0,0,0,1,0,1,5,0,,0,0,0,0,0,44,3.75,501.01
TS117,tshirt,2026-03-02,1,319,0.2,255,1,1,16620,653,39,33,15,8,2,13,7,5,1,0,1,0,0,5,6,2,1.5,0,0,2,2,0,2,1.5,-837.06
TS117,tshirt,2026-03-09,2,319,0.0,319,0,0,14538,240,15,12,4,2,0,4,1,1,0,0,0,0,0,0,3,1,3.0,0,1,0,0,0,3,2.0,184.33
TS117,tshirt,2026-03-16,3,319,0.0,319,0,0,7507,106,8,5,1,0,0,1,0,0,0,0,0,0,0,0,1,0,,0,0,0,0,0,3,2.0,139.53
TS117,tshirt,2026-03-23,4,319,0.0,319,0,0,4312,64,2,0,0,0,0,0,0,0,0,0,0,0,0,0,0,0,,0,0,0,0,0,3,2.0,0.0
TS117,tshirt,2026-03-30,5,319,0.0,319,0,0,4051,83,9,1,0,0,0,0,0,0,0,0,0,0,0,0,0,0,,0,0,0,0,0,3,2.0,0.0
TS117,tshirt,2026-04-06,6,319,0.0,319,0,0,3366,50,4,3,0,0,0,0,0,0,0,0,0,0,0,0,0,0,,0,0,0,0,0,3,2.0,0.0
TS117,tshirt,2026-04-13,7,319,0.0,319,0,0,4298,75,5,1,1,1,0,1,1,0,0,0,1,0,0,1,0,0,,0,0,0,0,0,3,2.0,-140.0
TS118,tshirt,2026-02-09,1,319,0.0,319,0,0,10757,394,28,19,3,3,1,2,1,0,1,0,0,0,0,0,1,0,,0,0,0,0,0,0,,-258.55
TS118,tshirt,2026-02-16,2,319,0.0,319,0,0,5712,231,18,13,3,2,1,2,1,1,0,0,0,0,0,1,1,1,3.0,0,1,0,0,0,1,3.0,-117.37
TS118,tshirt,2026-02-23,3,319,0.0,319,0,0,5304,171,13,8,2,1,1,1,0,0,0,0,0,0,0,0,1,1,4.0,1,0,0,0,0,2,3.5,22.63
TS118,tshirt,2026-03-02,4,319,0.15,271,1,1,9250,358,36,29,11,6,0,11,3,1,0,1,0,0,1,2,8,3,3.0,1,1,1,0,1,5,3.2,-185.86
TS118,tshirt,2026-03-09,5,319,0.0,319,0,0,6411,201,12,13,1,0,0,1,0,0,0,0,0,0,0,0,1,1,3.0,0,1,0,0,0,6,3.17,92.63
TS118,tshirt,2026-03-16,6,319,0.0,319,0,0,4094,114,5,7,1,1,0,1,1,0,0,0,1,0,0,1,0,0,,0,0,0,0,0,6,3.17,-140.0
TS118,tshirt,2026-03-23,7,319,0.0,319,0,0,4423,143,14,15,5,5,1,4,1,0,0,0,0,0,1,1,3,0,,0,0,0,0,0,6,3.17,67.89
TS118,tshirt,2026-03-30,8,319,0.0,319,0,0,4140,125,9,3,1,1,0,1,0,0,0,0,0,0,0,0,1,0,,0,0,0,0,0,6,3.17,92.63
TS118,tshirt,2026-04-06,9,319,0.0,319,0,0,5892,196,20,9,5,4,0,5,0,0,0,0,0,0,0,0,5,0,,0,0,0,0,0,6,3.17,463.15
TS118,tshirt,2026-04-13,10,319,0.0,319,0,0,6161,197,15,10,8,6,1,7,4,1,0,1,1,1,0,2,3,2,3.5,1,1,0,0,0,8,3.25,-634.47
TS118,tshirt,2026-04-20,11,319,0.0,319,0,0,5846,209,20,20,4,4,1,3,0,0,0,0,0,0,0,0,3,1,4.0,1,0,0,0,0,9,3.33,207.89
TS118,tshirt,2026-04-27,12,319,0.0,319,0,0,6264,214,15,9,4,3,0,4,3,3,0,0,0,0,0,2,1,1,3.0,0,1,0,0,0,10,3.3,-468.55
TS118,tshirt,2026-05-04,13,319,0.0,319,0,0,9462,288,20,18,6,5,1,5,3,2,0,0,1,0,0,3,2,1,4.0,1,0,0,0,0,11,3.36,-304.74
TS118,tshirt,2026-05-11,14,319,0.0,319,0,0,6911,231,7,12,3,1,0,3,1,0,1,0,0,0,0,1,2,0,,0,0,0,0,0,11,3.36,45.26
TS118,tshirt,2026-05-18,15,319,0.0,319,0,0,7963,267,23,8,2,1,0,2,1,0,1,0,0,0,0,1,1,0,,0,0,0,0,0,11,3.36,-47.37
TS118,tshirt,2026-05-25,16,319,0.0,319,0,0,6918,261,21,14,2,2,0,2,0,0,0,0,0,0,0,0,2,0,,0,0,0,0,0,11,3.36,185.26
TS118,tshirt,2026-06-01,17,319,0.0,319,0,0,5298,171,13,13,6,3,0,6,2,0,1,0,0,0,1,1,4,0,,0,0,0,0,0,11,3.36,-50.66
TS118,tshirt,2026-06-08,18,319,0.0,319,0,0,5698,200,14,13,3,1,0,3,3,0,1,0,0,0,2,2,0,0,,0,0,0,0,0,11,3.36,-561.18
TS118,tshirt,2026-06-15,19,319,0.0,319,0,0,5541,189,16,10,5,4,0,5,2,1,1,0,0,0,0,1,3,1,3.0,0,1,0,0,0,12,3.33,-143.29
TS118,tshirt,2026-06-22,20,319,0.1,287,0,1,9980,363,19,24,11,8,1,10,3,2,0,1,0,0,0,3,7,1,5.0,1,0,0,0,0,13,3.46,-54.93
TS118,tshirt,2026-06-29,21,319,0.0,319,0,0,7682,279,22,19,4,3,0,4,2,1,1,0,0,0,0,1,2,0,,0,0,0,0,0,13,3.46,-235.92
TS118,tshirt,2026-07-06,22,319,0.0,319,0,0,5402,177,13,11,3,3,0,3,1,0,0,1,0,0,0,1,2,0,,0,0,0,0,0,13,3.46,45.26
TS118,tshirt,2026-07-13,23,319,0.0,319,0,0,4491,148,7,8,1,1,0,1,0,0,0,0,0,0,0,0,1,1,3.0,0,1,0,0,0,14,3.43,92.63
TS118,tshirt,2026-07-20,24,319,0.0,319,0,0,4137,125,11,11,2,2,1,1,1,0,0,1,0,0,0,0,0,0,,0,0,0,0,0,14,3.43,-351.18
TS118,tshirt,2026-07-27,25,319,0.0,319,0,0,4796,155,17,8,1,1,0,1,0,0,0,0,0,0,0,0,1,0,,0,0,0,0,0,14,3.43,92.63
TS118,tshirt,2026-08-03,26,319,0.0,319,0,0,4416,139,14,12,0,0,0,0,0,0,0,0,0,0,0,0,0,0,,0,0,0,0,0,14,3.43,0.0
TS118,tshirt,2026-08-10,27,319,0.0,319,0,0,4608,142,16,6,0,0,0,0,0,0,0,0,0,0,0,0,0,0,,0,0,0,0,0,14,3.43,0.0
TS118,tshirt,2026-08-17,28,319,0.0,319,0,0,3533,126,5,5,2,2,0,2,1,0,1,0,0,0,0,1,1,0,,0,0,0,0,0,14,3.43,-47.37
TS118,tshirt,2026-08-24,29,319,0.0,319,1,0,6363,234,16,10,4,3,1,3,1,1,0,0,0,0,0,0,2,0,,0,0,0,0,0,14,3.43,-165.92
TS118,tshirt,2026-08-31,30,319,0.0,319,0,0,5278,165,11,11,2,2,0,2,1,0,1,0,0,0,0,0,1,0,,0,0,0,0,0,14,3.43,-188.55
TS118,tshirt,2026-09-07,31,319,0.0,319,0,0,4568,134,9,8,2,2,0,2,0,0,0,0,0,0,0,0,2,0,,0,0,0,0,0,14,3.43,185.26
TS118,tshirt,2026-09-14,32,319,0.0,319,0,0,6116,218,24,14,8,5,1,7,2,1,0,0,1,0,0,2,5,2,2.5,0,1,1,1,0,16,3.31,113.15
TS118,tshirt,2026-09-21,33,319,0.15,271,0,1,5785,246,19,17,4,3,0,4,0,0,0,0,0,0,0,0,4,1,4.0,1,0,0,0,0,17,3.35,187.66
TS119,tshirt,2026-05-18,1,309,0.0,309,0,0,16090,543,46,28,8,7,2,6,2,1,1,0,0,0,0,2,4,0,,0,0,0,0,0,0,,-5.29
TS119,tshirt,2026-05-25,2,309,0.0,309,0,0,11245,400,31,22,8,6,2,6,1,1,0,0,0,0,0,0,5,1,3.0,0,1,0,0,0,1,3.0,117.77
TS119,tshirt,2026-06-01,3,309,0.0,309,0,0,6893,187,12,9,5,4,0,5,0,0,0,0,0,0,0,0,5,1,4.0,1,0,0,0,0,2,3.5,518.38
TS119,tshirt,2026-06-08,4,309,0.0,309,0,0,8343,239,21,10,3,3,1,2,0,0,0,0,0,0,0,0,2,1,4.0,1,0,0,0,0,3,3.67,137.35
TS119,tshirt,2026-06-15,5,309,0.0,309,0,0,6204,209,13,8,2,1,1,1,0,0,0,0,0,0,0,0,1,0,,0,0,0,0,0,3,3.67,33.68
TS119,tshirt,2026-06-22,6,309,0.0,309,0,1,8063,261,26,6,4,4,0,4,2,0,2,0,0,0,0,1,2,0,,0,0,0,0,0,3,3.67,-193.26
TS119,tshirt,2026-06-29,7,309,0.0,309,0,0,5532,162,16,8,1,0,0,1,0,0,0,0,0,0,0,0,1,0,,0,0,0,0,0,3,3.67,103.68
TS119,tshirt,2026-07-06,8,309,0.0,309,0,0,4649,146,17,4,2,2,0,2,0,0,0,0,0,0,0,0,2,1,4.0,1,0,0,0,0,4,3.75,207.35
TS119,tshirt,2026-07-13,9,309,0.0,309,0,0,6086,223,12,7,4,2,2,2,0,0,0,0,0,0,0,0,2,1,2.0,0,0,1,1,0,5,3.4,67.35
TS119,tshirt,2026-07-20,10,309,0.0,309,0,0,5134,153,12,10,2,1,0,2,2,2,0,0,0,0,0,1,0,2,3.5,1,1,0,0,0,7,3.43,-400.61
TS119,tshirt,2026-07-27,11,309,0.0,309,0,0,5677,169,12,5,1,1,1,0,0,0,0,0,0,0,0,0,0,0,,0,0,0,0,0,7,3.43,-70.0
TS119,tshirt,2026-08-03,12,309,0.0,309,0,0,4151,123,9,12,5,3,0,5,3,1,0,2,0,0,0,1,2,0,,0,0,0,0,0,7,3.43,-453.86
TS119,tshirt,2026-08-10,13,309,0.0,309,0,0,5136,166,14,12,3,2,0,3,1,0,1,0,0,0,0,1,2,0,,0,0,0,0,0,7,3.43,67.35
TS119,tshirt,2026-08-17,14,309,0.0,309,0,0,7186,193,14,7,1,1,1,0,0,0,0,0,0,0,0,0,0,0,,0,0,0,0,0,7,3.43,-70.0
TS119,tshirt,2026-08-24,15,309,0.0,309,1,0,5040,163,14,11,1,1,0,1,1,0,1,0,0,0,0,1,0,0,,0,0,0,0,0,7,3.43,-140.0
TS119,tshirt,2026-08-31,16,309,0.0,309,0,0,4274,138,4,6,1,1,1,0,0,0,0,0,0,0,0,0,0,0,,0,0,0,0,0,7,3.43,-70.0
TS119,tshirt,2026-09-07,17,309,0.0,309,0,0,4115,109,8,4,2,1,1,1,0,0,0,0,0,0,0,0,1,0,,0,0,0,0,0,7,3.43,33.68
TS119,tshirt,2026-09-14,18,309,0.0,309,0,0,3441,98,6,6,3,2,0,3,2,1,0,0,1,0,0,2,1,1,1.0,0,0,1,1,0,8,3.12,-176.32
TS119,tshirt,2026-09-21,19,309,0.1,278,0,1,4709,149,9,9,2,1,0,2,0,0,0,0,0,0,0,0,2,0,,0,0,0,0,0,8,3.12,148.31
TS120,tshirt,2025-12-15,1,329,0.0,329,0,0,12522,498,35,18,5,3,2,3,1,1,0,0,0,0,0,0,2,0,,0,0,0,0,0,0,,-91.36
TS120,tshirt,2025-12-22,2,329,0.0,329,0,0,6296,245,21,13,3,3,2,1,1,1,0,0,0,0,0,1,0,0,,0,0,0,0,0,0,,-280.0
TS120,tshirt,2025-12-29,3,329,0.0,329,0,0,3888,143,7,10,1,0,0,1,0,0,0,0,0,0,0,0,1,0,,0,0,0,0,0,0,,143.99
TS120,tshirt,2026-01-05,4,329,0.0,329,0,0,4152,162,11,6,4,4,0,4,1,1,0,0,0,0,0,1,3,0,,0,0,0,0,0,0,,291.98
TS120,tshirt,2026-01-12,5,329,0.0,329,0,1,4917,167,7,9,3,2,0,3,2,1,0,1,0,0,0,2,1,0,,0,0,0,0,0,0,,-136.01
TS120,tshirt,2026-01-19,6,329,0.0,329,0,0,3871,167,10,4,1,1,0,1,0,0,0,0,0,0,0,0,1,0,,0,0,0,0,0,0,,143.99
TS120,tshirt,2026-01-26,7,329,0.0,329,0,0,3073,124,14,2,0,0,0,0,0,0,0,0,0,0,0,0,0,0,,0,0,0,0,0,0,,0.0
TS120,tshirt,2026-02-02,8,329,0.0,329,0,0,4318,193,11,5,0,0,0,0,0,0,0,0,0,0,0,0,0,0,,0,0,0,0,0,0,,0.0
TS121,tshirt,2025-11-10,1,279,0.0,279,0,0,10739,451,32,30,13,8,4,9,3,2,0,0,1,0,0,3,6,2,2.5,0,1,1,0,1,2,2.5,-951.82
TS121,tshirt,2025-11-17,2,279,0.0,279,0,0,11675,330,24,20,7,4,1,6,0,0,0,0,0,0,0,0,6,0,,0,0,0,0,0,2,2.5,-321.82
TS121,tshirt,2025-11-24,3,279,0.0,279,0,0,8920,244,20,22,11,6,0,11,3,3,0,0,0,0,0,3,8,2,2.5,1,0,1,0,1,4,2.5,-755.76
TS121,tshirt,2025-12-01,4,279,0.0,279,0,0,5803,168,12,12,5,5,0,5,1,1,0,0,0,0,0,1,4,2,3.5,1,1,0,0,0,6,2.83,-307.88
TS121,tshirt,2025-12-08,5,279,0.0,279,0,0,4649,164,13,14,7,4,2,5,1,1,0,0,0,0,0,1,4,0,,0,0,0,0,0,6,2.83,-447.88
TS121,tshirt,2025-12-15,6,279,0.0,279,0,0,6873,235,21,23,7,4,1,6,1,0,0,1,0,0,0,1,5,3,3.33,2,0,1,1,0,9,3.0,-419.85
TS121,tshirt,2025-12-22,7,279,0.0,279,0,0,3860,140,9,12,5,4,2,3,3,1,1,0,0,0,1,2,0,0,,0,0,0,0,0,9,3.0,-797.68
TS121,tshirt,2025-12-29,8,279,0.0,279,0,0,3972,138,11,13,6,4,0,6,3,0,0,1,0,1,1,2,3,0,,0,0,0,0,0,9,3.0,-783.6
TS121,tshirt,2026-01-05,9,279,0.0,279,0,0,4299,162,9,16,6,3,1,5,1,0,0,1,0,0,0,0,4,0,,0,0,0,0,0,9,3.0,-615.57
TS121,tshirt,2026-01-12,10,279,0.15,237,0,1,6808,263,20,27,17,12,2,15,4,2,1,1,0,0,0,3,11,0,,0,0,0,0,0,9,3.0,-1839.36
TS121,tshirt,2026-01-19,11,279,0.0,279,0,0,5291,187,15,7,3,3,1,2,1,1,0,0,0,0,0,1,1,0,,0,0,0,0,0,9,3.0,-251.97
TS121,tshirt,2026-01-26,12,279,0.0,279,0,0,4445,141,9,8,2,1,0,2,0,0,0,0,0,0,0,0,2,0,,0,0,0,0,0,9,3.0,-83.94
TS121,tshirt,2026-02-02,13,279,0.0,279,0,0,5202,193,13,17,8,5,0,8,1,0,0,0,0,0,1,1,7,0,,0,0,0,0,0,9,3.0,-433.79
TS121,tshirt,2026-02-09,14,279,0.0,279,0,0,4751,176,18,13,1,0,0,1,0,0,0,0,0,0,0,0,1,0,,0,0,0,0,0,9,3.0,-41.97
TS121,tshirt,2026-02-16,15,279,0.0,279,0,0,4646,162,16,20,12,9,0,12,3,1,0,2,0,0,0,3,9,0,,0,0,0,0,0,9,3.0,-797.73
TS121,tshirt,2026-02-23,16,279,0.0,279,0,0,6419,210,10,20,6,2,2,4,1,0,1,0,0,0,0,1,3,0,,0,0,0,0,0,9,3.0,-405.91
TS121,tshirt,2026-03-02,17,279,0.0,279,1,1,8292,277,18,23,11,8,1,10,4,1,0,2,0,0,1,4,6,0,,0,0,0,0,0,9,3.0,-881.82
TS121,tshirt,2026-03-09,18,279,0.0,279,0,0,6523,250,21,12,5,2,0,5,2,0,2,0,0,0,0,1,3,1,3.0,0,1,0,0,0,10,3.0,-643.6
TS121,tshirt,2026-03-16,19,279,0.0,279,0,0,6342,215,17,20,10,8,1,9,0,0,0,0,0,0,0,0,9,0,,0,0,0,0,0,10,3.0,-447.73
TS122,tshirt,2026-03-30,1,419,0.0,419,0,0,11701,899,86,53,19,9,1,18,3,2,0,0,0,0,1,2,15,7,3.86,5,1,1,1,0,7,3.86,1516.41
TS122,tshirt,2026-04-06,2,419,0.0,419,0,0,27260,2207,237,181,50,36,6,44,5,1,1,2,0,1,0,4,39,9,3.89,6,3,0,0,0,16,3.88,4389.61
TS122,tshirt,2026-04-13,3,419,0.0,419,0,0,16236,1367,136,111,36,21,5,31,7,4,0,2,0,0,1,6,24,6,4.5,5,1,0,0,0,22,4.05,1990.11
TS122,tshirt,2026-04-20,4,419,0.0,419,0,0,16251,1479,141,115,36,23,7,29,4,2,0,1,1,0,0,4,25,3,4.67,3,0,0,0,0,25,4.12,2599.16
TS122,tshirt,2026-04-27,5,419,0.0,419,0,0,19360,1750,199,142,43,27,7,36,1,0,0,0,0,1,0,0,35,7,4.14,7,0,0,0,0,32,4.12,4295.74
TS122,tshirt,2026-05-04,6,419,0.0,419,0,0,16200,1531,167,118,39,25,6,33,8,5,1,2,0,0,0,6,25,3,5.0,3,0,0,0,0,35,4.2,1743.0
TS122,tshirt,2026-05-11,7,419,0.0,419,0,0,20070,1909,220,172,56,44,7,49,18,8,3,4,1,2,0,13,31,11,3.36,5,3,3,1,2,46,4.0,599.55
TS122,tshirt,2026-05-18,8,419,0.0,419,0,0,14877,1325,154,109,33,25,3,30,3,1,1,1,0,0,0,1,27,8,3.62,5,2,1,0,1,54,3.94,2944.93
TS122,tshirt,2026-05-25,9,419,0.0,419,0,0,24456,2138,218,174,44,30,2,42,12,5,2,2,1,2,0,7,30,10,4.2,7,3,0,0,0,64,3.98,1643.58
TS122,tshirt,2026-06-01,10,419,0.0,419,0,0,17135,1453,153,130,30,18,2,28,4,1,2,0,1,0,0,3,24,6,4.0,4,2,0,0,0,70,3.99,2620.11
TS122,tshirt,2026-06-08,11,419,0.0,419,0,0,13676,1195,107,95,30,16,6,24,5,0,3,2,0,0,0,3,19,2,2.5,0,1,1,1,0,72,3.94,1287.2
TS122,tshirt,2026-06-15,12,419,0.0,419,0,0,15459,1313,120,83,21,16,5,16,3,2,0,1,0,0,0,1,13,1,4.0,1,0,0,0,0,73,3.95,761.4
TS122,tshirt,2026-06-22,13,419,0.0,419,0,1,15577,1323,146,105,33,18,4,29,6,1,3,0,0,1,1,6,23,6,3.83,4,2,0,0,0,79,3.94,2237.23
TS122,tshirt,2026-06-29,14,419,0.0,419,0,0,10038,878,95,83,31,23,4,27,3,2,1,0,0,0,0,1,24,3,4.0,2,1,0,0,0,82,3.94,2437.03
TS122,tshirt,2026-07-06,15,419,0.0,419,0,0,12709,1105,111,92,23,18,4,19,7,3,1,0,1,2,0,4,12,3,3.67,1,2,0,0,0,85,3.93,-57.65
TS122,tshirt,2026-07-13,16,419,0.0,419,0,0,12903,1066,135,102,26,20,2,24,5,2,0,2,0,1,0,3,19,5,3.8,3,2,0,0,0,90,3.92,1567.2
TS122,tshirt,2026-07-20,17,419,0.0,419,0,0,15881,1397,152,145,38,24,4,34,7,3,0,2,1,0,1,5,27,5,4.2,5,0,0,0,0,95,3.94,2314.93
TS122,tshirt,2026-07-27,18,419,0.0,419,0,0,10926,918,99,66,17,13,2,15,2,1,0,0,1,0,0,2,13,2,4.0,1,1,0,0,0,97,3.94,1477.56
TS122,tshirt,2026-08-03,19,419,0.0,419,0,0,11158,956,96,74,21,18,7,14,3,1,0,0,0,1,1,3,11,2,3.5,1,1,0,0,0,99,3.93,695.63
TS122,tshirt,2026-08-10,20,419,0.0,419,0,0,10991,957,107,76,32,22,7,25,6,2,0,2,0,2,0,2,19,6,4.0,4,1,1,1,0,105,3.93,711.04
TS122,tshirt,2026-08-17,21,419,0.0,419,0,0,13678,1097,112,90,23,18,2,21,3,2,0,1,0,0,0,0,18,0,,0,0,0,0,0,105,3.93,1518.15
TS122,tshirt,2026-08-24,22,419,0.0,419,1,0,9739,890,91,68,23,18,5,18,1,1,0,0,0,0,0,0,17,4,4.25,3,1,0,0,0,109,3.94,1808.35
TS122,tshirt,2026-08-31,23,419,0.0,419,0,0,14243,1166,108,96,28,18,4,24,5,2,0,1,1,0,1,5,19,3,3.67,1,2,0,0,0,112,3.94,1793.36
TS122,tshirt,2026-09-07,24,419,0.0,419,0,0,9588,810,70,63,23,16,4,19,1,1,0,0,0,0,0,0,18,3,4.0,2,1,0,0,0,115,3.94,2024.31
TS122,tshirt,2026-09-14,25,419,0.0,419,0,0,11115,947,89,82,25,18,4,21,2,2,0,0,0,0,0,2,19,3,3.67,2,0,1,0,1,118,3.93,2213.36
TS122,tshirt,2026-09-21,26,419,0.0,419,0,1,16545,1382,154,105,30,23,1,29,6,4,0,1,0,1,0,5,23,3,3.33,1,2,0,0,0,121,3.92,2264.15
TS123,tshirt,2025-12-01,1,319,0.0,319,0,0,10506,636,74,62,27,19,4,23,3,1,0,0,0,2,0,2,20,3,4.67,3,0,0,0,0,3,4.67,1617.19
TS123,tshirt,2025-12-08,2,319,0.0,319,0,0,13690,1058,108,142,64,48,11,53,5,2,0,2,0,1,0,4,48,4,4.5,4,0,0,0,0,7,4.57,4248.51
TS123,tshirt,2025-12-15,3,319,0.0,319,0,0,11834,943,104,118,50,36,5,45,5,1,2,2,0,0,0,2,40,4,3.5,2,1,1,1,0,11,4.18,3472.04
TS123,tshirt,2025-12-22,4,319,0.0,319,0,0,18546,1268,157,163,63,46,8,55,9,6,0,0,1,0,2,6,46,13,4.31,10,3,0,0,0,24,4.25,3430.89
TS123,tshirt,2025-12-29,5,319,0.0,319,0,0,10859,836,90,126,47,34,2,45,3,3,0,0,0,0,0,2,42,5,4.6,5,0,0,0,0,29,4.31,4429.66
TS123,tshirt,2026-01-05,6,319,0.0,319,0,0,11656,890,109,118,48,41,6,42,4,1,1,1,1,0,0,4,38,3,4.67,3,0,0,0,0,32,4.34,3636.09
TS123,tshirt,2026-01-12,7,319,0.15,271,0,1,13902,1186,110,192,107,69,14,93,19,9,1,2,4,2,1,15,74,14,4.14,11,2,1,0,1,46,4.28,1517.03
TS123,tshirt,2026-01-19,8,319,0.0,319,0,0,16075,1225,135,156,61,42,8,53,4,4,0,0,0,0,0,2,49,7,4.71,6,1,0,0,0,53,4.34,4607.66
TS123,tshirt,2026-01-26,9,319,0.0,319,0,0,14526,1104,115,170,67,49,10,57,11,6,0,0,0,2,3,6,46,8,4.12,5,2,1,0,1,61,4.31,2786.23
TS123,tshirt,2026-02-02,10,319,0.0,319,0,0,16622,1321,145,180,79,58,7,72,13,9,1,2,1,0,0,7,59,13,4.0,10,2,1,0,1,74,4.26,4183.08
TS123,tshirt,2026-02-09,11,319,0.0,319,0,0,15141,1125,122,158,62,47,8,54,7,3,3,1,0,0,0,3,47,10,4.6,9,1,0,0,0,84,4.3,3720.04
TS123,tshirt,2026-02-16,12,319,0.0,319,0,0,17894,1341,132,178,65,54,10,55,7,6,0,1,0,0,0,5,48,12,4.08,9,2,1,0,1,96,4.27,3926.18
TS123,tshirt,2026-02-23,13,319,0.0,319,0,0,20326,1475,145,198,75,63,16,59,6,3,1,0,0,0,2,6,53,10,4.4,8,2,0,0,0,106,4.28,4478.23
TS123,tshirt,2026-03-02,14,319,0.2,255,1,1,29891,2705,272,499,268,190,37,231,24,12,2,4,0,1,5,19,207,31,4.35,28,3,0,0,0,137,4.3,6016.72
TS123,tshirt,2026-03-09,15,319,0.0,319,0,0,15693,1157,131,176,58,37,6,52,10,5,2,2,0,1,0,8,42,7,4.29,6,1,0,0,0,144,4.3,3057.32
TS123,tshirt,2026-03-16,16,319,0.0,319,0,0,20262,1500,138,241,83,63,11,72,8,3,0,2,2,0,1,8,64,9,4.0,7,1,1,1,0,153,4.28,5884.46
TS123,tshirt,2026-03-23,17,319,0.0,319,0,0,14781,1113,120,148,59,42,9,50,5,3,0,1,1,0,0,4,45,6,4.33,6,0,0,0,0,159,4.28,4024.09
TS123,tshirt,2026-03-30,18,319,0.0,319,0,0,22965,1829,204,256,105,77,13,92,17,6,4,5,1,0,1,15,75,6,3.83,4,1,1,0,1,165,4.27,5596.03
TS123,tshirt,2026-04-06,19,319,0.0,319,0,0,20561,1515,170,216,72,52,10,62,10,7,1,2,0,0,0,7,52,7,4.0,5,1,1,0,1,172,4.26,3879.75
TS123,tshirt,2026-04-13,20,319,0.0,319,0,0,28210,2142,211,316,109,79,20,89,16,8,2,3,1,1,1,9,73,9,4.33,6,3,0,0,0,181,4.26,4441.41
TS123,tshirt,2026-04-20,21,319,0.0,319,0,0,23349,1732,186,239,95,68,12,83,11,4,1,2,1,1,2,9,72,10,4.6,9,1,0,0,0,191,4.28,6141.6
TS123,tshirt,2026-04-27,22,319,0.0,319,0,0,18616,1351,141,187,82,60,8,74,12,6,0,1,0,0,5,8,62,13,4.46,12,1,0,0,0,204,4.29,4842.18
TS123,tshirt,2026-05-04,23,319,0.0,319,0,0,24591,1857,203,276,95,71,16,79,8,4,2,0,0,0,2,6,71,11,4.36,9,1,1,0,1,215,4.29,6160.13
TS123,tshirt,2026-05-11,24,319,0.0,319,0,0,20731,1576,156,212,81,59,9,72,7,1,1,3,2,0,0,3,65,12,4.5,11,1,0,0,0,227,4.3,5836.61
TS123,tshirt,2026-05-18,25,319,0.0,319,0,0,31773,2450,261,351,130,94,19,111,15,3,3,2,3,2,2,13,96,11,4.64,11,0,0,0,0,238,4.32,8007.03
TS123,tshirt,2026-05-25,26,319,0.0,319,0,0,27111,2079,231,299,111,73,14,97,14,8,2,2,1,1,0,10,83,9,4.22,7,2,0,0,0,247,4.32,6693.17
TS123,tshirt,2026-06-01,27,319,0.0,319,0,0,25058,1877,200,267,92,70,6,86,6,2,0,3,0,1,0,4,80,17,4.65,17,0,0,0,0,264,4.34,8233.41
TS123,tshirt,2026-06-08,28,319,0.0,319,0,0,15580,1211,136,172,62,45,6,56,9,3,0,2,2,1,1,5,47,5,4.2,4,1,0,0,0,269,4.33,3580.04
TS123,tshirt,2026-06-15,29,319,0.0,319,0,0,21149,1579,167,230,101,79,10,91,19,11,1,2,0,2,3,6,72,12,4.08,8,3,1,0,1,281,4.32,3925.94
TS123,tshirt,2026-06-22,30,319,0.0,319,0,1,26501,1970,209,270,99,76,14,85,12,3,3,3,0,2,1,11,73,10,4.7,10,0,0,0,0,291,4.34,6095.41
TS123,tshirt,2026-06-29,31,319,0.0,319,0,0,20390,1625,156,212,90,65,9,81,12,7,3,0,1,1,0,11,69,11,3.91,8,2,1,1,0,302,4.32,5959.51
TS123,tshirt,2026-07-06,32,319,0.0,319,0,0,19981,1536,153,188,76,63,9,67,8,1,1,1,0,2,3,6,59,8,5.0,8,0,0,0,0,310,4.34,5192.42
TS123,tshirt,2026-07-13,33,319,0.0,319,0,0,19706,1507,163,198,67,49,11,56,5,4,1,0,0,0,0,2,51,7,4.43,7,0,0,0,0,317,4.34,4388.27
TS123,tshirt,2026-07-20,34,319,0.0,319,0,0,15799,1260,134,162,66,44,9,57,10,5,1,1,0,2,1,8,47,6,4.17,5,1,0,0,0,323,4.34,3454.7
TS123,tshirt,2026-07-27,35,319,0.0,319,0,0,22762,1752,206,253,89,65,11,78,14,5,3,2,2,1,1,6,64,10,4.6,9,1,0,0,0,333,4.35,4145.79
TS123,tshirt,2026-08-03,36,319,0.0,319,0,0,21168,1663,194,228,77,48,9,68,15,10,2,1,0,1,1,8,53,10,3.7,7,0,3,1,2,343,4.33,2921.89
TS123,tshirt,2026-08-10,37,319,0.0,319,0,0,19104,1420,164,202,82,52,9,73,5,2,2,0,0,0,1,1,68,11,4.82,11,0,0,0,0,354,4.34,6481.03
TS123,tshirt,2026-08-17,38,319,0.0,319,0,0,15878,1217,146,166,72,49,10,62,11,5,1,0,3,0,2,8,51,13,4.46,13,0,0,0,0,367,4.35,3618.27
TS123,tshirt,2026-08-24,39,319,0.0,319,1,0,22636,1728,191,243,88,60,13,75,7,2,1,1,2,1,0,2,68,10,4.5,8,2,0,0,0,377,4.35,5808.7
TS123,tshirt,2026-08-31,40,319,0.0,319,0,0,15034,1103,118,180,69,57,11,58,7,4,0,1,1,1,0,5,51,7,4.14,6,1,0,0,0,384,4.35,4220.61
TS123,tshirt,2026-09-07,41,319,0.0,319,0,0,20157,1533,183,216,64,44,5,59,12,6,1,2,0,2,1,6,47,6,4.33,5,1,0,0,0,390,4.35,3005.37
TS123,tshirt,2026-09-14,42,319,0.0,319,0,0,17161,1278,146,168,72,51,9,63,8,5,1,1,1,0,0,4,55,6,4.67,6,0,0,0,0,396,4.35,4481.85
TS123,tshirt,2026-09-21,43,319,0.1,287,0,1,18528,1516,135,248,115,83,17,98,13,8,1,2,1,0,1,10,85,16,4.25,11,5,0,0,0,412,4.35,4387.98
TS124,tshirt,2025-10-27,1,319,0.0,319,0,0,12391,1428,139,133,52,45,10,42,10,7,1,2,0,0,0,8,32,9,4.11,7,1,1,0,1,9,4.11,-100.29
TS124,tshirt,2025-11-03,2,319,0.0,319,0,0,26305,3538,318,393,156,106,11,145,20,8,5,5,1,0,1,15,125,22,3.82,15,5,2,0,2,31,3.9,4694.88
TS124,tshirt,2025-11-10,3,319,0.0,319,0,0,25010,3318,278,361,166,116,24,142,21,10,5,3,1,0,2,13,121,21,3.81,14,5,2,0,2,52,3.87,2870.88
TS124,tshirt,2025-11-17,4,319,0.0,319,0,0,22480,2980,256,352,135,96,17,118,22,9,5,4,0,2,2,16,96,10,3.8,7,2,1,0,1,62,3.85,1729.14
TS124,tshirt,2025-11-24,5,319,0.0,319,0,0,15941,2234,189,261,117,97,16,101,25,14,6,1,1,2,1,17,76,17,4.41,16,0,1,0,1,79,3.97,-394.71
TS124,tshirt,2025-12-01,6,319,0.0,319,0,0,16831,2299,203,259,110,78,12,98,16,12,1,0,1,1,1,10,82,14,4.0,11,3,0,0,0,93,3.98,1903.18
TS124,tshirt,2025-12-08,7,319,0.0,319,0,0,18500,2577,246,311,124,87,21,103,20,6,4,3,1,1,5,12,83,21,3.81,13,5,3,0,3,114,3.95,463.27
TS124,tshirt,2025-12-15,8,319,0.0,319,0,0,12792,1702,145,209,93,73,15,78,13,5,1,2,3,1,1,9,65,4,4.5,4,0,0,0,0,118,3.97,1202.0
TS124,tshirt,2025-12-22,9,319,0.0,319,0,0,12829,1742,130,200,72,48,15,57,11,6,0,1,3,0,1,9,46,7,3.86,4,2,1,0,1,125,3.96,425.68
TS124,tshirt,2025-12-29,10,319,0.0,319,0,0,16968,2378,188,281,100,77,18,82,18,8,3,4,1,2,0,13,64,12,4.25,11,1,0,0,0,137,3.99,58.19
TS124,tshirt,2026-01-05,11,319,0.0,319,0,0,12594,1739,146,202,94,61,7,87,11,7,0,1,0,2,1,8,76,15,3.8,10,3,2,1,1,152,3.97,3001.49
TS124,tshirt,2026-01-12,12,319,0.1,287,0,1,16905,2548,177,305,119,91,17,102,24,15,4,1,1,2,1,17,78,19,3.79,12,4,3,0,3,171,3.95,-2395.48
TS124,tshirt,2026-01-19,13,319,0.0,319,0,0,13503,1835,161,222,88,58,12,76,15,7,4,2,1,0,1,10,61,13,3.77,7,4,2,0,2,184,3.93,680.48
TS124,tshirt,2026-01-26,14,319,0.0,319,0,0,22024,3133,253,360,134,104,20,114,18,4,5,3,1,1,4,10,96,20,4.05,15,4,1,0,1,204,3.95,1756.66
TS124,tshirt,2026-02-02,15,319,0.0,319,0,0,18136,2573,208,276,119,83,14,105,17,10,1,4,0,2,0,11,88,19,3.84,15,2,2,0,2,223,3.94,2058.6
TS124,tshirt,2026-02-09,16,319,0.0,319,0,0,23275,3159,267,335,136,97,21,115,25,12,3,4,4,1,1,14,90,19,3.68,10,7,2,0,2,242,3.92,-212.47
TS124,tshirt,2026-02-16,17,319,0.0,319,0,0,18198,2447,214,285,131,92,21,110,21,9,3,3,1,2,3,16,89,17,3.76,11,2,4,0,4,259,3.91,1242.4
TS124,tshirt,2026-02-23,18,319,0.0,319,0,0,17512,2352,209,251,97,62,10,87,17,9,5,2,0,1,0,12,70,14,3.93,9,3,2,0,2,273,3.91,1193.6
TS124,tshirt,2026-03-02,19,319,0.0,319,1,1,28491,3783,307,451,172,124,24,148,34,12,8,5,2,3,4,24,114,28,3.82,16,8,4,1,3,301,3.9,220.42
TS124,tshirt,2026-03-09,20,319,0.0,319,0,0,17399,2314,210,274,122,86,17,105,21,4,9,3,2,0,3,15,84,12,4.0,9,2,1,0,1,313,3.9,998.32
TS124,tshirt,2026-03-16,21,319,0.0,319,0,0,21450,2831,241,289,107,69,11,96,17,7,2,2,1,2,3,12,79,12,4.08,9,2,1,0,1,325,3.91,1776.72
TS124,tshirt,2026-03-23,22,319,0.0,319,0,0,16894,2267,213,258,106,81,12,94,20,8,4,1,0,5,2,10,74,15,4.13,11,4,0,0,0,340,3.92,117.67
TS124,tshirt,2026-03-30,23,319,0.0,319,0,0,27497,3749,339,423,172,123,19,153,23,9,4,4,4,1,1,15,130,30,3.8,20,6,4,0,4,370,3.91,3594.0
TS124,tshirt,2026-04-06,24,319,0.0,319,0,0,23391,3249,273,359,142,101,23,119,19,7,6,3,0,2,1,13,100,16,4.0,11,4,1,0,1,386,3.91,2019.42
TS124,tshirt,2026-04-13,25,319,0.0,319,0,0,27700,3726,303,408,179,127,18,161,36,18,4,7,3,0,4,21,125,18,3.67,9,7,2,0,2,404,3.9,352.47
TS124,tshirt,2026-04-20,26,319,0.0,319,0,0,20303,2826,252,311,136,97,16,120,18,10,4,1,2,0,1,10,102,19,4.0,14,4,1,0,1,423,3.91,2472.07
TS124,tshirt,2026-04-27,27,319,0.0,319,0,0,20518,2790,240,329,124,93,20,104,19,9,1,2,3,3,1,13,85,14,4.0,10,4,0,0,0,437,3.91,1140.89
TS124,tshirt,2026-05-04,28,319,0.0,319,0,0,22558,3115,274,330,130,98,19,111,15,5,4,3,0,1,2,11,96,13,4.0,9,3,1,0,1,450,3.91,2891.63
TS124,tshirt,2026-05-11,29,319,0.0,319,0,0,20598,2822,235,305,119,86,15,104,19,11,1,2,1,1,3,14,85,14,3.71,8,3,3,2,1,464,3.91,1652.13
TS124,tshirt,2026-05-18,30,319,0.0,319,0,0,24712,3256,298,387,144,102,17,127,24,8,6,3,1,3,3,16,103,22,3.82,16,2,4,2,2,486,3.9,1634.64
TS124,tshirt,2026-05-25,31,319,0.0,319,0,0,33994,4568,411,495,216,161,27,189,40,19,6,7,2,2,4,31,149,21,3.76,13,5,3,0,3,507,3.9,1871.56
TS124,tshirt,2026-06-01,32,319,0.0,319,0,0,17980,2438,185,247,87,65,15,72,8,4,2,0,1,0,1,4,64,12,4.17,11,1,0,0,0,519,3.9,1829.43
TS124,tshirt,2026-06-08,33,319,0.0,319,0,0,21503,2827,254,295,115,85,12,103,19,11,4,2,0,1,1,14,84,21,3.57,12,5,4,0,4,540,3.89,1789.56
TS124,tshirt,2026-06-15,34,319,0.0,319,0,0,19440,2588,219,290,120,89,15,105,31,14,5,3,6,2,1,19,74,16,3.75,11,1,4,1,3,556,3.89,-1954.81
TS124,tshirt,2026-06-22,35,319,0.15,271,0,1,35578,5390,409,720,363,256,37,326,66,36,14,6,1,5,4,40,260,46,3.8,27,14,5,1,4,602,3.88,-9040.13
TS124,tshirt,2026-06-29,36,319,0.0,319,0,0,21075,2812,225,285,119,80,6,113,21,10,1,3,3,2,2,13,92,19,4.37,16,3,0,0,0,621,3.9,2026.39
TS124,tshirt,2026-07-06,37,319,0.0,319,0,0,16585,2201,187,243,95,69,14,81,25,10,6,3,2,2,2,18,56,14,3.43,7,3,4,1,3,635,3.89,-1544.84
TS124,tshirt,2026-07-13,38,319,0.0,319,0,0,21952,2864,230,300,111,83,18,93,18,7,4,1,1,2,3,15,75,17,4.12,14,3,0,0,0,652,3.89,1178.93
TS124,tshirt,2026-07-20,39,319,0.0,319,0,0,20083,2556,243,293,112,79,16,96,21,5,5,6,0,2,3,15,75,14,3.71,8,4,2,1,1,666,3.89,415.2
TS124,tshirt,2026-07-27,40,319,0.0,319,0,0,18405,2428,212,243,80,54,10,70,12,7,1,1,3,0,0,8,58,7,4.14,5,2,0,0,0,673,3.89,1184.02
TS124,tshirt,2026-08-03,41,319,0.0,319,0,0,13785,1912,163,212,92,71,11,81,18,9,4,3,1,1,0,12,63,11,4.09,8,3,0,0,0,684,3.89,314.38
TS124,tshirt,2026-08-10,42,319,0.0,319,0,0,18683,2448,219,265,97,67,11,86,16,5,3,1,1,3,3,9,70,15,4.13,11,4,0,0,0,699,3.9,941.12
TS124,tshirt,2026-08-17,43,319,0.0,319,0,0,20145,2687,254,277,95,64,14,81,16,9,4,3,0,0,0,11,65,16,4.0,10,6,0,0,0,715,3.9,690.76
TS124,tshirt,2026-08-24,44,319,0.0,319,1,0,19004,2564,209,279,120,79,12,108,22,10,4,5,2,1,0,16,86,24,4.38,20,4,0,0,0,739,3.92,1353.46
TS124,tshirt,2026-08-31,45,319,0.0,319,0,0,20488,2767,266,301,128,91,21,107,23,14,2,3,0,2,2,17,84,16,3.62,10,4,2,0,2,755,3.91,438.32
TS124,tshirt,2026-09-07,46,319,0.0,319,0,0,19891,2685,210,283,106,73,13,93,19,9,1,2,3,2,2,16,74,12,2.67,2,6,4,0,4,767,3.89,1316.36
TS124,tshirt,2026-09-14,47,319,0.0,319,0,0,17114,2136,174,247,99,68,11,88,16,7,3,2,0,1,3,9,72,17,4.06,12,3,2,0,2,784,3.89,1086.26
TS124,tshirt,2026-09-21,48,319,0.0,319,0,1,19682,2655,226,285,106,71,8,98,20,9,2,1,2,2,4,13,78,16,3.25,7,5,4,1,3,800,3.88,1171.67
TS125,tshirt,2025-09-22,1,369,0.2,295,1,1,18336,1455,123,121,45,28,7,38,7,1,0,1,1,3,1,6,31,6,4.17,5,1,0,0,0,6,4.17,1568.85
TS125,tshirt,2025-09-29,2,369,0.0,369,1,1,27908,1956,165,111,34,29,5,29,5,2,1,0,1,1,0,5,24,2,4.0,1,1,0,0,0,8,4.12,3078.78
TS125,tshirt,2025-10-06,3,369,0.2,295,1,1,26042,2363,185,243,100,72,14,86,21,9,4,3,1,2,2,15,65,10,3.6,5,5,0,0,0,18,3.83,2024.78
TS125,tshirt,2025-10-13,4,369,0.0,369,1,0,19498,1293,103,94,32,24,2,30,6,2,1,2,0,1,0,3,24,2,4.0,2,0,0,0,0,20,3.85,2820.59
TS125,tshirt,2025-10-20,5,369,0.0,369,1,0,16792,1152,91,75,27,23,7,20,8,4,1,0,0,0,3,2,12,4,4.0,3,1,0,0,0,24,3.88,-201.99
TS125,tshirt,2025-10-27,6,369,0.0,369,0,0,12963,910,70,71,21,17,4,17,5,5,0,0,0,0,0,3,12,1,3.0,0,1,0,0,0,25,3.84,865.6
TS125,tshirt,2025-11-03,7,369,0.0,369,0,0,8261,551,51,49,19,12,2,17,4,1,1,1,0,1,0,3,13,1,5.0,1,0,0,0,0,26,3.88,1427.02
TS125,tshirt,2025-11-10,8,369,0.0,369,0,0,10232,662,53,47,14,9,3,11,1,1,0,0,0,0,0,1,10,1,5.0,1,0,0,0,0,27,3.93,1370.32
TS125,tshirt,2025-11-17,9,369,0.0,369,0,0,9268,661,48,61,14,11,1,13,3,3,0,0,0,0,0,0,10,2,4.0,2,0,0,0,0,29,3.93,902.14
TS125,tshirt,2025-11-24,10,369,0.0,369,0,0,8000,593,45,35,13,8,1,12,4,2,2,0,0,0,0,4,8,1,3.0,0,1,0,0,0,30,3.9,746.26
TS125,tshirt,2025-12-01,11,369,0.0,369,0,0,9576,683,63,53,14,10,1,13,4,2,0,1,1,0,0,2,9,1,4.0,1,0,0,0,0,31,3.9,699.5
TS125,tshirt,2025-12-08,12,369,0.0,369,0,0,9256,654,59,41,14,11,2,12,2,1,1,0,0,0,0,0,10,2,3.5,1,1,0,0,0,33,3.88,1081.53
TS125,tshirt,2025-12-15,13,369,0.0,369,0,0,6554,446,36,32,11,9,3,8,4,2,2,0,0,0,0,4,4,0,,0,0,0,0,0,33,3.88,-81.87
TS125,tshirt,2025-12-22,14,369,0.0,369,0,0,8022,501,42,37,12,11,1,11,4,2,1,1,0,0,0,3,7,1,3.0,0,1,0,0,0,34,3.85,464.83
TS125,tshirt,2025-12-29,15,369,0.0,369,0,0,9290,638,51,48,13,10,2,11,3,0,0,1,1,1,0,3,8,1,4.0,1,0,0,0,0,35,3.86,816.26
TS125,tshirt,2026-01-05,16,369,0.0,369,0,0,8492,568,47,37,11,8,2,9,6,3,1,0,0,0,2,5,3,0,,0,0,0,0,0,35,3.86,-573.3
TS125,tshirt,2026-01-12,17,369,0.15,314,0,1,9516,771,76,66,24,15,4,20,4,2,1,1,0,0,0,1,16,1,4.0,1,0,0,0,0,36,3.86,746.23
TS125,tshirt,2026-01-19,18,369,0.0,369,0,0,10030,636,62,43,11,7,1,10,3,1,0,1,0,0,1,2,7,1,4.0,1,0,0,0,0,37,3.86,604.83
TS125,tshirt,2026-01-26,19,369,0.0,369,0,0,10117,688,60,63,24,16,4,20,8,4,1,2,0,1,0,6,12,8,3.5,4,3,1,1,0,45,3.8,445.6
TS125,tshirt,2026-02-02,20,369,0.0,369,0,0,10276,727,70,52,21,17,1,20,7,2,2,2,0,0,1,4,13,2,4.0,2,0,0,0,0,47,3.81,858.23
TS125,tshirt,2026-02-09,21,369,0.0,369,0,0,10869,748,63,54,13,7,1,12,4,3,1,0,0,0,0,2,8,2,3.5,1,1,0,0,0,49,3.8,527.47
TS125,tshirt,2026-02-16,22,369,0.0,369,0,0,6747,470,37,30,8,8,2,6,0,0,0,0,0,0,0,0,6,1,3.0,0,1,0,0,0,50,3.78,892.19
TS125,tshirt,2026-02-23,23,369,0.0,369,0,0,9134,601,56,48,21,12,3,18,7,1,3,1,1,1,0,7,11,2,2.0,0,1,1,0,1,52,3.71,702.36
TS125,tshirt,2026-03-02,24,369,0.2,295,1,1,15749,1292,109,122,49,34,9,40,12,5,3,4,0,0,0,8,28,5,2.8,2,0,3,0,3,57,3.63,95.99
TS125,tshirt,2026-03-09,25,369,0.0,369,0,0,12740,802,69,58,16,10,3,13,3,1,0,0,1,0,1,2,10,1,4.0,1,0,0,0,0,58,3.64,980.93
TS125,tshirt,2026-03-16,26,369,0.0,369,0,0,9815,613,45,56,13,7,1,12,2,1,1,0,0,0,0,1,10,0,,0,0,0,0,0,58,3.64,1260.93
TS125,tshirt,2026-03-23,27,369,0.0,369,0,0,9717,605,51,43,14,8,4,10,2,1,0,1,0,0,0,1,8,2,3.0,1,0,1,0,1,60,3.62,706.86
TS125,tshirt,2026-03-30,28,369,0.0,369,0,0,10329,612,45,41,15,11,2,13,2,1,0,1,0,0,0,1,11,2,3.5,1,1,0,0,0,62,3.61,1362.96
TS125,tshirt,2026-04-06,29,369,0.0,369,0,0,10134,646,75,43,9,5,1,8,3,0,0,1,1,1,0,2,5,3,3.67,2,1,0,0,0,65,3.62,260.77
TS125,tshirt,2026-04-13,30,369,0.0,369,0,0,12516,828,72,58,21,16,2,19,4,2,1,0,1,0,0,3,15,4,4.5,4,0,0,0,0,69,3.67,1771.09
TS125,tshirt,2026-04-20,31,369,0.0,369,0,0,11514,731,78,52,16,12,1,15,2,1,0,1,0,0,0,1,13,1,3.0,0,1,0,0,0,70,3.66,1777.02
TS125,tshirt,2026-04-27,32,369,0.0,369,0,0,10818,648,58,52,17,11,2,15,3,0,0,2,0,1,0,3,12,3,4.0,2,1,0,0,0,73,3.67,1504.39
TS125,tshirt,2026-05-04,33,369,0.0,369,0,0,15237,959,78,70,16,13,0,16,4,1,2,0,0,0,1,4,12,1,4.0,1,0,0,0,0,74,3.68,1504.39
TS125,tshirt,2026-05-11,34,369,0.0,369,0,0,13088,849,68,55,16,16,2,14,3,1,1,0,1,0,0,1,11,4,4.5,4,0,0,0,0,78,3.72,1113.56
TS125,tshirt,2026-05-18,35,369,0.0,369,0,0,13750,893,78,59,15,7,0,15,4,3,0,0,0,0,1,4,11,4,3.25,2,1,1,0,1,82,3.7,1332.36
TS125,tshirt,2026-05-25,36,369,0.0,369,0,0,10086,651,60,52,16,16,1,15,4,2,0,1,0,1,0,3,11,3,3.67,2,0,1,1,0,85,3.69,1152.96
TS125,tshirt,2026-06-01,37,369,0.0,369,0,0,10749,721,72,69,19,10,2,17,2,0,0,2,0,0,0,1,15,2,5.0,2,0,0,0,0,87,3.72,2051.09
TS125,tshirt,2026-06-08,38,369,0.0,369,0,0,11412,785,63,52,16,12,1,15,3,2,0,1,0,0,0,3,12,1,5.0,1,0,0,0,0,88,3.74,1574.39
TS125,tshirt,2026-06-15,39,369,0.0,369,0,0,10907,676,52,48,14,8,1,13,3,2,1,0,0,0,0,3,10,2,3.5,1,0,1,1,0,90,3.73,1230.32
TS125,tshirt,2026-06-22,40,369,0.1,332,0,1,16029,1154,101,93,31,19,1,30,7,2,2,2,1,0,0,4,23,3,4.0,2,1,0,0,0,93,3.74,1768.08
TS125,tshirt,2026-06-29,41,369,0.0,369,0,0,10405,696,71,55,17,13,3,14,1,0,0,0,0,1,0,1,13,7,3.71,5,2,0,0,0,100,3.74,1886.42
TS125,tshirt,2026-07-06,42,369,0.0,369,0,0,10646,722,62,57,15,12,2,13,5,1,2,0,1,0,1,2,8,4,4.0,3,0,1,1,0,104,3.75,208.07
TS125,tshirt,2026-07-13,43,369,0.0,369,0,0,8608,600,58,47,18,15,2,16,7,3,2,1,1,0,0,7,9,2,4.0,2,0,0,0,0,106,3.75,428.29
TS125,tshirt,2026-07-20,44,369,0.0,369,0,0,10583,674,81,65,18,9,0,18,6,2,1,2,0,0,1,6,12,2,4.0,2,0,0,0,0,108,3.76,1224.39
TS125,tshirt,2026-07-27,45,369,0.0,369,0,0,10728,666,60,57,20,15,4,16,4,4,0,0,0,0,0,4,12,1,5.0,1,0,0,0,0,109,3.77,1224.39
TS125,tshirt,2026-08-03,46,369,0.0,369,0,0,8234,519,44,35,10,6,1,9,3,1,1,0,1,0,0,2,6,2,3.5,1,1,0,0,0,111,3.77,432.8
TS125,tshirt,2026-08-10,47,369,0.0,369,0,0,8916,603,42,51,19,15,4,15,6,5,0,1,0,0,0,3,9,3,3.33,2,0,1,0,1,114,3.75,100.1
TS125,tshirt,2026-08-17,48,369,0.0,369,0,0,13159,802,69,51,9,7,1,8,3,1,1,1,0,0,0,2,5,3,4.33,2,1,0,0,0,117,3.77,260.77
TS125,tshirt,2026-08-24,49,369,0.0,369,1,0,9144,551,49,49,17,13,3,14,3,1,0,1,1,0,0,2,11,2,3.5,1,0,1,1,0,119,3.76,1152.96
TS125,tshirt,2026-08-31,50,369,0.0,369,0,0,8081,516,44,33,6,6,1,5,0,0,0,0,0,0,0,0,5,0,,0,0,0,0,0,119,3.76,790.16
TS125,tshirt,2026-09-07,51,369,0.0,369,0,0,8900,555,41,34,10,10,0,10,1,0,1,0,0,0,0,1,9,1,3.0,0,1,0,0,0,120,3.76,1408.29
TS125,tshirt,2026-09-14,52,369,0.0,369,0,0,7976,494,52,36,9,5,2,7,1,0,1,0,0,0,0,0,6,0,,0,0,0,0,0,120,3.76,642.8
TS125,tshirt,2026-09-21,53,369,0.15,314,0,1,10751,791,76,67,30,24,2,28,8,3,1,3,1,0,0,5,20,6,3.33,2,3,1,0,1,126,3.74,804.84
TS126,tshirt,2026-06-08,1,329,0.0,329,0,0,11724,555,55,44,16,11,1,15,4,2,2,0,0,0,0,3,11,3,5.0,3,0,0,0,0,3,5.0,341.2
TS126,tshirt,2026-06-15,2,329,0.0,329,0,0,21226,1740,171,175,53,42,9,44,9,5,3,0,0,0,1,9,35,5,4.0,4,1,0,0,0,8,4.38,1652.38
TS126,tshirt,2026-06-22,3,329,0.0,329,0,1,23702,1449,155,163,66,44,5,61,13,5,5,0,1,1,1,10,48,7,3.57,3,4,0,0,0,15,4.0,2261.76
TS126,tshirt,2026-06-29,4,329,0.0,329,0,0,19685,1120,106,112,45,33,5,40,7,5,0,1,0,0,1,5,33,6,3.67,3,2,1,0,1,21,3.9,1725.72
TS126,tshirt,2026-07-06,5,329,0.0,329,0,0,11230,577,53,53,18,13,2,16,2,0,0,1,0,0,1,2,14,3,4.33,3,0,0,0,0,24,3.96,996.95
TS126,tshirt,2026-07-13,6,329,0.0,329,0,0,9647,594,54,68,23,20,2,21,4,2,0,1,1,0,0,4,17,1,3.0,0,1,0,0,0,25,3.92,1020.59
TS126,tshirt,2026-07-20,7,329,0.0,329,0,0,11818,651,70,73,23,18,2,21,5,3,2,0,0,0,0,3,16,3,4.0,2,1,0,0,0,28,3.93,495.13
TS126,tshirt,2026-07-27,8,329,0.0,329,0,0,11643,618,63,54,13,8,0,13,2,0,1,1,0,0,0,2,11,4,3.75,3,1,0,0,0,32,3.91,833.32
TS126,tshirt,2026-08-03,9,329,0.0,329,0,0,12202,683,55,58,19,12,4,15,3,1,0,1,0,0,1,2,12,0,,0,0,0,0,0,32,3.91,372.41
TS126,tshirt,2026-08-10,10,319,0.0,319,0,0,8057,455,58,48,19,10,0,19,5,3,2,0,0,0,0,2,14,3,3.67,1,2,0,0,0,35,3.89,157.25
TS126,tshirt,2026-08-17,11,319,0.0,319,0,0,10529,610,67,58,29,20,2,27,3,1,0,1,0,0,1,2,24,3,3.33,2,0,1,0,1,38,3.84,1498.37
TS126,tshirt,2026-08-24,12,319,0.0,319,1,0,12091,649,62,69,17,11,3,14,6,3,2,0,0,1,0,6,8,2,4.0,1,1,0,0,0,40,3.85,-316.5
TS126,tshirt,2026-08-31,13,319,0.0,319,0,0,9671,540,49,60,18,15,1,17,3,2,0,1,0,0,0,3,14,0,,0,0,0,0,0,40,3.85,793.62
TS126,tshirt,2026-09-07,14,319,0.0,319,0,0,12008,658,60,62,21,17,2,19,5,3,0,0,1,1,0,3,14,2,4.5,2,0,0,0,0,42,3.88,159.38
TS126,tshirt,2026-09-14,15,319,0.0,319,0,0,8905,519,43,44,23,21,4,19,3,2,1,0,0,0,0,2,16,4,4.0,3,1,0,0,0,46,3.89,624.87
TS126,tshirt,2026-09-21,16,319,0.0,319,0,1,11999,653,59,74,33,21,3,30,6,1,2,0,0,0,3,3,24,6,4.0,4,2,0,0,0,52,3.9,724.13
TS127,tshirt,2026-05-11,1,269,0.0,269,0,0,18497,1347,83,99,41,37,5,36,13,5,2,4,0,0,2,10,23,5,3.2,2,2,1,0,1,5,3.2,-2459.04
TS127,tshirt,2026-05-18,2,269,0.0,269,0,0,20797,1259,83,91,46,36,8,38,13,5,2,2,0,2,2,8,25,9,3.44,5,3,1,0,1,14,3.36,-2999.96
TS127,tshirt,2026-05-25,3,269,0.0,269,0,0,18284,1188,71,91,46,34,11,35,19,7,7,3,0,0,2,13,16,6,1.83,0,1,5,1,4,20,2.9,-4319.08
TS127,tshirt,2026-06-01,4,269,0.0,269,0,0,14479,822,41,61,23,17,2,21,3,0,1,2,0,0,0,1,18,2,3.5,1,1,0,0,0,22,2.95,-725.05
TS127,tshirt,2026-06-08,5,269,0.0,269,0,0,9507,553,37,41,17,13,1,16,4,4,0,0,0,0,0,2,12,2,3.5,1,1,0,0,0,24,3.0,-857.25
TS127,tshirt,2026-06-15,6,269,0.0,269,0,0,7321,438,26,39,15,13,0,15,3,2,0,0,0,0,1,1,12,1,3.0,0,1,0,0,0,25,3.0,-647.25
TS127,tshirt,2026-06-22,7,269,0.0,269,0,1,10447,619,36,46,13,13,2,11,3,1,1,1,0,0,0,2,8,2,3.5,1,1,0,0,0,27,3.04,-652.89
TS128,tshirt,2025-11-17,1,299,0.0,299,0,0,11147,472,30,37,14,10,2,12,5,1,3,0,1,0,0,5,7,2,2.0,0,1,1,0,1,2,2.0,-279.78
TS128,tshirt,2025-11-24,2,299,0.0,299,0,0,10449,251,18,17,6,4,0,6,0,0,0,0,0,0,0,0,6,0,,0,0,0,0,0,2,2.0,480.19
TS128,tshirt,2025-12-01,3,299,0.0,299,0,0,6501,148,7,14,4,3,0,4,1,0,0,0,0,1,0,1,3,1,2.0,0,0,1,0,1,3,2.0,100.1
TS128,tshirt,2025-12-08,4,299,0.0,299,0,0,5004,120,7,9,4,4,1,3,1,0,1,0,0,0,0,1,2,0,,0,0,0,0,0,3,2.0,-49.94
TS128,tshirt,2025-12-15,5,299,0.0,299,0,0,3324,80,3,5,0,0,0,0,0,0,0,0,0,0,0,0,0,0,,0,0,0,0,0,3,2.0,0.0
TS128,tshirt,2025-12-22,6,299,0.0,299,0,0,2889,75,7,6,0,0,0,0,0,0,0,0,0,0,0,0,0,0,,0,0,0,0,0,3,2.0,0.0
TS128,tshirt,2025-12-29,7,299,0.0,299,0,0,3293,73,5,3,2,2,1,1,0,0,0,0,0,0,0,0,1,0,,0,0,0,0,0,3,2.0,10.03
TS128,tshirt,2026-01-05,8,299,0.0,299,0,0,2954,56,3,4,1,1,0,1,0,0,0,0,0,0,0,0,1,0,,0,0,0,0,0,3,2.0,80.03
TS128,tshirt,2026-01-12,9,299,0.0,299,0,1,4441,102,11,9,3,2,1,2,1,1,0,0,0,0,0,0,1,0,,0,0,0,0,0,3,2.0,-264.7
TS128,tshirt,2026-01-19,10,299,0.0,299,0,0,3339,67,5,6,2,2,0,2,1,0,1,0,0,0,0,1,1,1,4.0,1,0,0,0,0,4,2.5,-59.97
TS128,tshirt,2026-01-26,11,299,0.0,299,0,0,2761,72,7,3,3,3,2,1,0,0,0,0,0,0,0,0,1,0,,0,0,0,0,0,4,2.5,-59.97
TS128,tshirt,2026-02-02,12,299,0.0,299,0,0,3956,110,13,9,5,4,1,4,2,1,1,0,0,0,0,2,2,0,,0,0,0,0,0,4,2.5,-189.94
TS128,tshirt,2026-02-09,13,299,0.0,299,0,0,5227,143,13,13,4,4,1,3,0,0,0,0,0,0,0,0,3,0,,0,0,0,0,0,4,2.5,170.1
TS128,tshirt,2026-02-16,14,299,0.0,299,0,0,5170,148,8,7,2,1,0,2,0,0,0,0,0,0,0,0,2,1,3.0,0,1,0,0,0,5,2.6,160.06
TS128,tshirt,2026-02-23,15,299,0.0,299,0,0,4543,139,13,11,4,2,0,4,0,0,0,0,0,0,0,0,4,2,5.0,2,0,0,0,0,7,3.29,320.13
TS128,tshirt,2026-03-02,16,299,0.0,299,1,1,6975,254,21,16,5,4,2,3,2,1,1,0,0,0,0,2,1,1,4.0,1,0,0,0,0,8,3.38,-339.97
TS128,tshirt,2026-03-09,17,299,0.0,299,0,0,6117,233,18,19,7,6,0,7,1,1,0,0,0,0,0,1,6,2,4.0,2,0,0,0,0,10,3.5,340.19
TS128,tshirt,2026-03-16,18,299,0.0,299,0,0,6040,242,18,19,7,6,2,5,0,0,0,0,0,0,0,0,5,0,,0,0,0,0,0,10,3.5,260.16
TS128,tshirt,2026-03-23,19,299,0.0,299,0,0,7652,288,23,20,6,5,0,6,0,0,0,0,0,0,0,0,6,1,5.0,1,0,0,0,0,11,3.64,480.19
TS128,tshirt,2026-03-30,20,299,0.0,299,0,0,9838,402,32,32,6,4,0,6,0,0,0,0,0,0,0,0,6,1,5.0,1,0,0,0,0,12,3.75,480.19
TS128,tshirt,2026-04-06,21,299,0.0,299,0,0,8514,402,26,37,16,12,4,12,4,1,3,0,0,0,0,4,8,0,,0,0,0,0,0,12,3.75,-199.74
TS128,tshirt,2026-04-13,22,299,0.0,299,0,0,9263,413,37,35,12,10,3,9,0,0,0,0,0,0,0,0,9,0,,0,0,0,0,0,12,3.75,510.29
TS128,tshirt,2026-04-20,23,299,0.0,299,0,0,12700,537,30,46,17,10,1,16,6,5,0,1,0,0,0,3,10,3,3.67,2,0,1,0,1,15,3.73,-513.87
TS128,tshirt,2026-04-27,24,299,0.0,299,0,0,9057,374,35,26,6,5,0,6,1,1,0,0,0,0,0,1,5,0,,0,0,0,0,0,15,3.73,260.16
TS128,tshirt,2026-05-04,25,299,0.0,299,0,0,11704,486,30,36,14,9,0,14,2,1,0,1,0,0,0,1,12,1,5.0,1,0,0,0,0,16,3.81,545.66
TS128,tshirt,2026-05-11,26,299,0.0,299,0,0,9847,447,40,30,9,9,3,6,1,0,0,0,0,1,0,1,5,1,3.0,0,1,0,0,0,17,3.76,50.16
TS128,tshirt,2026-05-18,27,299,0.0,299,0,0,11997,509,34,46,11,10,1,10,3,1,1,1,0,0,0,2,7,3,3.33,1,2,0,0,0,20,3.7,-64.51
TS128,tshirt,2026-05-25,28,299,0.0,299,0,0,9989,403,33,32,12,7,0,12,4,1,2,0,0,1,0,2,8,1,1.0,0,0,1,0,1,21,3.57,-189.2
TS128,tshirt,2026-06-01,29,299,0.0,299,0,0,8368,340,23,30,10,10,1,9,5,2,2,1,0,0,0,0,4,1,4.0,1,0,0,0,0,22,3.59,-1123.52
TS128,tshirt,2026-06-08,30,299,0.0,299,0,0,9278,399,27,32,11,10,1,10,2,1,0,1,0,0,0,1,8,4,3.25,1,3,0,0,0,26,3.54,155.53
TS128,tshirt,2026-06-15,31,299,0.0,299,0,0,6208,300,17,17,6,5,1,5,0,0,0,0,0,0,0,0,5,2,2.5,0,1,1,0,1,28,3.46,330.16
TS128,tshirt,2026-06-22,32,299,0.0,299,0,1,10637,451,33,37,17,12,2,15,5,2,1,0,1,0,1,3,10,0,,0,0,0,0,0,28,3.46,-309.14
TS128,tshirt,2026-06-29,33,299,0.0,299,0,0,9554,406,30,40,10,8,4,6,4,2,1,0,1,0,0,4,2,1,3.0,0,1,0,0,0,29,3.45,-679.94
TS128,tshirt,2026-07-06,34,299,0.0,299,0,0,8220,341,26,26,7,5,0,7,3,3,0,0,0,0,0,3,4,2,3.0,0,2,0,0,0,31,3.42,-99.87
TS128,tshirt,2026-07-13,35,299,0.0,299,0,0,7327,299,27,23,9,9,1,8,3,0,2,1,0,0,0,2,5,1,3.0,0,1,0,0,0,32,3.41,-224.57
TS128,tshirt,2026-07-20,36,299,0.0,299,0,0,7278,272,21,16,7,5,0,7,0,0,0,0,0,0,0,0,7,1,3.0,0,1,0,0,0,33,3.39,560.22
TS128,tshirt,2026-07-27,37,299,0.0,299,0,0,7243,312,32,17,8,6,2,6,2,2,0,0,0,0,0,1,4,0,,0,0,0,0,0,33,3.39,-234.6
TS128,tshirt,2026-08-03,38,299,0.0,299,0,0,7350,292,24,32,10,8,2,8,2,1,0,1,0,0,0,2,6,0,,0,0,0,0,0,33,3.39,60.19
TS128,tshirt,2026-08-10,39,299,0.0,299,0,0,6333,263,28,22,11,11,1,10,2,1,0,0,1,0,0,2,8,2,3.0,0,2,0,0,0,35,3.37,290.26
TS128,tshirt,2026-08-17,40,299,0.0,299,0,0,7705,300,26,23,7,6,0,7,1,1,0,0,0,0,0,0,6,2,4.0,2,0,0,0,0,37,3.41,205.46
TS128,tshirt,2026-08-24,41,299,0.0,299,1,0,8133,352,20,29,12,10,2,10,4,0,0,2,0,0,2,3,6,2,3.5,1,0,1,1,0,39,3.41,-354.54
TS128,tshirt,2026-08-31,42,299,0.0,299,0,0,9080,373,31,29,7,5,0,7,2,1,0,1,0,0,0,2,5,1,2.0,0,0,1,1,0,40,3.38,120.16
TS128,tshirt,2026-09-07,43,299,0.0,299,0,0,6173,253,15,15,2,1,0,2,1,0,0,1,0,0,0,1,1,1,4.0,1,0,0,0,0,41,3.39,-59.97
TS128,tshirt,2026-09-14,44,299,0.0,299,0,0,6481,250,17,16,6,6,0,6,0,0,0,0,0,0,0,0,6,1,5.0,1,0,0,0,0,42,3.43,480.19
TS128,tshirt,2026-09-21,45,299,0.0,299,0,1,8535,336,38,32,10,9,0,10,1,1,0,0,0,0,0,1,9,0,,0,0,0,0,0,42,3.43,580.29
TS129,tshirt,2026-03-02,1,239,0.0,239,1,1,16594,1259,80,132,61,49,6,55,14,6,2,3,1,0,2,10,41,11,4.09,7,4,0,0,0,11,4.09,-805.71
TS129,tshirt,2026-03-09,2,239,0.0,239,0,0,30543,2736,197,319,135,96,19,116,20,8,5,3,2,2,0,14,96,14,3.79,9,5,0,0,0,25,3.92,-78.23
TS129,tshirt,2026-03-16,3,239,0.0,239,0,0,19734,1790,121,213,101,74,13,88,18,9,4,3,2,0,0,12,70,6,3.33,2,3,1,0,1,31,3.81,-652.1
TS129,tshirt,2026-03-23,4,239,0.0,239,0,0,23930,2057,131,239,112,81,17,95,24,11,3,3,3,2,2,18,71,17,3.53,7,8,2,0,2,48,3.71,-1723.11
TS129,tshirt,2026-03-30,5,239,0.0,239,0,0,19488,1655,131,159,73,56,12,61,22,11,5,1,3,1,1,15,39,12,3.0,4,3,5,0,5,60,3.57,-2769.57
TS129,tshirt,2026-04-06,6,239,0.0,239,0,0,24791,2072,139,236,102,72,14,88,29,12,7,4,3,1,2,23,59,15,3.53,8,4,3,0,3,75,3.56,-2801.05
TS130,tshirt,2026-04-13,1,379,0.0,379,0,0,16859,433,37,27,10,8,5,5,0,0,0,0,0,0,0,0,5,0,,0,0,0,0,0,0,,648.89
TS130,tshirt,2026-04-20,2,379,0.0,379,0,0,11415,306,23,11,3,1,0,3,1,1,0,0,0,0,0,1,2,1,1.0,0,0,1,1,0,1,1.0,259.55
TS130,tshirt,2026-04-27,3,379,0.0,379,0,0,7691,66,5,7,1,0,0,1,0,0,0,0,0,0,0,0,1,0,,0,0,0,0,0,1,1.0,199.78
TS130,tshirt,2026-05-04,4,379,0.0,379,0,0,6094,59,3,3,1,0,0,1,1,0,1,0,0,0,0,1,0,0,,0,0,0,0,0,1,1.0,-140.0
TS130,tshirt,2026-05-11,5,319,0.0,319,0,0,5000,51,3,2,0,0,0,0,0,0,0,0,0,0,0,0,0,0,,0,0,0,0,0,1,1.0,0.0
TS130,tshirt,2026-05-18,6,319,0.0,319,0,0,4423,45,5,4,1,1,0,1,0,0,0,0,0,0,0,0,1,0,,0,0,0,0,0,1,1.0,142.63
TS130,tshirt,2026-05-25,7,319,0.0,319,0,0,4387,50,1,2,0,0,0,0,0,0,0,0,0,0,0,0,0,0,,0,0,0,0,0,1,1.0,0.0
TS130,tshirt,2026-06-01,8,319,0.0,319,0,0,4777,63,4,1,0,0,0,0,0,0,0,0,0,0,0,0,0,0,,0,0,0,0,0,1,1.0,0.0
TS130,tshirt,2026-06-08,9,319,0.0,319,0,0,4543,51,4,2,0,0,0,0,0,0,0,0,0,0,0,0,0,0,,0,0,0,0,0,1,1.0,0.0
TS130,tshirt,2026-06-15,10,319,0.0,319,0,0,4480,50,4,4,1,1,0,1,0,0,0,0,0,0,0,0,1,0,,0,0,0,0,0,1,1.0,142.63
TS130,tshirt,2026-06-22,11,319,0.15,271,0,1,4584,53,1,1,0,0,0,0,0,0,0,0,0,0,0,0,0,0,,0,0,0,0,0,1,1.0,0.0
TS131,tshirt,2026-06-29,1,309,0.0,309,0,0,14250,736,45,70,30,20,3,27,4,3,0,0,1,0,0,2,23,6,3.5,3,1,2,2,0,6,3.5,2055.45
TS131,tshirt,2026-07-06,2,309,0.0,309,0,0,17240,841,87,53,14,8,1,13,4,0,2,0,0,0,2,2,9,2,3.5,1,0,1,0,1,8,3.5,362.0
TS131,tshirt,2026-07-13,3,309,0.0,309,0,0,9245,428,33,33,13,9,0,13,1,1,0,0,0,0,0,1,12,1,5.0,1,0,0,0,0,9,3.67,1431.53
TS131,tshirt,2026-07-20,4,309,0.0,309,0,0,11736,577,57,48,19,11,2,17,4,0,1,3,0,0,0,3,13,2,3.5,1,1,0,0,0,11,3.64,909.17
TS131,tshirt,2026-07-27,5,309,0.0,309,0,0,9657,490,39,36,9,7,1,8,1,1,0,0,0,0,0,1,7,0,,0,0,0,0,0,11,3.64,706.73
TS131,tshirt,2026-08-03,6,309,0.0,309,0,0,8551,411,28,31,14,10,0,14,4,0,3,1,0,0,0,3,10,2,3.5,1,1,0,0,0,13,3.62,656.28
TS131,tshirt,2026-08-10,7,309,0.0,309,0,0,9609,471,41,44,19,16,4,15,4,2,0,2,0,0,0,2,11,3,2.0,0,1,2,0,2,16,3.31,413.92
TS131,tshirt,2026-08-17,8,309,0.0,309,0,0,7776,314,25,28,15,10,3,12,4,0,1,2,0,1,0,2,8,1,3.0,0,1,0,0,0,17,3.29,91.04
TS131,tshirt,2026-08-24,9,309,0.0,309,1,0,10218,471,34,35,12,9,4,8,1,1,0,0,0,0,0,1,7,2,4.0,2,0,0,0,0,19,3.37,496.73
TS131,tshirt,2026-08-31,10,319,0.0,319,0,0,7687,359,27,25,7,6,2,5,1,1,0,0,0,0,0,1,4,1,4.0,1,0,0,0,0,20,3.4,281.94
TS131,tshirt,2026-09-07,11,319,0.0,319,0,0,5515,258,30,17,7,5,3,4,1,0,0,1,0,0,0,1,3,1,3.0,0,1,0,0,0,21,3.38,71.45
TS131,tshirt,2026-09-14,12,319,0.0,319,0,0,7032,333,24,21,8,4,0,8,1,1,0,0,0,0,0,1,7,1,4.0,1,0,0,0,0,22,3.41,843.39
TS131,tshirt,2026-09-21,13,319,0.1,287,0,1,7724,377,30,39,10,7,1,9,2,1,0,1,0,0,0,2,7,0,,0,0,0,0,0,22,3.41,420.06
TS132,tshirt,2025-10-13,1,329,0.0,329,1,0,16369,827,65,56,19,15,2,17,8,2,3,2,0,0,1,6,9,2,3.0,0,2,0,0,0,2,3.0,-237.52
TS132,tshirt,2025-10-20,2,329,0.0,329,1,0,11720,437,23,30,10,7,2,8,6,2,1,0,2,0,1,3,2,1,3.0,0,1,0,0,0,3,3.0,-1024.02
TS132,tshirt,2025-10-27,3,329,0.0,329,0,0,7133,279,19,11,7,7,2,5,1,1,0,0,0,0,0,1,4,1,4.0,1,0,0,0,0,4,3.25,268.78
TS132,tshirt,2025-11-03,4,329,0.0,329,0,0,6822,252,20,14,5,4,0,5,2,0,2,0,0,0,0,1,3,0,,0,0,0,0,0,4,3.25,25.45
TS132,tshirt,2025-11-10,5,329,0.0,329,0,0,6694,272,24,21,4,3,1,3,2,1,1,0,0,0,0,2,1,0,,0,0,0,0,0,4,3.25,-212.8
TS132,tshirt,2025-11-17,6,329,0.0,329,0,0,5772,252,12,16,5,4,2,3,1,0,1,0,0,0,0,1,2,0,,0,0,0,0,0,4,3.25,-5.61
TS132,tshirt,2025-11-24,7,329,0.0,329,0,0,5487,249,24,17,5,3,1,4,2,1,0,0,1,0,0,0,2,2,3.5,1,0,1,1,0,6,3.33,-287.89
TS132,tshirt,2025-12-01,8,329,0.0,329,0,0,3486,136,9,9,2,0,0,2,1,1,0,0,0,0,0,1,1,0,,0,0,0,0,0,6,3.33,-2.8
TS132,tshirt,2025-12-08,9,329,0.0,329,0,0,5472,222,15,12,3,2,1,2,2,2,0,0,0,0,0,2,0,1,3.0,0,1,0,0,0,7,3.29,-350.0
TS132,tshirt,2025-12-15,10,329,0.0,329,0,0,4260,179,10,9,2,2,0,2,0,0,0,0,0,0,0,0,2,1,4.0,1,0,0,0,0,8,3.38,274.39
TS132,tshirt,2025-12-22,11,329,0.0,329,0,0,5407,236,19,6,3,3,2,1,0,0,0,0,0,0,0,0,1,0,,0,0,0,0,0,8,3.38,-2.8
TS132,tshirt,2025-12-29,12,329,0.0,329,0,0,4187,165,7,9,2,2,0,2,0,0,0,0,0,0,0,0,2,1,2.0,0,0,1,0,1,9,3.22,274.39
TS132,tshirt,2026-01-05,13,329,0.0,329,0,0,3501,139,7,12,4,4,2,2,0,0,0,0,0,0,0,0,2,0,,0,0,0,0,0,9,3.22,134.39
TS132,tshirt,2026-01-12,14,329,0.0,329,0,1,7448,283,18,18,3,3,0,3,1,1,0,0,0,0,0,1,2,2,3.0,0,2,0,0,0,11,3.18,134.39
TS132,tshirt,2026-01-19,15,329,0.0,329,0,0,4893,179,14,10,7,4,1,6,0,0,0,0,0,0,0,0,6,2,3.0,1,0,1,1,0,13,3.15,753.17
TS132,tshirt,2026-01-26,16,329,0.0,329,0,0,3511,145,10,9,4,2,2,2,2,1,0,1,0,0,0,1,0,1,3.0,0,1,0,0,0,14,3.14,-526.14
TS132,tshirt,2026-02-02,17,329,0.0,329,0,0,5886,239,19,15,4,2,0,4,0,0,0,0,0,0,0,0,4,0,,0,0,0,0,0,14,3.14,548.78
TS132,tshirt,2026-02-09,18,329,0.0,329,0,0,5849,239,18,11,2,0,0,2,0,0,0,0,0,0,0,0,2,0,,0,0,0,0,0,14,3.14,274.39
TS132,tshirt,2026-02-16,19,329,0.0,329,0,0,4567,176,14,12,4,3,1,3,1,0,0,0,0,1,0,1,2,0,,0,0,0,0,0,14,3.14,64.39
TS132,tshirt,2026-02-23,20,329,0.0,329,0,0,4197,181,17,10,1,1,0,1,0,0,0,0,0,0,0,0,1,0,,0,0,0,0,0,14,3.14,137.2
TS132,tshirt,2026-03-02,21,329,0.15,280,1,1,6855,302,11,27,6,5,1,5,1,0,1,0,0,0,0,1,4,0,,0,0,0,0,0,14,3.14,152.11
TS132,tshirt,2026-03-09,22,329,0.0,329,0,0,4647,193,5,13,1,1,0,1,0,0,0,0,0,0,0,0,1,0,,0,0,0,0,0,14,3.14,137.2
TS132,tshirt,2026-03-16,23,329,0.0,329,0,0,5021,227,11,10,4,3,1,3,2,1,1,0,0,0,0,2,1,0,,0,0,0,0,0,14,3.14,-212.8
TS132,tshirt,2026-03-23,24,329,0.0,329,0,0,5498,217,13,11,3,3,0,3,1,0,0,1,0,0,0,0,2,0,,0,0,0,0,0,14,3.14,28.25
TS132,tshirt,2026-03-30,25,329,0.0,329,0,0,4774,181,13,8,3,2,0,3,0,0,0,0,0,0,0,0,3,2,4.0,1,1,0,0,0,16,3.25,411.59
TS132,tshirt,2026-04-06,26,329,0.0,329,0,0,6941,290,16,19,3,2,0,3,0,0,0,0,0,0,0,0,3,1,3.0,0,1,0,0,0,17,3.24,411.59
TS132,tshirt,2026-04-13,27,329,0.0,329,0,0,5046,203,13,15,2,2,0,2,1,0,0,0,0,1,0,1,1,1,1.0,0,0,1,0,1,18,3.11,-2.8
TS132,tshirt,2026-04-20,28,329,0.0,329,0,0,4514,176,15,10,1,1,0,1,0,0,0,0,0,0,0,0,1,0,,0,0,0,0,0,18,3.11,137.2
TS132,tshirt,2026-04-27,29,329,0.0,329,0,0,4751,201,13,12,3,2,1,2,0,0,0,0,0,0,0,0,2,0,,0,0,0,0,0,18,3.11,204.39
TS132,tshirt,2026-05-04,30,319,0.0,319,0,0,5859,248,11,13,4,4,0,4,2,1,0,1,0,0,0,2,2,2,2.5,1,0,1,0,1,20,3.05,-24.66
TS132,tshirt,2026-05-11,31,319,0.0,319,0,0,5778,267,12,20,10,8,2,8,2,1,1,0,0,0,0,2,6,1,3.0,0,1,0,0,0,21,3.05,346.03
TS132,tshirt,2026-05-18,32,319,0.0,319,0,0,8561,355,31,18,5,3,1,4,2,0,0,1,0,0,1,1,2,0,,0,0,0,0,0,21,3.05,-200.8
TS132,tshirt,2026-05-25,33,319,0.0,319,0,0,9339,372,27,18,7,7,1,6,2,1,0,1,0,0,0,1,4,2,3.0,0,2,0,0,0,23,3.04,54.55
TS132,tshirt,2026-06-01,34,319,0.0,319,0,0,5599,252,16,12,6,3,0,6,2,1,1,0,0,0,0,2,4,2,2.0,0,0,2,0,2,25,2.96,230.69
TS132,tshirt,2026-06-08,35,319,0.0,319,0,0,6984,258,15,14,8,6,2,6,1,0,1,0,0,0,0,1,5,1,4.0,1,0,0,0,0,26,3.0,358.36
TS132,tshirt,2026-06-15,36,319,0.0,319,0,0,4329,169,13,9,3,2,0,3,2,1,1,0,0,0,0,2,1,1,3.0,0,1,0,0,0,27,3.0,-152.33
TS132,tshirt,2026-06-22,37,319,0.15,271,0,1,7727,370,20,31,12,9,3,9,4,2,1,0,0,0,1,2,5,4,3.25,2,1,1,0,1,31,3.03,-572.49
TS132,tshirt,2026-06-29,38,319,0.0,319,0,0,6712,285,17,15,7,4,1,6,4,2,1,1,0,0,0,0,2,0,,0,0,0,0,0,31,3.03,-799.21
TS132,tshirt,2026-07-06,39,319,0.0,319,0,0,5824,262,22,12,6,5,0,6,2,1,0,0,0,1,0,1,4,0,,0,0,0,0,0,31,3.03,124.55
TS132,tshirt,2026-07-13,40,319,0.0,319,0,0,5081,212,17,13,7,6,0,7,2,1,0,0,0,0,1,1,5,1,3.0,0,1,0,0,0,32,3.03,252.22
TS132,tshirt,2026-07-20,41,319,0.0,319,0,0,6114,232,20,12,3,1,2,1,0,0,0,0,0,0,0,0,1,0,,0,0,0,0,0,32,3.03,-12.33
TS132,tshirt,2026-07-27,42,319,0.0,319,0,0,4980,215,15,15,5,4,1,4,2,0,2,0,0,0,0,1,2,1,2.0,0,0,1,0,1,33,3.0,-200.8
TS132,tshirt,2026-08-03,43,319,0.0,319,0,0,5327,213,16,10,6,4,1,5,2,2,0,0,0,0,0,0,3,0,,0,0,0,0,0,33,3.0,-179.26
TS132,tshirt,2026-08-10,44,319,0.0,319,0,0,5016,198,8,9,3,3,1,2,0,0,0,0,0,0,0,0,2,0,,0,0,0,0,0,33,3.0,185.34
TS132,tshirt,2026-08-17,45,319,0.0,319,0,0,4125,184,15,8,2,2,0,2,2,1,1,0,0,0,0,2,0,0,,0,0,0,0,0,33,3.0,-280.0
TS132,tshirt,2026-08-24,46,319,0.0,319,1,0,4274,160,11,15,2,2,0,2,0,0,0,0,0,0,0,0,2,0,,0,0,0,0,0,33,3.0,255.34
TS132,tshirt,2026-08-31,47,319,0.0,319,0,0,3029,143,13,8,4,3,0,4,0,0,0,0,0,0,0,0,4,2,3.5,1,1,0,0,0,35,3.03,510.69
TS132,tshirt,2026-09-07,48,319,0.0,319,0,0,4863,194,20,11,3,2,0,3,1,0,0,0,0,0,1,1,2,0,,0,0,0,0,0,35,3.03,115.34
TS132,tshirt,2026-09-14,49,319,0.0,319,0,0,6010,239,16,14,4,3,0,4,2,0,2,0,0,0,0,2,2,0,,0,0,0,0,0,35,3.03,-24.66
TS132,tshirt,2026-09-21,50,309,0.15,263,0,1,5822,276,18,22,12,10,1,11,5,2,3,0,0,0,0,3,6,0,,0,0,0,0,0,35,3.03,-536.25
TS133,tshirt,2025-12-22,1,269,0.0,269,0,0,8613,662,62,54,21,15,1,20,9,3,0,4,1,0,1,7,11,3,3.33,1,1,1,1,0,3,3.33,-779.75
TS133,tshirt,2025-12-29,2,269,0.0,269,0,0,12424,817,44,54,22,16,3,19,6,4,0,1,0,0,1,3,13,1,5.0,1,0,0,0,0,4,3.75,-473.02
TS133,tshirt,2026-01-05,3,269,0.0,269,0,0,8421,620,37,69,38,30,6,32,9,2,4,1,1,1,0,8,23,10,3.1,3,5,2,0,2,14,3.29,-162.86
TS133,tshirt,2026-01-12,4,269,0.0,269,0,1,15765,1081,70,115,37,21,4,33,11,7,3,0,0,1,0,6,22,3,3.33,1,1,1,0,1,17,3.29,-834.71
TS133,tshirt,2026-01-19,5,269,0.0,269,0,0,9172,646,50,38,19,13,3,16,5,0,1,1,1,1,1,3,11,1,5.0,1,0,0,0,0,18,3.39,-359.75
TS133,tshirt,2026-01-26,6,269,0.0,269,0,0,9251,651,45,43,18,13,1,17,5,3,1,1,0,0,0,1,12,1,5.0,1,0,0,0,0,19,3.47,-379.21
TS133,tshirt,2026-02-02,7,269,0.0,269,0,0,7135,523,41,54,25,15,2,23,11,8,2,0,0,0,1,8,12,4,3.25,2,1,1,0,1,23,3.43,-1173.99
TS133,tshirt,2026-02-09,8,269,0.0,269,0,0,12355,916,68,87,37,25,8,29,5,1,1,1,1,0,1,5,24,3,1.67,0,0,3,1,2,26,3.23,443.33
TS133,tshirt,2026-02-16,9,269,0.0,269,0,0,8453,561,41,48,19,15,1,18,4,2,2,0,0,0,0,4,14,4,4.0,3,1,0,0,0,30,3.33,363.61
TS133,tshirt,2026-02-23,10,269,0.0,269,0,0,9754,639,34,36,12,9,3,9,2,1,1,0,0,0,0,2,7,2,3.5,1,1,0,0,0,32,3.34,6.8
TS133,tshirt,2026-03-02,11,269,0.0,269,1,1,15170,1019,77,80,29,24,6,23,2,1,1,0,0,0,0,1,21,1,4.0,1,0,0,0,0,33,3.36,675.19
TS133,tshirt,2026-03-09,12,269,0.0,269,0,0,8602,627,47,43,21,14,2,19,2,1,1,0,0,0,0,2,17,3,4.67,3,0,0,0,0,36,3.47,786.52
TS133,tshirt,2026-03-16,13,269,0.0,269,0,0,10405,784,63,67,34,22,4,30,10,3,3,2,0,1,1,7,20,2,3.5,1,1,0,0,0,38,3.47,-606.22
TS133,tshirt,2026-03-23,14,269,0.0,269,0,0,9796,709,52,73,33,22,4,29,6,3,1,2,0,0,0,4,23,3,3.67,1,2,0,0,0,41,3.49,281.92
TS133,tshirt,2026-03-30,15,269,0.0,269,0,0,16570,1320,102,116,53,34,6,47,13,6,4,3,0,0,0,9,34,5,3.0,1,3,1,0,1,46,3.43,-287.83
TS133,tshirt,2026-04-06,16,269,0.0,269,0,0,13799,968,68,76,36,23,4,32,10,5,1,4,0,0,0,8,22,7,3.14,3,2,2,0,2,53,3.4,-349.05
TS133,tshirt,2026-04-13,17,269,0.0,269,0,0,15308,1080,75,102,44,29,7,37,14,6,3,2,3,0,0,11,23,8,3.25,3,3,2,0,2,61,3.38,-1163.3
TS133,tshirt,2026-04-20,18,269,0.0,269,0,0,9072,645,37,48,17,12,1,16,4,0,2,2,0,0,0,4,12,2,2.5,0,1,1,0,1,63,3.35,221.66
TS133,tshirt,2026-04-27,19,269,0.0,269,0,0,13474,991,63,72,35,26,4,31,6,4,0,0,0,2,0,6,25,10,3.4,5,4,1,0,1,73,3.36,654.3
TS133,tshirt,2026-05-04,20,269,0.0,269,0,0,14591,1005,61,87,37,20,5,32,6,2,0,2,1,1,0,4,26,7,3.57,5,1,1,0,1,80,3.38,424.83
TS133,tshirt,2026-05-11,21,269,0.0,269,0,0,14638,1037,72,92,40,29,9,31,7,4,2,1,0,0,0,5,24,3,2.33,0,2,1,0,1,83,3.34,-137.11
TS133,tshirt,2026-05-18,22,269,0.0,269,0,0,14342,1116,66,110,50,41,7,43,15,5,5,3,1,0,1,12,28,7,3.29,2,4,1,1,0,90,3.33,-948.44
TS133,tshirt,2026-05-25,23,269,0.0,269,0,0,11500,814,50,55,21,8,2,19,3,1,1,1,0,0,0,2,16,0,,0,0,0,0,0,90,3.33,460.33
TS133,tshirt,2026-06-01,24,269,0.0,269,0,0,11664,814,65,66,28,22,2,26,6,1,2,1,0,1,1,6,20,4,4.5,3,1,0,0,0,94,3.38,439.44
TS133,tshirt,2026-06-08,25,269,0.0,269,0,0,11981,850,50,75,28,19,5,23,7,2,3,0,0,0,2,6,16,4,3.0,1,2,1,1,0,98,3.37,-309.67
TS133,tshirt,2026-06-15,26,269,0.0,269,0,0,11968,881,51,66,32,15,4,28,3,3,0,0,0,0,0,2,25,3,4.67,3,0,0,0,0,101,3.41,959.08
TS133,tshirt,2026-06-22,27,269,0.2,215,0,1,14345,1213,81,132,71,49,10,61,13,4,1,6,0,1,1,9,48,10,3.7,7,2,1,1,0,111,3.43,-2042.79
TS133,tshirt,2026-06-29,28,269,0.0,269,0,0,15294,1112,72,78,36,27,5,31,8,4,3,0,0,1,0,5,23,6,3.17,2,3,1,0,1,117,3.42,-183.3
TS133,tshirt,2026-07-06,29,269,0.0,269,0,0,9750,775,51,67,30,25,7,23,5,3,0,1,1,0,0,3,18,4,3.0,2,0,2,0,2,121,3.4,-142.94
TS133,tshirt,2026-07-13,30,269,0.0,269,0,0,13552,1021,76,81,28,19,7,21,4,1,2,1,0,0,0,3,17,2,4.0,2,0,0,0,0,123,3.41,41.3
TS133,tshirt,2026-07-20,31,269,0.0,269,0,0,10810,740,48,65,28,17,3,25,9,5,0,1,0,0,3,8,16,4,4.5,4,0,0,0,0,127,3.45,-449.67
TS133,tshirt,2026-07-27,32,269,0.0,269,0,0,13530,992,72,110,48,32,7,41,9,4,2,0,0,1,2,8,32,6,3.83,5,0,1,0,1,133,3.47,405.88
TS133,tshirt,2026-08-03,33,269,0.0,269,0,0,11106,833,51,69,23,14,1,22,7,1,1,2,0,2,1,7,15,3,5.0,3,0,0,0,0,136,3.5,14.58
TS133,tshirt,2026-08-10,34,269,0.0,269,0,0,11449,821,55,67,28,18,4,24,8,0,4,1,1,1,1,5,16,2,4.0,2,0,0,0,0,138,3.51,-610.1
TS133,tshirt,2026-08-17,35,269,0.0,269,0,0,11912,896,53,71,32,23,7,25,7,2,1,2,0,1,1,5,18,1,4.0,1,0,0,0,0,139,3.51,-422.94
TS133,tshirt,2026-08-24,36,269,0.0,269,1,0,14874,1074,74,100,44,37,9,35,9,3,1,3,1,1,0,8,26,7,3.29,3,3,1,1,0,146,3.5,-159.95
TS133,tshirt,2026-08-31,37,269,0.0,269,0,0,12184,923,61,81,35,19,4,31,6,3,0,1,1,0,1,3,25,6,2.83,2,1,3,0,3,152,3.47,308.64
TS133,tshirt,2026-09-07,38,269,0.0,269,0,0,11406,836,54,52,20,15,1,19,9,2,2,2,1,0,2,8,10,6,2.5,1,3,2,2,0,158,3.44,-735.5
TS133,tshirt,2026-09-14,39,269,0.0,269,0,0,12765,901,70,66,26,18,2,24,9,4,2,2,0,0,1,5,15,4,3.0,1,1,2,1,1,162,3.43,-796.29
TS133,tshirt,2026-09-21,40,269,0.0,269,0,1,12184,839,57,61,20,17,5,15,5,2,2,1,0,0,0,5,10,2,2.0,0,1,1,1,0,164,3.41,-340.28
TS134,tshirt,2025-10-06,1,389,0.0,389,1,1,16485,463,41,29,11,9,1,10,1,1,0,0,0,0,0,1,9,0,,0,0,0,0,0,0,,987.02
TS134,tshirt,2025-10-13,2,389,0.0,389,1,0,8685,227,20,8,2,2,1,1,0,0,0,0,0,0,0,0,1,0,,0,0,0,0,0,0,,63.0
TS134,tshirt,2025-10-20,3,389,0.0,389,1,0,8127,229,12,7,3,3,0,3,1,0,1,0,0,0,0,0,2,0,,0,0,0,0,0,0,,-41.47
TS134,tshirt,2025-10-27,4,389,0.0,389,0,0,5228,148,13,6,0,0,0,0,0,0,0,0,0,0,0,0,0,0,,0,0,0,0,0,0,,0.0
TS134,tshirt,2025-11-03,5,319,0.0,319,0,0,4016,165,12,6,3,3,0,3,0,0,0,0,0,0,0,0,3,1,4.0,1,0,0,0,0,1,4.0,199.01
TS134,tshirt,2025-11-10,6,319,0.0,319,0,0,4588,167,13,6,3,2,0,3,1,1,0,0,0,0,0,0,2,0,,0,0,0,0,0,1,4.0,-174.8
TS134,tshirt,2025-11-17,7,319,0.0,319,0,0,3873,144,8,7,3,3,0,3,0,0,0,0,0,0,0,0,3,0,,0,0,0,0,0,1,4.0,199.01
TS134,tshirt,2025-11-24,8,319,0.0,319,0,0,4770,179,14,13,5,3,1,4,0,0,0,0,0,0,0,0,4,0,,0,0,0,0,0,1,4.0,195.34
TS134,tshirt,2025-12-01,9,319,0.0,319,0,0,4673,169,22,7,2,0,0,2,0,0,0,0,0,0,0,0,2,1,4.0,1,0,0,0,0,2,4.0,132.67
TS134,tshirt,2025-12-08,10,319,0.0,319,0,0,5702,227,18,16,5,3,1,4,2,0,1,1,0,0,0,1,2,0,,0,0,0,0,0,2,4.0,-384.8
TS134,tshirt,2025-12-15,11,319,0.0,319,0,0,5479,215,20,14,5,2,1,4,1,0,0,1,0,0,0,1,3,0,,0,0,0,0,0,2,4.0,-10.99
TS134,tshirt,2025-12-22,12,319,0.0,319,0,0,4322,181,18,11,4,3,2,2,0,0,0,0,0,0,0,0,2,0,,0,0,0,0,0,2,4.0,-7.33
TS134,tshirt,2025-12-29,13,319,0.0,319,0,0,4821,180,13,11,3,2,1,2,0,0,0,0,0,0,0,0,2,0,,0,0,0,0,0,2,4.0,62.67
TS134,tshirt,2026-01-05,14,319,0.0,319,0,0,4116,166,16,7,4,4,0,4,2,0,2,0,0,0,0,1,2,0,,0,0,0,0,0,2,4.0,-314.8
TS134,tshirt,2026-01-12,15,319,0.1,287,0,1,6407,260,14,14,5,3,0,5,0,0,0,0,0,0,0,0,5,0,,0,0,0,0,0,2,4.0,179.3
TS134,tshirt,2026-01-19,16,319,0.0,319,0,0,4552,179,16,13,2,2,1,1,1,1,0,0,0,0,0,1,0,0,,0,0,0,0,0,2,4.0,-210.0
TS134,tshirt,2026-01-26,17,319,0.0,319,0,0,3476,112,7,6,2,2,0,2,1,0,0,0,0,1,0,1,1,1,2.0,0,0,1,1,0,3,3.33,-73.66
TS134,tshirt,2026-02-02,18,319,0.0,319,0,0,4275,121,12,7,1,1,0,1,1,0,1,0,0,0,0,0,0,0,,0,0,0,0,0,3,3.33,-307.47
TS134,tshirt,2026-02-09,19,319,0.0,319,0,0,4100,133,14,4,1,1,0,1,1,1,0,0,0,0,0,1,0,0,,0,0,0,0,0,3,3.33,-140.0
TS134,tshirt,2026-02-16,20,319,0.0,319,0,0,3925,117,10,3,1,1,0,1,0,0,0,0,0,0,0,0,1,0,,0,0,0,0,0,3,3.33,66.34
TS135,tshirt,2026-06-15,1,299,0.0,299,0,0,11897,697,70,73,26,19,4,22,7,5,0,0,2,0,0,6,15,3,4.0,2,0,1,0,1,3,4.0,-278.51
TS135,tshirt,2026-06-22,2,299,0.0,299,0,1,26521,1730,178,200,74,59,12,62,7,4,1,1,0,0,1,5,55,6,4.0,4,2,0,0,0,9,4.0,2012.12
TS135,tshirt,2026-06-29,3,299,0.0,299,0,0,12636,881,77,87,34,24,2,32,10,4,3,2,1,0,0,8,22,5,3.6,4,0,1,0,1,14,3.86,-175.15
TS135,tshirt,2026-07-06,4,299,0.0,299,0,0,12343,830,73,87,27,18,1,26,5,3,1,0,0,0,1,4,21,3,3.67,2,1,0,0,0,17,3.82,660.08
TS135,tshirt,2026-07-13,5,299,0.0,299,0,0,17123,1148,104,137,54,36,8,46,8,3,3,1,1,0,0,8,38,7,4.57,7,0,0,0,0,24,4.04,1161.1
TS135,tshirt,2026-07-20,6,299,0.0,299,0,0,16469,1185,109,137,48,39,6,42,4,2,2,0,0,0,0,4,38,6,3.67,2,4,0,0,0,30,3.97,1861.1
TS135,tshirt,2026-07-27,7,299,0.0,299,0,0,11048,859,83,96,31,25,3,28,7,3,0,1,1,0,2,5,21,2,4.0,1,1,0,0,0,32,3.97,100.09
TS135,tshirt,2026-08-03,8,299,0.0,299,0,0,14044,1002,94,107,30,23,5,25,5,3,0,2,0,0,0,4,20,4,4.5,4,0,0,0,0,36,4.03,305.32
TS135,tshirt,2026-08-10,9,299,0.0,299,0,0,13034,908,76,103,45,32,3,42,9,5,3,1,0,0,0,7,33,9,4.44,9,0,0,0,0,45,4.11,717.27
TS135,tshirt,2026-08-17,10,299,0.0,299,0,0,11462,916,76,97,37,30,6,31,5,2,1,1,0,1,0,5,26,4,4.0,3,0,1,0,1,49,4.1,823.91
TS135,tshirt,2026-08-24,11,299,0.0,299,1,0,22130,1689,154,201,92,70,11,81,13,3,3,3,2,1,1,9,68,8,3.88,5,3,0,0,0,57,4.07,1934.08
TS135,tshirt,2026-08-31,12,299,0.0,299,0,0,17520,1275,118,137,56,43,5,51,10,6,0,1,2,0,1,6,41,6,3.33,3,1,2,0,2,63,4.0,755.41
TS135,tshirt,2026-09-07,13,299,0.0,299,0,0,13158,924,91,106,47,34,9,38,9,4,1,1,0,2,1,6,29,4,3.75,3,0,1,0,1,67,3.99,-141.78
TS135,tshirt,2026-09-14,14,299,0.0,299,0,0,13349,981,82,110,39,35,8,31,4,0,3,0,0,1,0,3,27,4,3.75,2,2,0,0,0,71,3.97,758.68
TS135,tshirt,2026-09-21,15,299,0.15,254,0,1,17555,1371,134,204,98,78,15,83,11,3,1,1,2,2,2,9,72,18,3.94,14,1,3,0,3,89,3.97,-572.58
TS136,tshirt,2026-08-03,1,299,0.0,299,0,0,13178,784,60,44,11,5,0,11,6,1,3,2,0,0,0,4,5,2,2.5,0,1,1,0,1,2,2.5,-673.42
TS136,tshirt,2026-08-10,2,299,0.0,299,0,0,7328,289,22,16,3,3,2,1,0,0,0,0,0,0,0,0,1,0,,0,0,0,0,0,2,2.5,-54.84
TS136,tshirt,2026-08-17,3,299,0.0,299,0,0,5297,209,14,17,10,5,1,9,2,0,1,0,0,1,0,2,7,2,3.5,1,1,0,0,0,4,3.0,246.11
TS136,tshirt,2026-08-24,4,299,0.0,299,1,0,7903,355,25,21,11,6,0,11,4,1,0,2,0,0,1,2,7,0,,0,0,0,0,0,4,3.0,-223.1
TS136,tshirt,2026-08-31,5,299,0.0,299,0,0,4752,218,18,14,8,2,0,8,0,0,0,0,0,0,0,0,8,2,4.5,2,0,0,0,0,6,3.5,681.27
TS136,tshirt,2026-09-07,6,299,0.0,299,0,0,5913,342,23,18,6,4,1,5,0,0,0,0,0,0,0,0,5,0,,0,0,0,0,0,6,3.5,355.79
TS136,tshirt,2026-09-14,7,299,0.0,299,0,0,7430,393,22,35,17,7,1,16,4,4,0,0,0,0,0,2,12,3,3.0,0,3,0,0,0,9,3.33,132.69
TS136,tshirt,2026-09-21,8,299,0.2,239,0,1,7460,505,29,32,13,6,2,11,4,2,2,0,0,0,0,3,7,0,,0,0,0,0,0,9,3.33,-633.5
TS137,tshirt,2026-02-16,1,319,0.0,319,0,0,9635,451,26,10,2,1,0,2,0,0,0,0,0,0,0,0,2,1,4.0,1,0,0,0,0,1,4.0,256.11
TS137,tshirt,2026-02-23,2,319,0.0,319,0,0,6833,317,14,12,3,0,0,3,2,1,0,0,0,0,1,2,1,0,,0,0,0,0,0,1,4.0,-151.94
TS137,tshirt,2026-03-02,3,319,0.1,287,1,1,10646,596,37,22,5,4,1,4,2,0,0,1,0,0,1,0,2,1,4.0,1,0,0,0,0,2,4.0,-366.34
TS137,tshirt,2026-03-09,4,319,0.0,319,0,0,8376,409,20,17,4,4,2,2,1,1,0,0,0,0,0,1,1,1,2.0,0,0,1,1,0,3,3.33,-151.94
TS137,tshirt,2026-03-16,5,319,0.0,319,0,0,3426,122,8,3,1,1,0,1,1,0,0,1,0,0,0,1,0,0,,0,0,0,0,0,3,3.33,-140.0
TS137,tshirt,2026-03-23,6,319,0.0,319,0,0,5653,217,7,5,0,0,0,0,0,0,0,0,0,0,0,0,0,0,,0,0,0,0,0,3,3.33,0.0
TS137,tshirt,2026-03-30,7,319,0.0,319,0,0,4787,163,14,3,1,0,0,1,1,0,0,0,1,0,0,1,0,1,2.0,0,0,1,1,0,4,3.0,-140.0
TS137,tshirt,2026-04-06,8,319,0.0,319,0,0,4511,161,13,10,5,3,0,5,3,0,1,2,0,0,0,3,2,0,,0,0,0,0,0,4,3.0,-163.89
TS137,tshirt,2026-04-13,9,319,0.0,319,0,0,6743,220,8,12,5,4,1,4,2,0,1,0,0,1,0,1,2,1,2.0,0,0,1,1,0,5,2.8,-199.64
TS137,tshirt,2026-04-20,10,319,0.0,319,0,0,5403,173,6,5,1,1,0,1,0,0,0,0,0,0,0,0,1,0,,0,0,0,0,0,5,2.8,128.06
TS137,tshirt,2026-04-27,11,319,0.0,319,0,0,5891,170,8,9,1,1,0,1,1,0,1,0,0,0,0,0,0,0,,0,0,0,0,0,5,2.8,-245.75
TS137,tshirt,2026-05-04,12,319,0.0,319,0,0,4789,135,5,6,2,1,0,2,1,0,1,0,0,0,0,0,1,1,2.0,0,0,1,1,0,6,2.67,-117.69
TS137,tshirt,2026-05-11,13,319,0.0,319,0,0,4778,147,9,4,0,0,0,0,0,0,0,0,0,0,0,0,0,0,,0,0,0,0,0,6,2.67,0.0
TS138,tshirt,2026-06-22,1,349,0.1,314,0,1,15905,1294,152,145,47,39,7,40,5,4,0,0,0,1,0,2,35,3,5.0,3,0,0,0,0,3,5.0,1307.0
TS138,tshirt,2026-06-29,2,349,0.0,349,0,0,23802,2525,271,284,97,77,18,79,8,1,0,2,2,2,1,6,71,17,4.35,15,2,0,0,0,20,4.45,5645.47
TS138,tshirt,2026-07-06,3,349,0.0,349,0,0,23969,2207,225,266,99,71,14,85,6,3,0,1,1,0,1,4,79,13,4.0,10,2,1,0,1,33,4.27,7142.48
TS138,tshirt,2026-07-13,4,349,0.0,349,0,0,25890,2299,263,275,116,92,13,103,17,9,3,2,0,1,2,9,86,9,4.11,7,1,1,0,1,42,4.24,5620.84
TS138,tshirt,2026-07-20,5,349,0.0,349,0,0,15949,1434,136,160,55,40,10,45,5,2,2,0,1,0,0,4,40,7,3.86,4,3,0,0,0,49,4.18,3139.8
TS138,tshirt,2026-07-27,6,349,0.0,349,0,0,15779,1347,134,163,58,48,14,44,7,1,1,0,2,1,2,3,37,5,4.6,5,0,0,0,0,54,4.22,1792.66
TS138,tshirt,2026-08-03,7,349,0.0,349,0,0,17139,1533,172,194,60,49,13,47,6,2,0,4,0,0,0,5,41,10,4.3,9,1,0,0,0,64,4.23,2906.93
TS138,tshirt,2026-08-10,8,349,0.0,349,0,0,14912,1297,136,169,68,54,11,57,9,4,0,4,0,0,1,7,48,2,4.0,2,0,0,0,0,66,4.23,3301.56
TS138,tshirt,2026-08-17,9,349,0.0,349,0,0,18478,1684,157,195,63,48,5,58,12,7,2,3,0,0,0,9,46,7,3.57,3,4,0,0,0,73,4.16,2922.05
TS138,tshirt,2026-08-24,10,349,0.0,349,1,0,17930,1585,199,227,78,57,15,63,7,5,0,0,0,0,2,1,56,10,3.8,6,2,2,1,1,83,4.12,3657.56
TS138,tshirt,2026-08-31,11,349,0.0,349,0,0,18127,1600,160,182,70,58,9,61,10,6,2,1,0,0,1,9,51,11,4.27,10,0,1,0,1,94,4.14,3798.2
TS138,tshirt,2026-09-07,12,349,0.0,349,0,0,14238,1234,115,154,39,36,5,34,5,1,1,1,0,1,1,2,29,5,5.0,5,0,0,0,0,99,4.18,1910.9
TS138,tshirt,2026-09-14,13,349,0.0,349,0,0,11704,1078,129,129,52,38,5,47,9,7,0,2,0,0,0,6,38,7,3.86,5,1,1,0,1,106,4.16,2405.04
TS138,tshirt,2026-09-21,14,349,0.1,314,0,1,18984,1866,201,259,96,77,11,85,15,10,3,2,0,0,0,11,70,14,4.21,11,2,1,0,1,120,4.17,2414.5
TS139,tshirt,2025-10-06,1,319,0.15,271,1,1,23954,1160,54,51,21,12,4,17,7,1,3,2,0,1,0,5,10,2,2.5,0,1,1,0,1,2,2.5,-614.9
TS139,tshirt,2025-10-13,2,319,0.0,319,1,0,11007,299,21,10,4,4,1,3,1,1,0,0,0,0,0,0,2,1,2.0,0,0,1,0,1,3,2.33,-51.35
TS139,tshirt,2025-10-20,3,319,0.0,319,1,0,6337,163,10,7,3,2,0,3,2,1,0,0,0,1,0,2,1,2,1.0,0,0,2,0,2,5,1.8,-149.18
TS139,tshirt,2025-10-27,4,319,0.0,319,0,0,5184,124,7,0,0,0,0,0,0,0,0,0,0,0,0,0,0,0,,0,0,0,0,0,5,1.8,0.0
TS139,tshirt,2025-11-03,5,319,0.0,319,0,0,2594,55,1,3,1,0,0,1,1,1,0,0,0,0,0,1,0,0,,0,0,0,0,0,5,1.8,-140.0
TS139,tshirt,2025-11-10,6,319,0.0,319,0,0,2886,50,3,1,0,0,0,0,0,0,0,0,0,0,0,0,0,0,,0,0,0,0,0,5,1.8,0.0
TS140,tshirt,2026-04-27,1,289,0.0,289,0,0,14365,541,47,60,24,21,4,20,1,1,0,0,0,0,0,1,19,4,4.25,3,1,0,0,0,4,4.25,574.68
TS140,tshirt,2026-05-04,2,289,0.0,289,0,0,20768,946,92,105,43,26,1,42,9,3,1,2,0,2,1,7,33,8,3.88,6,2,0,0,0,12,4.0,91.84
TS140,tshirt,2026-05-11,3,289,0.0,289,0,0,14721,634,44,76,32,22,5,27,8,4,1,3,0,0,0,8,19,3,2.0,0,1,2,0,2,15,3.6,-475.32
TS140,tshirt,2026-05-18,4,339,0.0,339,0,0,15493,489,37,37,13,9,3,10,2,0,0,2,0,0,0,1,8,2,4.5,2,0,0,0,0,17,3.71,156.88
TS140,tshirt,2026-05-25,5,339,0.0,339,0,0,16896,536,53,52,11,7,2,9,1,0,0,1,0,0,0,1,8,1,4.0,1,0,0,0,0,18,3.72,519.77
TS140,tshirt,2026-06-01,6,339,0.0,339,0,0,8660,296,25,17,2,2,0,2,0,0,0,0,0,0,0,0,2,1,5.0,1,0,0,0,0,19,3.79,199.94
TS140,tshirt,2026-06-08,7,339,0.0,339,0,0,10059,312,24,26,8,6,1,7,3,1,0,1,0,0,1,2,4,1,2.0,0,0,1,0,1,20,3.7,-243.0
TS140,tshirt,2026-06-15,8,339,0.0,339,0,0,8945,294,23,20,5,4,2,3,1,1,0,0,0,0,0,1,2,0,,0,0,0,0,0,20,3.7,-80.06
TS140,tshirt,2026-06-22,9,339,0.1,305,0,1,7419,302,30,28,12,10,2,10,2,0,0,0,0,0,2,1,8,1,4.0,1,0,0,0,0,21,3.71,-32.17
TS140,tshirt,2026-06-29,10,339,0.0,339,0,0,7771,279,37,18,2,2,0,2,0,0,0,0,0,0,0,0,2,1,5.0,1,0,0,0,0,22,3.77,199.94
TS140,tshirt,2026-07-06,11,339,0.0,339,0,0,7493,279,16,27,6,4,0,6,1,0,1,0,0,0,0,0,5,2,4.0,2,0,0,0,0,24,3.79,206.97
TS140,tshirt,2026-07-13,12,339,0.0,339,0,0,7494,270,20,15,2,1,1,1,1,1,0,0,0,0,0,1,0,0,,0,0,0,0,0,24,3.79,-210.0
TS140,tshirt,2026-07-20,13,339,0.0,339,0,0,5846,216,22,14,6,4,0,6,4,2,0,2,0,0,0,3,2,1,3.0,0,1,0,0,0,25,3.76,-512.94
TS140,tshirt,2026-07-27,14,339,0.0,339,0,0,6270,209,18,15,5,3,1,4,1,1,0,0,0,0,0,0,3,3,3.67,2,0,1,0,1,28,3.75,-62.97
TS140,tshirt,2026-08-03,15,339,0.0,339,0,0,9573,357,31,32,4,4,2,2,0,0,0,0,0,0,0,0,2,0,,0,0,0,0,0,28,3.75,59.94
TS140,tshirt,2026-08-10,16,339,0.0,339,0,0,6574,242,25,15,3,3,1,2,1,1,0,0,0,0,0,1,1,0,,0,0,0,0,0,28,3.75,-110.03
TS140,tshirt,2026-08-17,17,339,0.0,339,0,0,7887,261,23,27,4,4,0,4,0,0,0,0,0,0,0,0,4,1,5.0,1,0,0,0,0,29,3.79,399.88
TS140,tshirt,2026-08-24,18,339,0.0,339,1,0,7571,255,30,14,5,3,1,4,1,1,0,0,0,0,0,0,3,1,2.0,0,0,1,1,0,30,3.73,-62.97
TS140,tshirt,2026-08-31,19,339,0.0,339,0,0,6393,213,23,20,8,7,2,6,1,1,0,0,0,0,0,1,5,1,3.0,0,1,0,0,0,31,3.71,219.85
TS140,tshirt,2026-09-07,20,339,0.0,339,0,0,5941,222,24,18,6,5,1,5,0,0,0,0,0,0,0,0,5,1,4.0,1,0,0,0,0,32,3.72,429.85
TS140,tshirt,2026-09-14,21,339,0.0,339,0,0,9767,288,27,18,1,1,0,1,0,0,0,0,0,0,0,0,1,0,,0,0,0,0,0,32,3.72,99.97
TS140,tshirt,2026-09-21,22,339,0.0,339,0,1,9061,342,34,23,9,7,1,8,1,0,0,0,0,0,1,0,7,1,4.0,1,0,0,0,0,33,3.73,336.91
TS141,tshirt,2025-12-22,1,269,0.0,269,0,0,6955,395,28,31,9,5,0,9,3,3,0,0,0,0,0,1,6,0,,0,0,0,0,0,0,,-253.84
TS141,tshirt,2025-12-29,2,269,0.0,269,0,0,7215,418,24,25,14,12,0,14,4,1,1,2,0,0,0,2,10,3,3.67,2,1,0,0,0,3,3.67,-124.56
TS141,tshirt,2026-01-05,3,269,0.0,269,0,0,10609,621,31,37,23,17,4,19,11,5,4,1,0,0,1,5,8,4,2.25,0,2,2,0,2,7,2.86,-1994.69
TS141,tshirt,2026-01-12,4,269,0.0,269,0,1,8576,357,19,28,12,9,1,11,4,1,2,0,0,1,0,2,7,2,2.0,0,1,1,0,1,9,2.67,-396.52
TS141,tshirt,2026-01-19,5,269,0.0,269,0,0,5336,228,13,12,6,1,0,6,2,2,0,0,0,0,0,2,4,2,2.5,0,1,1,0,1,11,2.64,-10.73
TS141,tshirt,2026-01-26,6,269,0.0,269,0,0,6680,287,17,21,10,6,3,7,1,0,0,1,0,0,0,0,6,3,3.33,1,2,0,0,0,14,2.79,-64.96
TS141,tshirt,2026-02-02,7,269,0.0,269,0,0,6310,244,16,13,6,4,1,5,3,0,1,2,0,0,0,2,2,2,2.0,0,0,2,1,1,16,2.69,-474.24
TS141,tshirt,2026-02-09,8,269,0.0,269,0,0,5634,255,12,18,8,5,2,6,4,2,1,0,1,0,0,4,2,2,2.0,0,1,1,0,1,18,2.61,-565.36
TS141,tshirt,2026-02-16,9,269,0.0,269,0,0,4903,220,10,14,5,3,0,5,2,1,1,0,0,0,0,1,3,1,4.0,1,0,0,0,0,19,2.68,-196.92
TS141,tshirt,2026-02-23,10,269,0.0,269,0,0,5739,279,16,14,5,5,1,4,0,0,0,0,0,0,0,0,4,1,3.0,0,1,0,0,0,20,2.7,199.27
TS141,tshirt,2026-03-02,11,269,0.0,269,1,1,12943,560,27,43,17,13,1,16,2,1,1,0,0,0,0,2,14,1,2.0,0,0,1,0,1,21,2.67,592.45
TS141,tshirt,2026-03-09,12,269,0.0,269,0,0,3784,166,7,7,3,3,1,2,2,1,1,0,0,0,0,1,0,0,,0,0,0,0,0,21,2.67,-468.87
TS141,tshirt,2026-03-16,13,269,0.0,269,0,0,6144,289,12,25,11,6,1,10,2,0,1,0,0,1,0,2,8,1,2.0,0,0,1,0,1,22,2.64,188.55
TS141,tshirt,2026-03-23,14,269,0.0,269,0,0,7280,299,25,17,6,4,0,6,1,0,1,0,0,0,0,1,5,1,4.0,1,0,0,0,0,23,2.7,196.59
TS141,tshirt,2026-03-30,15,269,0.0,269,0,0,6251,259,11,20,9,7,0,9,3,2,0,1,0,0,0,2,6,3,3.33,2,0,1,0,1,26,2.77,-134.96
TS141,tshirt,2026-04-06,16,269,0.0,269,0,0,8375,402,29,30,8,6,2,6,2,0,1,0,0,1,0,2,4,1,2.0,0,0,1,1,0,27,2.74,-150.73
TS141,tshirt,2026-04-13,17,269,0.0,269,0,0,7554,345,29,29,10,4,0,10,3,1,1,1,0,0,0,2,7,0,,0,0,0,0,0,27,2.74,-67.65
TS141,tshirt,2026-04-20,18,269,0.0,269,0,0,6124,263,18,11,2,1,0,2,0,0,0,0,0,0,0,0,2,0,,0,0,0,0,0,27,2.74,134.64
TS141,tshirt,2026-04-27,19,269,0.0,269,0,0,6242,294,12,20,4,4,1,3,0,0,0,0,0,0,0,0,3,1,5.0,1,0,0,0,0,28,2.82,131.95
TS141,tshirt,2026-05-04,20,269,0.0,269,0,0,4997,249,12,13,8,6,2,6,5,2,1,1,0,1,0,4,1,2,2.0,0,0,2,0,2,30,2.77,-891.55
TS141,tshirt,2026-05-11,21,269,0.0,269,0,0,6726,320,15,25,9,8,1,8,6,2,2,1,0,0,1,5,2,2,3.0,1,0,1,0,1,32,2.78,-894.24
TS141,tshirt,2026-05-18,22,269,0.0,269,0,0,7131,313,22,20,13,11,2,11,6,1,3,1,0,0,1,5,5,0,,0,0,0,0,0,32,2.78,-762.28
TS142,tshirt,2026-05-25,1,329,0.0,329,0,0,17625,1612,204,195,78,59,11,67,7,3,2,1,0,1,0,6,60,12,4.08,10,2,0,0,0,12,4.08,5862.13
TS142,tshirt,2026-06-01,2,329,0.0,329,0,0,30859,3184,341,415,163,134,28,135,20,13,4,1,1,0,1,14,115,17,4.12,14,2,1,0,1,29,4.1,9362.15
TS142,tshirt,2026-06-08,3,329,0.0,329,0,0,32794,3649,415,450,181,143,25,156,16,9,2,1,0,1,3,15,140,9,4.44,9,0,0,0,0,38,4.18,13924.37
TS142,tshirt,2026-06-15,4,329,0.0,329,0,0,27375,3222,320,411,157,123,22,135,26,15,3,3,2,3,0,14,109,22,4.18,17,4,1,0,1,60,4.18,7482.15
TS142,tshirt,2026-06-22,5,329,0.1,296,0,1,29532,3755,350,568,243,176,41,202,25,12,3,3,5,1,1,18,177,31,4.26,26,4,1,1,0,91,4.21,10058.97
TS142,tshirt,2026-06-29,6,329,0.0,329,0,0,16947,1974,199,258,106,90,15,91,11,5,0,2,1,1,2,7,80,11,4.36,9,2,0,0,0,102,4.23,7254.02
TS142,tshirt,2026-07-06,7,329,0.0,329,0,0,20421,2412,257,340,130,100,25,105,12,4,1,3,2,2,0,6,93,11,4.55,11,0,0,0,0,113,4.26,7859.03
TS142,tshirt,2026-07-13,8,329,0.0,329,0,0,18123,2174,235,315,120,98,19,101,17,8,2,1,1,1,4,11,84,18,4.11,13,5,0,0,0,131,4.24,6420.03
TS142,tshirt,2026-07-20,9,329,0.0,329,0,0,23358,2838,306,412,179,140,27,152,22,10,5,2,3,1,1,18,130,20,4.2,17,3,0,0,0,151,4.23,11312.93
TS142,tshirt,2026-07-27,10,319,0.0,319,0,0,22525,2699,288,367,137,102,17,120,21,9,4,2,2,2,2,14,99,21,4.19,16,4,1,0,1,172,4.23,6874.28
TS142,tshirt,2026-08-03,11,319,0.0,319,0,0,24963,2937,292,425,168,132,19,149,32,13,3,5,3,6,2,19,117,28,4.32,23,4,1,0,1,200,4.24,6653.53
TS142,tshirt,2026-08-10,12,319,0.0,319,0,0,19887,2408,264,344,129,105,21,108,13,5,4,3,1,0,0,9,95,17,4.41,13,4,0,0,0,217,4.25,7580.93
TS142,tshirt,2026-08-17,13,319,0.0,319,0,0,20388,2489,272,346,139,105,23,116,23,10,1,6,2,0,4,19,93,19,3.95,12,5,2,0,2,236,4.23,5802.42
TS142,tshirt,2026-08-24,14,319,0.0,319,1,0,19181,2228,225,304,122,92,17,105,16,7,2,4,1,1,1,10,89,18,4.0,13,5,0,0,0,254,4.21,6496.3
TS142,tshirt,2026-08-31,15,319,0.0,319,0,0,20334,2349,214,331,129,99,21,108,19,10,5,2,0,1,1,10,89,26,4.5,22,3,1,0,1,280,4.24,5452.63
TS142,tshirt,2026-09-07,16,319,0.0,319,0,0,21391,2457,241,330,137,107,17,120,20,11,3,2,1,0,3,16,100,20,4.3,16,4,0,0,0,300,4.24,7477.2
TS142,tshirt,2026-09-14,17,319,0.0,319,0,0,13952,1658,175,249,100,77,13,87,20,9,5,1,0,0,5,14,67,11,4.18,9,2,0,0,0,311,4.24,3592.7
TS142,tshirt,2026-09-21,18,319,0.0,319,0,1,21620,2593,248,359,138,100,22,116,19,9,4,2,4,0,0,11,97,18,4.0,13,2,3,0,3,329,4.23,6451.22
TS143,tshirt,2026-08-03,1,319,0.0,319,0,0,9594,415,31,19,4,4,3,1,0,0,0,0,0,0,0,0,1,0,,0,0,0,0,0,0,,-88.34
TS143,tshirt,2026-08-10,2,319,0.0,319,0,0,6462,297,20,13,4,3,1,3,3,3,0,0,0,0,0,3,0,1,1.0,0,0,1,1,0,1,1.0,-490.0
TS143,tshirt,2026-08-17,3,319,0.0,319,0,0,3960,54,4,1,0,0,0,0,0,0,0,0,0,0,0,0,0,0,,0,0,0,0,0,1,1.0,0.0
TS143,tshirt,2026-08-24,4,319,0.0,319,1,0,5497,89,5,6,1,1,0,1,0,0,0,0,0,0,0,0,1,1,3.0,0,1,0,0,0,2,2.0,121.66
TS143,tshirt,2026-08-31,5,319,0.0,319,0,0,3412,81,4,8,2,0,0,2,1,1,0,0,0,0,0,1,1,0,,0,0,0,0,0,2,2.0,-18.34
TS143,tshirt,2026-09-07,6,319,0.0,319,0,0,3470,82,5,4,2,0,0,2,0,0,0,0,0,0,0,0,2,0,,0,0,0,0,0,2,2.0,243.31
TS143,tshirt,2026-09-14,7,319,0.0,319,0,0,3361,65,7,3,1,1,0,1,0,0,0,0,0,0,0,0,1,0,,0,0,0,0,0,2,2.0,121.66
TS143,tshirt,2026-09-21,8,319,0.15,271,0,1,3378,98,4,9,4,2,0,4,1,0,1,0,0,0,0,1,3,0,,0,0,0,0,0,2,2.0,87.83
TS144,tshirt,2026-05-04,1,319,0.0,319,0,0,14811,594,51,54,26,19,2,24,7,1,2,2,0,1,1,4,17,6,3.67,4,1,1,1,0,6,3.67,1154.3
TS144,tshirt,2026-05-11,2,319,0.0,319,0,0,17677,715,58,66,28,22,5,23,4,0,1,1,1,1,0,3,19,4,3.75,3,0,1,0,1,10,3.7,1831.92
TS144,tshirt,2026-05-18,3,319,0.0,319,0,0,15267,587,53,49,14,8,1,13,3,3,0,0,0,0,0,1,10,3,3.33,1,1,1,1,0,13,3.62,827.82
TS144,tshirt,2026-05-25,4,319,0.0,319,0,0,10920,451,55,36,14,10,1,13,2,2,0,0,0,0,0,2,11,4,4.75,4,0,0,0,0,17,3.88,1286.65
TS144,tshirt,2026-06-01,5,319,0.0,319,0,0,12281,522,46,44,21,12,4,17,4,4,0,0,0,0,0,2,13,1,3.0,0,1,0,0,0,18,3.83,924.18
TS144,tshirt,2026-06-08,6,319,0.0,319,0,0,11743,525,52,39,17,11,0,17,4,2,0,0,1,1,0,3,13,2,4.0,2,0,0,0,0,20,3.85,1289.2
TS144,tshirt,2026-06-15,7,319,0.0,319,0,0,15767,714,77,65,21,16,2,19,4,1,1,0,2,0,0,3,15,1,5.0,1,0,0,0,0,21,3.9,1446.78
TS144,tshirt,2026-06-22,8,319,0.15,271,0,1,16577,804,58,90,37,24,5,32,5,3,0,1,0,1,0,3,27,6,4.0,5,0,1,0,1,27,3.93,1562.91
TS144,tshirt,2026-06-29,9,319,0.0,319,0,0,13617,573,44,58,15,10,2,13,0,0,0,0,0,0,0,0,13,2,4.5,2,0,0,0,0,29,3.97,1794.23
TS144,tshirt,2026-07-06,10,319,0.0,319,0,0,12190,563,58,60,21,12,3,18,1,1,0,0,0,0,0,1,17,4,4.75,4,0,0,0,0,33,4.06,2179.37
TS144,tshirt,2026-07-13,11,319,0.0,319,0,0,11224,537,51,52,21,16,2,19,7,5,0,1,0,1,0,7,12,1,5.0,1,0,0,0,0,34,4.09,665.44
TS144,tshirt,2026-07-20,12,319,0.0,319,0,0,12032,599,57,50,14,8,2,12,2,1,1,0,0,0,0,2,10,0,,0,0,0,0,0,34,4.09,1067.87
TS144,tshirt,2026-07-27,13,319,0.0,319,0,0,11361,528,45,52,18,15,5,13,2,1,0,1,0,0,0,0,11,2,4.5,2,0,0,0,0,36,4.11,836.61
TS144,tshirt,2026-08-03,14,319,0.0,319,0,0,10123,461,59,53,29,18,1,28,3,1,0,1,0,1,0,2,25,4,4.0,2,2,0,0,0,40,4.1,3144.64
TS144,tshirt,2026-08-10,15,319,0.0,319,0,0,13450,665,51,62,15,5,4,11,2,1,0,1,0,0,0,1,9,2,4.5,2,0,0,0,0,42,4.12,694.06
TS144,tshirt,2026-08-17,16,319,0.0,319,0,0,9985,464,41,49,19,15,1,18,4,2,0,1,0,1,0,3,14,4,4.75,4,0,0,0,0,46,4.17,1367.99
TS144,tshirt,2026-08-24,17,319,0.0,319,1,0,14582,701,67,61,17,9,3,14,1,0,0,1,0,0,0,1,13,4,4.5,4,0,0,0,0,50,4.2,1584.23
TS144,tshirt,2026-08-31,18,319,0.0,319,0,0,12249,575,52,61,15,9,4,11,3,2,0,1,0,0,0,1,8,2,3.5,1,0,1,0,1,52,4.17,320.25
TS144,tshirt,2026-09-07,19,319,0.0,319,0,0,11657,552,53,49,16,11,3,13,1,1,0,0,0,0,0,0,12,2,4.0,1,1,0,0,0,54,4.17,1350.42
TS144,tshirt,2026-09-14,20,309,0.0,309,0,0,9686,474,37,50,17,9,2,15,1,1,0,0,0,0,0,1,14,4,4.25,3,1,0,0,0,58,4.17,1669.68
TS144,tshirt,2026-09-21,21,309,0.15,263,0,1,12547,693,59,78,32,19,3,29,7,3,3,0,1,0,0,5,22,3,3.67,2,1,0,0,0,61,4.15,739.93
TS145,tshirt,2025-09-29,1,279,0.0,279,1,1,18121,1086,53,42,22,19,1,21,11,2,4,4,0,0,1,7,10,5,3.0,2,1,2,0,2,5,3.0,-1110.94
TS145,tshirt,2025-10-06,2,279,0.1,251,1,1,18663,938,43,60,23,17,2,21,12,4,3,2,1,1,1,10,9,9,2.33,2,1,6,0,6,14,2.57,-1444.21
TS145,tshirt,2025-10-13,3,279,0.0,279,1,0,8519,323,24,16,3,1,0,3,1,0,1,0,0,0,0,1,2,1,2.0,0,0,1,0,1,15,2.53,43.13
TS145,tshirt,2025-10-20,4,279,0.0,279,1,0,7663,328,16,22,7,3,2,5,2,0,0,2,0,0,0,2,3,3,3.0,1,0,2,0,2,18,2.61,-145.3
TS145,tshirt,2025-10-27,5,279,0.0,279,0,0,5894,264,10,20,11,9,5,6,4,2,1,1,0,0,0,2,2,1,2.0,0,0,1,1,0,19,2.58,-935.17
TS145,tshirt,2025-11-03,6,279,0.0,279,0,0,6058,252,18,13,3,3,1,2,2,1,0,1,0,0,0,1,0,0,,0,0,0,0,0,19,2.58,-454.15
TS145,tshirt,2025-11-10,7,279,0.0,279,0,0,6860,306,26,20,5,3,0,5,1,1,0,0,0,0,0,1,4,0,,0,0,0,0,0,19,2.58,226.26
TS145,tshirt,2025-11-17,8,279,0.0,279,0,0,4262,156,8,9,3,1,1,2,2,1,1,0,0,0,0,1,0,0,,0,0,0,0,0,19,2.58,-454.15
TS145,tshirt,2025-11-24,9,279,0.0,279,0,0,4453,168,12,7,3,1,0,3,0,0,0,0,0,0,0,0,3,1,3.0,0,1,0,0,0,20,2.6,274.7
TS145,tshirt,2025-12-01,10,279,0.0,279,0,0,3652,146,9,4,1,0,0,1,1,0,1,0,0,0,0,0,0,0,,0,0,0,0,0,20,2.6,-244.15
TS145,tshirt,2025-12-08,11,279,0.0,279,0,0,3125,145,13,5,3,2,0,3,1,0,1,0,0,0,0,1,2,0,,0,0,0,0,0,20,2.6,43.13
TS145,tshirt,2025-12-15,12,279,0.0,279,0,0,2845,110,6,10,4,3,0,4,0,0,0,0,0,0,0,0,4,1,4.0,1,0,0,0,0,21,2.67,366.26
TS145,tshirt,2025-12-22,13,279,0.0,279,0,0,4084,159,8,6,0,0,0,0,0,0,0,0,0,0,0,0,0,0,,0,0,0,0,0,21,2.67,0.0
TS145,tshirt,2025-12-29,14,279,0.0,279,0,0,4399,179,11,10,2,1,0,2,1,1,0,0,0,0,0,1,1,0,,0,0,0,0,0,21,2.67,-48.43
TS145,tshirt,2026-01-05,15,279,0.0,279,0,0,3268,140,8,11,0,0,0,0,0,0,0,0,0,0,0,0,0,0,,0,0,0,0,0,21,2.67,0.0
TS145,tshirt,2026-01-12,16,279,0.15,237,0,1,4739,244,14,17,4,3,0,4,2,0,1,1,0,0,0,2,2,1,2.0,0,0,1,0,1,22,2.64,-176.87
TS145,tshirt,2026-01-19,17,279,0.0,279,0,0,3643,147,4,4,1,1,0,1,0,0,0,0,0,0,0,0,1,0,,0,0,0,0,0,22,2.64,91.57
TS145,tshirt,2026-01-26,18,279,0.0,279,0,0,3294,115,9,6,1,0,0,1,0,0,0,0,0,0,0,0,1,0,,0,0,0,0,0,22,2.64,91.57
TS145,tshirt,2026-02-02,19,279,0.0,279,0,0,3135,122,8,5,2,2,0,2,0,0,0,0,0,0,0,0,2,0,,0,0,0,0,0,22,2.64,183.13
TS145,tshirt,2026-02-09,20,279,0.0,279,0,0,3589,140,9,8,4,3,1,3,3,1,1,0,0,0,1,2,0,1,3.0,0,1,0,0,0,23,2.65,-594.15
TS145,tshirt,2026-02-16,21,279,0.0,279,0,0,4782,202,12,12,2,2,0,2,0,0,0,0,0,0,0,0,2,1,3.0,0,1,0,0,0,24,2.67,183.13
TS145,tshirt,2026-02-23,22,279,0.0,279,0,0,4432,184,13,5,0,0,0,0,0,0,0,0,0,0,0,0,0,0,,0,0,0,0,0,24,2.67,0.0
TS145,tshirt,2026-03-02,23,279,0.0,279,1,1,5196,219,8,15,4,2,0,4,1,0,1,0,0,0,0,0,3,0,,0,0,0,0,0,24,2.67,30.55
TS145,tshirt,2026-03-09,24,279,0.0,279,0,0,4815,206,12,6,2,2,1,1,0,0,0,0,0,0,0,0,1,0,,0,0,0,0,0,24,2.67,21.57
TS145,tshirt,2026-03-16,25,279,0.0,279,0,0,4971,233,18,8,2,2,0,2,0,0,0,0,0,0,0,0,2,0,,0,0,0,0,0,24,2.67,183.13
TS145,tshirt,2026-03-23,26,279,0.0,279,0,0,5081,221,12,15,2,1,0,2,1,0,0,1,0,0,0,1,1,0,,0,0,0,0,0,24,2.67,-48.43
TS145,tshirt,2026-03-30,27,279,0.0,279,0,0,4127,196,12,19,5,4,2,3,2,1,0,0,1,0,0,1,1,0,,0,0,0,0,0,24,2.67,-432.58
TS145,tshirt,2026-04-06,28,279,0.0,279,0,0,5874,270,9,12,4,4,1,3,2,0,1,1,0,0,0,1,1,0,,0,0,0,0,0,24,2.67,-362.58
TS145,tshirt,2026-04-13,29,279,0.0,279,0,0,4497,175,9,11,5,5,1,4,3,3,0,0,0,0,0,3,1,0,,0,0,0,0,0,24,2.67,-398.43
TS145,tshirt,2026-04-20,30,279,0.0,279,0,0,5116,202,9,14,2,1,0,2,0,0,0,0,0,0,0,0,2,0,,0,0,0,0,0,24,2.67,183.13
TS145,tshirt,2026-04-27,31,279,0.0,279,0,0,5781,217,18,7,3,2,1,2,0,0,0,0,0,0,0,0,2,0,,0,0,0,0,0,24,2.67,113.13
TS145,tshirt,2026-05-04,32,279,0.0,279,0,0,5397,217,11,14,5,4,1,4,3,1,0,1,0,0,1,2,1,0,,0,0,0,0,0,24,2.67,-502.58
TS145,tshirt,2026-05-11,33,279,0.0,279,0,0,7333,307,26,8,5,3,1,4,1,0,0,1,0,0,0,1,3,1,2.0,0,0,1,0,1,25,2.64,64.7
TS145,tshirt,2026-05-18,34,279,0.0,279,0,0,5627,211,21,14,4,4,4,0,0,0,0,0,0,0,0,0,0,0,,0,0,0,0,0,25,2.64,-280.0
TS145,tshirt,2026-05-25,35,279,0.0,279,0,0,7238,310,21,18,9,8,2,7,4,1,0,1,1,0,1,3,3,0,,0,0,0,0,0,25,2.64,-529.45
TS145,tshirt,2026-06-01,36,279,0.0,279,0,0,5887,221,14,14,5,4,1,4,2,1,1,0,0,0,0,1,2,1,2.0,0,0,1,0,1,26,2.62,-271.02
TS146,tshirt,2026-06-29,1,349,0.0,349,0,0,11203,379,21,11,1,1,1,0,0,0,0,0,0,0,0,0,0,0,,0,0,0,0,0,0,,-70.0
TS146,tshirt,2026-07-06,2,349,0.0,349,0,0,6197,239,15,12,4,4,1,3,1,1,0,0,0,0,0,1,2,0,,0,0,0,0,0,0,,106.42
TS146,tshirt,2026-07-13,3,349,0.0,349,0,0,4327,169,8,4,1,1,1,0,0,0,0,0,0,0,0,0,0,0,,0,0,0,0,0,0,,-70.0
TS146,tshirt,2026-07-20,4,349,0.0,349,0,0,3759,150,9,6,2,2,1,1,0,0,0,0,0,0,0,0,1,0,,0,0,0,0,0,0,,88.21
TS146,tshirt,2026-07-27,5,309,0.0,309,0,0,3662,148,9,6,0,0,0,0,0,0,0,0,0,0,0,0,0,0,,0,0,0,0,0,0,,0.0
TS146,tshirt,2026-08-03,6,309,0.0,309,0,0,3426,132,10,3,1,1,1,0,0,0,0,0,0,0,0,0,0,0,,0,0,0,0,0,0,,-70.0
TS146,tshirt,2026-08-10,7,309,0.0,309,0,0,2160,82,4,5,1,0,0,1,0,0,0,0,0,0,0,0,1,0,,0,0,0,0,0,0,,120.11
TS146,tshirt,2026-08-17,8,309,0.0,309,0,0,3076,142,10,5,1,1,0,1,0,0,0,0,0,0,0,0,1,0,,0,0,0,0,0,0,,120.11
TS147,tshirt,2025-09-08,1,329,0.0,329,0,0,10338,568,49,45,17,16,3,14,2,0,1,0,0,0,1,1,12,2,4.5,2,0,0,0,0,2,4.5,387.43
TS147,tshirt,2025-09-15,2,329,0.0,329,0,0,16145,1117,103,80,27,20,4,23,5,2,2,0,0,0,1,5,18,2,3.0,1,0,1,0,1,4,3.75,571.82
TS147,tshirt,2025-09-22,3,329,0.0,329,1,1,14309,756,80,66,23,20,3,20,6,3,0,0,0,1,2,5,14,4,4.0,4,0,0,0,0,8,3.88,-0.15
TS147,tshirt,2025-09-29,4,329,0.0,329,1,1,16062,910,81,71,25,20,4,21,6,4,0,1,0,1,0,3,15,6,4.17,4,2,0,0,0,14,4.0,-298.18
TS147,tshirt,2025-10-06,5,329,0.1,296,1,1,13697,1005,90,87,39,33,5,34,8,3,2,1,1,0,1,6,26,6,4.17,4,2,0,0,0,20,4.05,-359.87
TS147,tshirt,2025-10-13,6,329,0.0,329,1,0,13045,788,68,76,28,20,3,25,6,2,4,0,0,0,0,4,19,2,4.0,2,0,0,0,0,22,4.05,273.79
TS147,tshirt,2025-10-20,7,329,0.0,329,1,0,16028,1000,84,93,38,25,4,34,7,6,1,0,0,0,0,7,27,5,4.2,4,0,1,1,0,27,4.07,1067.73
TS147,tshirt,2025-10-27,8,329,0.0,329,0,0,16354,1110,89,94,35,25,5,30,5,5,0,0,0,0,0,5,25,0,,0,0,0,0,0,27,4.07,1105.31
TS147,tshirt,2025-11-03,9,329,0.0,329,0,0,13864,925,81,100,36,25,3,33,6,3,2,0,0,0,1,5,27,2,2.0,0,0,2,2,0,29,3.93,1120.61
TS147,tshirt,2025-11-10,10,319,0.0,319,0,0,12466,810,65,77,31,20,6,25,5,2,0,1,1,0,1,4,20,3,4.33,2,1,0,0,0,32,3.97,256.65
TS147,tshirt,2025-11-17,11,319,0.0,319,0,0,11112,675,60,56,23,19,4,19,1,0,1,0,0,0,0,0,18,3,4.33,3,0,0,0,0,35,4.0,803.27
TS147,tshirt,2025-11-24,12,319,0.0,319,0,0,11947,792,66,86,36,26,6,30,6,1,4,0,1,0,0,4,24,2,4.0,1,1,0,0,0,37,4.0,266.28
TS147,tshirt,2025-12-01,13,319,0.0,319,0,0,11298,727,75,66,24,17,3,21,6,3,1,0,0,2,0,3,15,3,3.33,1,1,1,0,1,40,3.95,-371.04
TS147,tshirt,2025-12-08,14,319,0.0,319,0,0,9871,650,53,62,16,12,5,11,2,2,0,0,0,0,0,1,9,1,4.0,1,0,0,0,0,41,3.95,-96.92
TS147,tshirt,2025-12-15,15,319,0.0,319,0,0,11041,722,63,70,25,19,2,23,5,0,1,1,2,0,1,4,18,2,5.0,2,0,0,0,0,43,4.0,383.27
TS147,tshirt,2025-12-22,16,319,0.0,319,0,0,9745,636,61,67,33,23,2,31,7,4,3,0,0,0,0,1,24,5,3.6,3,2,0,0,0,48,3.96,-222.2
TS147,tshirt,2025-12-29,17,319,0.0,319,0,0,10832,715,57,73,26,24,2,24,7,2,0,2,1,2,0,4,17,1,3.0,0,1,0,0,0,49,3.94,-287.66
TS147,tshirt,2026-01-05,18,319,0.0,319,0,0,12816,822,59,91,29,16,4,25,5,2,2,0,1,0,0,3,20,6,3.33,3,2,1,0,1,55,3.87,239.53
TS147,tshirt,2026-01-12,19,319,0.15,271,0,1,13760,1084,74,122,49,36,8,41,11,5,1,2,0,2,1,7,30,9,4.11,7,2,0,0,0,64,3.91,-1799.26
TS147,tshirt,2026-01-19,20,309,0.0,309,0,0,13304,898,92,93,45,29,4,41,9,6,1,1,1,0,0,5,32,1,4.0,1,0,0,0,0,65,3.91,-19.21
TS147,tshirt,2026-01-26,21,309,0.0,309,0,0,10163,643,62,68,20,14,5,15,3,2,0,1,0,0,0,2,12,2,3.0,1,0,1,1,0,67,3.88,-121.14
TS147,tshirt,2026-02-02,22,309,0.0,309,0,0,8639,582,58,52,16,9,0,16,3,2,0,0,0,1,0,2,13,2,3.0,0,2,0,0,0,69,3.86,296.02
TS147,tshirt,2026-02-09,23,309,0.0,309,0,0,12401,818,63,74,29,22,5,24,6,2,1,1,0,2,0,3,18,3,3.67,2,1,0,0,0,72,3.85,-452.4
TS147,tshirt,2026-02-16,24,309,0.0,309,0,0,10487,650,53,55,21,19,5,16,6,4,1,0,0,0,1,5,10,3,4.33,2,1,0,0,0,75,3.87,-675.47
TS147,tshirt,2026-02-23,25,309,0.0,309,0,0,9594,625,51,48,9,5,0,9,2,1,1,0,0,0,0,2,7,0,,0,0,0,0,0,75,3.87,190.15
TS147,tshirt,2026-03-02,26,309,0.0,309,1,1,16754,1131,105,104,46,31,3,43,5,3,1,1,0,0,0,5,38,6,3.33,3,2,1,0,1,81,3.83,1642.26
TS147,tshirt,2026-03-09,27,309,0.0,309,0,0,12189,802,74,75,17,12,1,16,5,1,1,1,2,0,0,3,11,2,5.0,2,0,0,0,0,83,3.86,-345.43
TS147,tshirt,2026-03-16,28,309,0.0,309,0,0,15164,997,67,91,32,19,7,25,5,5,0,0,0,0,0,1,20,7,3.86,4,3,0,0,0,90,3.86,-475.19
TS147,tshirt,2026-03-23,29,309,0.0,309,0,0,12628,794,59,73,30,23,5,25,4,1,1,0,0,2,0,3,21,2,5.0,2,0,0,0,0,92,3.88,343.34
TS147,tshirt,2026-03-30,30,319,0.0,319,0,0,11524,730,54,77,33,26,2,31,13,6,4,2,0,1,0,8,18,4,4.0,3,0,1,1,0,96,3.89,-1365.21
TS147,tshirt,2026-04-06,31,319,0.0,319,0,0,17874,1100,98,91,27,16,3,24,7,3,1,0,2,1,0,4,17,6,3.33,4,1,1,1,0,102,3.85,-357.66
TS147,tshirt,2026-04-13,32,319,0.0,319,0,0,10330,670,66,49,14,7,1,13,4,3,0,1,0,0,0,3,9,2,4.0,2,0,0,0,0,104,3.86,-96.92
TS147,tshirt,2026-04-20,33,319,0.0,319,0,0,9703,612,46,51,22,15,2,20,2,2,0,0,0,0,0,1,18,8,3.88,5,3,0,0,0,112,3.86,803.27
TS147,tshirt,2026-04-27,34,319,0.0,319,0,0,10782,682,65,67,24,14,2,22,5,4,0,0,1,0,0,3,17,4,5.0,4,0,0,0,0,116,3.9,149.46
TS147,tshirt,2026-05-04,35,319,0.0,319,0,0,19637,1227,105,123,39,30,5,34,8,4,2,1,0,1,0,6,26,3,3.33,1,2,0,0,0,119,3.88,209.66
TS147,tshirt,2026-05-11,36,319,0.0,319,0,0,13443,826,65,82,22,16,3,19,4,1,1,1,1,0,0,3,15,5,3.4,2,3,0,0,0,124,3.86,223.21
TS147,tshirt,2026-05-18,37,319,0.0,319,0,0,12719,817,71,75,21,17,6,15,4,2,1,1,0,0,0,3,11,1,2.0,0,0,1,0,1,125,3.85,-293.55
TS147,tshirt,2026-05-25,38,319,0.0,319,0,0,15217,956,74,88,23,13,3,20,4,3,1,0,0,0,0,1,16,8,4.0,6,1,1,0,1,133,3.86,-14.35
TS147,tshirt,2026-06-01,39,319,0.0,319,0,0,13865,863,67,82,17,14,2,15,6,4,1,0,0,1,0,3,9,2,4.0,2,0,0,0,0,135,3.86,-761.17
TS147,tshirt,2026-06-08,40,319,0.0,319,0,0,12133,763,67,61,23,17,4,19,3,1,2,0,0,0,0,1,16,4,3.5,2,1,1,1,0,139,3.85,212.77
TS147,tshirt,2026-06-15,41,319,0.0,319,0,0,12946,823,59,65,20,18,5,15,4,2,0,2,0,0,0,4,11,1,2.0,0,0,1,0,1,140,3.84,-66.43
TS147,tshirt,2026-06-22,42,319,0.1,287,0,1,16073,1124,81,118,45,35,7,38,13,5,3,3,0,1,1,8,25,7,3.71,4,3,0,0,0,147,3.83,-1940.3
TS147,tshirt,2026-06-29,43,319,0.0,319,0,0,12435,770,75,68,24,18,3,21,3,2,0,1,0,0,0,1,18,6,4.17,5,1,0,0,0,153,3.84,436.15
TS147,tshirt,2026-07-06,44,319,0.0,319,0,0,12861,754,67,72,18,12,2,16,4,1,0,0,1,2,0,4,12,3,4.0,2,1,0,0,0,156,3.85,220.26
TS147,tshirt,2026-07-13,45,319,0.0,319,0,0,13279,749,77,78,30,17,1,29,3,2,0,0,0,0,1,1,26,2,4.5,2,0,0,0,0,158,3.85,1189.66
TS147,tshirt,2026-07-20,46,319,0.0,319,0,0,10935,640,62,67,16,11,1,15,3,2,0,1,0,0,0,3,12,0,,0,0,0,0,0,158,3.85,430.26
TS147,tshirt,2026-07-27,47,319,0.0,319,0,0,15637,901,84,77,32,25,2,30,11,7,0,2,0,0,2,11,19,3,3.33,1,1,1,1,0,161,3.84,-222.92
TS147,tshirt,2026-08-03,48,319,0.0,319,0,0,16942,1003,101,89,28,20,3,25,9,3,1,2,1,0,2,8,16,3,3.67,1,2,0,0,0,164,3.84,-400.11
TS147,tshirt,2026-08-10,49,319,0.0,319,0,0,10387,618,53,58,18,14,4,14,3,3,0,0,0,0,0,3,11,0,,0,0,0,0,0,164,3.84,143.57
TS147,tshirt,2026-08-17,50,319,0.0,319,0,0,10547,605,60,53,20,12,3,17,3,2,0,0,0,0,1,1,14,2,5.0,2,0,0,0,0,166,3.86,129.4
TS147,tshirt,2026-08-24,51,319,0.0,319,1,0,12976,736,67,53,17,9,1,16,2,2,0,0,0,0,0,1,14,1,5.0,1,0,0,0,0,167,3.86,566.52
TS147,tshirt,2026-08-31,52,319,0.0,319,0,0,8442,521,37,61,21,16,4,17,4,1,0,0,0,1,2,3,13,1,1.0,0,0,1,0,1,168,3.85,-0.17
TS147,tshirt,2026-09-07,53,319,0.0,319,0,0,10849,640,59,61,23,17,5,18,5,2,2,0,1,0,0,3,13,4,4.25,3,1,0,0,0,172,3.85,-367.29
TS147,tshirt,2026-09-14,54,319,0.0,319,0,0,11708,709,58,64,20,12,0,20,4,1,2,1,0,0,0,2,16,1,4.0,1,0,0,0,0,173,3.86,352.77
TS147,tshirt,2026-09-21,55,319,0.1,287,0,1,12302,853,77,79,41,32,6,35,10,3,3,2,1,0,1,6,25,2,5.0,2,0,0,0,0,175,3.87,-1293.18
TS148,tshirt,2025-09-08,1,289,0.0,289,0,0,9499,990,98,167,73,40,10,63,9,3,0,2,2,2,0,5,54,9,4.11,6,2,1,0,1,9,4.11,945.62
TS148,tshirt,2025-09-15,2,289,0.0,289,0,0,33291,4158,410,703,339,202,43,296,44,25,5,5,5,1,3,31,252,42,4.45,36,5,1,0,1,51,4.39,5188.49
TS148,tshirt,2025-09-22,3,339,0.0,339,1,1,34316,4393,460,641,277,154,21,256,31,15,5,4,2,3,2,19,225,36,4.53,33,2,1,1,0,87,4.45,17668.98
TS148,tshirt,2025-09-29,4,339,0.0,339,1,1,42556,5714,601,845,359,213,32,327,47,21,10,5,1,5,5,36,280,52,4.48,47,4,1,0,1,139,4.46,20952.84
TS148,tshirt,2025-10-06,5,339,0.1,305,1,1,28671,4190,379,669,320,174,34,286,46,21,5,10,1,3,6,28,240,48,4.17,37,9,2,1,1,187,4.39,7719.69
TS148,tshirt,2025-10-13,6,339,0.0,339,1,0,26427,3352,324,455,197,113,28,169,27,17,3,2,1,3,1,20,142,31,4.45,28,3,0,0,0,218,4.39,9158.68
TS148,tshirt,2025-10-20,7,339,0.0,339,1,0,24691,3196,329,478,222,129,25,197,20,13,2,2,2,1,0,15,177,27,4.07,21,5,1,0,1,245,4.36,14546.11
TS148,tshirt,2025-10-27,8,339,0.0,339,0,0,20663,2646,265,374,139,70,16,123,19,9,2,2,1,2,3,13,104,20,4.3,15,4,1,1,0,265,4.35,7008.59
TS148,tshirt,2025-11-03,9,339,0.0,339,0,0,17151,2228,222,293,135,68,14,121,14,5,3,3,0,2,1,12,107,20,4.35,16,2,2,0,2,285,4.35,8748.15
TS148,tshirt,2025-11-10,10,339,0.0,339,0,0,13525,1736,179,219,85,52,4,81,6,2,0,2,0,0,2,5,75,15,4.2,11,3,1,0,1,300,4.35,7129.29
TS148,tshirt,2025-11-17,11,339,0.0,339,0,0,19846,2490,259,338,145,76,17,128,15,8,1,1,4,0,1,7,113,19,4.42,19,0,0,0,0,319,4.35,8223.45
TS148,tshirt,2025-11-24,12,339,0.0,339,0,0,18780,2358,273,297,120,82,12,108,18,13,1,1,0,1,2,12,90,15,4.2,13,1,1,0,1,334,4.34,5862.41
TS148,tshirt,2025-12-01,13,339,0.0,339,0,0,17441,2158,224,270,114,65,13,101,13,4,1,3,1,1,3,11,88,12,4.67,10,2,0,0,0,346,4.36,6832.62
TS148,tshirt,2025-12-08,14,339,0.0,339,0,0,12307,1578,171,237,86,48,11,75,11,8,0,3,0,0,0,7,64,9,4.56,9,0,0,0,0,355,4.36,4285.75
TS148,tshirt,2025-12-15,15,339,0.0,339,0,0,16074,1994,199,281,110,59,12,98,9,6,1,0,1,1,0,7,89,7,4.43,7,0,0,0,0,362,4.36,7574.49
TS148,tshirt,2025-12-22,16,339,0.0,339,0,0,15375,1916,179,267,115,66,10,105,17,9,0,2,4,1,1,12,88,17,4.53,15,1,1,0,1,379,4.37,6059.65
TS148,tshirt,2025-12-29,17,339,0.0,339,0,0,19132,2468,262,357,137,75,12,125,18,11,1,1,0,1,4,12,107,15,4.0,9,6,0,0,0,394,4.36,7764.2
TS148,tshirt,2026-01-05,18,339,0.0,339,0,0,16860,2156,233,304,108,50,3,105,20,8,4,3,1,2,2,13,85,12,4.5,11,1,0,0,0,406,4.36,5512.07
TS148,tshirt,2026-01-12,19,339,0.1,305,0,1,18431,2621,274,382,174,95,12,162,20,8,3,4,2,3,0,12,142,21,4.14,18,1,2,0,2,427,4.35,6519.6
TS148,tshirt,2026-01-19,20,339,0.0,339,0,0,13067,1667,146,225,80,42,6,74,9,7,1,1,0,0,0,5,65,12,4.08,9,2,1,0,1,439,4.34,5027.62
TS148,tshirt,2026-01-26,21,339,0.0,339,0,0,17987,2234,227,304,119,76,13,106,12,7,5,0,0,0,0,8,94,14,4.29,12,2,0,0,0,453,4.34,7361.86
TS148,tshirt,2026-02-02,22,339,0.0,339,0,0,15808,1924,187,280,106,64,8,98,13,9,3,0,0,0,1,11,85,13,4.15,9,4,0,0,0,466,4.33,6847.0
TS148,tshirt,2026-02-09,23,339,0.0,339,0,0,28300,3498,377,463,164,93,22,142,24,13,4,1,3,1,2,18,118,23,3.78,15,8,0,0,0,489,4.31,7454.78
TS148,tshirt,2026-02-16,24,339,0.0,339,0,0,20484,2546,276,365,133,83,18,115,18,10,5,1,1,1,0,9,97,18,4.56,16,2,0,0,0,507,4.32,5802.54
TS148,tshirt,2026-02-23,25,339,0.0,339,0,0,12928,1614,181,200,79,40,11,68,11,7,1,1,1,0,1,9,57,11,4.64,11,0,0,0,0,518,4.32,3784.64
TS148,tshirt,2026-03-02,26,339,0.0,339,1,1,33449,4089,412,558,212,126,23,189,33,11,2,6,1,6,7,21,156,30,4.33,24,5,1,0,1,548,4.32,9529.93
TS148,tshirt,2026-03-09,27,339,0.0,339,0,0,17665,2193,227,309,139,80,10,129,21,12,4,4,1,0,0,15,108,17,4.12,12,4,1,0,1,565,4.32,7596.07
TS148,tshirt,2026-03-16,28,339,0.0,339,0,0,16442,2002,200,291,110,62,13,97,16,9,4,1,0,2,0,14,81,21,3.95,14,5,2,1,1,586,4.31,5629.52
TS148,tshirt,2026-03-23,29,339,0.0,339,0,0,15889,1919,194,258,100,65,15,85,8,3,0,2,1,0,2,6,77,10,4.2,9,0,1,0,1,596,4.3,6162.04
TS148,tshirt,2026-03-30,30,339,0.0,339,0,0,22995,2803,278,359,122,66,13,109,16,8,2,3,2,1,0,13,93,22,4.27,18,4,0,0,0,618,4.3,6830.98
TS148,tshirt,2026-04-06,31,339,0.0,339,0,0,19084,2219,237,329,118,77,14,104,14,9,1,0,2,0,2,8,90,20,4.2,14,6,0,0,0,638,4.3,6282.41
TS148,tshirt,2026-04-13,32,339,0.0,339,0,0,23875,2984,327,406,178,102,20,158,29,14,4,4,2,1,4,23,129,23,4.39,21,2,0,0,0,661,4.3,8125.35
TS148,tshirt,2026-04-20,33,339,0.0,339,0,0,24635,3070,294,412,157,91,18,139,17,9,2,2,1,1,2,11,122,20,4.2,16,3,1,0,1,681,4.3,9162.26
TS148,tshirt,2026-04-27,34,339,0.0,339,0,0,16363,1984,200,270,108,57,11,97,15,8,2,0,2,2,1,10,82,14,4.64,12,1,1,0,1,695,4.31,5598.43
TS148,tshirt,2026-05-04,35,339,0.0,339,0,0,21329,2638,240,336,117,55,14,103,7,3,2,0,0,1,1,5,96,10,4.4,8,2,0,0,0,705,4.31,8497.58
TS148,tshirt,2026-05-11,36,339,0.0,339,0,0,28735,3620,367,496,197,118,18,179,34,18,6,3,2,1,4,25,145,24,4.25,18,4,2,0,2,729,4.31,8932.32
TS148,tshirt,2026-05-18,37,339,0.0,339,0,0,23527,2926,284,395,147,78,14,133,22,14,2,2,3,1,0,16,111,27,4.07,22,2,3,1,2,756,4.3,7511.69
TS148,tshirt,2026-05-25,38,339,0.0,339,0,0,25182,3172,332,436,209,119,13,196,34,16,6,4,1,3,4,23,162,42,4.26,33,8,1,0,1,798,4.3,10902.14
TS148,tshirt,2026-06-01,39,339,0.0,339,0,0,25491,3019,316,402,148,83,13,135,15,7,3,1,2,1,1,11,120,18,4.33,15,2,1,0,1,816,4.3,9850.49
TS148,tshirt,2026-06-08,40,339,0.0,339,0,0,29042,3457,384,490,216,126,27,189,22,6,2,1,2,4,7,14,167,26,4.27,21,4,1,0,1,842,4.3,12584.45
TS148,tshirt,2026-06-15,41,339,0.0,339,0,0,21960,2607,252,343,139,84,18,121,16,11,0,1,0,2,2,14,105,21,4.43,19,2,0,0,0,863,4.3,7964.41
TS148,tshirt,2026-06-22,42,339,0.0,339,0,1,29282,3560,365,471,204,102,23,181,23,9,5,3,2,1,3,17,158,34,4.29,28,5,1,0,1,897,4.3,11999.59
TS148,tshirt,2026-06-29,43,339,0.0,339,0,0,24813,3039,291,387,149,94,13,136,17,11,1,1,3,1,0,10,119,20,4.15,16,4,0,0,0,917,4.3,9035.66
TS148,tshirt,2026-07-06,44,339,0.0,339,0,0,18254,2226,242,291,113,54,11,102,21,11,5,4,1,0,0,13,81,21,3.95,14,4,3,1,2,938,4.29,4223.6
TS148,tshirt,2026-07-13,45,339,0.0,339,0,0,21148,2566,292,355,135,68,13,122,12,7,1,2,1,0,1,8,110,22,4.64,21,1,0,0,0,960,4.3,9151.79
TS148,tshirt,2026-07-20,46,339,0.0,339,0,0,26642,3257,283,480,189,116,19,170,21,12,0,3,1,2,3,16,149,20,4.2,16,4,0,0,0,980,4.29,11693.74
TS148,tshirt,2026-07-27,47,339,0.0,339,0,0,13867,1689,188,219,91,56,8,83,13,6,2,5,0,0,0,9,70,11,4.73,11,0,0,0,0,991,4.3,4886.98
TS148,tshirt,2026-08-03,48,339,0.0,339,0,0,15136,1824,209,270,96,54,13,83,10,3,4,2,1,0,0,6,73,15,3.87,10,4,1,1,0,1006,4.29,5292.59
TS148,tshirt,2026-08-10,49,339,0.0,339,0,0,17585,2079,244,287,106,53,7,99,15,10,0,2,1,1,1,9,84,13,4.46,13,0,0,0,0,1019,4.29,5961.19
TS148,tshirt,2026-08-17,50,339,0.0,339,0,0,11852,1423,143,183,80,48,9,71,6,5,1,0,0,0,0,6,65,13,4.46,11,1,1,0,1,1032,4.3,5801.57
TS148,tshirt,2026-08-24,51,339,0.0,339,1,0,27656,3280,315,445,175,102,20,155,23,12,2,3,2,1,3,17,132,25,4.4,21,4,0,0,0,1057,4.3,9300.96
TS148,tshirt,2026-08-31,52,339,0.0,339,0,0,20998,2473,277,347,136,77,10,126,14,8,0,2,2,1,1,11,112,17,4.47,14,3,0,0,0,1074,4.3,9446.52
TS148,tshirt,2026-09-07,53,339,0.0,339,0,0,18573,2145,229,295,104,56,10,94,15,6,3,2,3,0,1,10,79,12,4.58,12,0,0,0,0,1086,4.3,5332.82
TS148,tshirt,2026-09-14,54,339,0.0,339,0,0,16750,2016,215,247,101,58,11,90,9,5,1,2,0,1,0,6,81,15,4.53,15,0,0,0,0,1101,4.31,6608.54
TS148,tshirt,2026-09-21,55,339,0.15,288,0,1,21425,2969,287,464,207,123,26,181,30,15,3,4,2,4,2,22,151,18,4.11,14,2,2,0,2,1119,4.3,2410.24
TS149,tshirt,2025-10-27,1,329,0.0,329,0,0,13921,682,64,49,13,11,4,9,3,2,0,0,0,0,1,2,6,1,3.0,0,1,0,0,0,1,3.0,-418.18
TS149,tshirt,2025-11-03,2,329,0.0,329,0,0,8627,343,26,29,13,12,0,13,4,2,1,0,0,1,0,3,9,1,1.0,0,0,1,0,1,2,2.0,-53.12
TS149,tshirt,2025-11-10,3,329,0.0,329,0,0,8530,274,20,21,6,5,1,5,2,2,0,0,0,0,0,2,3,2,4.0,2,0,0,0,0,4,3.0,-124.94
TS149,tshirt,2025-11-17,4,329,0.0,329,0,0,6112,246,18,18,6,5,2,4,0,0,0,0,0,0,0,0,4,1,4.0,1,0,0,0,0,5,3.2,160.09
TS149,tshirt,2025-11-24,5,329,0.0,329,0,0,5605,236,24,23,9,9,0,9,2,1,0,1,0,0,0,2,7,1,3.0,0,1,0,0,0,6,3.17,245.15
TS149,tshirt,2025-12-01,6,329,0.0,329,0,0,3678,150,14,17,6,4,3,3,0,0,0,0,0,0,0,0,3,0,,0,0,0,0,0,6,3.17,15.06
TS149,tshirt,2025-12-08,7,329,0.0,329,0,0,5789,246,16,23,6,5,2,4,1,1,0,0,0,0,0,1,3,0,,0,0,0,0,0,6,3.17,-54.94
TS149,tshirt,2025-12-15,8,329,0.0,329,0,0,4665,194,23,17,8,7,0,8,2,2,0,0,0,0,0,2,6,1,3.0,0,1,0,0,0,7,3.14,170.13
TS149,tshirt,2025-12-22,9,329,0.0,329,0,0,4842,194,22,21,9,7,1,8,2,1,0,1,0,0,0,1,6,1,5.0,1,0,0,0,0,8,3.38,-68.18
TS149,tshirt,2025-12-29,10,319,0.0,319,0,0,7976,369,39,28,5,2,0,5,3,0,3,0,0,0,0,3,2,2,3.0,1,0,1,1,0,10,3.3,-289.0
TS149,tshirt,2026-01-05,11,319,0.0,319,0,0,5455,261,20,27,5,4,2,3,0,0,0,0,0,0,0,0,3,0,,0,0,0,0,0,10,3.3,56.49
TS149,tshirt,2026-01-12,12,319,0.0,319,0,1,8945,426,31,47,16,15,3,13,4,4,0,0,0,0,0,2,9,1,4.0,1,0,0,0,0,11,3.36,-517.14
TS149,tshirt,2026-01-19,13,319,0.0,319,0,0,5651,287,22,19,10,9,0,10,4,2,1,1,0,0,0,1,6,2,2.5,0,1,1,0,1,13,3.23,-671.95
TS149,tshirt,2026-01-26,14,319,0.0,319,0,0,5137,253,21,22,8,6,0,8,1,1,0,0,0,0,0,0,7,1,5.0,1,0,0,0,0,14,3.36,150.17
TS149,tshirt,2026-02-02,15,319,0.0,319,0,0,6806,336,35,19,5,4,1,4,1,0,1,0,0,0,0,1,3,0,,0,0,0,0,0,14,3.36,-13.51
TS149,tshirt,2026-02-09,16,319,0.0,319,0,0,6485,329,22,30,15,12,2,13,4,1,0,2,0,0,1,3,9,2,3.0,1,0,1,0,1,16,3.31,-278.83
TS149,tshirt,2026-02-16,17,319,0.0,319,0,0,5671,289,24,22,10,4,0,10,2,1,0,0,0,0,1,2,8,1,2.0,0,0,1,1,0,17,3.24,243.98
TS149,tshirt,2026-02-23,18,319,0.0,319,0,0,8739,401,43,37,12,10,1,11,4,1,1,0,0,1,1,3,7,1,4.0,1,0,0,0,0,18,3.28,-339.83
TS149,tshirt,2026-03-02,19,319,0.0,319,1,1,9663,476,37,40,8,6,0,8,1,0,0,0,1,0,0,1,7,1,3.0,0,1,0,0,0,19,3.26,318.48
TS149,tshirt,2026-03-09,20,309,0.0,309,0,0,9133,463,43,38,9,4,1,8,2,1,1,0,0,0,0,2,6,1,2.0,0,0,1,0,1,20,3.2,-14.16
TS149,tshirt,2026-03-16,21,309,0.0,309,0,0,7613,385,27,23,6,3,4,2,0,0,0,0,0,0,0,0,2,1,4.0,1,0,0,0,0,21,3.24,-168.05
TS149,tshirt,2026-03-23,22,309,0.0,309,0,0,6869,358,41,37,13,9,2,11,1,0,1,0,0,0,0,0,10,1,5.0,1,0,0,0,0,22,3.32,111.43
TS149,tshirt,2026-03-30,23,309,0.0,309,0,0,7144,376,16,34,15,7,3,12,1,1,0,0,0,0,0,1,11,4,3.25,2,1,1,0,1,26,3.31,265.71
TS149,tshirt,2026-04-06,24,309,0.0,309,0,0,8697,437,29,36,12,7,2,10,1,1,0,0,0,0,0,1,9,3,4.67,3,0,0,0,0,29,3.45,223.76
TS149,tshirt,2026-04-13,25,309,0.0,309,0,0,9151,502,46,65,22,17,2,20,2,2,0,0,0,0,0,2,18,3,4.0,2,1,0,0,0,32,3.5,587.53
TS149,tshirt,2026-04-20,26,309,0.0,309,0,0,8186,466,46,44,12,9,1,11,2,1,0,1,0,0,0,1,9,4,3.75,2,2,0,0,0,36,3.53,-14.55
TS149,tshirt,2026-04-27,27,309,0.0,309,0,0,8246,448,40,46,17,13,1,16,2,1,1,0,0,0,0,0,14,0,,0,0,0,0,0,36,3.53,97.01
TS149,tshirt,2026-05-04,28,309,0.0,309,0,0,13208,755,65,76,19,14,2,17,2,1,0,1,0,0,0,1,15,1,4.0,1,0,0,0,0,37,3.54,251.3
TS149,tshirt,2026-05-11,29,309,0.0,309,0,0,10302,579,53,60,24,18,2,22,6,3,1,1,0,1,0,2,16,5,4.6,5,0,0,0,0,42,3.67,-757.67
TS149,tshirt,2026-05-18,30,309,0.0,309,0,0,11695,710,59,66,15,13,2,13,0,0,0,0,0,0,0,0,13,2,4.0,2,0,0,0,0,44,3.68,587.66
TS149,tshirt,2026-05-25,31,309,0.0,309,0,0,10385,634,52,57,17,14,5,12,1,1,0,0,0,0,0,1,11,2,4.0,2,0,0,0,0,46,3.7,125.71
TS149,tshirt,2026-06-01,32,309,0.0,309,0,0,13074,771,55,71,25,20,6,19,1,1,0,0,0,0,0,0,18,3,4.33,3,0,0,0,0,49,3.73,279.22
TS149,tshirt,2026-06-08,33,309,0.0,309,0,0,12314,671,70,56,14,11,1,13,4,4,0,0,0,0,0,3,9,3,4.0,2,1,0,0,0,52,3.75,-294.55
TS149,tshirt,2026-06-15,34,309,0.0,309,0,0,9162,560,43,50,23,17,0,23,6,2,0,1,0,3,0,3,17,5,3.6,2,3,0,0,0,57,3.74,-393.38
TS149,tshirt,2026-06-22,35,309,0.0,309,0,1,18964,1159,107,112,48,37,7,41,9,4,2,0,1,1,1,6,32,7,4.14,4,3,0,0,0,64,3.78,-463.77
TS149,tshirt,2026-06-29,36,309,0.0,309,0,0,13312,794,80,83,37,28,8,29,3,2,0,0,0,1,0,2,26,4,4.0,3,1,0,0,0,68,3.79,307.01
TS149,tshirt,2026-07-06,37,309,0.0,309,0,0,12337,783,66,79,26,21,4,22,2,0,1,0,1,0,0,2,20,5,4.0,4,1,0,0,0,73,3.81,559.48
TS149,tshirt,2026-07-13,38,309,0.0,309,0,0,12321,707,43,69,31,25,6,25,3,3,0,0,0,0,0,1,22,1,4.0,1,0,0,0,0,74,3.81,54.8
TS149,tshirt,2026-07-20,39,309,0.0,309,0,0,12693,767,64,77,29,28,4,25,8,7,0,0,1,0,0,4,17,5,3.4,3,0,2,0,2,79,3.78,-1121.69
TS149,tshirt,2026-07-27,40,309,0.0,309,0,0,12341,749,53,66,26,19,3,23,7,3,0,3,0,0,1,6,16,3,2.67,1,1,1,1,0,82,3.74,-462.73
TS149,tshirt,2026-08-03,41,309,0.0,309,0,0,12875,790,78,72,35,30,5,30,8,2,3,2,0,0,1,6,22,5,4.2,5,0,0,0,0,87,3.77,-575.2
TS149,tshirt,2026-08-10,42,309,0.0,309,0,0,14839,889,89,96,40,31,8,32,9,3,2,3,1,0,0,6,23,5,4.0,3,2,0,0,0,92,3.78,-1037.54
TS149,tshirt,2026-08-17,43,309,0.0,309,0,0,11999,694,59,65,26,22,5,21,4,1,0,1,0,1,1,3,17,1,5.0,1,0,0,0,0,93,3.8,-126.76
TS149,tshirt,2026-08-24,44,309,0.0,309,1,0,11891,717,73,77,28,23,1,27,8,4,2,0,1,0,1,8,19,6,4.17,5,0,1,0,1,99,3.82,-126.5
TS149,tshirt,2026-08-31,45,309,0.0,309,0,0,12547,752,74,80,25,21,1,24,3,2,0,1,0,0,0,2,21,4,3.75,3,0,1,0,1,103,3.82,517.14
TS149,tshirt,2026-09-07,46,309,0.0,309,0,0,14188,861,76,85,30,22,6,24,5,3,2,0,0,0,0,5,19,6,3.33,3,1,2,0,2,109,3.79,-56.5
TS149,tshirt,2026-09-14,47,309,0.0,309,0,0,8529,511,45,42,18,16,3,15,2,0,1,0,1,0,0,2,13,2,4.5,2,0,0,0,0,111,3.8,237.66
TS149,tshirt,2026-09-21,48,309,0.0,309,0,1,12117,742,72,83,33,27,5,28,7,5,1,0,1,0,0,6,21,8,3.88,5,3,0,0,0,119,3.81,-322.86
TS150,tshirt,2026-02-09,1,279,0.0,279,0,0,9845,358,23,18,9,6,1,8,3,0,0,1,0,1,1,3,5,2,2.0,0,0,2,1,1,2,2.0,-125.39
TS150,tshirt,2026-02-16,2,279,0.0,279,0,0,8353,156,9,11,3,2,0,3,2,2,0,0,0,0,0,1,1,1,2.0,0,0,1,0,1,3,2.0,-329.87
TS150,tshirt,2026-02-23,3,279,0.0,279,0,0,6761,139,7,3,3,2,1,2,2,1,0,1,0,0,0,1,0,0,,0,0,0,0,0,3,2.0,-472.79
TS150,tshirt,2026-03-02,4,279,0.15,237,1,1,9372,212,12,14,7,5,1,6,4,1,2,1,0,0,0,2,2,1,3.0,0,1,0,0,0,4,2.25,-809.74
TS150,tshirt,2026-03-09,5,279,0.0,279,0,0,4975,115,8,4,0,0,0,0,0,0,0,0,0,0,0,0,0,0,,0,0,0,0,0,4,2.25,0.0
TS150,tshirt,2026-03-16,6,279,0.0,279,0,0,4146,89,5,3,1,1,1,0,0,0,0,0,0,0,0,0,0,0,,0,0,0,0,0,4,2.25,-70.0
TS150,tshirt,2026-03-23,7,279,0.0,279,0,0,3437,75,3,5,0,0,0,0,0,0,0,0,0,0,0,0,0,0,,0,0,0,0,0,4,2.25,0.0
TS150,tshirt,2026-03-30,8,279,0.0,279,0,0,3631,90,3,5,3,3,1,2,1,1,0,0,0,0,0,1,1,0,,0,0,0,0,0,4,2.25,-137.08
TS150,tshirt,2026-04-06,9,279,0.0,279,0,0,5673,130,9,11,3,3,1,2,1,1,0,0,0,0,0,1,1,0,,0,0,0,0,0,4,2.25,-137.08
TS150,tshirt,2026-04-13,10,279,0.0,279,0,0,4317,87,7,4,1,1,0,1,0,0,0,0,0,0,0,0,1,0,,0,0,0,0,0,4,2.25,72.92
TS150,tshirt,2026-04-20,11,279,0.0,279,0,0,4973,117,8,8,5,3,0,5,2,1,1,0,0,0,0,2,3,0,,0,0,0,0,0,4,2.25,-61.23
TS150,tshirt,2026-04-27,12,279,0.0,279,0,0,4273,81,3,3,0,0,0,0,0,0,0,0,0,0,0,0,0,0,,0,0,0,0,0,4,2.25,0.0
TS150,tshirt,2026-05-04,13,279,0.0,279,0,0,4533,87,6,3,0,0,0,0,0,0,0,0,0,0,0,0,0,0,,0,0,0,0,0,4,2.25,0.0
TS150,tshirt,2026-05-11,14,279,0.0,279,0,0,5141,118,15,6,4,1,0,4,2,2,0,0,0,0,0,0,2,1,2.0,0,0,1,1,0,5,2.2,-379.74
TS150,tshirt,2026-05-18,15,279,0.0,279,0,0,6561,145,10,9,1,1,0,1,1,0,0,1,0,0,0,1,0,0,,0,0,0,0,0,5,2.2,-140.0
